partition,feature,semantic_type,known_rows,missing_rows,source_values,occupied_bins,lost_distinctions,low_cardinality,fully_collapsed,merged_bin_rows,nonmodal_rows
outer_1,_STATE,categorical,175005,0,53,47,6,True,False,27668,10105
outer_1,FMONTH,categorical,175005,0,12,12,0,True,False,0,0
outer_1,IMONTH,categorical,175005,0,12,12,0,True,False,0,0
outer_1,IDAY,categorical,175005,0,31,30,1,True,False,5736,1965
outer_1,IYEAR,categorical,175005,0,2,2,0,True,False,0,0
outer_1,CTELENUM,categorical,100657,74348,1,1,0,False,False,0,0
outer_1,PVTRESD1,binary,100657,74348,2,1,1,True,True,100657,11
outer_1,COLGHOUS,categorical,11,174994,1,1,0,False,False,0,0
outer_1,STATERES,categorical,100657,74348,1,1,0,False,False,0,0
outer_1,CELLFON3,binary,100657,74348,2,2,0,True,False,0,0
outer_1,LADULT,binary,11,174994,2,2,0,True,False,0,0
outer_1,NUMADULT,count,100651,74354,13,4,9,True,False,3667,893
outer_1,NUMMEN,count,100597,74408,11,3,8,True,False,8017,1219
outer_1,NUMWOMEN,count,100597,74408,10,3,7,True,False,9834,1417
outer_1,CADULT,binary,74347,100658,2,2,0,True,False,0,0
outer_1,PVTRESD2,binary,74348,100657,2,1,1,True,True,74348,436
outer_1,CCLGHOUS,categorical,435,174570,1,1,0,False,False,0,0
outer_1,CSTATE,binary,74348,100657,2,2,0,True,False,0,0
outer_1,LANDLINE,binary,73917,101088,2,2,0,True,False,0,0
outer_1,HHADULT,count,72123,102882,20,5,15,True,False,2274,749
outer_1,GENHLTH,ordinal,174521,484,5,5,0,True,False,0,0
outer_1,PHYSHLTH,count,171361,3644,31,12,19,True,False,21490,4270
outer_1,MENTHLTH,count,172184,2821,31,11,20,True,False,22582,4209
outer_1,POORHLTH,count,87927,87078,31,14,17,True,False,12460,1664
outer_1,HLTHPLN1,binary,174323,682,2,2,0,True,False,0,0
outer_1,PERSDOC2,categorical,174289,716,3,3,0,True,False,0,0
outer_1,MEDCOST,binary,174557,448,2,2,0,True,False,0,0
outer_1,CHECKUP1,ordinal,172619,2386,5,4,1,True,False,12268,1533
outer_1,BPHIGH4,categorical,174520,485,4,3,1,True,False,102904,1722
outer_1,BPMEDS,binary,70231,104774,2,2,0,True,False,0,0
outer_1,BLOODCHO,categorical,171296,3709,2,2,0,True,False,0,0
outer_1,CHOLCHK,ordinal,149391,25614,4,4,0,True,False,0,0
outer_1,TOLDHI2,binary,150310,24695,2,2,0,True,False,0,0
outer_1,CVDSTRK3,binary,174628,377,2,2,0,True,False,0,0
outer_1,ASTHMA3,categorical,174486,519,2,2,0,True,False,0,0
outer_1,ASTHNOW,binary,22794,152211,2,2,0,True,False,0,0
outer_1,CHCSCNCR,binary,174568,437,2,2,0,True,False,0,0
outer_1,CHCOCNCR,binary,174637,368,2,2,0,True,False,0,0
outer_1,CHCCOPD1,binary,174191,814,2,2,0,True,False,0,0
outer_1,HAVARTH3,binary,174038,967,2,2,0,True,False,0,0
outer_1,ADDEPEV2,binary,174240,765,2,2,0,True,False,0,0
outer_1,CHCKIDNY,binary,174497,508,2,2,0,True,False,0,0
outer_1,DIABETE3,categorical,174757,248,4,3,1,True,False,23983,1419
outer_1,DIABAGE2,count,21078,153927,95,44,51,False,False,6055,2810
outer_1,SEX,binary,175005,0,2,2,0,True,False,0,0
outer_1,MARITAL,categorical,173785,1220,6,6,0,True,False,0,0
outer_1,EDUCA,ordinal,174313,692,6,6,0,True,False,0,0
outer_1,RENTHOM1,categorical,173797,1208,3,3,0,True,False,0,0
outer_1,NUMHHOL2,categorical,100269,74736,2,2,0,True,False,0,0
outer_1,NUMPHON2,count,5232,169773,6,3,3,True,False,337,66
outer_1,CPDEMO1,binary,100136,74869,2,2,0,True,False,0,0
outer_1,VETERAN3,binary,174659,346,2,2,0,True,False,0,0
outer_1,EMPLOY1,categorical,173530,1475,8,8,0,True,False,0,0
outer_1,CHILDREN,count,173489,1516,20,5,15,True,False,3830,1278
outer_1,INCOME2,ordinal,143582,31423,8,8,0,True,False,0,0
outer_1,INTERNET,binary,172698,2307,2,2,0,True,False,0,0
outer_1,PREGNANT,binary,25610,149395,2,2,0,True,False,0,0
outer_1,QLACTLM2,binary,170095,4910,2,2,0,True,False,0,0
outer_1,USEEQUIP,binary,170403,4602,2,2,0,True,False,0,0
outer_1,BLIND,binary,169889,5116,2,2,0,True,False,0,0
outer_1,DECIDE,binary,169174,5831,2,2,0,True,False,0,0
outer_1,DIFFWALK,binary,169192,5813,2,2,0,True,False,0,0
outer_1,DIFFDRES,binary,169448,5557,2,2,0,True,False,0,0
outer_1,DIFFALON,binary,168914,6091,2,2,0,True,False,0,0
outer_1,SMOKE100,categorical,167931,7074,2,2,0,True,False,0,0
outer_1,SMOKDAY2,ordinal,72764,102241,3,3,0,True,False,0,0
outer_1,STOPSMK2,categorical,24405,150600,4,2,2,True,False,10629,80
outer_1,LASTSMK2,ordinal,47955,127050,8,7,1,True,False,32474,380
outer_1,USENOW3,ordinal,168278,6727,3,3,0,True,False,0,0
outer_1,ALCDAY5,count,166355,8650,38,18,20,True,False,24873,6620
outer_1,AVEDRNK2,count,82552,92453,39,7,32,True,False,4114,1691
outer_1,DRNK3GE5,count,82590,92415,36,8,28,True,False,4814,2175
outer_1,MAXDRNKS,count,81050,93955,49,11,38,True,False,3781,1224
outer_1,FRUITJU1,count,159776,15229,96,21,75,False,False,19225,4776
outer_1,FRUIT1,count,160570,14435,119,23,96,False,False,42129,8626
outer_1,FVBEANS,count,159241,15764,93,20,73,False,False,27595,6294
outer_1,FVGREEN,count,160024,14981,103,25,78,False,False,41104,7619
outer_1,FVORANG,count,159472,15533,87,21,66,False,False,28025,4873
outer_1,VEGETAB1,count,158644,16361,111,24,87,False,False,59274,8297
outer_1,EXERANY2,binary,159935,15070,2,2,0,True,False,0,0
outer_1,EXRACT11,categorical,116612,58393,75,20,55,False,False,100888,8478
outer_1,EXEROFT1,count,115262,59743,98,22,76,False,False,39869,4063
outer_1,EXERHMM1,count,113921,61084,167,19,148,False,False,113921,4205
outer_1,EXRACT21,categorical,114632,60373,76,25,51,False,False,50644,9070
outer_1,EXEROFT2,count,77260,97745,91,21,70,False,False,19618,2265
outer_1,EXERHMM2,count,76356,98649,137,19,118,False,False,76356,2817
outer_1,STRENGTH,count,157587,17418,95,15,80,False,False,26926,7371
outer_1,LMTJOIN3,binary,53501,121504,2,2,0,True,False,0,0
outer_1,ARTHDIS2,binary,52518,122487,2,2,0,True,False,0,0
outer_1,ARTHSOCL,ordinal,53554,121451,3,3,0,True,False,0,0
outer_1,JOINPAIN,count,51957,123048,11,11,0,True,False,0,0
outer_1,SEATBELT,ordinal,158004,17001,6,4,2,True,False,8866,2118
outer_1,FLUSHOT6,categorical,157362,17643,2,2,0,True,False,0,0
outer_1,IMFVPLAC,categorical,75515,99490,11,8,3,True,False,7209,646
outer_1,PNEUVAC3,binary,144063,30942,2,2,0,True,False,0,0
outer_1,HIVTST6,categorical,152025,22980,2,2,0,True,False,0,0
outer_1,WHRTST10,categorical,43983,131022,9,8,1,True,False,698,213
outer_1,PDIABTST,binary,31470,143535,2,2,0,True,False,0,0
outer_1,PREDIAB1,categorical,32837,142168,3,3,0,True,False,0,0
outer_1,INSULIN,binary,11576,163429,2,2,0,True,False,0,0
outer_1,BLDSUGAR,ordinal,11384,163621,66,17,49,False,False,1161,526
outer_1,FEETCHK2,ordinal,11249,163756,54,13,41,True,False,1666,531
outer_1,DOCTDIAB,count,11160,163845,37,9,28,True,False,1189,284
outer_1,CHKHEMO3,ordinal,10813,164192,34,9,25,True,False,447,120
outer_1,FEETCHK,count,11129,163876,37,9,28,True,False,849,251
outer_1,EYEEXAM,categorical,11396,163609,5,5,0,True,False,0,0
outer_1,DIABEYE,binary,11448,163557,2,2,0,True,False,0,0
outer_1,DIABEDU,binary,11539,163466,2,2,0,True,False,0,0
outer_1,CAREGIV1,categorical,43106,131899,5,2,3,True,False,33617,211
outer_1,CRGVREL1,categorical,9425,165580,15,14,1,True,False,657,15
outer_1,CRGVLNG1,ordinal,9347,165658,5,5,0,True,False,0,0
outer_1,CRGVHRS1,ordinal,8901,166104,4,4,0,True,False,0,0
outer_1,CRGVPRB1,categorical,8992,166013,13,11,2,True,False,941,45
outer_1,CRGVPERS,binary,9384,165621,2,2,0,True,False,0,0
outer_1,CRGVHOUS,binary,9375,165630,2,2,0,True,False,0,0
outer_1,CRGVMST2,categorical,9114,165891,6,6,0,True,False,0,0
outer_1,CRGVEXPT,binary,31032,143973,2,2,0,True,False,0,0
outer_1,VIDFCLT2,ordinal,1274,173731,7,4,3,True,False,36,18
outer_1,VIREDIF3,ordinal,1267,173738,6,4,2,True,False,93,19
outer_1,VIPRFVS2,categorical,1258,173747,5,5,0,True,False,0,0
outer_1,VINOCRE2,categorical,445,174560,8,7,1,True,False,122,1
outer_1,VIEYEXM2,categorical,987,174018,5,5,0,True,False,0,0
outer_1,VIINSUR2,categorical,1232,173773,3,2,1,True,False,514,1
outer_1,VICTRCT4,categorical,1265,173740,3,3,0,True,False,0,0
outer_1,VIGLUMA2,binary,1265,173740,2,2,0,True,False,0,0
outer_1,VIMACDG2,binary,1253,173752,2,2,0,True,False,0,0
outer_1,CIMEMLOS,categorical,46035,128970,3,2,1,True,False,41100,70
outer_1,CDHOUSE,ordinal,5111,169894,5,5,0,True,False,0,0
outer_1,CDASSIST,ordinal,5235,169770,7,5,2,True,False,2748,62
outer_1,CDHELP,ordinal,1688,173317,5,5,0,True,False,0,0
outer_1,CDSOCIAL,ordinal,5127,169878,5,5,0,True,False,0,0
outer_1,CDDISCUS,binary,5159,169846,2,2,0,True,False,0,0
outer_1,WTCHSALT,categorical,16349,158656,4,2,2,True,False,6299,83
outer_1,LONGWTCH,count,9482,165523,123,27,96,False,False,3227,760
outer_1,DRADVISE,binary,16227,158778,2,2,0,True,False,0,0
outer_1,ASTHMAGE,count,382,174623,61,34,27,True,False,173,48
outer_1,ASATTACK,categorical,270,174735,3,3,0,True,False,0,0
outer_1,ASERVIST,count,129,174876,6,5,1,True,False,7,1
outer_1,ASDRVIST,count,128,174877,9,8,1,True,False,2,1
outer_1,ASRCHKUP,count,260,174745,13,9,4,True,False,14,6
outer_1,ASACTLIM,ordinal,253,174752,20,13,7,True,False,22,9
outer_1,ASYMPTOM,ordinal,262,174743,6,6,0,True,False,0,0
outer_1,ASNOSLEP,ordinal,186,174819,6,6,0,True,False,0,0
outer_1,ASTHMED3,count,260,174745,4,4,0,True,False,0,0
outer_1,ASINHALR,ordinal,260,174745,7,6,1,True,False,8,3
outer_1,HAREHAB1,binary,384,174621,2,2,0,True,False,0,0
outer_1,STREHAB1,binary,272,174733,2,2,0,True,False,0,0
outer_1,CVDASPRN,binary,7468,167537,2,2,0,True,False,0,0
outer_1,ASPUNSAF,categorical,5295,169710,5,3,2,True,False,4733,42
outer_1,RLIVPAIN,binary,2171,172834,2,2,0,True,False,0,0
outer_1,RDUCHART,binary,2123,172882,2,2,0,True,False,0,0
outer_1,RDUCSTRK,binary,2026,172979,2,2,0,True,False,0,0
outer_1,ARTTODAY,categorical,7774,167231,4,4,0,True,False,0,0
outer_1,ARTHWGT,binary,7759,167246,2,2,0,True,False,0,0
outer_1,ARTHEXER,binary,7718,167287,2,2,0,True,False,0,0
outer_1,ARTHEDU,binary,7780,167225,2,2,0,True,False,0,0
outer_1,TETANUS,categorical,10538,164467,3,3,0,True,False,0,0
outer_1,HPVADVC2,categorical,3828,171177,3,2,1,True,False,3248,6
outer_1,HPVADSHT,count,484,174521,3,3,0,True,False,0,0
outer_1,SHINGLE2,binary,10979,164026,2,2,0,True,False,0,0
outer_1,HADMAM,categorical,8978,166027,4,2,2,True,False,1664,31
outer_1,HOWLONG,ordinal,7242,167763,5,5,0,True,False,0,0
outer_1,HADPAP2,categorical,8976,166029,4,2,2,True,False,601,65
outer_1,LASTPAP2,ordinal,8154,166851,5,5,0,True,False,0,0
outer_1,HPVTEST,count,6371,168634,2,2,0,True,False,0,0
outer_1,HPLSTTST,ordinal,2581,172424,5,5,0,True,False,0,0
outer_1,HADHYST2,binary,8846,166159,2,2,0,True,False,0,0
outer_1,PROFEXAM,categorical,2242,172763,4,2,2,True,False,263,4
outer_1,LENGEXAM,ordinal,1956,173049,5,5,0,True,False,0,0
outer_1,BLDSTOOL,categorical,21508,153497,4,2,2,True,False,13646,208
outer_1,LSTBLDS3,ordinal,7620,167385,5,5,0,True,False,0,0
outer_1,HADSIGM3,categorical,21497,153508,4,2,2,True,False,5877,116
outer_1,HADSGCO1,binary,15311,159694,2,2,0,True,False,0,0
outer_1,LASTSIG3,ordinal,15397,159608,6,6,0,True,False,0,0
outer_1,PCPSAAD2,binary,2474,172531,2,2,0,True,False,0,0
outer_1,PCPSADI1,binary,2458,172547,2,2,0,True,False,0,0
outer_1,PCPSARE1,binary,2472,172533,2,2,0,True,False,0,0
outer_1,PSATEST1,categorical,2582,172423,4,3,1,True,False,129,14
outer_1,PSATIME,ordinal,1359,173646,5,5,0,True,False,0,0
outer_1,PCPSARS1,categorical,1379,173626,5,5,0,True,False,0,0
outer_1,PCPSADE1,categorical,298,174707,4,4,0,True,False,0,0
outer_1,PCDMDECN,categorical,93,174912,5,4,1,True,False,2,1
outer_1,SCNTMNY1,ordinal,27653,147352,6,5,1,True,False,15478,419
outer_1,SCNTMEL1,ordinal,29189,145816,6,5,1,True,False,19523,25
outer_1,SCNTPAID,categorical,13767,161238,4,4,0,True,False,0,0
outer_1,SCNTWRK1,count,13913,161092,91,26,65,False,False,13259,1097
outer_1,SCNTLPAD,categorical,10006,164999,4,4,0,True,False,0,0
outer_1,SCNTLWK1,count,14156,160849,84,21,63,False,False,12966,1108
outer_1,SXORIENT,categorical,64389,110616,4,3,1,True,False,1169,213
outer_1,TRNSGNDR,categorical,65265,109740,4,2,2,True,False,298,156
outer_1,RCSGENDR,binary,22640,152365,2,2,0,True,False,0,0
outer_1,RCSRLTN2,categorical,22794,152211,6,5,1,True,False,907,356
outer_1,CASTHDX2,categorical,19845,155160,2,2,0,True,False,0,0
outer_1,CASTHNO2,binary,2522,172483,2,2,0,True,False,0,0
outer_1,EMTSUPRT,ordinal,8034,166971,5,5,0,True,False,0,0
outer_1,LSATISFY,ordinal,8083,166922,4,3,1,True,False,459,104
outer_1,ADPLEASR,count,7737,167268,15,10,5,True,False,647,106
outer_1,ADDOWN,count,7914,167091,15,9,6,True,False,520,122
outer_1,ADSLEEP,count,7887,167118,15,12,3,True,False,356,48
outer_1,ADENERGY,count,7862,167143,15,11,4,True,False,412,113
outer_1,ADEAT1,count,7871,167134,15,10,5,True,False,697,129
outer_1,ADFAIL,count,7902,167103,15,9,6,True,False,312,122
outer_1,ADTHINK,count,7910,167095,15,8,7,True,False,665,188
outer_1,ADMOVE,count,7829,167176,14,8,6,True,False,323,151
outer_1,MISTMNT,binary,7941,167064,2,2,0,True,False,0,0
outer_1,ADANXEV,binary,7916,167089,2,2,0,True,False,0,0
outer_1,_RFHLTH,binary,174521,484,2,2,0,True,False,0,0
outer_1,_HCVU651,binary,112150,62855,2,2,0,True,False,0,0
outer_1,_RFHYPE5,binary,174520,485,2,2,0,True,False,0,0
outer_1,_CHOLCHK,categorical,168993,6012,3,3,0,True,False,0,0
outer_1,_RFCHOL,binary,150310,24695,2,2,0,True,False,0,0
outer_1,_LTASTH1,binary,174486,519,2,2,0,True,False,0,0
outer_1,_CASTHM1,binary,173770,1235,2,2,0,True,False,0,0
outer_1,_ASTHMS1,categorical,173770,1235,3,3,0,True,False,0,0
outer_1,_DRDXAR1,binary,174038,967,2,2,0,True,False,0,0
outer_1,_PRACE1,categorical,171568,3437,8,5,3,True,False,9328,1596
outer_1,_MRACE1,categorical,171568,3437,7,6,1,True,False,4576,672
outer_1,_HISPANC,binary,173352,1653,2,2,0,True,False,0,0
outer_1,_RACE,categorical,172059,2946,8,6,2,True,False,5105,1323
outer_1,_RACEG21,binary,172059,2946,2,2,0,True,False,0,0
outer_1,_RACEGR3,categorical,172059,2946,5,5,0,True,False,0,0
outer_1,_RACE_G1,categorical,172059,2946,5,5,0,True,False,0,0
outer_1,_AGE65YR,binary,172954,2051,2,2,0,True,False,0,0
outer_1,_AGE80,continuous,175005,0,63,52,11,True,False,38034,18039
outer_1,_AGE_G,ordinal,175005,0,6,6,0,True,False,0,0
outer_1,HTM4,continuous,168964,6041,93,18,75,False,False,168964,3598
outer_1,WTKG3,continuous,162714,12291,497,45,452,False,False,157495,38899
outer_1,_BMI5,continuous,160497,14508,3109,64,3045,False,False,160497,118421
outer_1,_BMI5CAT,categorical,160497,14508,4,4,0,True,False,0,0
outer_1,_RFBMI5,binary,160497,14508,2,2,0,True,False,0,0
outer_1,_CHLDCNT,count,173489,1516,6,5,1,True,False,3830,1278
outer_1,_EDUCAG,ordinal,174313,692,4,4,0,True,False,0,0
outer_1,_INCOMG,ordinal,143582,31423,5,5,0,True,False,0,0
outer_1,_SMOKER3,categorical,167770,7235,4,4,0,True,False,0,0
outer_1,_RFSMOK3,binary,167770,7235,2,2,0,True,False,0,0
outer_1,DRNKANY5,binary,166355,8650,2,2,0,True,False,0,0
outer_1,DROCDY3_,continuous,166355,8650,35,18,17,True,False,28018,4491
outer_1,_RFBING5,binary,164824,10181,2,2,0,True,False,0,0
outer_1,_DRNKWEK,count,164786,10219,213,23,190,False,False,51819,17123
outer_1,_RFDRHV5,binary,164786,10219,2,2,0,True,False,0,0
outer_1,FTJUDA1_,count,159776,15229,86,17,69,False,False,133016,8590
outer_1,FRUTDA1_,count,160570,14435,108,21,87,False,False,139962,6816
outer_1,BEANDAY_,count,159241,15764,84,18,66,False,False,66114,7013
outer_1,GRENDAY_,count,160024,14981,92,20,72,False,False,116806,9526
outer_1,ORNGDAY_,count,159472,15533,80,17,63,False,False,94853,7484
outer_1,VEGEDA1_,count,158644,16361,99,22,77,False,False,118243,8953
outer_1,_MISFRTN,count,175005,0,3,3,0,True,False,0,0
outer_1,_MISVEGN,count,175005,0,5,4,1,True,False,6151,1344
outer_1,_FRTRESP,categorical,175005,0,2,2,0,True,False,0,0
outer_1,_VEGRESP,categorical,175005,0,2,2,0,True,False,0,0
outer_1,_FRUTSUM,continuous,157807,17198,423,42,381,False,False,155500,37646
outer_1,_VEGESUM,continuous,154858,20147,900,64,836,False,False,144612,85876
outer_1,_FRTLT1,binary,157807,17198,2,2,0,True,False,0,0
outer_1,_VEGLT1,binary,154858,20147,2,2,0,True,False,0,0
outer_1,_FRT16,binary,175005,0,2,2,0,True,False,0,0
outer_1,_VEG23,binary,175005,0,2,2,0,True,False,0,0
outer_1,_FRUITEX,categorical,157807,17198,2,1,1,True,True,157807,35
outer_1,_VEGETEX,categorical,154858,20147,2,1,1,True,True,154858,18
outer_1,_TOTINDA,binary,159935,15070,2,2,0,True,False,0,0
outer_1,METVL11_,continuous,116612,58393,29,12,17,True,False,39700,5245
outer_1,METVL21_,continuous,114632,60373,29,16,13,True,False,74795,3756
outer_1,MAXVO2_,continuous,175005,0,163,64,99,False,False,145696,77582
outer_1,FC60_,continuous,175005,0,156,64,92,False,False,145696,74249
outer_1,ACTIN11_,categorical,115409,59596,3,3,0,True,False,0,0
outer_1,ACTIN21_,categorical,113465,61540,3,3,0,True,False,0,0
outer_1,PADUR1_,count,113921,61084,167,19,148,False,False,113921,4205
outer_1,PADUR2_,count,76356,98649,137,19,118,False,False,76356,2817
outer_1,PAFREQ1_,continuous,115262,59743,95,21,74,False,False,95219,4056
outer_1,PAFREQ2_,continuous,77260,97745,88,20,68,False,False,38818,2265
outer_1,_MINAC11,count,113201,61804,601,38,563,False,False,113201,20180
outer_1,_MINAC21,count,112264,62741,462,30,432,False,False,112264,17158
outer_1,STRFREQ_,continuous,157587,17418,92,14,78,False,False,148800,8094
outer_1,PAMISS1_,categorical,151511,23494,1,1,0,False,False,0,0
outer_1,PAMIN11_,count,112073,62932,697,40,657,False,False,112073,22219
outer_1,PAMIN21_,count,111146,63859,539,30,509,False,False,111146,18539
outer_1,PA1MIN_,count,114458,60547,2186,56,2130,False,False,114458,46404
outer_1,PAVIG11_,count,113961,61044,433,21,412,False,False,113961,13598
outer_1,PAVIG21_,count,112219,62786,337,16,321,False,False,112219,14064
outer_1,PA1VIGM_,count,115024,59981,1133,27,1106,False,False,115024,22739
outer_1,_PACAT1,categorical,152924,22081,4,4,0,True,False,0,0
outer_1,_PAINDX1,binary,153961,21044,2,2,0,True,False,0,0
outer_1,_PA150R2,ordinal,153961,21044,3,3,0,True,False,0,0
outer_1,_PA300R2,ordinal,152924,22081,3,3,0,True,False,0,0
outer_1,_PA30021,binary,152924,22081,2,2,0,True,False,0,0
outer_1,_PASTRNG,binary,157587,17418,2,2,0,True,False,0,0
outer_1,_PAREC1,categorical,152289,22716,4,4,0,True,False,0,0
outer_1,_PASTAE1,binary,152289,22716,2,2,0,True,False,0,0
outer_1,_LMTACT1,ordinal,168849,6156,3,3,0,True,False,0,0
outer_1,_LMTWRK1,ordinal,167866,7139,3,3,0,True,False,0,0
outer_1,_LMTSCL1,ordinal,168902,6103,4,4,0,True,False,0,0
outer_1,_RFSEAT2,binary,158004,17001,2,2,0,True,False,0,0
outer_1,_RFSEAT3,binary,158004,17001,2,2,0,True,False,0,0
outer_1,_FLSHOT6,binary,54952,120053,2,2,0,True,False,0,0
outer_1,_PNEUMO2,binary,53289,121716,2,2,0,True,False,0,0
outer_1,_AIDTST3,binary,152025,22980,2,2,0,True,False,0,0
outer_1_inner_1,_STATE,categorical,87502,0,53,47,6,True,False,13589,4968
outer_1_inner_1,FMONTH,categorical,87502,0,12,12,0,True,False,0,0
outer_1_inner_1,IMONTH,categorical,87502,0,12,12,0,True,False,0,0
outer_1_inner_1,IDAY,categorical,87502,0,31,30,1,True,False,2888,989
outer_1_inner_1,IYEAR,categorical,87502,0,2,2,0,True,False,0,0
outer_1_inner_1,CTELENUM,categorical,50517,36985,1,1,0,False,False,0,0
outer_1_inner_1,PVTRESD1,binary,50517,36985,2,1,1,True,True,50517,7
outer_1_inner_1,COLGHOUS,categorical,7,87495,1,1,0,False,False,0,0
outer_1_inner_1,STATERES,categorical,50517,36985,1,1,0,False,False,0,0
outer_1_inner_1,CELLFON3,binary,50517,36985,2,2,0,True,False,0,0
outer_1_inner_1,LADULT,binary,7,87495,2,2,0,True,False,0,0
outer_1_inner_1,NUMADULT,count,50512,36990,12,4,8,True,False,1857,448
outer_1_inner_1,NUMMEN,count,50484,37018,10,3,7,True,False,4042,630
outer_1_inner_1,NUMWOMEN,count,50484,37018,10,3,7,True,False,4943,731
outer_1_inner_1,CADULT,binary,36985,50517,2,2,0,True,False,0,0
outer_1_inner_1,PVTRESD2,binary,36985,50517,2,1,1,True,True,36985,220
outer_1_inner_1,CCLGHOUS,categorical,220,87282,1,1,0,False,False,0,0
outer_1_inner_1,CSTATE,binary,36985,50517,2,2,0,True,False,0,0
outer_1_inner_1,LANDLINE,binary,36757,50745,2,2,0,True,False,0,0
outer_1_inner_1,HHADULT,count,35875,51627,17,5,12,True,False,1140,366
outer_1_inner_1,GENHLTH,ordinal,87258,244,5,5,0,True,False,0,0
outer_1_inner_1,PHYSHLTH,count,85697,1805,31,12,19,True,False,10653,2161
outer_1_inner_1,MENTHLTH,count,86084,1418,31,11,20,True,False,11382,2205
outer_1_inner_1,POORHLTH,count,43841,43661,31,14,17,True,False,5815,834
outer_1_inner_1,HLTHPLN1,binary,87142,360,2,2,0,True,False,0,0
outer_1_inner_1,PERSDOC2,categorical,87151,351,3,3,0,True,False,0,0
outer_1_inner_1,MEDCOST,binary,87279,223,2,2,0,True,False,0,0
outer_1_inner_1,CHECKUP1,ordinal,86324,1178,5,4,1,True,False,6205,761
outer_1_inner_1,BPHIGH4,categorical,87252,250,4,3,1,True,False,51466,847
outer_1_inner_1,BPMEDS,binary,35085,52417,2,2,0,True,False,0,0
outer_1_inner_1,BLOODCHO,categorical,85583,1919,2,2,0,True,False,0,0
outer_1_inner_1,CHOLCHK,ordinal,74745,12757,4,4,0,True,False,0,0
outer_1_inner_1,TOLDHI2,binary,75125,12377,2,2,0,True,False,0,0
outer_1_inner_1,CVDSTRK3,binary,87310,192,2,2,0,True,False,0,0
outer_1_inner_1,ASTHMA3,categorical,87242,260,2,2,0,True,False,0,0
outer_1_inner_1,ASTHNOW,binary,11351,76151,2,2,0,True,False,0,0
outer_1_inner_1,CHCSCNCR,binary,87283,219,2,2,0,True,False,0,0
outer_1_inner_1,CHCOCNCR,binary,87310,192,2,2,0,True,False,0,0
outer_1_inner_1,CHCCOPD1,binary,87091,411,2,2,0,True,False,0,0
outer_1_inner_1,HAVARTH3,binary,87026,476,2,2,0,True,False,0,0
outer_1_inner_1,ADDEPEV2,binary,87130,372,2,2,0,True,False,0,0
outer_1_inner_1,CHCKIDNY,binary,87247,255,2,2,0,True,False,0,0
outer_1_inner_1,DIABETE3,categorical,87384,118,4,3,1,True,False,11839,697
outer_1_inner_1,DIABAGE2,count,10404,77098,94,42,52,False,False,4234,1558
outer_1_inner_1,SEX,binary,87502,0,2,2,0,True,False,0,0
outer_1_inner_1,MARITAL,categorical,86891,611,6,6,0,True,False,0,0
outer_1_inner_1,EDUCA,ordinal,87122,380,6,6,0,True,False,0,0
outer_1_inner_1,RENTHOM1,categorical,86888,614,3,3,0,True,False,0,0
outer_1_inner_1,NUMHHOL2,categorical,50322,37180,2,2,0,True,False,0,0
outer_1_inner_1,NUMPHON2,count,2656,84846,6,3,3,True,False,158,24
outer_1_inner_1,CPDEMO1,binary,50262,37240,2,2,0,True,False,0,0
outer_1_inner_1,VETERAN3,binary,87324,178,2,2,0,True,False,0,0
outer_1_inner_1,EMPLOY1,categorical,86755,747,8,8,0,True,False,0,0
outer_1_inner_1,CHILDREN,count,86734,768,16,5,11,True,False,1884,618
outer_1_inner_1,INCOME2,ordinal,71709,15793,8,8,0,True,False,0,0
outer_1_inner_1,INTERNET,binary,86343,1159,2,2,0,True,False,0,0
outer_1_inner_1,PREGNANT,binary,12827,74675,2,2,0,True,False,0,0
outer_1_inner_1,QLACTLM2,binary,85048,2454,2,2,0,True,False,0,0
outer_1_inner_1,USEEQUIP,binary,85237,2265,2,2,0,True,False,0,0
outer_1_inner_1,BLIND,binary,84971,2531,2,2,0,True,False,0,0
outer_1_inner_1,DECIDE,binary,84614,2888,2,2,0,True,False,0,0
outer_1_inner_1,DIFFWALK,binary,84626,2876,2,2,0,True,False,0,0
outer_1_inner_1,DIFFDRES,binary,84786,2716,2,2,0,True,False,0,0
outer_1_inner_1,DIFFALON,binary,84520,2982,2,2,0,True,False,0,0
outer_1_inner_1,SMOKE100,categorical,84018,3484,2,2,0,True,False,0,0
outer_1_inner_1,SMOKDAY2,ordinal,36440,51062,3,3,0,True,False,0,0
outer_1_inner_1,STOPSMK2,categorical,12249,75253,4,2,2,True,False,5332,38
outer_1_inner_1,LASTSMK2,ordinal,23996,63506,8,7,1,True,False,16280,187
outer_1_inner_1,USENOW3,ordinal,84202,3300,3,3,0,True,False,0,0
outer_1_inner_1,ALCDAY5,count,83242,4260,38,18,20,True,False,11040,3314
outer_1_inner_1,AVEDRNK2,count,41423,46079,33,7,26,True,False,2089,856
outer_1_inner_1,DRNK3GE5,count,41418,46084,32,8,24,True,False,2398,1101
outer_1_inner_1,MAXDRNKS,count,40656,46846,40,11,29,True,False,1871,615
outer_1_inner_1,FRUITJU1,count,79922,7580,84,21,63,False,False,9671,2426
outer_1_inner_1,FRUIT1,count,80333,7169,100,24,76,False,False,19103,3926
outer_1_inner_1,FVBEANS,count,79707,7795,76,20,56,False,False,13834,3161
outer_1_inner_1,FVGREEN,count,80092,7410,91,25,66,False,False,20694,3891
outer_1_inner_1,FVORANG,count,79787,7715,77,21,56,False,False,13909,2414
outer_1_inner_1,VEGETAB1,count,79389,8113,97,26,71,False,False,25256,2946
outer_1_inner_1,EXERANY2,binary,80041,7461,2,2,0,True,False,0,0
outer_1_inner_1,EXRACT11,categorical,58255,29247,75,20,55,False,False,50482,4209
outer_1_inner_1,EXEROFT1,count,57580,29922,85,22,63,False,False,19975,2051
outer_1_inner_1,EXERHMM1,count,56912,30590,140,18,122,False,False,56912,2053
outer_1_inner_1,EXRACT21,categorical,57273,30229,76,23,53,False,False,29512,4897
outer_1_inner_1,EXEROFT2,count,38738,48764,83,20,63,False,False,10552,1204
outer_1_inner_1,EXERHMM2,count,38295,49207,112,19,93,False,False,38295,1452
outer_1_inner_1,STRENGTH,count,78863,8639,80,16,64,False,False,10871,3002
outer_1_inner_1,LMTJOIN3,binary,26753,60749,2,2,0,True,False,0,0
outer_1_inner_1,ARTHDIS2,binary,26265,61237,2,2,0,True,False,0,0
outer_1_inner_1,ARTHSOCL,ordinal,26780,60722,3,3,0,True,False,0,0
outer_1_inner_1,JOINPAIN,count,25974,61528,11,11,0,True,False,0,0
outer_1_inner_1,SEATBELT,ordinal,79091,8411,6,4,2,True,False,4401,1061
outer_1_inner_1,FLUSHOT6,categorical,78761,8741,2,2,0,True,False,0,0
outer_1_inner_1,IMFVPLAC,categorical,37664,49838,11,7,4,True,False,7443,744
outer_1_inner_1,PNEUVAC3,binary,72109,15393,2,2,0,True,False,0,0
outer_1_inner_1,HIVTST6,categorical,76045,11457,2,2,0,True,False,0,0
outer_1_inner_1,WHRTST10,categorical,22045,65457,9,8,1,True,False,362,106
outer_1_inner_1,PDIABTST,binary,15869,71633,2,2,0,True,False,0,0
outer_1_inner_1,PREDIAB1,categorical,16577,70925,3,3,0,True,False,0,0
outer_1_inner_1,INSULIN,binary,5779,81723,2,2,0,True,False,0,0
outer_1_inner_1,BLDSUGAR,ordinal,5681,81821,54,16,38,True,False,579,282
outer_1_inner_1,FEETCHK2,ordinal,5617,81885,43,14,29,True,False,551,214
outer_1_inner_1,DOCTDIAB,count,5566,81936,34,9,25,True,False,371,127
outer_1_inner_1,CHKHEMO3,ordinal,5412,82090,26,8,18,True,False,1639,125
outer_1_inner_1,FEETCHK,count,5552,81950,34,9,25,True,False,410,110
outer_1_inner_1,EYEEXAM,categorical,5681,81821,5,5,0,True,False,0,0
outer_1_inner_1,DIABEYE,binary,5716,81786,2,2,0,True,False,0,0
outer_1_inner_1,DIABEDU,binary,5755,81747,2,2,0,True,False,0,0
outer_1_inner_1,CAREGIV1,categorical,21533,65969,5,2,3,True,False,16825,107
outer_1_inner_1,CRGVREL1,categorical,4676,82826,15,14,1,True,False,318,6
outer_1_inner_1,CRGVLNG1,ordinal,4631,82871,5,5,0,True,False,0,0
outer_1_inner_1,CRGVHRS1,ordinal,4414,83088,4,4,0,True,False,0,0
outer_1_inner_1,CRGVPRB1,categorical,4450,83052,13,10,3,True,False,711,48
outer_1_inner_1,CRGVPERS,binary,4650,82852,2,2,0,True,False,0,0
outer_1_inner_1,CRGVHOUS,binary,4644,82858,2,2,0,True,False,0,0
outer_1_inner_1,CRGVMST2,categorical,4507,82995,6,6,0,True,False,0,0
outer_1_inner_1,CRGVEXPT,binary,15541,71961,2,2,0,True,False,0,0
outer_1_inner_1,VIDFCLT2,ordinal,684,86818,7,4,3,True,False,15,9
outer_1_inner_1,VIREDIF3,ordinal,679,86823,6,4,2,True,False,51,9
outer_1_inner_1,VIPRFVS2,categorical,673,86829,5,4,1,True,False,112,8
outer_1_inner_1,VINOCRE2,categorical,233,87269,7,6,1,True,False,4,1
outer_1_inner_1,VIEYEXM2,categorical,531,86971,5,5,0,True,False,0,0
outer_1_inner_1,VIINSUR2,categorical,662,86840,2,2,0,True,False,0,0
outer_1_inner_1,VICTRCT4,categorical,678,86824,3,3,0,True,False,0,0
outer_1_inner_1,VIGLUMA2,binary,679,86823,2,2,0,True,False,0,0
outer_1_inner_1,VIMACDG2,binary,671,86831,2,2,0,True,False,0,0
outer_1_inner_1,CIMEMLOS,categorical,23003,64499,3,2,1,True,False,20518,30
outer_1_inner_1,CDHOUSE,ordinal,2563,84939,5,5,0,True,False,0,0
outer_1_inner_1,CDASSIST,ordinal,2637,84865,7,5,2,True,False,1361,33
outer_1_inner_1,CDHELP,ordinal,867,86635,5,5,0,True,False,0,0
outer_1_inner_1,CDSOCIAL,ordinal,2577,84925,5,5,0,True,False,0,0
outer_1_inner_1,CDDISCUS,binary,2591,84911,2,2,0,True,False,0,0
outer_1_inner_1,WTCHSALT,categorical,8129,79373,4,2,2,True,False,3125,40
outer_1_inner_1,LONGWTCH,count,4729,82773,99,26,73,False,False,1759,425
outer_1_inner_1,DRADVISE,binary,8063,79439,2,2,0,True,False,0,0
outer_1_inner_1,ASTHMAGE,count,190,87312,52,36,16,True,False,49,17
outer_1_inner_1,ASATTACK,categorical,143,87359,3,3,0,True,False,0,0
outer_1_inner_1,ASERVIST,count,78,87424,6,5,1,True,False,5,1
outer_1_inner_1,ASDRVIST,count,77,87425,9,8,1,True,False,2,1
outer_1_inner_1,ASRCHKUP,count,137,87365,12,11,1,True,False,3,1
outer_1_inner_1,ASACTLIM,ordinal,133,87369,16,12,4,True,False,12,4
outer_1_inner_1,ASYMPTOM,ordinal,138,87364,6,6,0,True,False,0,0
outer_1_inner_1,ASNOSLEP,ordinal,103,87399,6,6,0,True,False,0,0
outer_1_inner_1,ASTHMED3,count,137,87365,4,4,0,True,False,0,0
outer_1_inner_1,ASINHALR,ordinal,136,87366,7,7,0,True,False,0,0
outer_1_inner_1,HAREHAB1,binary,188,87314,2,2,0,True,False,0,0
outer_1_inner_1,STREHAB1,binary,132,87370,2,2,0,True,False,0,0
outer_1_inner_1,CVDASPRN,binary,3730,83772,2,2,0,True,False,0,0
outer_1_inner_1,ASPUNSAF,categorical,2610,84892,4,3,1,True,False,2346,19
outer_1_inner_1,RLIVPAIN,binary,1117,86385,2,2,0,True,False,0,0
outer_1_inner_1,RDUCHART,binary,1088,86414,2,2,0,True,False,0,0
outer_1_inner_1,RDUCSTRK,binary,1034,86468,2,2,0,True,False,0,0
outer_1_inner_1,ARTTODAY,categorical,3926,83576,4,4,0,True,False,0,0
outer_1_inner_1,ARTHWGT,binary,3918,83584,2,2,0,True,False,0,0
outer_1_inner_1,ARTHEXER,binary,3897,83605,2,2,0,True,False,0,0
outer_1_inner_1,ARTHEDU,binary,3930,83572,2,2,0,True,False,0,0
outer_1_inner_1,TETANUS,categorical,5253,82249,3,3,0,True,False,0,0
outer_1_inner_1,HPVADVC2,categorical,1912,85590,3,2,1,True,False,1635,3
outer_1_inner_1,HPVADSHT,count,227,87275,3,3,0,True,False,0,0
outer_1_inner_1,SHINGLE2,binary,5445,82057,2,2,0,True,False,0,0
outer_1_inner_1,HADMAM,categorical,4559,82943,4,2,2,True,False,857,12
outer_1_inner_1,HOWLONG,ordinal,3666,83836,5,5,0,True,False,0,0
outer_1_inner_1,HADPAP2,categorical,4558,82944,4,2,2,True,False,312,32
outer_1_inner_1,LASTPAP2,ordinal,4139,83363,5,5,0,True,False,0,0
outer_1_inner_1,HPVTEST,count,3245,84257,2,2,0,True,False,0,0
outer_1_inner_1,HPLSTTST,ordinal,1309,86193,5,5,0,True,False,0,0
outer_1_inner_1,HADHYST2,binary,4503,82999,2,2,0,True,False,0,0
outer_1_inner_1,PROFEXAM,categorical,1149,86353,3,2,1,True,False,133,1
outer_1_inner_1,LENGEXAM,ordinal,1003,86499,5,5,0,True,False,0,0
outer_1_inner_1,BLDSTOOL,categorical,10722,76780,4,2,2,True,False,6754,120
outer_1_inner_1,LSTBLDS3,ordinal,3854,83648,5,5,0,True,False,0,0
outer_1_inner_1,HADSIGM3,categorical,10716,76786,4,2,2,True,False,2929,60
outer_1_inner_1,HADSGCO1,binary,7635,79867,2,2,0,True,False,0,0
outer_1_inner_1,LASTSIG3,ordinal,7669,79833,6,6,0,True,False,0,0
outer_1_inner_1,PCPSAAD2,binary,1229,86273,2,2,0,True,False,0,0
outer_1_inner_1,PCPSADI1,binary,1228,86274,2,2,0,True,False,0,0
outer_1_inner_1,PCPSARE1,binary,1232,86270,2,2,0,True,False,0,0
outer_1_inner_1,PSATEST1,categorical,1288,86214,4,3,1,True,False,56,10
outer_1_inner_1,PSATIME,ordinal,699,86803,5,5,0,True,False,0,0
outer_1_inner_1,PCPSARS1,categorical,703,86799,5,5,0,True,False,0,0
outer_1_inner_1,PCPSADE1,categorical,158,87344,4,4,0,True,False,0,0
outer_1_inner_1,PCDMDECN,categorical,50,87452,5,5,0,True,False,0,0
outer_1_inner_1,SCNTMNY1,ordinal,13886,73616,6,5,1,True,False,7767,188
outer_1_inner_1,SCNTMEL1,ordinal,14650,72852,6,5,1,True,False,9782,10
outer_1_inner_1,SCNTPAID,categorical,6972,80530,4,4,0,True,False,0,0
outer_1_inner_1,SCNTWRK1,count,7042,80460,86,26,60,False,False,6563,592
outer_1_inner_1,SCNTLPAD,categorical,5015,82487,4,4,0,True,False,0,0
outer_1_inner_1,SCNTLWK1,count,7049,80453,81,22,59,False,False,6467,554
outer_1_inner_1,SXORIENT,categorical,32380,55122,4,2,2,True,False,32380,528
outer_1_inner_1,TRNSGNDR,categorical,32833,54669,4,2,2,True,False,163,86
outer_1_inner_1,RCSGENDR,binary,11430,76072,2,2,0,True,False,0,0
outer_1_inner_1,RCSRLTN2,categorical,11495,76007,6,6,0,True,False,0,0
outer_1_inner_1,CASTHDX2,categorical,10049,77453,2,2,0,True,False,0,0
outer_1_inner_1,CASTHNO2,binary,1313,86189,2,2,0,True,False,0,0
outer_1_inner_1,EMTSUPRT,ordinal,4057,83445,5,5,0,True,False,0,0
outer_1_inner_1,LSATISFY,ordinal,4078,83424,4,3,1,True,False,239,57
outer_1_inner_1,ADPLEASR,count,3919,83583,15,10,5,True,False,289,47
outer_1_inner_1,ADDOWN,count,4003,83499,15,10,5,True,False,159,42
outer_1_inner_1,ADSLEEP,count,3998,83504,15,11,4,True,False,184,46
outer_1_inner_1,ADENERGY,count,3981,83521,15,12,3,True,False,210,18
outer_1_inner_1,ADEAT1,count,3978,83524,15,10,5,True,False,353,76
outer_1_inner_1,ADFAIL,count,4001,83501,15,8,7,True,False,156,84
outer_1_inner_1,ADTHINK,count,3997,83505,15,8,7,True,False,325,94
outer_1_inner_1,ADMOVE,count,3957,83545,14,8,6,True,False,165,59
outer_1_inner_1,MISTMNT,binary,4016,83486,2,2,0,True,False,0,0
outer_1_inner_1,ADANXEV,binary,4005,83497,2,2,0,True,False,0,0
outer_1_inner_1,_RFHLTH,binary,87258,244,2,2,0,True,False,0,0
outer_1_inner_1,_HCVU651,binary,56040,31462,2,2,0,True,False,0,0
outer_1_inner_1,_RFHYPE5,binary,87252,250,2,2,0,True,False,0,0
outer_1_inner_1,_CHOLCHK,categorical,84469,3033,3,3,0,True,False,0,0
outer_1_inner_1,_RFCHOL,binary,75125,12377,2,2,0,True,False,0,0
outer_1_inner_1,_LTASTH1,binary,87242,260,2,2,0,True,False,0,0
outer_1_inner_1,_CASTHM1,binary,86891,611,2,2,0,True,False,0,0
outer_1_inner_1,_ASTHMS1,categorical,86891,611,3,3,0,True,False,0,0
outer_1_inner_1,_DRDXAR1,binary,87026,476,2,2,0,True,False,0,0
outer_1_inner_1,_PRACE1,categorical,85798,1704,8,5,3,True,False,4715,782
outer_1_inner_1,_MRACE1,categorical,85798,1704,7,6,1,True,False,2309,323
outer_1_inner_1,_HISPANC,binary,86668,834,2,2,0,True,False,0,0
outer_1_inner_1,_RACE,categorical,86037,1465,8,6,2,True,False,2600,678
outer_1_inner_1,_RACEG21,binary,86037,1465,2,2,0,True,False,0,0
outer_1_inner_1,_RACEGR3,categorical,86037,1465,5,5,0,True,False,0,0
outer_1_inner_1,_RACE_G1,categorical,86037,1465,5,5,0,True,False,0,0
outer_1_inner_1,_AGE65YR,binary,86458,1044,2,2,0,True,False,0,0
outer_1_inner_1,_AGE80,continuous,87502,0,63,52,11,True,False,18960,8998
outer_1_inner_1,_AGE_G,ordinal,87502,0,6,6,0,True,False,0,0
outer_1_inner_1,HTM4,continuous,84463,3039,81,18,63,False,False,79210,2240
outer_1_inner_1,WTKG3,continuous,81379,6123,439,46,393,False,False,81096,19078
outer_1_inner_1,_BMI5,continuous,80267,7235,2650,64,2586,False,False,80267,59610
outer_1_inner_1,_BMI5CAT,categorical,80267,7235,4,4,0,True,False,0,0
outer_1_inner_1,_RFBMI5,binary,80267,7235,2,2,0,True,False,0,0
outer_1_inner_1,_CHLDCNT,count,86734,768,6,5,1,True,False,1884,618
outer_1_inner_1,_EDUCAG,ordinal,87122,380,4,4,0,True,False,0,0
outer_1_inner_1,_INCOMG,ordinal,71709,15793,5,5,0,True,False,0,0
outer_1_inner_1,_SMOKER3,categorical,83943,3559,4,4,0,True,False,0,0
outer_1_inner_1,_RFSMOK3,binary,83943,3559,2,2,0,True,False,0,0
outer_1_inner_1,DRNKANY5,binary,83242,4260,2,2,0,True,False,0,0
outer_1_inner_1,DROCDY3_,continuous,83242,4260,35,17,18,True,False,15756,3105
outer_1_inner_1,_RFBING5,binary,82474,5028,2,2,0,True,False,0,0
outer_1_inner_1,_DRNKWEK,count,82479,5023,178,24,154,False,False,23135,7491
outer_1_inner_1,_RFDRHV5,binary,82479,5023,2,2,0,True,False,0,0
outer_1_inner_1,FTJUDA1_,count,79922,7580,75,17,58,False,False,66231,4448
outer_1_inner_1,FRUTDA1_,count,80333,7169,89,21,68,False,False,70077,3386
outer_1_inner_1,BEANDAY_,count,79707,7795,68,18,50,False,False,32978,3496
outer_1_inner_1,GRENDAY_,count,80092,7410,82,22,60,False,False,51595,3760
outer_1_inner_1,ORNGDAY_,count,79787,7715,70,17,53,False,False,51329,4199
outer_1_inner_1,VEGEDA1_,count,79389,8113,87,21,66,False,False,66564,4647
outer_1_inner_1,_MISFRTN,count,87502,0,3,3,0,True,False,0,0
outer_1_inner_1,_MISVEGN,count,87502,0,5,4,1,True,False,3030,658
outer_1_inner_1,_FRTRESP,categorical,87502,0,2,2,0,True,False,0,0
outer_1_inner_1,_VEGRESP,categorical,87502,0,2,2,0,True,False,0,0
outer_1_inner_1,_FRUTSUM,continuous,78932,8570,358,42,316,False,False,77632,18829
outer_1_inner_1,_VEGESUM,continuous,77533,9969,793,63,730,False,False,74630,43669
outer_1_inner_1,_FRTLT1,binary,78932,8570,2,2,0,True,False,0,0
outer_1_inner_1,_VEGLT1,binary,77533,9969,2,2,0,True,False,0,0
outer_1_inner_1,_FRT16,binary,87502,0,2,2,0,True,False,0,0
outer_1_inner_1,_VEG23,binary,87502,0,2,2,0,True,False,0,0
outer_1_inner_1,_FRUITEX,categorical,78932,8570,2,1,1,True,True,78932,13
outer_1_inner_1,_VEGETEX,categorical,77533,9969,2,1,1,True,True,77533,7
outer_1_inner_1,_TOTINDA,binary,80041,7461,2,2,0,True,False,0,0
outer_1_inner_1,METVL11_,continuous,58255,29247,29,13,16,True,False,18092,2249
outer_1_inner_1,METVL21_,continuous,57273,30229,29,14,15,True,False,39620,2543
outer_1_inner_1,MAXVO2_,continuous,87502,0,163,64,99,False,False,72066,38714
outer_1_inner_1,FC60_,continuous,87502,0,156,64,92,False,False,72066,36940
outer_1_inner_1,ACTIN11_,categorical,57639,29863,3,3,0,True,False,0,0
outer_1_inner_1,ACTIN21_,categorical,56680,30822,3,3,0,True,False,0,0
outer_1_inner_1,PADUR1_,count,56912,30590,140,18,122,False,False,56912,2053
outer_1_inner_1,PADUR2_,count,38295,49207,112,19,93,False,False,38295,1452
outer_1_inner_1,PAFREQ1_,continuous,57580,29922,82,20,62,False,False,46553,2656
outer_1_inner_1,PAFREQ2_,continuous,38738,48764,80,19,61,False,False,26407,1204
outer_1_inner_1,_MINAC11,count,56538,30964,479,39,440,False,False,56538,10221
outer_1_inner_1,_MINAC21,count,56098,31404,355,29,326,False,False,56098,8449
outer_1_inner_1,STRFREQ_,continuous,78863,8639,77,14,63,False,False,74514,4453
outer_1_inner_1,PAMISS1_,categorical,75798,11704,1,1,0,False,False,0,0
outer_1_inner_1,PAMIN11_,count,55953,31549,548,40,508,False,False,55953,10899
outer_1_inner_1,PAMIN21_,count,55527,31975,428,30,398,False,False,55292,9074
outer_1_inner_1,PA1MIN_,count,57163,30339,1757,55,1702,False,False,57163,22665
outer_1_inner_1,PAVIG11_,count,56918,30584,336,21,315,False,False,56918,6728
outer_1_inner_1,PAVIG21_,count,56047,31455,266,16,250,False,False,56047,6738
outer_1_inner_1,PA1VIGM_,count,57448,30054,897,27,870,False,False,57448,11183
outer_1_inner_1,_PACAT1,categorical,76521,10981,4,4,0,True,False,0,0
outer_1_inner_1,_PAINDX1,binary,77035,10467,2,2,0,True,False,0,0
outer_1_inner_1,_PA150R2,ordinal,77035,10467,3,3,0,True,False,0,0
outer_1_inner_1,_PA300R2,ordinal,76521,10981,3,3,0,True,False,0,0
outer_1_inner_1,_PA30021,binary,76521,10981,2,2,0,True,False,0,0
outer_1_inner_1,_PASTRNG,binary,78863,8639,2,2,0,True,False,0,0
outer_1_inner_1,_PAREC1,categorical,76188,11314,4,4,0,True,False,0,0
outer_1_inner_1,_PASTAE1,binary,76188,11314,2,2,0,True,False,0,0
outer_1_inner_1,_LMTACT1,ordinal,84418,3084,3,3,0,True,False,0,0
outer_1_inner_1,_LMTWRK1,ordinal,83930,3572,3,3,0,True,False,0,0
outer_1_inner_1,_LMTSCL1,ordinal,84445,3057,4,4,0,True,False,0,0
outer_1_inner_1,_RFSEAT2,binary,79091,8411,2,2,0,True,False,0,0
outer_1_inner_1,_RFSEAT3,binary,79091,8411,2,2,0,True,False,0,0
outer_1_inner_1,_FLSHOT6,binary,27480,60022,2,2,0,True,False,0,0
outer_1_inner_1,_PNEUMO2,binary,26678,60824,2,2,0,True,False,0,0
outer_1_inner_1,_AIDTST3,binary,76045,11457,2,2,0,True,False,0,0
outer_1_inner_2,_STATE,categorical,87503,0,53,47,6,True,False,14141,5253
outer_1_inner_2,FMONTH,categorical,87503,0,12,12,0,True,False,0,0
outer_1_inner_2,IMONTH,categorical,87503,0,12,12,0,True,False,0,0
outer_1_inner_2,IDAY,categorical,87503,0,31,30,1,True,False,2848,976
outer_1_inner_2,IYEAR,categorical,87503,0,2,2,0,True,False,0,0
outer_1_inner_2,CTELENUM,categorical,50140,37363,1,1,0,False,False,0,0
outer_1_inner_2,PVTRESD1,binary,50140,37363,2,1,1,True,True,50140,4
outer_1_inner_2,COLGHOUS,categorical,4,87499,1,1,0,False,False,0,0
outer_1_inner_2,STATERES,categorical,50140,37363,1,1,0,False,False,0,0
outer_1_inner_2,CELLFON3,binary,50140,37363,2,2,0,True,False,0,0
outer_1_inner_2,LADULT,binary,4,87499,2,2,0,True,False,0,0
outer_1_inner_2,NUMADULT,count,50139,37364,12,4,8,True,False,1810,445
outer_1_inner_2,NUMMEN,count,50113,37390,11,3,8,True,False,3975,589
outer_1_inner_2,NUMWOMEN,count,50113,37390,8,3,5,True,False,4891,686
outer_1_inner_2,CADULT,binary,37362,50141,2,2,0,True,False,0,0
outer_1_inner_2,PVTRESD2,binary,37363,50140,2,1,1,True,True,37363,216
outer_1_inner_2,CCLGHOUS,categorical,215,87288,1,1,0,False,False,0,0
outer_1_inner_2,CSTATE,binary,37363,50140,2,2,0,True,False,0,0
outer_1_inner_2,LANDLINE,binary,37160,50343,2,2,0,True,False,0,0
outer_1_inner_2,HHADULT,count,36248,51255,19,5,14,True,False,1134,383
outer_1_inner_2,GENHLTH,ordinal,87263,240,5,5,0,True,False,0,0
outer_1_inner_2,PHYSHLTH,count,85664,1839,31,12,19,True,False,8816,2617
outer_1_inner_2,MENTHLTH,count,86100,1403,31,11,20,True,False,11200,2004
outer_1_inner_2,POORHLTH,count,44086,43417,31,13,18,True,False,8065,1500
outer_1_inner_2,HLTHPLN1,binary,87181,322,2,2,0,True,False,0,0
outer_1_inner_2,PERSDOC2,categorical,87138,365,3,3,0,True,False,0,0
outer_1_inner_2,MEDCOST,binary,87278,225,2,2,0,True,False,0,0
outer_1_inner_2,CHECKUP1,ordinal,86295,1208,5,4,1,True,False,6063,772
outer_1_inner_2,BPHIGH4,categorical,87268,235,4,3,1,True,False,51438,875
outer_1_inner_2,BPMEDS,binary,35146,52357,2,2,0,True,False,0,0
outer_1_inner_2,BLOODCHO,categorical,85713,1790,2,2,0,True,False,0,0
outer_1_inner_2,CHOLCHK,ordinal,74646,12857,4,4,0,True,False,0,0
outer_1_inner_2,TOLDHI2,binary,75185,12318,2,2,0,True,False,0,0
outer_1_inner_2,CVDSTRK3,binary,87318,185,2,2,0,True,False,0,0
outer_1_inner_2,ASTHMA3,categorical,87244,259,2,2,0,True,False,0,0
outer_1_inner_2,ASTHNOW,binary,11443,76060,2,2,0,True,False,0,0
outer_1_inner_2,CHCSCNCR,binary,87285,218,2,2,0,True,False,0,0
outer_1_inner_2,CHCOCNCR,binary,87327,176,2,2,0,True,False,0,0
outer_1_inner_2,CHCCOPD1,binary,87100,403,2,2,0,True,False,0,0
outer_1_inner_2,HAVARTH3,binary,87012,491,2,2,0,True,False,0,0
outer_1_inner_2,ADDEPEV2,binary,87110,393,2,2,0,True,False,0,0
outer_1_inner_2,CHCKIDNY,binary,87250,253,2,2,0,True,False,0,0
outer_1_inner_2,DIABETE3,categorical,87373,130,4,3,1,True,False,12144,722
outer_1_inner_2,DIABAGE2,count,10674,76829,93,44,49,False,False,2918,1367
outer_1_inner_2,SEX,binary,87503,0,2,2,0,True,False,0,0
outer_1_inner_2,MARITAL,categorical,86894,609,6,6,0,True,False,0,0
outer_1_inner_2,EDUCA,ordinal,87191,312,6,6,0,True,False,0,0
outer_1_inner_2,RENTHOM1,categorical,86909,594,3,3,0,True,False,0,0
outer_1_inner_2,NUMHHOL2,categorical,49947,37556,2,2,0,True,False,0,0
outer_1_inner_2,NUMPHON2,count,2576,84927,6,4,2,True,False,42,17
outer_1_inner_2,CPDEMO1,binary,49874,37629,2,2,0,True,False,0,0
outer_1_inner_2,VETERAN3,binary,87335,168,2,2,0,True,False,0,0
outer_1_inner_2,EMPLOY1,categorical,86775,728,8,8,0,True,False,0,0
outer_1_inner_2,CHILDREN,count,86755,748,18,5,13,True,False,1946,660
outer_1_inner_2,INCOME2,ordinal,71873,15630,8,8,0,True,False,0,0
outer_1_inner_2,INTERNET,binary,86355,1148,2,2,0,True,False,0,0
outer_1_inner_2,PREGNANT,binary,12783,74720,2,2,0,True,False,0,0
outer_1_inner_2,QLACTLM2,binary,85047,2456,2,2,0,True,False,0,0
outer_1_inner_2,USEEQUIP,binary,85166,2337,2,2,0,True,False,0,0
outer_1_inner_2,BLIND,binary,84918,2585,2,2,0,True,False,0,0
outer_1_inner_2,DECIDE,binary,84560,2943,2,2,0,True,False,0,0
outer_1_inner_2,DIFFWALK,binary,84566,2937,2,2,0,True,False,0,0
outer_1_inner_2,DIFFDRES,binary,84662,2841,2,2,0,True,False,0,0
outer_1_inner_2,DIFFALON,binary,84394,3109,2,2,0,True,False,0,0
outer_1_inner_2,SMOKE100,categorical,83913,3590,2,2,0,True,False,0,0
outer_1_inner_2,SMOKDAY2,ordinal,36324,51179,3,3,0,True,False,0,0
outer_1_inner_2,STOPSMK2,categorical,12156,75347,4,2,2,True,False,5297,42
outer_1_inner_2,LASTSMK2,ordinal,23959,63544,8,7,1,True,False,16194,193
outer_1_inner_2,USENOW3,ordinal,84076,3427,3,2,1,True,False,2619,1206
outer_1_inner_2,ALCDAY5,count,83113,4390,38,18,20,True,False,11933,2804
outer_1_inner_2,AVEDRNK2,count,41129,46374,34,7,27,True,False,2025,835
outer_1_inner_2,DRNK3GE5,count,41172,46331,33,8,25,True,False,2416,1074
outer_1_inner_2,MAXDRNKS,count,40394,47109,46,10,36,True,False,2837,746
outer_1_inner_2,FRUITJU1,count,79854,7649,85,20,65,False,False,11672,2886
outer_1_inner_2,FRUIT1,count,80237,7266,106,22,84,False,False,25089,5392
outer_1_inner_2,FVBEANS,count,79534,7969,84,21,63,False,False,13423,2450
outer_1_inner_2,FVGREEN,count,79932,7571,89,25,64,False,False,20358,3750
outer_1_inner_2,FVORANG,count,79685,7818,77,21,56,False,False,14116,2434
outer_1_inner_2,VEGETAB1,count,79255,8248,99,24,75,False,False,26328,4114
outer_1_inner_2,EXERANY2,binary,79894,7609,2,2,0,True,False,0,0
outer_1_inner_2,EXRACT11,categorical,58357,29146,74,21,53,False,False,50406,4122
outer_1_inner_2,EXEROFT1,count,57682,29821,84,22,62,False,False,19894,2012
outer_1_inner_2,EXERHMM1,count,57009,30494,142,18,124,False,False,57009,2168
outer_1_inner_2,EXRACT21,categorical,57359,30144,76,23,53,False,False,28129,4305
outer_1_inner_2,EXEROFT2,count,38522,48981,76,21,55,False,False,9783,1122
outer_1_inner_2,EXERHMM2,count,38061,49442,116,19,97,False,False,38061,1445
outer_1_inner_2,STRENGTH,count,78724,8779,85,15,70,False,False,12909,4023
outer_1_inner_2,LMTJOIN3,binary,26748,60755,2,2,0,True,False,0,0
outer_1_inner_2,ARTHDIS2,binary,26253,61250,2,2,0,True,False,0,0
outer_1_inner_2,ARTHSOCL,ordinal,26774,60729,3,3,0,True,False,0,0
outer_1_inner_2,JOINPAIN,count,25983,61520,11,11,0,True,False,0,0
outer_1_inner_2,SEATBELT,ordinal,78913,8590,6,4,2,True,False,4465,1057
outer_1_inner_2,FLUSHOT6,categorical,78601,8902,2,2,0,True,False,0,0
outer_1_inner_2,IMFVPLAC,categorical,37851,49652,11,8,3,True,False,3648,316
outer_1_inner_2,PNEUVAC3,binary,71954,15549,2,2,0,True,False,0,0
outer_1_inner_2,HIVTST6,categorical,75980,11523,2,2,0,True,False,0,0
outer_1_inner_2,WHRTST10,categorical,21938,65565,9,8,1,True,False,336,107
outer_1_inner_2,PDIABTST,binary,15601,71902,2,2,0,True,False,0,0
outer_1_inner_2,PREDIAB1,categorical,16260,71243,3,3,0,True,False,0,0
outer_1_inner_2,INSULIN,binary,5797,81706,2,2,0,True,False,0,0
outer_1_inner_2,BLDSUGAR,ordinal,5703,81800,55,16,39,True,False,658,322
outer_1_inner_2,FEETCHK2,ordinal,5632,81871,46,13,33,True,False,655,259
outer_1_inner_2,DOCTDIAB,count,5594,81909,32,9,23,True,False,609,151
outer_1_inner_2,CHKHEMO3,ordinal,5401,82102,30,9,21,True,False,226,63
outer_1_inner_2,FEETCHK,count,5577,81926,31,8,23,True,False,1214,204
outer_1_inner_2,EYEEXAM,categorical,5715,81788,5,5,0,True,False,0,0
outer_1_inner_2,DIABEYE,binary,5732,81771,2,2,0,True,False,0,0
outer_1_inner_2,DIABEDU,binary,5784,81719,2,2,0,True,False,0,0
outer_1_inner_2,CAREGIV1,categorical,21573,65930,5,2,3,True,False,16792,104
outer_1_inner_2,CRGVREL1,categorical,4749,82754,15,13,2,True,False,443,57
outer_1_inner_2,CRGVLNG1,ordinal,4716,82787,5,5,0,True,False,0,0
outer_1_inner_2,CRGVHRS1,ordinal,4487,83016,4,4,0,True,False,0,0
outer_1_inner_2,CRGVPRB1,categorical,4542,82961,13,11,2,True,False,695,39
outer_1_inner_2,CRGVPERS,binary,4734,82769,2,2,0,True,False,0,0
outer_1_inner_2,CRGVHOUS,binary,4731,82772,2,2,0,True,False,0,0
outer_1_inner_2,CRGVMST2,categorical,4607,82896,6,6,0,True,False,0,0
outer_1_inner_2,CRGVEXPT,binary,15491,72012,2,2,0,True,False,0,0
outer_1_inner_2,VIDFCLT2,ordinal,590,86913,7,4,3,True,False,21,9
outer_1_inner_2,VIREDIF3,ordinal,588,86915,6,5,1,True,False,10,3
outer_1_inner_2,VIPRFVS2,categorical,585,86918,5,5,0,True,False,0,0
outer_1_inner_2,VINOCRE2,categorical,212,87291,8,7,1,True,False,55,1
outer_1_inner_2,VIEYEXM2,categorical,456,87047,5,5,0,True,False,0,0
outer_1_inner_2,VIINSUR2,categorical,570,86933,3,2,1,True,False,222,1
outer_1_inner_2,VICTRCT4,categorical,587,86916,3,3,0,True,False,0,0
outer_1_inner_2,VIGLUMA2,binary,586,86917,2,2,0,True,False,0,0
outer_1_inner_2,VIMACDG2,binary,582,86921,2,2,0,True,False,0,0
outer_1_inner_2,CIMEMLOS,categorical,23032,64471,3,2,1,True,False,20582,40
outer_1_inner_2,CDHOUSE,ordinal,2548,84955,5,5,0,True,False,0,0
outer_1_inner_2,CDASSIST,ordinal,2598,84905,7,5,2,True,False,1387,29
outer_1_inner_2,CDHELP,ordinal,821,86682,5,5,0,True,False,0,0
outer_1_inner_2,CDSOCIAL,ordinal,2550,84953,5,5,0,True,False,0,0
outer_1_inner_2,CDDISCUS,binary,2568,84935,2,2,0,True,False,0,0
outer_1_inner_2,WTCHSALT,categorical,8220,79283,4,2,2,True,False,3174,43
outer_1_inner_2,LONGWTCH,count,4753,82750,108,27,81,False,False,1652,426
outer_1_inner_2,DRADVISE,binary,8164,79339,2,2,0,True,False,0,0
outer_1_inner_2,ASTHMAGE,count,192,87311,48,32,16,True,False,63,21
outer_1_inner_2,ASATTACK,categorical,127,87376,3,3,0,True,False,0,0
outer_1_inner_2,ASERVIST,count,51,87452,5,5,0,True,False,0,0
outer_1_inner_2,ASDRVIST,count,51,87452,6,6,0,True,False,0,0
outer_1_inner_2,ASRCHKUP,count,123,87380,10,8,2,True,False,6,2
outer_1_inner_2,ASACTLIM,ordinal,120,87383,15,11,4,True,False,11,4
outer_1_inner_2,ASYMPTOM,ordinal,124,87379,6,6,0,True,False,0,0
outer_1_inner_2,ASNOSLEP,ordinal,83,87420,6,6,0,True,False,0,0
outer_1_inner_2,ASTHMED3,count,123,87380,4,4,0,True,False,0,0
outer_1_inner_2,ASINHALR,ordinal,124,87379,6,6,0,True,False,0,0
outer_1_inner_2,HAREHAB1,binary,196,87307,2,2,0,True,False,0,0
outer_1_inner_2,STREHAB1,binary,140,87363,2,2,0,True,False,0,0
outer_1_inner_2,CVDASPRN,binary,3738,83765,2,2,0,True,False,0,0
outer_1_inner_2,ASPUNSAF,categorical,2685,84818,5,3,2,True,False,2387,23
outer_1_inner_2,RLIVPAIN,binary,1054,86449,2,2,0,True,False,0,0
outer_1_inner_2,RDUCHART,binary,1035,86468,2,2,0,True,False,0,0
outer_1_inner_2,RDUCSTRK,binary,992,86511,2,2,0,True,False,0,0
outer_1_inner_2,ARTTODAY,categorical,3848,83655,4,4,0,True,False,0,0
outer_1_inner_2,ARTHWGT,binary,3841,83662,2,2,0,True,False,0,0
outer_1_inner_2,ARTHEXER,binary,3821,83682,2,2,0,True,False,0,0
outer_1_inner_2,ARTHEDU,binary,3850,83653,2,2,0,True,False,0,0
outer_1_inner_2,TETANUS,categorical,5285,82218,3,3,0,True,False,0,0
outer_1_inner_2,HPVADVC2,categorical,1916,85587,3,2,1,True,False,1613,3
outer_1_inner_2,HPVADSHT,count,257,87246,3,3,0,True,False,0,0
outer_1_inner_2,SHINGLE2,binary,5534,81969,2,2,0,True,False,0,0
outer_1_inner_2,HADMAM,categorical,4419,83084,4,2,2,True,False,807,19
outer_1_inner_2,HOWLONG,ordinal,3576,83927,5,5,0,True,False,0,0
outer_1_inner_2,HADPAP2,categorical,4418,83085,4,2,2,True,False,289,33
outer_1_inner_2,LASTPAP2,ordinal,4015,83488,5,5,0,True,False,0,0
outer_1_inner_2,HPVTEST,count,3126,84377,2,2,0,True,False,0,0
outer_1_inner_2,HPLSTTST,ordinal,1272,86231,5,5,0,True,False,0,0
outer_1_inner_2,HADHYST2,binary,4343,83160,2,2,0,True,False,0,0
outer_1_inner_2,PROFEXAM,categorical,1093,86410,4,2,2,True,False,130,3
outer_1_inner_2,LENGEXAM,ordinal,953,86550,5,5,0,True,False,0,0
outer_1_inner_2,BLDSTOOL,categorical,10786,76717,4,2,2,True,False,6892,88
outer_1_inner_2,LSTBLDS3,ordinal,3766,83737,5,5,0,True,False,0,0
outer_1_inner_2,HADSIGM3,categorical,10781,76722,4,2,2,True,False,2948,56
outer_1_inner_2,HADSGCO1,binary,7676,79827,2,2,0,True,False,0,0
outer_1_inner_2,LASTSIG3,ordinal,7728,79775,6,6,0,True,False,0,0
outer_1_inner_2,PCPSAAD2,binary,1245,86258,2,2,0,True,False,0,0
outer_1_inner_2,PCPSADI1,binary,1230,86273,2,2,0,True,False,0,0
outer_1_inner_2,PCPSARE1,binary,1240,86263,2,2,0,True,False,0,0
outer_1_inner_2,PSATEST1,categorical,1294,86209,4,3,1,True,False,73,4
outer_1_inner_2,PSATIME,ordinal,660,86843,5,5,0,True,False,0,0
outer_1_inner_2,PCPSARS1,categorical,676,86827,5,5,0,True,False,0,0
outer_1_inner_2,PCPSADE1,categorical,140,87363,4,4,0,True,False,0,0
outer_1_inner_2,PCDMDECN,categorical,43,87460,3,3,0,True,False,0,0
outer_1_inner_2,SCNTMNY1,ordinal,13767,73736,6,6,0,True,False,0,0
outer_1_inner_2,SCNTMEL1,ordinal,14539,72964,6,5,1,True,False,9741,15
outer_1_inner_2,SCNTPAID,categorical,6795,80708,4,4,0,True,False,0,0
outer_1_inner_2,SCNTWRK1,count,6871,80632,85,25,60,False,False,4180,632
outer_1_inner_2,SCNTLPAD,categorical,4991,82512,4,4,0,True,False,0,0
outer_1_inner_2,SCNTLWK1,count,7107,80396,78,23,55,False,False,6497,554
outer_1_inner_2,SXORIENT,categorical,32009,55494,4,3,1,True,False,591,103
outer_1_inner_2,TRNSGNDR,categorical,32432,55071,4,2,2,True,False,135,70
outer_1_inner_2,RCSGENDR,binary,11210,76293,2,2,0,True,False,0,0
outer_1_inner_2,RCSRLTN2,categorical,11299,76204,6,5,1,True,False,440,168
outer_1_inner_2,CASTHDX2,categorical,9796,77707,2,2,0,True,False,0,0
outer_1_inner_2,CASTHNO2,binary,1209,86294,2,2,0,True,False,0,0
outer_1_inner_2,EMTSUPRT,ordinal,3977,83526,5,5,0,True,False,0,0
outer_1_inner_2,LSATISFY,ordinal,4005,83498,4,3,1,True,False,220,47
outer_1_inner_2,ADPLEASR,count,3818,83685,15,9,6,True,False,358,83
outer_1_inner_2,ADDOWN,count,3911,83592,15,9,6,True,False,280,59
outer_1_inner_2,ADSLEEP,count,3889,83614,15,11,4,True,False,422,95
outer_1_inner_2,ADENERGY,count,3881,83622,15,11,4,True,False,335,60
outer_1_inner_2,ADEAT1,count,3893,83610,15,9,6,True,False,340,69
outer_1_inner_2,ADFAIL,count,3901,83602,14,8,6,True,False,250,68
outer_1_inner_2,ADTHINK,count,3913,83590,15,9,6,True,False,173,41
outer_1_inner_2,ADMOVE,count,3872,83631,14,7,7,True,False,205,77
outer_1_inner_2,MISTMNT,binary,3925,83578,2,2,0,True,False,0,0
outer_1_inner_2,ADANXEV,binary,3911,83592,2,2,0,True,False,0,0
outer_1_inner_2,_RFHLTH,binary,87263,240,2,2,0,True,False,0,0
outer_1_inner_2,_HCVU651,binary,56110,31393,2,2,0,True,False,0,0
outer_1_inner_2,_RFHYPE5,binary,87268,235,2,2,0,True,False,0,0
outer_1_inner_2,_CHOLCHK,categorical,84524,2979,3,3,0,True,False,0,0
outer_1_inner_2,_RFCHOL,binary,75185,12318,2,2,0,True,False,0,0
outer_1_inner_2,_LTASTH1,binary,87244,259,2,2,0,True,False,0,0
outer_1_inner_2,_CASTHM1,binary,86879,624,2,2,0,True,False,0,0
outer_1_inner_2,_ASTHMS1,categorical,86879,624,3,3,0,True,False,0,0
outer_1_inner_2,_DRDXAR1,binary,87012,491,2,2,0,True,False,0,0
outer_1_inner_2,_PRACE1,categorical,85770,1733,8,5,3,True,False,4613,814
outer_1_inner_2,_MRACE1,categorical,85770,1733,7,6,1,True,False,2267,349
outer_1_inner_2,_HISPANC,binary,86684,819,2,2,0,True,False,0,0
outer_1_inner_2,_RACE,categorical,86022,1481,8,6,2,True,False,2505,645
outer_1_inner_2,_RACEG21,binary,86022,1481,2,2,0,True,False,0,0
outer_1_inner_2,_RACEGR3,categorical,86022,1481,5,5,0,True,False,0,0
outer_1_inner_2,_RACE_G1,categorical,86022,1481,5,5,0,True,False,0,0
outer_1_inner_2,_AGE65YR,binary,86496,1007,2,2,0,True,False,0,0
outer_1_inner_2,_AGE80,continuous,87503,0,63,52,11,True,False,19376,9240
outer_1_inner_2,_AGE_G,ordinal,87503,0,6,6,0,True,False,0,0
outer_1_inner_2,HTM4,continuous,84501,3002,84,18,66,False,False,84501,1766
outer_1_inner_2,WTKG3,continuous,81335,6168,435,47,388,False,False,75243,18630
outer_1_inner_2,_BMI5,continuous,80230,7273,2635,64,2571,False,False,80230,58378
outer_1_inner_2,_BMI5CAT,categorical,80230,7273,4,4,0,True,False,0,0
outer_1_inner_2,_RFBMI5,binary,80230,7273,2,2,0,True,False,0,0
outer_1_inner_2,_CHLDCNT,count,86755,748,6,5,1,True,False,1946,660
outer_1_inner_2,_EDUCAG,ordinal,87191,312,4,4,0,True,False,0,0
outer_1_inner_2,_INCOMG,ordinal,71873,15630,5,5,0,True,False,0,0
outer_1_inner_2,_SMOKER3,categorical,83827,3676,4,4,0,True,False,0,0
outer_1_inner_2,_RFSMOK3,binary,83827,3676,2,2,0,True,False,0,0
outer_1_inner_2,DRNKANY5,binary,83113,4390,2,2,0,True,False,0,0
outer_1_inner_2,DROCDY3_,continuous,83113,4390,35,19,16,True,False,13948,1903
outer_1_inner_2,_RFBING5,binary,82350,5153,2,2,0,True,False,0,0
outer_1_inner_2,_DRNKWEK,count,82307,5196,179,24,155,False,False,25128,7403
outer_1_inner_2,_RFDRHV5,binary,82307,5196,2,2,0,True,False,0,0
outer_1_inner_2,FTJUDA1_,count,79854,7649,76,17,59,False,False,66481,4457
outer_1_inner_2,FRUTDA1_,count,80237,7266,98,22,76,False,False,69507,3052
outer_1_inner_2,BEANDAY_,count,79534,7969,75,18,57,False,False,33136,3517
outer_1_inner_2,GRENDAY_,count,79932,7571,80,21,59,False,False,50639,4525
outer_1_inner_2,ORNGDAY_,count,79685,7818,71,17,54,False,False,47395,3751
outer_1_inner_2,VEGEDA1_,count,79255,8248,88,22,66,False,False,63526,4541
outer_1_inner_2,_MISFRTN,count,87503,0,3,3,0,True,False,0,0
outer_1_inner_2,_MISVEGN,count,87503,0,5,4,1,True,False,3121,686
outer_1_inner_2,_FRTRESP,categorical,87503,0,2,2,0,True,False,0,0
outer_1_inner_2,_VEGRESP,categorical,87503,0,2,2,0,True,False,0,0
outer_1_inner_2,_FRUTSUM,continuous,78875,8628,379,43,336,False,False,77435,18306
outer_1_inner_2,_VEGESUM,continuous,77325,10178,781,64,717,False,False,72204,42367
outer_1_inner_2,_FRTLT1,binary,78875,8628,2,2,0,True,False,0,0
outer_1_inner_2,_VEGLT1,binary,77325,10178,2,2,0,True,False,0,0
outer_1_inner_2,_FRT16,binary,87503,0,2,2,0,True,False,0,0
outer_1_inner_2,_VEG23,binary,87503,0,2,2,0,True,False,0,0
outer_1_inner_2,_FRUITEX,categorical,78875,8628,2,1,1,True,True,78875,22
outer_1_inner_2,_VEGETEX,categorical,77325,10178,2,1,1,True,True,77325,11
outer_1_inner_2,_TOTINDA,binary,79894,7609,2,2,0,True,False,0,0
outer_1_inner_2,METVL11_,continuous,58357,29146,29,12,17,True,False,19975,2614
outer_1_inner_2,METVL21_,continuous,57359,30144,29,16,13,True,False,34634,1860
outer_1_inner_2,MAXVO2_,continuous,87503,0,163,64,99,False,False,72879,38760
outer_1_inner_2,FC60_,continuous,87503,0,156,64,92,False,False,72879,37201
outer_1_inner_2,ACTIN11_,categorical,57770,29733,3,3,0,True,False,0,0
outer_1_inner_2,ACTIN21_,categorical,56785,30718,3,3,0,True,False,0,0
outer_1_inner_2,PADUR1_,count,57009,30494,142,18,124,False,False,57009,2168
outer_1_inner_2,PADUR2_,count,38061,49442,116,19,97,False,False,38061,1445
outer_1_inner_2,PAFREQ1_,continuous,57682,29821,81,22,59,False,False,35047,1907
outer_1_inner_2,PAFREQ2_,continuous,38522,48981,73,20,53,False,False,26104,1068
outer_1_inner_2,_MINAC11,count,56663,30840,478,40,438,False,False,56651,9831
outer_1_inner_2,_MINAC21,count,56166,31337,365,29,336,False,False,56166,8615
outer_1_inner_2,STRFREQ_,continuous,78724,8779,82,15,67,False,False,72205,3309
outer_1_inner_2,PAMISS1_,categorical,75713,11790,1,1,0,False,False,0,0
outer_1_inner_2,PAMIN11_,count,56120,31383,557,41,516,False,False,56120,11220
outer_1_inner_2,PAMIN21_,count,55619,31884,414,31,383,False,False,55619,8825
outer_1_inner_2,PA1MIN_,count,57295,30208,1739,55,1684,False,False,55506,23410
outer_1_inner_2,PAVIG11_,count,57043,30460,345,20,325,False,False,57043,7028
outer_1_inner_2,PAVIG21_,count,56172,31331,269,16,253,False,False,56172,6563
outer_1_inner_2,PA1VIGM_,count,57576,29927,917,27,890,False,False,57576,11354
outer_1_inner_2,_PACAT1,categorical,76403,11100,4,4,0,True,False,0,0
outer_1_inner_2,_PAINDX1,binary,76926,10577,2,2,0,True,False,0,0
outer_1_inner_2,_PA150R2,ordinal,76926,10577,3,3,0,True,False,0,0
outer_1_inner_2,_PA300R2,ordinal,76403,11100,3,3,0,True,False,0,0
outer_1_inner_2,_PA30021,binary,76403,11100,2,2,0,True,False,0,0
outer_1_inner_2,_PASTRNG,binary,78724,8779,2,2,0,True,False,0,0
outer_1_inner_2,_PAREC1,categorical,76101,11402,4,4,0,True,False,0,0
outer_1_inner_2,_PASTAE1,binary,76101,11402,2,2,0,True,False,0,0
outer_1_inner_2,_LMTACT1,ordinal,84431,3072,3,3,0,True,False,0,0
outer_1_inner_2,_LMTWRK1,ordinal,83936,3567,3,3,0,True,False,0,0
outer_1_inner_2,_LMTSCL1,ordinal,84457,3046,4,4,0,True,False,0,0
outer_1_inner_2,_RFSEAT2,binary,78913,8590,2,2,0,True,False,0,0
outer_1_inner_2,_RFSEAT3,binary,78913,8590,2,2,0,True,False,0,0
outer_1_inner_2,_FLSHOT6,binary,27472,60031,2,2,0,True,False,0,0
outer_1_inner_2,_PNEUMO2,binary,26611,60892,2,2,0,True,False,0,0
outer_1_inner_2,_AIDTST3,binary,75980,11523,2,2,0,True,False,0,0
outer_2,_STATE,categorical,175005,0,53,47,6,True,False,27822,10166
outer_2,FMONTH,categorical,175005,0,12,12,0,True,False,0,0
outer_2,IMONTH,categorical,175005,0,12,12,0,True,False,0,0
outer_2,IDAY,categorical,175005,0,31,30,1,True,False,5802,2016
outer_2,IYEAR,categorical,175005,0,2,2,0,True,False,0,0
outer_2,CTELENUM,categorical,100530,74475,1,1,0,False,False,0,0
outer_2,PVTRESD1,binary,100530,74475,2,1,1,True,True,100530,20
outer_2,COLGHOUS,categorical,20,174985,1,1,0,False,False,0,0
outer_2,STATERES,categorical,100530,74475,1,1,0,False,False,0,0
outer_2,CELLFON3,binary,100530,74475,2,2,0,True,False,0,0
outer_2,LADULT,binary,20,174985,2,2,0,True,False,0,0
outer_2,NUMADULT,count,100517,74488,11,4,7,True,False,3634,864
outer_2,NUMMEN,count,100475,74530,11,3,8,True,False,7995,1232
outer_2,NUMWOMEN,count,100475,74530,11,3,8,True,False,9767,1394
outer_2,CADULT,binary,74474,100531,2,2,0,True,False,0,0
outer_2,PVTRESD2,binary,74475,100530,2,1,1,True,True,74475,405
outer_2,CCLGHOUS,categorical,404,174601,1,1,0,False,False,0,0
outer_2,CSTATE,binary,74476,100529,2,2,0,True,False,0,0
outer_2,LANDLINE,binary,74025,100980,2,2,0,True,False,0,0
outer_2,HHADULT,count,72211,102794,19,5,14,True,False,2300,753
outer_2,GENHLTH,ordinal,174535,470,5,5,0,True,False,0,0
outer_2,PHYSHLTH,count,171123,3882,31,13,18,True,False,21252,4164
outer_2,MENTHLTH,count,172104,2901,31,11,20,True,False,22568,4155
outer_2,POORHLTH,count,87698,87307,31,13,18,True,False,15994,2195
outer_2,HLTHPLN1,binary,174324,681,2,2,0,True,False,0,0
outer_2,PERSDOC2,categorical,174315,690,3,3,0,True,False,0,0
outer_2,MEDCOST,binary,174533,472,2,2,0,True,False,0,0
outer_2,CHECKUP1,ordinal,172641,2364,5,4,1,True,False,12295,1547
outer_2,BPHIGH4,categorical,174523,482,4,3,1,True,False,102926,1730
outer_2,BPMEDS,binary,70200,104805,2,2,0,True,False,0,0
outer_2,BLOODCHO,categorical,171266,3739,2,2,0,True,False,0,0
outer_2,CHOLCHK,ordinal,149448,25557,4,4,0,True,False,0,0
outer_2,TOLDHI2,binary,150353,24652,2,2,0,True,False,0,0
outer_2,CVDSTRK3,binary,174627,378,2,2,0,True,False,0,0
outer_2,ASTHMA3,categorical,174476,529,2,2,0,True,False,0,0
outer_2,ASTHNOW,binary,22673,152332,2,2,0,True,False,0,0
outer_2,CHCSCNCR,binary,174578,427,2,2,0,True,False,0,0
outer_2,CHCOCNCR,binary,174649,356,2,2,0,True,False,0,0
outer_2,CHCCOPD1,binary,174164,841,2,2,0,True,False,0,0
outer_2,HAVARTH3,binary,173984,1021,2,2,0,True,False,0,0
outer_2,ADDEPEV2,binary,174210,795,2,2,0,True,False,0,0
outer_2,CHCKIDNY,binary,174484,521,2,2,0,True,False,0,0
outer_2,DIABETE3,categorical,174749,256,4,3,1,True,False,23927,1420
outer_2,DIABAGE2,count,21062,153943,95,41,54,False,False,11140,3322
outer_2,SEX,binary,175005,0,2,2,0,True,False,0,0
outer_2,MARITAL,categorical,173810,1195,6,6,0,True,False,0,0
outer_2,EDUCA,ordinal,174332,673,6,6,0,True,False,0,0
outer_2,RENTHOM1,categorical,173795,1210,3,3,0,True,False,0,0
outer_2,NUMHHOL2,categorical,100125,74880,2,2,0,True,False,0,0
outer_2,NUMPHON2,count,5111,169894,6,4,2,True,False,84,33
outer_2,CPDEMO1,binary,100017,74988,2,2,0,True,False,0,0
outer_2,VETERAN3,binary,174681,324,2,2,0,True,False,0,0
outer_2,EMPLOY1,categorical,173488,1517,8,8,0,True,False,0,0
outer_2,CHILDREN,count,173533,1472,20,5,15,True,False,3884,1307
outer_2,INCOME2,ordinal,143816,31189,8,8,0,True,False,0,0
outer_2,INTERNET,binary,172757,2248,2,2,0,True,False,0,0
outer_2,PREGNANT,binary,25554,149451,2,2,0,True,False,0,0
outer_2,QLACTLM2,binary,170088,4917,2,2,0,True,False,0,0
outer_2,USEEQUIP,binary,170426,4579,2,2,0,True,False,0,0
outer_2,BLIND,binary,169881,5124,2,2,0,True,False,0,0
outer_2,DECIDE,binary,169158,5847,2,2,0,True,False,0,0
outer_2,DIFFWALK,binary,169180,5825,2,2,0,True,False,0,0
outer_2,DIFFDRES,binary,169480,5525,2,2,0,True,False,0,0
outer_2,DIFFALON,binary,168945,6060,2,2,0,True,False,0,0
outer_2,SMOKE100,categorical,168072,6933,2,2,0,True,False,0,0
outer_2,SMOKDAY2,ordinal,72619,102386,3,3,0,True,False,0,0
outer_2,STOPSMK2,categorical,24155,150850,4,2,2,True,False,10418,77
outer_2,LASTSMK2,ordinal,48081,126924,8,7,1,True,False,32382,335
outer_2,USENOW3,ordinal,168331,6674,3,3,0,True,False,0,0
outer_2,ALCDAY5,count,166415,8590,38,18,20,True,False,20924,5552
outer_2,AVEDRNK2,count,82279,92726,42,7,35,True,False,4067,1684
outer_2,DRNK3GE5,count,82371,92634,40,8,32,True,False,4739,2123
outer_2,MAXDRNKS,count,80821,94184,47,11,36,True,False,3726,1209
outer_2,FRUITJU1,count,159700,15305,95,20,75,False,False,19230,5366
outer_2,FRUIT1,count,160489,14516,109,23,86,False,False,40307,7685
outer_2,FVBEANS,count,159245,15760,94,20,74,False,False,27548,5580
outer_2,FVGREEN,count,160008,14997,100,25,75,False,False,41212,7636
outer_2,FVORANG,count,159421,15584,91,21,70,False,False,28176,4903
outer_2,VEGETAB1,count,158545,16460,115,24,91,False,False,54267,7817
outer_2,EXERANY2,binary,159901,15104,2,2,0,True,False,0,0
outer_2,EXRACT11,categorical,117017,57988,75,20,55,False,False,101223,7766
outer_2,EXEROFT1,count,115658,59347,99,22,77,False,False,40203,4067
outer_2,EXERHMM1,count,114278,60727,159,19,140,False,False,114278,4122
outer_2,EXRACT21,categorical,114975,60030,76,25,51,False,False,52787,8518
outer_2,EXEROFT2,count,77368,97637,93,21,72,False,False,14687,2255
outer_2,EXERHMM2,count,76431,98574,143,18,125,False,False,76431,3114
outer_2,STRENGTH,count,157468,17537,89,16,73,False,False,21511,6168
outer_2,LMTJOIN3,binary,53195,121810,2,2,0,True,False,0,0
outer_2,ARTHDIS2,binary,52222,122783,2,2,0,True,False,0,0
outer_2,ARTHSOCL,ordinal,53273,121732,3,3,0,True,False,0,0
outer_2,JOINPAIN,count,51643,123362,11,11,0,True,False,0,0
outer_2,SEATBELT,ordinal,157923,17082,6,4,2,True,False,8955,2182
outer_2,FLUSHOT6,categorical,157285,17720,2,2,0,True,False,0,0
outer_2,IMFVPLAC,categorical,75463,99542,11,8,3,True,False,7209,624
outer_2,PNEUVAC3,binary,143973,31032,2,2,0,True,False,0,0
outer_2,HIVTST6,categorical,151959,23046,2,2,0,True,False,0,0
outer_2,WHRTST10,categorical,44429,130576,9,8,1,True,False,681,201
outer_2,PDIABTST,binary,31196,143809,2,2,0,True,False,0,0
outer_2,PREDIAB1,categorical,32569,142436,3,3,0,True,False,0,0
outer_2,INSULIN,binary,11526,163479,2,2,0,True,False,0,0
outer_2,BLDSUGAR,ordinal,11341,163664,64,16,48,True,False,1425,613
outer_2,FEETCHK2,ordinal,11187,163818,57,13,44,True,False,1102,448
outer_2,DOCTDIAB,count,11139,163866,39,9,30,True,False,1199,273
outer_2,CHKHEMO3,ordinal,10778,164227,29,10,19,True,False,452,110
outer_2,FEETCHK,count,11096,163909,40,8,32,True,False,826,267
outer_2,EYEEXAM,categorical,11350,163655,5,5,0,True,False,0,0
outer_2,DIABEYE,binary,11387,163618,2,2,0,True,False,0,0
outer_2,DIABEDU,binary,11481,163524,2,2,0,True,False,0,0
outer_2,CAREGIV1,categorical,42967,132038,5,2,3,True,False,33370,213
outer_2,CRGVREL1,categorical,9527,165478,15,14,1,True,False,696,13
outer_2,CRGVLNG1,ordinal,9464,165541,5,5,0,True,False,0,0
outer_2,CRGVHRS1,ordinal,9015,165990,4,4,0,True,False,0,0
outer_2,CRGVPRB1,categorical,9103,165902,13,11,2,True,False,1340,71
outer_2,CRGVPERS,binary,9486,165519,2,2,0,True,False,0,0
outer_2,CRGVHOUS,binary,9482,165523,2,2,0,True,False,0,0
outer_2,CRGVMST2,categorical,9226,165779,6,6,0,True,False,0,0
outer_2,CRGVEXPT,binary,30810,144195,2,2,0,True,False,0,0
outer_2,VIDFCLT2,ordinal,1251,173754,7,4,3,True,False,38,17
outer_2,VIREDIF3,ordinal,1241,173764,6,5,1,True,False,21,5
outer_2,VIPRFVS2,categorical,1237,173768,5,4,1,True,False,212,18
outer_2,VINOCRE2,categorical,412,174593,8,5,3,True,False,210,9
outer_2,VIEYEXM2,categorical,964,174041,6,5,1,True,False,68,1
outer_2,VIINSUR2,categorical,1206,173799,3,2,1,True,False,522,1
outer_2,VICTRCT4,categorical,1239,173766,3,3,0,True,False,0,0
outer_2,VIGLUMA2,binary,1234,173771,2,2,0,True,False,0,0
outer_2,VIMACDG2,binary,1228,173777,2,2,0,True,False,0,0
outer_2,CIMEMLOS,categorical,45725,129280,3,2,1,True,False,40967,66
outer_2,CDHOUSE,ordinal,4955,170050,5,5,0,True,False,0,0
outer_2,CDASSIST,ordinal,5072,169933,7,5,2,True,False,2720,59
outer_2,CDHELP,ordinal,1567,173438,5,5,0,True,False,0,0
outer_2,CDSOCIAL,ordinal,4970,170035,5,5,0,True,False,0,0
outer_2,CDDISCUS,binary,5002,170003,2,2,0,True,False,0,0
outer_2,WTCHSALT,categorical,16284,158721,4,2,2,True,False,6289,89
outer_2,LONGWTCH,count,9410,165595,118,27,91,False,False,4292,724
outer_2,DRADVISE,binary,16170,158835,2,2,0,True,False,0,0
outer_2,ASTHMAGE,count,374,174631,63,33,30,True,False,151,44
outer_2,ASATTACK,categorical,266,174739,3,2,1,True,False,144,3
outer_2,ASERVIST,count,118,174887,7,5,2,True,False,7,2
outer_2,ASDRVIST,count,118,174887,9,7,2,True,False,4,2
outer_2,ASRCHKUP,count,256,174749,14,9,5,True,False,14,7
outer_2,ASACTLIM,ordinal,250,174755,20,14,6,True,False,22,7
outer_2,ASYMPTOM,ordinal,258,174747,6,6,0,True,False,0,0
outer_2,ASNOSLEP,ordinal,171,174834,6,6,0,True,False,0,0
outer_2,ASTHMED3,count,255,174750,4,4,0,True,False,0,0
outer_2,ASINHALR,ordinal,260,174745,7,6,1,True,False,9,1
outer_2,HAREHAB1,binary,405,174600,2,2,0,True,False,0,0
outer_2,STREHAB1,binary,262,174743,2,2,0,True,False,0,0
outer_2,CVDASPRN,binary,7521,167484,2,2,0,True,False,0,0
outer_2,ASPUNSAF,categorical,5329,169676,5,3,2,True,False,4749,61
outer_2,RLIVPAIN,binary,2194,172811,2,2,0,True,False,0,0
outer_2,RDUCHART,binary,2138,172867,2,2,0,True,False,0,0
outer_2,RDUCSTRK,binary,2035,172970,2,2,0,True,False,0,0
outer_2,ARTTODAY,categorical,7728,167277,4,4,0,True,False,0,0
outer_2,ARTHWGT,binary,7726,167279,2,2,0,True,False,0,0
outer_2,ARTHEXER,binary,7687,167318,2,2,0,True,False,0,0
outer_2,ARTHEDU,binary,7731,167274,2,2,0,True,False,0,0
outer_2,TETANUS,categorical,10497,164508,3,3,0,True,False,0,0
outer_2,HPVADVC2,categorical,3916,171089,3,2,1,True,False,3335,4
outer_2,HPVADSHT,count,494,174511,3,3,0,True,False,0,0
outer_2,SHINGLE2,binary,10933,164072,2,2,0,True,False,0,0
outer_2,HADMAM,categorical,9092,165913,4,2,2,True,False,1677,19
outer_2,HOWLONG,ordinal,7355,167650,5,5,0,True,False,0,0
outer_2,HADPAP2,categorical,9089,165916,4,2,2,True,False,589,54
outer_2,LASTPAP2,ordinal,8295,166710,5,5,0,True,False,0,0
outer_2,HPVTEST,count,6504,168501,2,2,0,True,False,0,0
outer_2,HPLSTTST,ordinal,2630,172375,5,5,0,True,False,0,0
outer_2,HADHYST2,binary,8956,166049,2,2,0,True,False,0,0
outer_2,PROFEXAM,categorical,2239,172766,4,2,2,True,False,290,6
outer_2,LENGEXAM,ordinal,1933,173072,5,5,0,True,False,0,0
outer_2,BLDSTOOL,categorical,21589,153416,4,2,2,True,False,13766,205
outer_2,LSTBLDS3,ordinal,7596,167409,5,5,0,True,False,0,0
outer_2,HADSIGM3,categorical,21574,153431,4,2,2,True,False,5963,104
outer_2,HADSGCO1,binary,15287,159718,2,2,0,True,False,0,0
outer_2,LASTSIG3,ordinal,15381,159624,6,6,0,True,False,0,0
outer_2,PCPSAAD2,binary,2432,172573,2,2,0,True,False,0,0
outer_2,PCPSADI1,binary,2417,172588,2,2,0,True,False,0,0
outer_2,PCPSARE1,binary,2440,172565,2,2,0,True,False,0,0
outer_2,PSATEST1,categorical,2531,172474,4,3,1,True,False,105,12
outer_2,PSATIME,ordinal,1354,173651,5,5,0,True,False,0,0
outer_2,PCPSARS1,categorical,1373,173632,5,5,0,True,False,0,0
outer_2,PCPSADE1,categorical,307,174698,4,4,0,True,False,0,0
outer_2,PCDMDECN,categorical,94,174911,6,6,0,True,False,0,0
outer_2,SCNTMNY1,ordinal,27384,147621,6,5,1,True,False,15378,394
outer_2,SCNTMEL1,ordinal,28894,146111,6,5,1,True,False,19404,29
outer_2,SCNTPAID,categorical,13647,161358,4,4,0,True,False,0,0
outer_2,SCNTWRK1,count,13810,161195,89,26,63,False,False,13660,1403
outer_2,SCNTLPAD,categorical,9791,165214,4,4,0,True,False,0,0
outer_2,SCNTLWK1,count,13994,161011,86,24,62,False,False,12752,996
outer_2,SXORIENT,categorical,64279,110726,4,3,1,True,False,1119,224
outer_2,TRNSGNDR,categorical,65111,109894,4,2,2,True,False,303,156
outer_2,RCSGENDR,binary,22572,152433,2,2,0,True,False,0,0
outer_2,RCSRLTN2,categorical,22711,152294,6,5,1,True,False,846,350
outer_2,CASTHDX2,categorical,19709,155296,2,2,0,True,False,0,0
outer_2,CASTHNO2,binary,2493,172512,2,2,0,True,False,0,0
outer_2,EMTSUPRT,ordinal,7817,167188,5,5,0,True,False,0,0
outer_2,LSATISFY,ordinal,7853,167152,4,3,1,True,False,427,103
outer_2,ADPLEASR,count,7786,167219,15,9,6,True,False,656,161
outer_2,ADDOWN,count,7959,167046,15,9,6,True,False,512,109
outer_2,ADSLEEP,count,7929,167076,15,11,4,True,False,588,115
outer_2,ADENERGY,count,7890,167115,15,11,4,True,False,706,183
outer_2,ADEAT1,count,7907,167098,15,10,5,True,False,691,135
outer_2,ADFAIL,count,7956,167049,15,9,6,True,False,316,139
outer_2,ADTHINK,count,7961,167044,15,8,7,True,False,473,163
outer_2,ADMOVE,count,7870,167135,15,6,9,True,False,7633,310
outer_2,MISTMNT,binary,7991,167014,2,2,0,True,False,0,0
outer_2,ADANXEV,binary,7973,167032,2,2,0,True,False,0,0
outer_2,_RFHLTH,binary,174535,470,2,2,0,True,False,0,0
outer_2,_HCVU651,binary,112170,62835,2,2,0,True,False,0,0
outer_2,_RFHYPE5,binary,174523,482,2,2,0,True,False,0,0
outer_2,_CHOLCHK,categorical,168981,6024,3,3,0,True,False,0,0
outer_2,_RFCHOL,binary,150353,24652,2,2,0,True,False,0,0
outer_2,_LTASTH1,binary,174476,529,2,2,0,True,False,0,0
outer_2,_CASTHM1,binary,173767,1238,2,2,0,True,False,0,0
outer_2,_ASTHMS1,categorical,173767,1238,3,3,0,True,False,0,0
outer_2,_DRDXAR1,binary,173984,1021,2,2,0,True,False,0,0
outer_2,_PRACE1,categorical,171550,3455,8,5,3,True,False,9365,1604
outer_2,_MRACE1,categorical,171550,3455,7,6,1,True,False,4652,670
outer_2,_HISPANC,binary,173398,1607,2,2,0,True,False,0,0
outer_2,_RACE,categorical,172106,2899,8,6,2,True,False,5141,1299
outer_2,_RACEG21,binary,172106,2899,2,2,0,True,False,0,0
outer_2,_RACEGR3,categorical,172106,2899,5,5,0,True,False,0,0
outer_2,_RACE_G1,categorical,172106,2899,5,5,0,True,False,0,0
outer_2,_AGE65YR,binary,172883,2122,2,2,0,True,False,0,0
outer_2,_AGE80,continuous,175005,0,63,52,11,True,False,38105,18217
outer_2,_AGE_G,ordinal,175005,0,6,6,0,True,False,0,0
outer_2,HTM4,continuous,168893,6112,93,18,75,False,False,168893,3667
outer_2,WTKG3,continuous,162830,12175,497,45,452,False,False,157586,38847
outer_2,_BMI5,continuous,160607,14398,3102,64,3038,False,False,160607,118858
outer_2,_BMI5CAT,categorical,160607,14398,4,4,0,True,False,0,0
outer_2,_RFBMI5,binary,160607,14398,2,2,0,True,False,0,0
outer_2,_CHLDCNT,count,173533,1472,6,5,1,True,False,3884,1307
outer_2,_EDUCAG,ordinal,174332,673,4,4,0,True,False,0,0
outer_2,_INCOMG,ordinal,143816,31189,5,5,0,True,False,0,0
outer_2,_SMOKER3,categorical,167890,7115,4,4,0,True,False,0,0
outer_2,_RFSMOK3,binary,167890,7115,2,2,0,True,False,0,0
outer_2,DRNKANY5,binary,166415,8590,2,2,0,True,False,0,0
outer_2,DROCDY3_,continuous,166415,8590,35,17,18,True,False,34477,5481
outer_2,_RFBING5,binary,164895,10110,2,2,0,True,False,0,0
outer_2,_DRNKWEK,count,164803,10202,216,24,192,False,False,45383,14630
outer_2,_RFDRHV5,binary,164803,10202,2,2,0,True,False,0,0
outer_2,FTJUDA1_,count,159700,15305,87,17,70,False,False,133195,8995
outer_2,FRUTDA1_,count,160489,14516,99,22,77,False,False,139115,6065
outer_2,BEANDAY_,count,159245,15760,84,18,66,False,False,66262,7095
outer_2,GRENDAY_,count,160008,14997,89,22,67,False,False,97625,8400
outer_2,ORNGDAY_,count,159421,15584,83,18,65,False,False,90876,5926
outer_2,VEGEDA1_,count,158545,16460,103,20,83,False,False,140757,9561
outer_2,_MISFRTN,count,175005,0,3,3,0,True,False,0,0
outer_2,_MISVEGN,count,175005,0,5,4,1,True,False,6077,1338
outer_2,_FRTRESP,categorical,175005,0,2,2,0,True,False,0,0
outer_2,_VEGRESP,categorical,175005,0,2,2,0,True,False,0,0
outer_2,_FRUTSUM,continuous,157716,17289,435,41,394,False,False,155056,37689
outer_2,_VEGESUM,continuous,154873,20132,904,64,840,False,False,148212,85680
outer_2,_FRTLT1,binary,157716,17289,2,2,0,True,False,0,0
outer_2,_VEGLT1,binary,154873,20132,2,2,0,True,False,0,0
outer_2,_FRT16,binary,175005,0,2,2,0,True,False,0,0
outer_2,_VEG23,binary,175005,0,2,2,0,True,False,0,0
outer_2,_FRUITEX,categorical,157716,17289,2,1,1,True,True,157716,34
outer_2,_VEGETEX,categorical,154873,20132,2,1,1,True,True,154873,15
outer_2,_TOTINDA,binary,159901,15104,2,2,0,True,False,0,0
outer_2,METVL11_,continuous,117017,57988,29,12,17,True,False,39771,5161
outer_2,METVL21_,continuous,114975,60030,29,16,13,True,False,75395,3843
outer_2,MAXVO2_,continuous,175005,0,163,64,99,False,False,145428,77730
outer_2,FC60_,continuous,175005,0,156,64,92,False,False,145428,74504
outer_2,ACTIN11_,categorical,115737,59268,3,3,0,True,False,0,0
outer_2,ACTIN21_,categorical,113733,61272,3,3,0,True,False,0,0
outer_2,PADUR1_,count,114278,60727,159,19,140,False,False,114278,4122
outer_2,PADUR2_,count,76431,98574,143,18,125,False,False,76431,3114
outer_2,PAFREQ1_,continuous,115658,59347,96,21,75,False,False,91853,3852
outer_2,PAFREQ2_,continuous,77368,97637,90,20,70,False,False,51282,1945
outer_2,_MINAC11,count,113576,61429,601,38,563,False,False,113576,20024
outer_2,_MINAC21,count,112628,62377,486,29,457,False,False,112628,18101
outer_2,STRFREQ_,continuous,157468,17537,86,15,71,False,False,49509,7558
outer_2,PAMISS1_,categorical,151337,23668,1,1,0,False,False,0,0
outer_2,PAMIN11_,count,112367,62638,698,40,658,False,False,112367,22147
outer_2,PAMIN21_,count,111437,63568,546,31,515,False,False,111437,18008
outer_2,PA1MIN_,count,114781,60224,2211,55,2156,False,False,114781,46803
outer_2,PAVIG11_,count,114278,60727,439,20,419,False,False,114278,13962
outer_2,PAVIG21_,count,112538,62467,349,17,332,False,False,112538,12955
outer_2,PA1VIGM_,count,115378,59627,1157,27,1130,False,False,115378,22686
outer_2,_PACAT1,categorical,152727,22278,4,4,0,True,False,0,0
outer_2,_PAINDX1,binary,153760,21245,2,2,0,True,False,0,0
outer_2,_PA150R2,ordinal,153760,21245,3,3,0,True,False,0,0
outer_2,_PA300R2,ordinal,152727,22278,3,3,0,True,False,0,0
outer_2,_PA30021,binary,152727,22278,2,2,0,True,False,0,0
outer_2,_PASTRNG,binary,157468,17537,2,2,0,True,False,0,0
outer_2,_PAREC1,categorical,152073,22932,4,4,0,True,False,0,0
outer_2,_PASTAE1,binary,152073,22932,2,2,0,True,False,0,0
outer_2,_LMTACT1,ordinal,168859,6146,3,3,0,True,False,0,0
outer_2,_LMTWRK1,ordinal,167886,7119,3,3,0,True,False,0,0
outer_2,_LMTSCL1,ordinal,168937,6068,4,4,0,True,False,0,0
outer_2,_RFSEAT2,binary,157923,17082,2,2,0,True,False,0,0
outer_2,_RFSEAT3,binary,157923,17082,2,2,0,True,False,0,0
outer_2,_FLSHOT6,binary,54826,120179,2,2,0,True,False,0,0
outer_2,_PNEUMO2,binary,53098,121907,2,2,0,True,False,0,0
outer_2,_AIDTST3,binary,151959,23046,2,2,0,True,False,0,0
outer_2_inner_1,_STATE,categorical,87502,0,53,47,6,True,False,12614,5058
outer_2_inner_1,FMONTH,categorical,87502,0,12,12,0,True,False,0,0
outer_2_inner_1,IMONTH,categorical,87502,0,12,12,0,True,False,0,0
outer_2_inner_1,IDAY,categorical,87502,0,31,30,1,True,False,2878,1009
outer_2_inner_1,IYEAR,categorical,87502,0,2,2,0,True,False,0,0
outer_2_inner_1,CTELENUM,categorical,50391,37111,1,1,0,False,False,0,0
outer_2_inner_1,PVTRESD1,binary,50391,37111,2,1,1,True,True,50391,10
outer_2_inner_1,COLGHOUS,categorical,10,87492,1,1,0,False,False,0,0
outer_2_inner_1,STATERES,categorical,50391,37111,1,1,0,False,False,0,0
outer_2_inner_1,CELLFON3,binary,50391,37111,2,2,0,True,False,0,0
outer_2_inner_1,LADULT,binary,10,87492,2,2,0,True,False,0,0
outer_2_inner_1,NUMADULT,count,50383,37119,11,4,7,True,False,1780,405
outer_2_inner_1,NUMMEN,count,50370,37132,10,3,7,True,False,3937,621
outer_2_inner_1,NUMWOMEN,count,50370,37132,8,3,5,True,False,4806,670
outer_2_inner_1,CADULT,binary,37111,50391,2,2,0,True,False,0,0
outer_2_inner_1,PVTRESD2,binary,37111,50391,2,1,1,True,True,37111,194
outer_2_inner_1,CCLGHOUS,categorical,194,87308,1,1,0,False,False,0,0
outer_2_inner_1,CSTATE,binary,37112,50390,2,2,0,True,False,0,0
outer_2_inner_1,LANDLINE,binary,36893,50609,2,2,0,True,False,0,0
outer_2_inner_1,HHADULT,count,35967,51535,17,5,12,True,False,1149,376
outer_2_inner_1,GENHLTH,ordinal,87261,241,5,5,0,True,False,0,0
outer_2_inner_1,PHYSHLTH,count,85566,1936,31,13,18,True,False,10613,2092
outer_2_inner_1,MENTHLTH,count,86058,1444,31,11,20,True,False,11232,2048
outer_2_inner_1,POORHLTH,count,43849,43653,31,14,17,True,False,8014,1073
outer_2_inner_1,HLTHPLN1,binary,87156,346,2,2,0,True,False,0,0
outer_2_inner_1,PERSDOC2,categorical,87166,336,3,3,0,True,False,0,0
outer_2_inner_1,MEDCOST,binary,87273,229,2,2,0,True,False,0,0
outer_2_inner_1,CHECKUP1,ordinal,86279,1223,5,4,1,True,False,6130,800
outer_2_inner_1,BPHIGH4,categorical,87266,236,4,3,1,True,False,51419,882
outer_2_inner_1,BPMEDS,binary,35182,52320,2,2,0,True,False,0,0
outer_2_inner_1,BLOODCHO,categorical,85599,1903,2,2,0,True,False,0,0
outer_2_inner_1,CHOLCHK,ordinal,74737,12765,4,4,0,True,False,0,0
outer_2_inner_1,TOLDHI2,binary,75250,12252,2,2,0,True,False,0,0
outer_2_inner_1,CVDSTRK3,binary,87329,173,2,2,0,True,False,0,0
outer_2_inner_1,ASTHMA3,categorical,87225,277,2,2,0,True,False,0,0
outer_2_inner_1,ASTHNOW,binary,11342,76160,2,2,0,True,False,0,0
outer_2_inner_1,CHCSCNCR,binary,87301,201,2,2,0,True,False,0,0
outer_2_inner_1,CHCOCNCR,binary,87325,177,2,2,0,True,False,0,0
outer_2_inner_1,CHCCOPD1,binary,87075,427,2,2,0,True,False,0,0
outer_2_inner_1,HAVARTH3,binary,86976,526,2,2,0,True,False,0,0
outer_2_inner_1,ADDEPEV2,binary,87096,406,2,2,0,True,False,0,0
outer_2_inner_1,CHCKIDNY,binary,87259,243,2,2,0,True,False,0,0
outer_2_inner_1,DIABETE3,categorical,87389,113,4,3,1,True,False,12077,731
outer_2_inner_1,DIABAGE2,count,10614,76888,92,41,51,False,False,4407,1712
outer_2_inner_1,SEX,binary,87502,0,2,2,0,True,False,0,0
outer_2_inner_1,MARITAL,categorical,86911,591,6,6,0,True,False,0,0
outer_2_inner_1,EDUCA,ordinal,87162,340,6,6,0,True,False,0,0
outer_2_inner_1,RENTHOM1,categorical,86866,636,3,3,0,True,False,0,0
outer_2_inner_1,NUMHHOL2,categorical,50179,37323,2,2,0,True,False,0,0
outer_2_inner_1,NUMPHON2,count,2624,84878,6,4,2,True,False,42,17
outer_2_inner_1,CPDEMO1,binary,50116,37386,2,2,0,True,False,0,0
outer_2_inner_1,VETERAN3,binary,87325,177,2,2,0,True,False,0,0
outer_2_inner_1,EMPLOY1,categorical,86720,782,8,8,0,True,False,0,0
outer_2_inner_1,CHILDREN,count,86776,726,17,5,12,True,False,1973,648
outer_2_inner_1,INCOME2,ordinal,71842,15660,8,8,0,True,False,0,0
outer_2_inner_1,INTERNET,binary,86353,1149,2,2,0,True,False,0,0
outer_2_inner_1,PREGNANT,binary,12713,74789,2,2,0,True,False,0,0
outer_2_inner_1,QLACTLM2,binary,85055,2447,2,2,0,True,False,0,0
outer_2_inner_1,USEEQUIP,binary,85185,2317,2,2,0,True,False,0,0
outer_2_inner_1,BLIND,binary,84913,2589,2,2,0,True,False,0,0
outer_2_inner_1,DECIDE,binary,84553,2949,2,2,0,True,False,0,0
outer_2_inner_1,DIFFWALK,binary,84565,2937,2,2,0,True,False,0,0
outer_2_inner_1,DIFFDRES,binary,84715,2787,2,2,0,True,False,0,0
outer_2_inner_1,DIFFALON,binary,84445,3057,2,2,0,True,False,0,0
outer_2_inner_1,SMOKE100,categorical,84021,3481,2,2,0,True,False,0,0
outer_2_inner_1,SMOKDAY2,ordinal,36221,51281,3,3,0,True,False,0,0
outer_2_inner_1,STOPSMK2,categorical,12091,75411,4,2,2,True,False,5206,37
outer_2_inner_1,LASTSMK2,ordinal,23941,63561,8,7,1,True,False,16047,142
outer_2_inner_1,USENOW3,ordinal,84105,3397,3,3,0,True,False,0,0
outer_2_inner_1,ALCDAY5,count,83120,4382,38,18,20,True,False,10407,2724
outer_2_inner_1,AVEDRNK2,count,40788,46714,35,7,28,True,False,2020,867
outer_2_inner_1,DRNK3GE5,count,40803,46699,36,8,28,True,False,2315,1064
outer_2_inner_1,MAXDRNKS,count,40030,47472,40,11,29,True,False,1865,576
outer_2_inner_1,FRUITJU1,count,79809,7693,85,20,65,False,False,9715,2706
outer_2_inner_1,FRUIT1,count,80239,7263,102,24,78,False,False,17596,3816
outer_2_inner_1,FVBEANS,count,79606,7896,80,20,60,False,False,13755,3135
outer_2_inner_1,FVGREEN,count,79972,7530,89,26,63,False,False,20685,3698
outer_2_inner_1,FVORANG,count,79707,7795,80,21,59,False,False,15409,2511
outer_2_inner_1,VEGETAB1,count,79240,8262,103,24,79,False,False,28547,3929
outer_2_inner_1,EXERANY2,binary,79960,7542,2,2,0,True,False,0,0
outer_2_inner_1,EXRACT11,categorical,58508,28994,75,20,55,False,False,50689,3853
outer_2_inner_1,EXEROFT1,count,57852,29650,89,22,67,False,False,20072,2052
outer_2_inner_1,EXERHMM1,count,57121,30381,135,18,117,False,False,57121,2134
outer_2_inner_1,EXRACT21,categorical,57502,30000,76,24,52,False,False,28240,4598
outer_2_inner_1,EXEROFT2,count,38719,48783,86,21,65,False,False,7369,1113
outer_2_inner_1,EXERHMM2,count,38225,49277,117,19,98,False,False,38225,1425
outer_2_inner_1,STRENGTH,count,78772,8730,73,16,57,False,False,10816,3083
outer_2_inner_1,LMTJOIN3,binary,26676,60826,2,2,0,True,False,0,0
outer_2_inner_1,ARTHDIS2,binary,26208,61294,2,2,0,True,False,0,0
outer_2_inner_1,ARTHSOCL,ordinal,26735,60767,3,3,0,True,False,0,0
outer_2_inner_1,JOINPAIN,count,25916,61586,11,11,0,True,False,0,0
outer_2_inner_1,SEATBELT,ordinal,78959,8543,6,4,2,True,False,4519,1097
outer_2_inner_1,FLUSHOT6,categorical,78637,8865,2,2,0,True,False,0,0
outer_2_inner_1,IMFVPLAC,categorical,37733,49769,11,8,3,True,False,3598,306
outer_2_inner_1,PNEUVAC3,binary,71972,15530,2,2,0,True,False,0,0
outer_2_inner_1,HIVTST6,categorical,75963,11539,2,2,0,True,False,0,0
outer_2_inner_1,WHRTST10,categorical,22062,65440,9,8,1,True,False,348,91
outer_2_inner_1,PDIABTST,binary,15585,71917,2,2,0,True,False,0,0
outer_2_inner_1,PREDIAB1,categorical,16287,71215,3,3,0,True,False,0,0
outer_2_inner_1,INSULIN,binary,5799,81703,2,2,0,True,False,0,0
outer_2_inner_1,BLDSUGAR,ordinal,5714,81788,60,17,43,True,False,938,314
outer_2_inner_1,FEETCHK2,ordinal,5635,81867,46,13,33,True,False,477,216
outer_2_inner_1,DOCTDIAB,count,5591,81911,33,9,24,True,False,603,144
outer_2_inner_1,CHKHEMO3,ordinal,5429,82073,28,10,18,True,False,234,53
outer_2_inner_1,FEETCHK,count,5583,81919,33,9,24,True,False,264,119
outer_2_inner_1,EYEEXAM,categorical,5711,81791,5,5,0,True,False,0,0
outer_2_inner_1,DIABEYE,binary,5730,81772,2,2,0,True,False,0,0
outer_2_inner_1,DIABEDU,binary,5777,81725,2,2,0,True,False,0,0
outer_2_inner_1,CAREGIV1,categorical,21614,65888,5,2,3,True,False,16821,110
outer_2_inner_1,CRGVREL1,categorical,4752,82750,15,13,2,True,False,452,50
outer_2_inner_1,CRGVLNG1,ordinal,4740,82762,5,5,0,True,False,0,0
outer_2_inner_1,CRGVHRS1,ordinal,4495,83007,4,4,0,True,False,0,0
outer_2_inner_1,CRGVPRB1,categorical,4529,82973,13,10,3,True,False,763,48
outer_2_inner_1,CRGVPERS,binary,4740,82762,2,2,0,True,False,0,0
outer_2_inner_1,CRGVHOUS,binary,4740,82762,2,2,0,True,False,0,0
outer_2_inner_1,CRGVMST2,categorical,4616,82886,6,6,0,True,False,0,0
outer_2_inner_1,CRGVEXPT,binary,15512,71990,2,2,0,True,False,0,0
outer_2_inner_1,VIDFCLT2,ordinal,617,86885,6,5,1,True,False,13,3
outer_2_inner_1,VIREDIF3,ordinal,613,86889,6,4,2,True,False,49,9
outer_2_inner_1,VIPRFVS2,categorical,613,86889,5,4,1,True,False,107,9
outer_2_inner_1,VINOCRE2,categorical,208,87294,8,5,3,True,False,97,3
outer_2_inner_1,VIEYEXM2,categorical,483,87019,5,5,0,True,False,0,0
outer_2_inner_1,VIINSUR2,categorical,594,86908,3,2,1,True,False,259,1
outer_2_inner_1,VICTRCT4,categorical,609,86893,3,3,0,True,False,0,0
outer_2_inner_1,VIGLUMA2,binary,606,86896,2,2,0,True,False,0,0
outer_2_inner_1,VIMACDG2,binary,606,86896,2,2,0,True,False,0,0
outer_2_inner_1,CIMEMLOS,categorical,22877,64625,3,2,1,True,False,20458,30
outer_2_inner_1,CDHOUSE,ordinal,2520,84982,5,5,0,True,False,0,0
outer_2_inner_1,CDASSIST,ordinal,2589,84913,7,5,2,True,False,1370,35
outer_2_inner_1,CDHELP,ordinal,812,86690,5,5,0,True,False,0,0
outer_2_inner_1,CDSOCIAL,ordinal,2544,84958,5,5,0,True,False,0,0
outer_2_inner_1,CDDISCUS,binary,2556,84946,2,2,0,True,False,0,0
outer_2_inner_1,WTCHSALT,categorical,8133,79369,4,2,2,True,False,3184,37
outer_2_inner_1,LONGWTCH,count,4646,82856,105,25,80,False,False,2080,470
outer_2_inner_1,DRADVISE,binary,8083,79419,2,2,0,True,False,0,0
outer_2_inner_1,ASTHMAGE,count,199,87303,55,34,21,True,False,74,24
outer_2_inner_1,ASATTACK,categorical,143,87359,3,2,1,True,False,78,1
outer_2_inner_1,ASERVIST,count,62,87440,7,7,0,True,False,0,0
outer_2_inner_1,ASDRVIST,count,61,87441,9,9,0,True,False,0,0
outer_2_inner_1,ASRCHKUP,count,136,87366,12,9,3,True,False,8,3
outer_2_inner_1,ASACTLIM,ordinal,133,87369,18,12,6,True,False,19,6
outer_2_inner_1,ASYMPTOM,ordinal,140,87362,6,6,0,True,False,0,0
outer_2_inner_1,ASNOSLEP,ordinal,88,87414,6,6,0,True,False,0,0
outer_2_inner_1,ASTHMED3,count,137,87365,4,4,0,True,False,0,0
outer_2_inner_1,ASINHALR,ordinal,141,87361,7,6,1,True,False,5,1
outer_2_inner_1,HAREHAB1,binary,196,87306,2,2,0,True,False,0,0
outer_2_inner_1,STREHAB1,binary,135,87367,2,2,0,True,False,0,0
outer_2_inner_1,CVDASPRN,binary,3718,83784,2,2,0,True,False,0,0
outer_2_inner_1,ASPUNSAF,categorical,2621,84881,5,3,2,True,False,2340,26
outer_2_inner_1,RLIVPAIN,binary,1102,86400,2,2,0,True,False,0,0
outer_2_inner_1,RDUCHART,binary,1077,86425,2,2,0,True,False,0,0
outer_2_inner_1,RDUCSTRK,binary,1029,86473,2,2,0,True,False,0,0
outer_2_inner_1,ARTTODAY,categorical,3884,83618,4,4,0,True,False,0,0
outer_2_inner_1,ARTHWGT,binary,3882,83620,2,2,0,True,False,0,0
outer_2_inner_1,ARTHEXER,binary,3865,83637,2,2,0,True,False,0,0
outer_2_inner_1,ARTHEDU,binary,3882,83620,2,2,0,True,False,0,0
outer_2_inner_1,TETANUS,categorical,5202,82300,3,3,0,True,False,0,0
outer_2_inner_1,HPVADVC2,categorical,1979,85523,3,2,1,True,False,1675,2
outer_2_inner_1,HPVADSHT,count,261,87241,3,3,0,True,False,0,0
outer_2_inner_1,SHINGLE2,binary,5481,82021,2,2,0,True,False,0,0
outer_2_inner_1,HADMAM,categorical,4503,82999,4,2,2,True,False,818,9
outer_2_inner_1,HOWLONG,ordinal,3651,83851,5,5,0,True,False,0,0
outer_2_inner_1,HADPAP2,categorical,4501,83001,4,2,2,True,False,286,24
outer_2_inner_1,LASTPAP2,ordinal,4118,83384,5,5,0,True,False,0,0
outer_2_inner_1,HPVTEST,count,3266,84236,2,2,0,True,False,0,0
outer_2_inner_1,HPLSTTST,ordinal,1332,86170,5,5,0,True,False,0,0
outer_2_inner_1,HADHYST2,binary,4430,83072,2,2,0,True,False,0,0
outer_2_inner_1,PROFEXAM,categorical,1110,86392,4,2,2,True,False,151,3
outer_2_inner_1,LENGEXAM,ordinal,951,86551,5,5,0,True,False,0,0
outer_2_inner_1,BLDSTOOL,categorical,10738,76764,4,2,2,True,False,6809,97
outer_2_inner_1,LSTBLDS3,ordinal,3811,83691,5,5,0,True,False,0,0
outer_2_inner_1,HADSIGM3,categorical,10731,76771,4,2,2,True,False,2953,45
outer_2_inner_1,HADSGCO1,binary,7616,79886,2,2,0,True,False,0,0
outer_2_inner_1,LASTSIG3,ordinal,7654,79848,6,6,0,True,False,0,0
outer_2_inner_1,PCPSAAD2,binary,1229,86273,2,2,0,True,False,0,0
outer_2_inner_1,PCPSADI1,binary,1218,86284,2,2,0,True,False,0,0
outer_2_inner_1,PCPSARE1,binary,1230,86272,2,2,0,True,False,0,0
outer_2_inner_1,PSATEST1,categorical,1280,86222,4,3,1,True,False,57,7
outer_2_inner_1,PSATIME,ordinal,688,86814,5,5,0,True,False,0,0
outer_2_inner_1,PCPSARS1,categorical,698,86804,5,5,0,True,False,0,0
outer_2_inner_1,PCPSADE1,categorical,158,87344,4,4,0,True,False,0,0
outer_2_inner_1,PCDMDECN,categorical,48,87454,3,3,0,True,False,0,0
outer_2_inner_1,SCNTMNY1,ordinal,13729,73773,6,5,1,True,False,7732,206
outer_2_inner_1,SCNTMEL1,ordinal,14465,73037,6,5,1,True,False,9715,12
outer_2_inner_1,SCNTPAID,categorical,6838,80664,4,4,0,True,False,0,0
outer_2_inner_1,SCNTWRK1,count,6927,80575,83,26,57,False,False,6840,654
outer_2_inner_1,SCNTLPAD,categorical,4883,82619,4,4,0,True,False,0,0
outer_2_inner_1,SCNTLWK1,count,6967,80535,80,23,57,False,False,3421,520
outer_2_inner_1,SXORIENT,categorical,32216,55286,4,3,1,True,False,568,110
outer_2_inner_1,TRNSGNDR,categorical,32667,54835,4,2,2,True,False,146,76
outer_2_inner_1,RCSGENDR,binary,11285,76217,2,2,0,True,False,0,0
outer_2_inner_1,RCSRLTN2,categorical,11354,76148,6,5,1,True,False,407,166
outer_2_inner_1,CASTHDX2,categorical,9879,77623,2,2,0,True,False,0,0
outer_2_inner_1,CASTHNO2,binary,1265,86237,2,2,0,True,False,0,0
outer_2_inner_1,EMTSUPRT,ordinal,3932,83570,5,5,0,True,False,0,0
outer_2_inner_1,LSATISFY,ordinal,3949,83553,4,3,1,True,False,216,56
outer_2_inner_1,ADPLEASR,count,3867,83635,15,11,4,True,False,120,33
outer_2_inner_1,ADDOWN,count,3955,83547,15,10,5,True,False,171,37
outer_2_inner_1,ADSLEEP,count,3934,83568,15,12,3,True,False,169,26
outer_2_inner_1,ADENERGY,count,3913,83589,15,12,3,True,False,238,23
outer_2_inner_1,ADEAT1,count,3926,83576,15,10,5,True,False,291,71
outer_2_inner_1,ADFAIL,count,3944,83558,14,8,6,True,False,254,80
outer_2_inner_1,ADTHINK,count,3950,83552,14,8,6,True,False,224,79
outer_2_inner_1,ADMOVE,count,3910,83592,15,7,8,True,False,245,86
outer_2_inner_1,MISTMNT,binary,3965,83537,2,2,0,True,False,0,0
outer_2_inner_1,ADANXEV,binary,3960,83542,2,2,0,True,False,0,0
outer_2_inner_1,_RFHLTH,binary,87261,241,2,2,0,True,False,0,0
outer_2_inner_1,_HCVU651,binary,56017,31485,2,2,0,True,False,0,0
outer_2_inner_1,_RFHYPE5,binary,87266,236,2,2,0,True,False,0,0
outer_2_inner_1,_CHOLCHK,categorical,84430,3072,3,3,0,True,False,0,0
outer_2_inner_1,_RFCHOL,binary,75250,12252,2,2,0,True,False,0,0
outer_2_inner_1,_LTASTH1,binary,87225,277,2,2,0,True,False,0,0
outer_2_inner_1,_CASTHM1,binary,86886,616,2,2,0,True,False,0,0
outer_2_inner_1,_ASTHMS1,categorical,86886,616,3,3,0,True,False,0,0
outer_2_inner_1,_DRDXAR1,binary,86976,526,2,2,0,True,False,0,0
outer_2_inner_1,_PRACE1,categorical,85751,1751,8,5,3,True,False,4674,786
outer_2_inner_1,_MRACE1,categorical,85751,1751,7,6,1,True,False,2317,320
outer_2_inner_1,_HISPANC,binary,86713,789,2,2,0,True,False,0,0
outer_2_inner_1,_RACE,categorical,86040,1462,8,7,1,True,False,641,252
outer_2_inner_1,_RACEG21,binary,86040,1462,2,2,0,True,False,0,0
outer_2_inner_1,_RACEGR3,categorical,86040,1462,5,5,0,True,False,0,0
outer_2_inner_1,_RACE_G1,categorical,86040,1462,5,5,0,True,False,0,0
outer_2_inner_1,_AGE65YR,binary,86434,1068,2,2,0,True,False,0,0
outer_2_inner_1,_AGE80,continuous,87502,0,63,52,11,True,False,19286,9256
outer_2_inner_1,_AGE_G,ordinal,87502,0,6,6,0,True,False,0,0
outer_2_inner_1,HTM4,continuous,84415,3087,83,18,65,False,False,84415,2277
outer_2_inner_1,WTKG3,continuous,81450,6052,432,45,387,False,False,77335,19080
outer_2_inner_1,_BMI5,continuous,80317,7185,2635,64,2571,False,False,80317,59449
outer_2_inner_1,_BMI5CAT,categorical,80317,7185,4,4,0,True,False,0,0
outer_2_inner_1,_RFBMI5,binary,80317,7185,2,2,0,True,False,0,0
outer_2_inner_1,_CHLDCNT,count,86776,726,6,5,1,True,False,1973,648
outer_2_inner_1,_EDUCAG,ordinal,87162,340,4,4,0,True,False,0,0
outer_2_inner_1,_INCOMG,ordinal,71842,15660,5,5,0,True,False,0,0
outer_2_inner_1,_SMOKER3,categorical,83933,3569,4,4,0,True,False,0,0
outer_2_inner_1,_RFSMOK3,binary,83933,3569,2,2,0,True,False,0,0
outer_2_inner_1,DRNKANY5,binary,83120,4382,2,2,0,True,False,0,0
outer_2_inner_1,DROCDY3_,continuous,83120,4382,35,17,18,True,False,15620,2700
outer_2_inner_1,_RFBING5,binary,82357,5145,2,2,0,True,False,0,0
outer_2_inner_1,_DRNKWEK,count,82342,5160,182,23,159,False,False,22451,7360
outer_2_inner_1,_RFDRHV5,binary,82342,5160,2,2,0,True,False,0,0
outer_2_inner_1,FTJUDA1_,count,79809,7693,77,18,59,False,False,63135,4597
outer_2_inner_1,FRUTDA1_,count,80239,7263,92,22,70,False,False,70809,3404
outer_2_inner_1,BEANDAY_,count,79606,7896,71,19,52,False,False,33017,2824
outer_2_inner_1,GRENDAY_,count,79972,7530,78,22,56,False,False,48846,4260
outer_2_inner_1,ORNGDAY_,count,79707,7795,73,18,55,False,False,45688,3081
outer_2_inner_1,VEGEDA1_,count,79240,8262,92,22,70,False,False,68102,3389
outer_2_inner_1,_MISFRTN,count,87502,0,3,3,0,True,False,0,0
outer_2_inner_1,_MISVEGN,count,87502,0,5,4,1,True,False,3083,677
outer_2_inner_1,_FRTRESP,categorical,87502,0,2,2,0,True,False,0,0
outer_2_inner_1,_VEGRESP,categorical,87502,0,2,2,0,True,False,0,0
outer_2_inner_1,_FRUTSUM,continuous,78828,8674,369,41,328,False,False,76029,17894
outer_2_inner_1,_VEGESUM,continuous,77382,10120,791,64,727,False,False,75621,42549
outer_2_inner_1,_FRTLT1,binary,78828,8674,2,2,0,True,False,0,0
outer_2_inner_1,_VEGLT1,binary,77382,10120,2,2,0,True,False,0,0
outer_2_inner_1,_FRT16,binary,87502,0,2,2,0,True,False,0,0
outer_2_inner_1,_VEG23,binary,87502,0,2,2,0,True,False,0,0
outer_2_inner_1,_FRUITEX,categorical,78828,8674,2,1,1,True,True,78828,20
outer_2_inner_1,_VEGETEX,categorical,77382,10120,2,1,1,True,True,77382,8
outer_2_inner_1,_TOTINDA,binary,79960,7542,2,2,0,True,False,0,0
outer_2_inner_1,METVL11_,continuous,58508,28994,29,12,17,True,False,19820,2570
outer_2_inner_1,METVL21_,continuous,57502,30000,29,16,13,True,False,34645,1927
outer_2_inner_1,MAXVO2_,continuous,87502,0,163,64,99,False,False,72779,38912
outer_2_inner_1,FC60_,continuous,87502,0,156,64,92,False,False,72779,37230
outer_2_inner_1,ACTIN11_,categorical,57866,29636,3,3,0,True,False,0,0
outer_2_inner_1,ACTIN21_,categorical,56880,30622,3,3,0,True,False,0,0
outer_2_inner_1,PADUR1_,count,57121,30381,135,18,117,False,False,57121,2134
outer_2_inner_1,PADUR2_,count,38225,49277,117,19,98,False,False,38225,1425
outer_2_inner_1,PAFREQ1_,continuous,57852,29650,86,20,66,False,False,47831,2158
outer_2_inner_1,PAFREQ2_,continuous,38719,48783,83,21,62,False,False,23527,896
outer_2_inner_1,_MINAC11,count,56788,30714,483,38,445,False,False,56788,9994
outer_2_inner_1,_MINAC21,count,56335,31167,397,28,369,False,False,56335,9049
outer_2_inner_1,STRFREQ_,continuous,78772,8730,70,15,55,False,False,25629,3335
outer_2_inner_1,PAMISS1_,categorical,75714,11788,1,1,0,False,False,0,0
outer_2_inner_1,PAMIN11_,count,56184,31318,554,41,513,False,False,56184,10941
outer_2_inner_1,PAMIN21_,count,55735,31767,445,31,414,False,False,55735,9010
outer_2_inner_1,PA1MIN_,count,57382,30120,1776,55,1721,False,False,57382,23400
outer_2_inner_1,PAVIG11_,count,57150,30352,345,20,325,False,False,57150,7123
outer_2_inner_1,PAVIG21_,count,56280,31222,283,17,266,False,False,56280,6507
outer_2_inner_1,PA1VIGM_,count,57687,29815,945,27,918,False,False,57687,11295
outer_2_inner_1,_PACAT1,categorical,76391,11111,4,4,0,True,False,0,0
outer_2_inner_1,_PAINDX1,binary,76906,10596,2,2,0,True,False,0,0
outer_2_inner_1,_PA150R2,ordinal,76906,10596,3,3,0,True,False,0,0
outer_2_inner_1,_PA300R2,ordinal,76391,11111,3,3,0,True,False,0,0
outer_2_inner_1,_PA30021,binary,76391,11111,2,2,0,True,False,0,0
outer_2_inner_1,_PASTRNG,binary,78772,8730,2,2,0,True,False,0,0
outer_2_inner_1,_PAREC1,categorical,76091,11411,4,4,0,True,False,0,0
outer_2_inner_1,_PASTAE1,binary,76091,11411,2,2,0,True,False,0,0
outer_2_inner_1,_LMTACT1,ordinal,84370,3132,3,3,0,True,False,0,0
outer_2_inner_1,_LMTWRK1,ordinal,83902,3600,3,3,0,True,False,0,0
outer_2_inner_1,_LMTSCL1,ordinal,84429,3073,4,4,0,True,False,0,0
outer_2_inner_1,_RFSEAT2,binary,78959,8543,2,2,0,True,False,0,0
outer_2_inner_1,_RFSEAT3,binary,78959,8543,2,2,0,True,False,0,0
outer_2_inner_1,_FLSHOT6,binary,27471,60031,2,2,0,True,False,0,0
outer_2_inner_1,_PNEUMO2,binary,26606,60896,2,2,0,True,False,0,0
outer_2_inner_1,_AIDTST3,binary,75963,11539,2,2,0,True,False,0,0
outer_2_inner_2,_STATE,categorical,87503,0,53,48,5,True,False,11416,3912
outer_2_inner_2,FMONTH,categorical,87503,0,12,12,0,True,False,0,0
outer_2_inner_2,IMONTH,categorical,87503,0,12,12,0,True,False,0,0
outer_2_inner_2,IDAY,categorical,87503,0,31,30,1,True,False,2924,1007
outer_2_inner_2,IYEAR,categorical,87503,0,2,2,0,True,False,0,0
outer_2_inner_2,CTELENUM,categorical,50139,37364,1,1,0,False,False,0,0
outer_2_inner_2,PVTRESD1,binary,50139,37364,2,1,1,True,True,50139,10
outer_2_inner_2,COLGHOUS,categorical,10,87493,1,1,0,False,False,0,0
outer_2_inner_2,STATERES,categorical,50139,37364,1,1,0,False,False,0,0
outer_2_inner_2,CELLFON3,binary,50139,37364,2,2,0,True,False,0,0
outer_2_inner_2,LADULT,binary,10,87493,2,2,0,True,False,0,0
outer_2_inner_2,NUMADULT,count,50134,37369,11,4,7,True,False,1854,459
outer_2_inner_2,NUMMEN,count,50105,37398,8,3,5,True,False,4058,611
outer_2_inner_2,NUMWOMEN,count,50105,37398,10,3,7,True,False,4961,724
outer_2_inner_2,CADULT,binary,37363,50140,2,2,0,True,False,0,0
outer_2_inner_2,PVTRESD2,binary,37364,50139,2,1,1,True,True,37364,211
outer_2_inner_2,CCLGHOUS,categorical,210,87293,1,1,0,False,False,0,0
outer_2_inner_2,CSTATE,binary,37364,50139,2,2,0,True,False,0,0
outer_2_inner_2,LANDLINE,binary,37132,50371,2,2,0,True,False,0,0
outer_2_inner_2,HHADULT,count,36244,51259,18,5,13,True,False,1151,377
outer_2_inner_2,GENHLTH,ordinal,87274,229,5,5,0,True,False,0,0
outer_2_inner_2,PHYSHLTH,count,85557,1946,31,13,18,True,False,10639,2072
outer_2_inner_2,MENTHLTH,count,86046,1457,31,11,20,True,False,11336,2107
outer_2_inner_2,POORHLTH,count,43849,43654,31,14,17,True,False,6136,825
outer_2_inner_2,HLTHPLN1,binary,87168,335,2,2,0,True,False,0,0
outer_2_inner_2,PERSDOC2,categorical,87149,354,3,3,0,True,False,0,0
outer_2_inner_2,MEDCOST,binary,87260,243,2,2,0,True,False,0,0
outer_2_inner_2,CHECKUP1,ordinal,86362,1141,5,4,1,True,False,6165,747
outer_2_inner_2,BPHIGH4,categorical,87257,246,4,3,1,True,False,51507,848
outer_2_inner_2,BPMEDS,binary,35018,52485,2,2,0,True,False,0,0
outer_2_inner_2,BLOODCHO,categorical,85667,1836,2,2,0,True,False,0,0
outer_2_inner_2,CHOLCHK,ordinal,74711,12792,4,4,0,True,False,0,0
outer_2_inner_2,TOLDHI2,binary,75103,12400,2,2,0,True,False,0,0
outer_2_inner_2,CVDSTRK3,binary,87298,205,2,2,0,True,False,0,0
outer_2_inner_2,ASTHMA3,categorical,87251,252,2,2,0,True,False,0,0
outer_2_inner_2,ASTHNOW,binary,11331,76172,2,2,0,True,False,0,0
outer_2_inner_2,CHCSCNCR,binary,87277,226,2,2,0,True,False,0,0
outer_2_inner_2,CHCOCNCR,binary,87324,179,2,2,0,True,False,0,0
outer_2_inner_2,CHCCOPD1,binary,87089,414,2,2,0,True,False,0,0
outer_2_inner_2,HAVARTH3,binary,87008,495,2,2,0,True,False,0,0
outer_2_inner_2,ADDEPEV2,binary,87114,389,2,2,0,True,False,0,0
outer_2_inner_2,CHCKIDNY,binary,87225,278,2,2,0,True,False,0,0
outer_2_inner_2,DIABETE3,categorical,87360,143,4,3,1,True,False,11850,689
outer_2_inner_2,DIABAGE2,count,10448,77055,94,41,53,False,False,5068,1594
outer_2_inner_2,SEX,binary,87503,0,2,2,0,True,False,0,0
outer_2_inner_2,MARITAL,categorical,86899,604,6,6,0,True,False,0,0
outer_2_inner_2,EDUCA,ordinal,87170,333,6,6,0,True,False,0,0
outer_2_inner_2,RENTHOM1,categorical,86929,574,3,3,0,True,False,0,0
outer_2_inner_2,NUMHHOL2,categorical,49946,37557,2,2,0,True,False,0,0
outer_2_inner_2,NUMPHON2,count,2487,85016,6,4,2,True,False,42,16
outer_2_inner_2,CPDEMO1,binary,49901,37602,2,2,0,True,False,0,0
outer_2_inner_2,VETERAN3,binary,87356,147,2,2,0,True,False,0,0
outer_2_inner_2,EMPLOY1,categorical,86768,735,8,8,0,True,False,0,0
outer_2_inner_2,CHILDREN,count,86757,746,16,5,11,True,False,1911,659
outer_2_inner_2,INCOME2,ordinal,71974,15529,8,8,0,True,False,0,0
outer_2_inner_2,INTERNET,binary,86404,1099,2,2,0,True,False,0,0
outer_2_inner_2,PREGNANT,binary,12841,74662,2,2,0,True,False,0,0
outer_2_inner_2,QLACTLM2,binary,85033,2470,2,2,0,True,False,0,0
outer_2_inner_2,USEEQUIP,binary,85241,2262,2,2,0,True,False,0,0
outer_2_inner_2,BLIND,binary,84968,2535,2,2,0,True,False,0,0
outer_2_inner_2,DECIDE,binary,84605,2898,2,2,0,True,False,0,0
outer_2_inner_2,DIFFWALK,binary,84615,2888,2,2,0,True,False,0,0
outer_2_inner_2,DIFFDRES,binary,84765,2738,2,2,0,True,False,0,0
outer_2_inner_2,DIFFALON,binary,84500,3003,2,2,0,True,False,0,0
outer_2_inner_2,SMOKE100,categorical,84051,3452,2,2,0,True,False,0,0
outer_2_inner_2,SMOKDAY2,ordinal,36398,51105,3,3,0,True,False,0,0
outer_2_inner_2,STOPSMK2,categorical,12064,75439,4,2,2,True,False,5212,40
outer_2_inner_2,LASTSMK2,ordinal,24140,63363,8,7,1,True,False,16335,193
outer_2_inner_2,USENOW3,ordinal,84226,3277,3,3,0,True,False,0,0
outer_2_inner_2,ALCDAY5,count,83295,4208,38,18,20,True,False,10120,3120
outer_2_inner_2,AVEDRNK2,count,41491,46012,36,7,29,True,False,2047,817
outer_2_inner_2,DRNK3GE5,count,41568,45935,34,8,26,True,False,2424,1059
outer_2_inner_2,MAXDRNKS,count,40791,46712,43,11,32,True,False,1861,633
outer_2_inner_2,FRUITJU1,count,79891,7612,86,20,66,False,False,9515,2660
outer_2_inner_2,FRUIT1,count,80250,7253,92,24,68,False,False,19012,3901
outer_2_inner_2,FVBEANS,count,79639,7864,80,21,59,False,False,13431,2426
outer_2_inner_2,FVGREEN,count,80036,7467,90,25,65,False,False,20527,3836
outer_2_inner_2,FVORANG,count,79714,7789,77,20,57,False,False,13937,2845
outer_2_inner_2,VEGETAB1,count,79305,8198,101,25,76,False,False,28161,3917
outer_2_inner_2,EXERANY2,binary,79941,7562,2,2,0,True,False,0,0
outer_2_inner_2,EXRACT11,categorical,58509,28994,75,21,54,False,False,49072,4093
outer_2_inner_2,EXEROFT1,count,57806,29697,82,22,60,False,False,20131,2015
outer_2_inner_2,EXERHMM1,count,57157,30346,131,18,113,False,False,57157,2069
outer_2_inner_2,EXRACT21,categorical,57473,30030,76,23,53,False,False,28274,4397
outer_2_inner_2,EXEROFT2,count,38649,48854,76,22,54,False,False,6472,1069
outer_2_inner_2,EXERHMM2,count,38206,49297,120,19,101,False,False,38206,1445
outer_2_inner_2,STRENGTH,count,78696,8807,83,15,68,False,False,13382,3725
outer_2_inner_2,LMTJOIN3,binary,26519,60984,2,2,0,True,False,0,0
outer_2_inner_2,ARTHDIS2,binary,26014,61489,2,2,0,True,False,0,0
outer_2_inner_2,ARTHSOCL,ordinal,26538,60965,3,3,0,True,False,0,0
outer_2_inner_2,JOINPAIN,count,25727,61776,11,11,0,True,False,0,0
outer_2_inner_2,SEATBELT,ordinal,78964,8539,6,4,2,True,False,4436,1085
outer_2_inner_2,FLUSHOT6,categorical,78648,8855,2,2,0,True,False,0,0
outer_2_inner_2,IMFVPLAC,categorical,37730,49773,11,8,3,True,False,3611,318
outer_2_inner_2,PNEUVAC3,binary,72001,15502,2,2,0,True,False,0,0
outer_2_inner_2,HIVTST6,categorical,75996,11507,2,2,0,True,False,0,0
outer_2_inner_2,WHRTST10,categorical,22367,65136,9,8,1,True,False,333,110
outer_2_inner_2,PDIABTST,binary,15611,71892,2,2,0,True,False,0,0
outer_2_inner_2,PREDIAB1,categorical,16282,71221,3,3,0,True,False,0,0
outer_2_inner_2,INSULIN,binary,5727,81776,2,2,0,True,False,0,0
outer_2_inner_2,BLDSUGAR,ordinal,5627,81876,54,16,38,True,False,519,239
outer_2_inner_2,FEETCHK2,ordinal,5552,81951,47,13,34,True,False,828,275
outer_2_inner_2,DOCTDIAB,count,5548,81955,32,9,23,True,False,596,129
outer_2_inner_2,CHKHEMO3,ordinal,5349,82154,21,10,11,True,False,218,57
outer_2_inner_2,FEETCHK,count,5513,81990,31,9,22,True,False,397,102
outer_2_inner_2,EYEEXAM,categorical,5639,81864,5,5,0,True,False,0,0
outer_2_inner_2,DIABEYE,binary,5657,81846,2,2,0,True,False,0,0
outer_2_inner_2,DIABEDU,binary,5704,81799,2,2,0,True,False,0,0
outer_2_inner_2,CAREGIV1,categorical,21353,66150,5,2,3,True,False,16549,103
outer_2_inner_2,CRGVREL1,categorical,4775,82728,15,14,1,True,False,347,9
outer_2_inner_2,CRGVLNG1,ordinal,4724,82779,5,5,0,True,False,0,0
outer_2_inner_2,CRGVHRS1,ordinal,4520,82983,4,4,0,True,False,0,0
outer_2_inner_2,CRGVPRB1,categorical,4574,82929,13,10,3,True,False,823,47
outer_2_inner_2,CRGVPERS,binary,4746,82757,2,2,0,True,False,0,0
outer_2_inner_2,CRGVHOUS,binary,4742,82761,2,2,0,True,False,0,0
outer_2_inner_2,CRGVMST2,categorical,4610,82893,6,6,0,True,False,0,0
outer_2_inner_2,CRGVEXPT,binary,15298,72205,2,2,0,True,False,0,0
outer_2_inner_2,VIDFCLT2,ordinal,634,86869,7,4,3,True,False,14,4
outer_2_inner_2,VIREDIF3,ordinal,628,86875,6,5,1,True,False,12,4
outer_2_inner_2,VIPRFVS2,categorical,624,86879,5,4,1,True,False,105,9
outer_2_inner_2,VINOCRE2,categorical,204,87299,8,5,3,True,False,113,5
outer_2_inner_2,VIEYEXM2,categorical,481,87022,6,5,1,True,False,30,1
outer_2_inner_2,VIINSUR2,categorical,612,86891,2,2,0,True,False,0,0
outer_2_inner_2,VICTRCT4,categorical,630,86873,3,3,0,True,False,0,0
outer_2_inner_2,VIGLUMA2,binary,628,86875,2,2,0,True,False,0,0
outer_2_inner_2,VIMACDG2,binary,622,86881,2,2,0,True,False,0,0
outer_2_inner_2,CIMEMLOS,categorical,22848,64655,3,2,1,True,False,20509,36
outer_2_inner_2,CDHOUSE,ordinal,2435,85068,5,5,0,True,False,0,0
outer_2_inner_2,CDASSIST,ordinal,2483,85020,7,5,2,True,False,1350,24
outer_2_inner_2,CDHELP,ordinal,755,86748,5,5,0,True,False,0,0
outer_2_inner_2,CDSOCIAL,ordinal,2426,85077,5,5,0,True,False,0,0
outer_2_inner_2,CDDISCUS,binary,2446,85057,2,2,0,True,False,0,0
outer_2_inner_2,WTCHSALT,categorical,8151,79352,4,2,2,True,False,3105,52
outer_2_inner_2,LONGWTCH,count,4764,82739,97,27,70,False,False,1857,361
outer_2_inner_2,DRADVISE,binary,8087,79416,2,2,0,True,False,0,0
outer_2_inner_2,ASTHMAGE,count,175,87328,43,30,13,True,False,51,13
outer_2_inner_2,ASATTACK,categorical,123,87380,3,3,0,True,False,0,0
outer_2_inner_2,ASERVIST,count,56,87447,4,4,0,True,False,0,0
outer_2_inner_2,ASDRVIST,count,57,87446,4,4,0,True,False,0,0
outer_2_inner_2,ASRCHKUP,count,120,87383,11,8,3,True,False,13,3
outer_2_inner_2,ASACTLIM,ordinal,117,87386,15,13,2,True,False,4,2
outer_2_inner_2,ASYMPTOM,ordinal,118,87385,6,6,0,True,False,0,0
outer_2_inner_2,ASNOSLEP,ordinal,83,87420,6,6,0,True,False,0,0
outer_2_inner_2,ASTHMED3,count,118,87385,4,4,0,True,False,0,0
outer_2_inner_2,ASINHALR,ordinal,119,87384,6,6,0,True,False,0,0
outer_2_inner_2,HAREHAB1,binary,209,87294,2,2,0,True,False,0,0
outer_2_inner_2,STREHAB1,binary,127,87376,2,2,0,True,False,0,0
outer_2_inner_2,CVDASPRN,binary,3803,83700,2,2,0,True,False,0,0
outer_2_inner_2,ASPUNSAF,categorical,2708,84795,5,3,2,True,False,2409,35
outer_2_inner_2,RLIVPAIN,binary,1092,86411,2,2,0,True,False,0,0
outer_2_inner_2,RDUCHART,binary,1061,86442,2,2,0,True,False,0,0
outer_2_inner_2,RDUCSTRK,binary,1006,86497,2,2,0,True,False,0,0
outer_2_inner_2,ARTTODAY,categorical,3844,83659,4,4,0,True,False,0,0
outer_2_inner_2,ARTHWGT,binary,3844,83659,2,2,0,True,False,0,0
outer_2_inner_2,ARTHEXER,binary,3822,83681,2,2,0,True,False,0,0
outer_2_inner_2,ARTHEDU,binary,3849,83654,2,2,0,True,False,0,0
outer_2_inner_2,TETANUS,categorical,5295,82208,3,3,0,True,False,0,0
outer_2_inner_2,HPVADVC2,categorical,1937,85566,3,2,1,True,False,1660,2
outer_2_inner_2,HPVADSHT,count,233,87270,3,3,0,True,False,0,0
outer_2_inner_2,SHINGLE2,binary,5452,82051,2,2,0,True,False,0,0
outer_2_inner_2,HADMAM,categorical,4589,82914,4,2,2,True,False,859,10
outer_2_inner_2,HOWLONG,ordinal,3704,83799,5,5,0,True,False,0,0
outer_2_inner_2,HADPAP2,categorical,4588,82915,4,2,2,True,False,303,30
outer_2_inner_2,LASTPAP2,ordinal,4177,83326,5,5,0,True,False,0,0
outer_2_inner_2,HPVTEST,count,3238,84265,2,2,0,True,False,0,0
outer_2_inner_2,HPLSTTST,ordinal,1298,86205,5,5,0,True,False,0,0
outer_2_inner_2,HADHYST2,binary,4526,82977,2,2,0,True,False,0,0
outer_2_inner_2,PROFEXAM,categorical,1129,86374,4,2,2,True,False,139,3
outer_2_inner_2,LENGEXAM,ordinal,982,86521,5,5,0,True,False,0,0
outer_2_inner_2,BLDSTOOL,categorical,10851,76652,4,2,2,True,False,6957,108
outer_2_inner_2,LSTBLDS3,ordinal,3785,83718,5,5,0,True,False,0,0
outer_2_inner_2,HADSIGM3,categorical,10843,76660,4,2,2,True,False,3010,59
outer_2_inner_2,HADSGCO1,binary,7671,79832,2,2,0,True,False,0,0
outer_2_inner_2,LASTSIG3,ordinal,7727,79776,6,6,0,True,False,0,0
outer_2_inner_2,PCPSAAD2,binary,1203,86300,2,2,0,True,False,0,0
outer_2_inner_2,PCPSADI1,binary,1199,86304,2,2,0,True,False,0,0
outer_2_inner_2,PCPSARE1,binary,1210,86293,2,2,0,True,False,0,0
outer_2_inner_2,PSATEST1,categorical,1251,86252,4,3,1,True,False,48,5
outer_2_inner_2,PSATIME,ordinal,666,86837,5,5,0,True,False,0,0
outer_2_inner_2,PCPSARS1,categorical,675,86828,5,5,0,True,False,0,0
outer_2_inner_2,PCPSADE1,categorical,149,87354,4,4,0,True,False,0,0
outer_2_inner_2,PCDMDECN,categorical,46,87457,5,5,0,True,False,0,0
outer_2_inner_2,SCNTMNY1,ordinal,13655,73848,6,5,1,True,False,7646,188
outer_2_inner_2,SCNTMEL1,ordinal,14429,73074,6,5,1,True,False,9689,17
outer_2_inner_2,SCNTPAID,categorical,6809,80694,4,4,0,True,False,0,0
outer_2_inner_2,SCNTWRK1,count,6883,80620,84,25,59,False,False,6635,703
outer_2_inner_2,SCNTLPAD,categorical,4908,82595,4,4,0,True,False,0,0
outer_2_inner_2,SCNTLWK1,count,7027,80476,78,23,55,False,False,6099,529
outer_2_inner_2,SXORIENT,categorical,32063,55440,4,3,1,True,False,551,114
outer_2_inner_2,TRNSGNDR,categorical,32444,55059,4,2,2,True,False,157,80
outer_2_inner_2,RCSGENDR,binary,11287,76216,2,2,0,True,False,0,0
outer_2_inner_2,RCSRLTN2,categorical,11357,76146,6,6,0,True,False,0,0
outer_2_inner_2,CASTHDX2,categorical,9830,77673,2,2,0,True,False,0,0
outer_2_inner_2,CASTHNO2,binary,1228,86275,2,2,0,True,False,0,0
outer_2_inner_2,EMTSUPRT,ordinal,3885,83618,5,5,0,True,False,0,0
outer_2_inner_2,LSATISFY,ordinal,3904,83599,4,3,1,True,False,211,47
outer_2_inner_2,ADPLEASR,count,3919,83584,15,10,5,True,False,327,61
outer_2_inner_2,ADDOWN,count,4004,83499,15,10,5,True,False,163,41
outer_2_inner_2,ADSLEEP,count,3995,83508,15,11,4,True,False,284,56
outer_2_inner_2,ADENERGY,count,3977,83526,15,11,4,True,False,341,57
outer_2_inner_2,ADEAT1,count,3981,83522,14,11,3,True,False,181,25
outer_2_inner_2,ADFAIL,count,4012,83491,14,8,6,True,False,189,76
outer_2_inner_2,ADTHINK,count,4011,83492,15,8,7,True,False,249,93
outer_2_inner_2,ADMOVE,count,3960,83543,14,8,6,True,False,145,60
outer_2_inner_2,MISTMNT,binary,4026,83477,2,2,0,True,False,0,0
outer_2_inner_2,ADANXEV,binary,4013,83490,2,2,0,True,False,0,0
outer_2_inner_2,_RFHLTH,binary,87274,229,2,2,0,True,False,0,0
outer_2_inner_2,_HCVU651,binary,56153,31350,2,2,0,True,False,0,0
outer_2_inner_2,_RFHYPE5,binary,87257,246,2,2,0,True,False,0,0
outer_2_inner_2,_CHOLCHK,categorical,84551,2952,3,3,0,True,False,0,0
outer_2_inner_2,_RFCHOL,binary,75103,12400,2,2,0,True,False,0,0
outer_2_inner_2,_LTASTH1,binary,87251,252,2,2,0,True,False,0,0
outer_2_inner_2,_CASTHM1,binary,86881,622,2,2,0,True,False,0,0
outer_2_inner_2,_ASTHMS1,categorical,86881,622,3,3,0,True,False,0,0
outer_2_inner_2,_DRDXAR1,binary,87008,495,2,2,0,True,False,0,0
outer_2_inner_2,_PRACE1,categorical,85799,1704,8,5,3,True,False,4691,818
outer_2_inner_2,_MRACE1,categorical,85799,1704,7,6,1,True,False,2335,350
outer_2_inner_2,_HISPANC,binary,86685,818,2,2,0,True,False,0,0
outer_2_inner_2,_RACE,categorical,86066,1437,8,6,2,True,False,2568,658
outer_2_inner_2,_RACEG21,binary,86066,1437,2,2,0,True,False,0,0
outer_2_inner_2,_RACEGR3,categorical,86066,1437,5,5,0,True,False,0,0
outer_2_inner_2,_RACE_G1,categorical,86066,1437,5,5,0,True,False,0,0
outer_2_inner_2,_AGE65YR,binary,86449,1054,2,2,0,True,False,0,0
outer_2_inner_2,_AGE80,continuous,87503,0,63,52,11,True,False,19101,9110
outer_2_inner_2,_AGE_G,ordinal,87503,0,6,6,0,True,False,0,0
outer_2_inner_2,HTM4,continuous,84478,3025,76,18,58,False,False,76881,1778
outer_2_inner_2,WTKG3,continuous,81380,6123,437,47,390,False,False,70045,18867
outer_2_inner_2,_BMI5,continuous,80290,7213,2627,64,2563,False,False,80290,59185
outer_2_inner_2,_BMI5CAT,categorical,80290,7213,4,4,0,True,False,0,0
outer_2_inner_2,_RFBMI5,binary,80290,7213,2,2,0,True,False,0,0
outer_2_inner_2,_CHLDCNT,count,86757,746,6,5,1,True,False,1911,659
outer_2_inner_2,_EDUCAG,ordinal,87170,333,4,4,0,True,False,0,0
outer_2_inner_2,_INCOMG,ordinal,71974,15529,5,5,0,True,False,0,0
outer_2_inner_2,_SMOKER3,categorical,83957,3546,4,4,0,True,False,0,0
outer_2_inner_2,_RFSMOK3,binary,83957,3546,2,2,0,True,False,0,0
outer_2_inner_2,DRNKANY5,binary,83295,4208,2,2,0,True,False,0,0
outer_2_inner_2,DROCDY3_,continuous,83295,4208,35,18,17,True,False,14107,1905
outer_2_inner_2,_RFBING5,binary,82538,4965,2,2,0,True,False,0,0
outer_2_inner_2,_DRNKWEK,count,82461,5042,184,22,162,False,False,27524,8751
outer_2_inner_2,_RFDRHV5,binary,82461,5042,2,2,0,True,False,0,0
outer_2_inner_2,FTJUDA1_,count,79891,7612,78,18,60,False,False,32782,3494
outer_2_inner_2,FRUTDA1_,count,80250,7253,83,22,61,False,False,69563,3007
outer_2_inner_2,BEANDAY_,count,79639,7864,72,18,54,False,False,33777,3523
outer_2_inner_2,GRENDAY_,count,80036,7467,82,21,61,False,False,52157,5081
outer_2_inner_2,ORNGDAY_,count,79714,7789,70,18,52,False,False,38879,3571
outer_2_inner_2,VEGEDA1_,count,79305,8198,91,21,70,False,False,63840,4579
outer_2_inner_2,_MISFRTN,count,87503,0,3,3,0,True,False,0,0
outer_2_inner_2,_MISVEGN,count,87503,0,5,4,1,True,False,2994,661
outer_2_inner_2,_FRTRESP,categorical,87503,0,2,2,0,True,False,0,0
outer_2_inner_2,_VEGRESP,categorical,87503,0,2,2,0,True,False,0,0
outer_2_inner_2,_FRUTSUM,continuous,78888,8615,374,41,333,False,False,77745,18545
outer_2_inner_2,_VEGESUM,continuous,77491,10012,768,64,704,False,False,73297,43079
outer_2_inner_2,_FRTLT1,binary,78888,8615,2,2,0,True,False,0,0
outer_2_inner_2,_VEGLT1,binary,77491,10012,2,2,0,True,False,0,0
outer_2_inner_2,_FRT16,binary,87503,0,2,2,0,True,False,0,0
outer_2_inner_2,_VEG23,binary,87503,0,2,2,0,True,False,0,0
outer_2_inner_2,_FRUITEX,categorical,78888,8615,2,1,1,True,True,78888,14
outer_2_inner_2,_VEGETEX,categorical,77491,10012,2,1,1,True,True,77491,7
outer_2_inner_2,_TOTINDA,binary,79941,7562,2,2,0,True,False,0,0
outer_2_inner_2,METVL11_,continuous,58509,28994,29,13,16,True,False,18332,2202
outer_2_inner_2,METVL21_,continuous,57473,30030,29,15,14,True,False,39839,2291
outer_2_inner_2,MAXVO2_,continuous,87503,0,163,64,99,False,False,71668,38901
outer_2_inner_2,FC60_,continuous,87503,0,156,64,92,False,False,71668,37360
outer_2_inner_2,ACTIN11_,categorical,57871,29632,3,3,0,True,False,0,0
outer_2_inner_2,ACTIN21_,categorical,56853,30650,3,3,0,True,False,0,0
outer_2_inner_2,PADUR1_,count,57157,30346,131,18,113,False,False,57157,2069
outer_2_inner_2,PADUR2_,count,38206,49297,120,19,101,False,False,38206,1445
outer_2_inner_2,PAFREQ1_,continuous,57806,29697,79,20,59,False,False,46647,2602
outer_2_inner_2,PAFREQ2_,continuous,38649,48854,73,19,54,False,False,27235,1549
outer_2_inner_2,_MINAC11,count,56788,30715,471,37,434,False,False,56788,10803
outer_2_inner_2,_MINAC21,count,56293,31210,354,30,324,False,False,53316,8574
outer_2_inner_2,STRFREQ_,continuous,78696,8807,80,15,65,False,False,24744,3721
outer_2_inner_2,PAMISS1_,categorical,75623,11880,1,1,0,False,False,0,0
outer_2_inner_2,PAMIN11_,count,56183,31320,554,40,514,False,False,56183,11117
outer_2_inner_2,PAMIN21_,count,55702,31801,405,31,374,False,False,55702,9210
outer_2_inner_2,PA1MIN_,count,57399,30104,1758,55,1703,False,False,57399,22908
outer_2_inner_2,PAVIG11_,count,57128,30375,350,20,330,False,False,57128,7076
outer_2_inner_2,PAVIG21_,count,56258,31245,262,17,245,False,False,56258,6439
outer_2_inner_2,PA1VIGM_,count,57691,29812,920,27,893,False,False,57691,11277
outer_2_inner_2,_PACAT1,categorical,76336,11167,4,4,0,True,False,0,0
outer_2_inner_2,_PAINDX1,binary,76854,10649,2,2,0,True,False,0,0
outer_2_inner_2,_PA150R2,ordinal,76854,10649,3,3,0,True,False,0,0
outer_2_inner_2,_PA300R2,ordinal,76336,11167,3,3,0,True,False,0,0
outer_2_inner_2,_PA30021,binary,76336,11167,2,2,0,True,False,0,0
outer_2_inner_2,_PASTRNG,binary,78696,8807,2,2,0,True,False,0,0
outer_2_inner_2,_PAREC1,categorical,75982,11521,4,4,0,True,False,0,0
outer_2_inner_2,_PASTAE1,binary,75982,11521,2,2,0,True,False,0,0
outer_2_inner_2,_LMTACT1,ordinal,84489,3014,3,3,0,True,False,0,0
outer_2_inner_2,_LMTWRK1,ordinal,83984,3519,3,3,0,True,False,0,0
outer_2_inner_2,_LMTSCL1,ordinal,84508,2995,4,4,0,True,False,0,0
outer_2_inner_2,_RFSEAT2,binary,78964,8539,2,2,0,True,False,0,0
outer_2_inner_2,_RFSEAT3,binary,78964,8539,2,2,0,True,False,0,0
outer_2_inner_2,_FLSHOT6,binary,27355,60148,2,2,0,True,False,0,0
outer_2_inner_2,_PNEUMO2,binary,26492,61011,2,2,0,True,False,0,0
outer_2_inner_2,_AIDTST3,binary,75996,11507,2,2,0,True,False,0,0
outer_3,_STATE,categorical,175006,0,53,47,6,True,False,27495,10077
outer_3,FMONTH,categorical,175006,0,12,12,0,True,False,0,0
outer_3,IMONTH,categorical,175006,0,12,12,0,True,False,0,0
outer_3,IDAY,categorical,175006,0,31,30,1,True,False,5700,1963
outer_3,IYEAR,categorical,175006,0,2,2,0,True,False,0,0
outer_3,CTELENUM,categorical,100545,74461,1,1,0,False,False,0,0
outer_3,PVTRESD1,binary,100545,74461,2,1,1,True,True,100545,15
outer_3,COLGHOUS,categorical,15,174991,1,1,0,False,False,0,0
outer_3,STATERES,categorical,100545,74461,1,1,0,False,False,0,0
outer_3,CELLFON3,binary,100545,74461,2,2,0,True,False,0,0
outer_3,LADULT,binary,15,174991,2,2,0,True,False,0,0
outer_3,NUMADULT,count,100534,74472,11,4,7,True,False,3663,809
outer_3,NUMMEN,count,100484,74522,10,3,7,True,False,8082,1203
outer_3,NUMWOMEN,count,100484,74522,9,3,6,True,False,9899,1349
outer_3,CADULT,binary,74461,100545,2,2,0,True,False,0,0
outer_3,PVTRESD2,binary,74461,100545,2,1,1,True,True,74461,447
outer_3,CCLGHOUS,categorical,447,174559,1,1,0,False,False,0,0
outer_3,CSTATE,binary,74462,100544,2,2,0,True,False,0,0
outer_3,LANDLINE,binary,74026,100980,2,2,0,True,False,0,0
outer_3,HHADULT,count,72178,102828,22,5,17,True,False,2280,750
outer_3,GENHLTH,ordinal,174538,468,5,5,0,True,False,0,0
outer_3,PHYSHLTH,count,171162,3844,31,12,19,True,False,21230,4276
outer_3,MENTHLTH,count,172130,2876,31,11,20,True,False,22522,4128
outer_3,POORHLTH,count,87657,87349,31,14,17,True,False,16058,2022
outer_3,HLTHPLN1,binary,174291,715,2,2,0,True,False,0,0
outer_3,PERSDOC2,categorical,174292,714,3,3,0,True,False,0,0
outer_3,MEDCOST,binary,174592,414,2,2,0,True,False,0,0
outer_3,CHECKUP1,ordinal,172620,2386,5,4,1,True,False,12399,1502
outer_3,BPHIGH4,categorical,174459,547,4,3,1,True,False,102830,1770
outer_3,BPMEDS,binary,70193,104813,2,2,0,True,False,0,0
outer_3,BLOODCHO,categorical,171270,3736,2,2,0,True,False,0,0
outer_3,CHOLCHK,ordinal,149289,25717,4,4,0,True,False,0,0
outer_3,TOLDHI2,binary,150237,24769,2,2,0,True,False,0,0
outer_3,CVDSTRK3,binary,174619,387,2,2,0,True,False,0,0
outer_3,ASTHMA3,categorical,174440,566,2,2,0,True,False,0,0
outer_3,ASTHNOW,binary,22759,152247,2,2,0,True,False,0,0
outer_3,CHCSCNCR,binary,174552,454,2,2,0,True,False,0,0
outer_3,CHCOCNCR,binary,174638,368,2,2,0,True,False,0,0
outer_3,CHCCOPD1,binary,174181,825,2,2,0,True,False,0,0
outer_3,HAVARTH3,binary,173992,1014,2,2,0,True,False,0,0
outer_3,ADDEPEV2,binary,174254,752,2,2,0,True,False,0,0
outer_3,CHCKIDNY,binary,174455,551,2,2,0,True,False,0,0
outer_3,DIABETE3,categorical,174776,230,4,3,1,True,False,24046,1373
outer_3,DIABAGE2,count,21180,153826,94,42,52,False,False,8733,3015
outer_3,SEX,binary,175006,0,2,2,0,True,False,0,0
outer_3,MARITAL,categorical,173819,1187,6,6,0,True,False,0,0
outer_3,EDUCA,ordinal,174303,703,6,6,0,True,False,0,0
outer_3,RENTHOM1,categorical,173794,1212,3,3,0,True,False,0,0
outer_3,NUMHHOL2,categorical,100180,74826,2,2,0,True,False,0,0
outer_3,NUMPHON2,count,5111,169895,6,4,2,True,False,84,35
outer_3,CPDEMO1,binary,100045,74961,2,2,0,True,False,0,0
outer_3,VETERAN3,binary,174690,316,2,2,0,True,False,0,0
outer_3,EMPLOY1,categorical,173498,1508,8,8,0,True,False,0,0
outer_3,CHILDREN,count,173612,1394,20,5,15,True,False,3848,1295
outer_3,INCOME2,ordinal,143578,31428,8,8,0,True,False,0,0
outer_3,INTERNET,binary,172787,2219,2,2,0,True,False,0,0
outer_3,PREGNANT,binary,25372,149634,2,2,0,True,False,0,0
outer_3,QLACTLM2,binary,170185,4821,2,2,0,True,False,0,0
outer_3,USEEQUIP,binary,170521,4485,2,2,0,True,False,0,0
outer_3,BLIND,binary,169966,5040,2,2,0,True,False,0,0
outer_3,DECIDE,binary,169320,5686,2,2,0,True,False,0,0
outer_3,DIFFWALK,binary,169308,5698,2,2,0,True,False,0,0
outer_3,DIFFDRES,binary,169552,5454,2,2,0,True,False,0,0
outer_3,DIFFALON,binary,169015,5991,2,2,0,True,False,0,0
outer_3,SMOKE100,categorical,168133,6873,2,2,0,True,False,0,0
outer_3,SMOKDAY2,ordinal,72737,102269,3,3,0,True,False,0,0
outer_3,STOPSMK2,categorical,24364,150642,4,2,2,True,False,10529,87
outer_3,LASTSMK2,ordinal,47974,127032,8,7,1,True,False,32408,339
outer_3,USENOW3,ordinal,168381,6625,3,3,0,True,False,0,0
outer_3,ALCDAY5,count,166500,8506,37,18,19,True,False,25004,6688
outer_3,AVEDRNK2,count,82599,92407,36,7,29,True,False,3979,1633
outer_3,DRNK3GE5,count,82687,92319,38,8,30,True,False,4795,2164
outer_3,MAXDRNKS,count,81055,93951,53,11,42,True,False,3675,1171
outer_3,FRUITJU1,count,159836,15170,94,20,74,False,False,18991,5382
outer_3,FRUIT1,count,160701,14305,120,23,97,False,False,41942,8545
outer_3,FVBEANS,count,159330,15676,93,21,72,False,False,26823,5616
outer_3,FVGREEN,count,160110,14896,104,26,78,False,False,40764,7280
outer_3,FVORANG,count,159553,15453,94,21,73,False,False,28099,4972
outer_3,VEGETAB1,count,158711,16295,117,24,93,False,False,59269,8220
outer_3,EXERANY2,binary,160024,14982,2,2,0,True,False,0,0
outer_3,EXRACT11,categorical,116817,58189,75,20,55,False,False,101057,7897
outer_3,EXEROFT1,count,115450,59556,97,22,75,False,False,39910,4008
outer_3,EXERHMM1,count,114067,60939,164,18,146,False,False,114067,4214
outer_3,EXRACT21,categorical,114833,60173,76,24,52,False,False,56546,8671
outer_3,EXEROFT2,count,77360,97646,87,21,66,False,False,19644,2256
outer_3,EXERHMM2,count,76383,98623,140,18,122,False,False,76383,3794
outer_3,STRENGTH,count,157705,17301,91,15,76,False,False,26892,7364
outer_3,LMTJOIN3,binary,53292,121714,2,2,0,True,False,0,0
outer_3,ARTHDIS2,binary,52360,122646,2,2,0,True,False,0,0
outer_3,ARTHSOCL,ordinal,53347,121659,3,3,0,True,False,0,0
outer_3,JOINPAIN,count,51786,123220,11,11,0,True,False,0,0
outer_3,SEATBELT,ordinal,158189,16817,6,4,2,True,False,8975,2152
outer_3,FLUSHOT6,categorical,157555,17451,2,2,0,True,False,0,0
outer_3,IMFVPLAC,categorical,75342,99664,11,8,3,True,False,7078,594
outer_3,PNEUVAC3,binary,144320,30686,2,2,0,True,False,0,0
outer_3,HIVTST6,categorical,152350,22656,2,2,0,True,False,0,0
outer_3,WHRTST10,categorical,44234,130772,9,8,1,True,False,701,196
outer_3,PDIABTST,binary,31120,143886,2,2,0,True,False,0,0
outer_3,PREDIAB1,categorical,32510,142496,3,3,0,True,False,0,0
outer_3,INSULIN,binary,11666,163340,2,2,0,True,False,0,0
outer_3,BLDSUGAR,ordinal,11469,163537,67,17,50,False,False,1135,536
outer_3,FEETCHK2,ordinal,11338,163668,58,13,45,True,False,1706,568
outer_3,DOCTDIAB,count,11273,163733,41,9,32,True,False,1240,317
outer_3,CHKHEMO3,ordinal,10901,164105,33,9,24,True,False,437,126
outer_3,FEETCHK,count,11233,163773,35,8,27,True,False,847,294
outer_3,EYEEXAM,categorical,11510,163496,5,5,0,True,False,0,0
outer_3,DIABEYE,binary,11543,163463,2,2,0,True,False,0,0
outer_3,DIABEDU,binary,11630,163376,2,2,0,True,False,0,0
outer_3,CAREGIV1,categorical,42831,132175,5,2,3,True,False,33325,234
outer_3,CRGVREL1,categorical,9436,165570,15,13,2,True,False,887,100
outer_3,CRGVLNG1,ordinal,9361,165645,5,5,0,True,False,0,0
outer_3,CRGVHRS1,ordinal,8922,166084,4,4,0,True,False,0,0
outer_3,CRGVPRB1,categorical,9041,165965,13,10,3,True,False,1577,94
outer_3,CRGVPERS,binary,9410,165596,2,2,0,True,False,0,0
outer_3,CRGVHOUS,binary,9413,165593,2,2,0,True,False,0,0
outer_3,CRGVMST2,categorical,9120,165886,6,6,0,True,False,0,0
outer_3,CRGVEXPT,binary,30738,144268,2,2,0,True,False,0,0
outer_3,VIDFCLT2,ordinal,1299,173707,7,5,2,True,False,21,8
outer_3,VIREDIF3,ordinal,1286,173720,6,5,1,True,False,30,6
outer_3,VIPRFVS2,categorical,1281,173725,5,4,1,True,False,224,19
outer_3,VINOCRE2,categorical,437,174569,8,7,1,True,False,111,1
outer_3,VIEYEXM2,categorical,1007,173999,6,5,1,True,False,69,1
outer_3,VIINSUR2,categorical,1264,173742,2,2,0,True,False,0,0
outer_3,VICTRCT4,categorical,1286,173720,3,3,0,True,False,0,0
outer_3,VIGLUMA2,binary,1285,173721,2,2,0,True,False,0,0
outer_3,VIMACDG2,binary,1281,173725,2,2,0,True,False,0,0
outer_3,CIMEMLOS,categorical,46034,128972,3,2,1,True,False,41253,84
outer_3,CDHOUSE,ordinal,4996,170010,5,5,0,True,False,0,0
outer_3,CDASSIST,ordinal,5107,169899,7,5,2,True,False,2726,57
outer_3,CDHELP,ordinal,1609,173397,5,5,0,True,False,0,0
outer_3,CDSOCIAL,ordinal,5003,170003,5,5,0,True,False,0,0
outer_3,CDDISCUS,binary,5063,169943,2,2,0,True,False,0,0
outer_3,WTCHSALT,categorical,16313,158693,4,2,2,True,False,6324,92
outer_3,LONGWTCH,count,9434,165572,119,26,93,False,False,4246,782
outer_3,DRADVISE,binary,16201,158805,2,2,0,True,False,0,0
outer_3,ASTHMAGE,count,400,174606,63,34,29,True,False,152,52
outer_3,ASATTACK,categorical,278,174728,3,2,1,True,False,152,4
outer_3,ASERVIST,count,125,174881,6,5,1,True,False,6,1
outer_3,ASDRVIST,count,124,174882,9,8,1,True,False,2,1
outer_3,ASRCHKUP,count,274,174732,12,8,4,True,False,17,5
outer_3,ASACTLIM,ordinal,263,174743,20,13,7,True,False,25,9
outer_3,ASYMPTOM,ordinal,268,174738,6,6,0,True,False,0,0
outer_3,ASNOSLEP,ordinal,185,174821,6,6,0,True,False,0,0
outer_3,ASTHMED3,count,267,174739,4,4,0,True,False,0,0
outer_3,ASINHALR,ordinal,272,174734,7,7,0,True,False,0,0
outer_3,HAREHAB1,binary,425,174581,2,2,0,True,False,0,0
outer_3,STREHAB1,binary,276,174730,2,2,0,True,False,0,0
outer_3,CVDASPRN,binary,7583,167423,2,2,0,True,False,0,0
outer_3,ASPUNSAF,categorical,5334,169672,5,3,2,True,False,4724,53
outer_3,RLIVPAIN,binary,2245,172761,2,2,0,True,False,0,0
outer_3,RDUCHART,binary,2195,172811,2,2,0,True,False,0,0
outer_3,RDUCSTRK,binary,2097,172909,2,2,0,True,False,0,0
outer_3,ARTTODAY,categorical,7690,167316,4,4,0,True,False,0,0
outer_3,ARTHWGT,binary,7679,167327,2,2,0,True,False,0,0
outer_3,ARTHEXER,binary,7623,167383,2,2,0,True,False,0,0
outer_3,ARTHEDU,binary,7687,167319,2,2,0,True,False,0,0
outer_3,TETANUS,categorical,10573,164433,3,3,0,True,False,0,0
outer_3,HPVADVC2,categorical,3790,171216,3,2,1,True,False,3205,6
outer_3,HPVADSHT,count,490,174516,3,3,0,True,False,0,0
outer_3,SHINGLE2,binary,10942,164064,2,2,0,True,False,0,0
outer_3,HADMAM,categorical,9042,165964,4,2,2,True,False,1637,34
outer_3,HOWLONG,ordinal,7329,167677,5,5,0,True,False,0,0
outer_3,HADPAP2,categorical,9041,165965,4,2,2,True,False,606,59
outer_3,LASTPAP2,ordinal,8231,166775,5,5,0,True,False,0,0
outer_3,HPVTEST,count,6431,168575,2,2,0,True,False,0,0
outer_3,HPLSTTST,ordinal,2573,172433,5,5,0,True,False,0,0
outer_3,HADHYST2,binary,8906,166100,2,2,0,True,False,0,0
outer_3,PROFEXAM,categorical,2291,172715,4,2,2,True,False,275,10
outer_3,LENGEXAM,ordinal,1997,173009,5,5,0,True,False,0,0
outer_3,BLDSTOOL,categorical,21401,153605,4,2,2,True,False,13592,181
outer_3,LSTBLDS3,ordinal,7586,167420,5,5,0,True,False,0,0
outer_3,HADSIGM3,categorical,21389,153617,4,2,2,True,False,5852,108
outer_3,HADSGCO1,binary,15202,159804,2,2,0,True,False,0,0
outer_3,LASTSIG3,ordinal,15324,159682,6,6,0,True,False,0,0
outer_3,PCPSAAD2,binary,2478,172528,2,2,0,True,False,0,0
outer_3,PCPSADI1,binary,2461,172545,2,2,0,True,False,0,0
outer_3,PCPSARE1,binary,2478,172528,2,2,0,True,False,0,0
outer_3,PSATEST1,categorical,2583,172423,4,3,1,True,False,112,10
outer_3,PSATIME,ordinal,1353,173653,5,5,0,True,False,0,0
outer_3,PCPSARS1,categorical,1368,173638,5,5,0,True,False,0,0
outer_3,PCPSADE1,categorical,323,174683,4,4,0,True,False,0,0
outer_3,PCDMDECN,categorical,93,174913,6,5,1,True,False,2,1
outer_3,SCNTMNY1,ordinal,27383,147623,6,5,1,True,False,15220,383
outer_3,SCNTMEL1,ordinal,28895,146111,6,5,1,True,False,19271,28
outer_3,SCNTPAID,categorical,13692,161314,4,4,0,True,False,0,0
outer_3,SCNTWRK1,count,13871,161135,89,25,64,False,False,13249,1249
outer_3,SCNTLPAD,categorical,9759,165247,4,4,0,True,False,0,0
outer_3,SCNTLWK1,count,13956,161050,84,22,62,False,False,13067,1214
outer_3,SXORIENT,categorical,64204,110802,4,3,1,True,False,1130,245
outer_3,TRNSGNDR,categorical,65088,109918,4,2,2,True,False,299,150
outer_3,RCSGENDR,binary,22618,152388,2,2,0,True,False,0,0
outer_3,RCSRLTN2,categorical,22753,152253,6,6,0,True,False,0,0
outer_3,CASTHDX2,categorical,19828,155178,2,2,0,True,False,0,0
outer_3,CASTHNO2,binary,2491,172515,2,2,0,True,False,0,0
outer_3,EMTSUPRT,ordinal,7821,167185,5,5,0,True,False,0,0
outer_3,LSATISFY,ordinal,7846,167160,4,3,1,True,False,410,93
outer_3,ADPLEASR,count,7831,167175,15,10,5,True,False,653,120
outer_3,ADDOWN,count,8001,167005,15,9,6,True,False,510,111
outer_3,ADSLEEP,count,7974,167032,15,12,3,True,False,343,39
outer_3,ADENERGY,count,7932,167074,15,11,4,True,False,407,94
outer_3,ADEAT1,count,7948,167058,15,10,5,True,False,720,142
outer_3,ADFAIL,count,7982,167024,15,8,7,True,False,683,253
outer_3,ADTHINK,count,7979,167027,15,8,7,True,False,490,159
outer_3,ADMOVE,count,7887,167119,15,6,9,True,False,7409,241
outer_3,MISTMNT,binary,8026,166980,2,2,0,True,False,0,0
outer_3,ADANXEV,binary,8001,167005,2,2,0,True,False,0,0
outer_3,_RFHLTH,binary,174538,468,2,2,0,True,False,0,0
outer_3,_HCVU651,binary,112222,62784,2,2,0,True,False,0,0
outer_3,_RFHYPE5,binary,174459,547,2,2,0,True,False,0,0
outer_3,_CHOLCHK,categorical,168962,6044,3,3,0,True,False,0,0
outer_3,_RFCHOL,binary,150237,24769,2,2,0,True,False,0,0
outer_3,_LTASTH1,binary,174440,566,2,2,0,True,False,0,0
outer_3,_CASTHM1,binary,173729,1277,2,2,0,True,False,0,0
outer_3,_ASTHMS1,categorical,173729,1277,3,3,0,True,False,0,0
outer_3,_DRDXAR1,binary,173992,1014,2,2,0,True,False,0,0
outer_3,_PRACE1,categorical,171538,3468,8,5,3,True,False,9409,1564
outer_3,_MRACE1,categorical,171538,3468,7,6,1,True,False,4670,678
outer_3,_HISPANC,binary,173416,1590,2,2,0,True,False,0,0
outer_3,_RACE,categorical,172119,2887,8,6,2,True,False,5174,1324
outer_3,_RACEG21,binary,172119,2887,2,2,0,True,False,0,0
outer_3,_RACEGR3,categorical,172119,2887,5,5,0,True,False,0,0
outer_3,_RACE_G1,categorical,172119,2887,5,5,0,True,False,0,0
outer_3,_AGE65YR,binary,172937,2069,2,2,0,True,False,0,0
outer_3,_AGE80,continuous,175006,0,63,52,11,True,False,37829,17973
outer_3,_AGE_G,ordinal,175006,0,6,6,0,True,False,0,0
outer_3,HTM4,continuous,168967,6039,90,18,72,False,False,158177,3617
outer_3,WTKG3,continuous,162744,12262,484,45,439,False,False,157971,38657
outer_3,_BMI5,continuous,160602,14404,3066,64,3002,False,False,160602,118070
outer_3,_BMI5CAT,categorical,160602,14404,4,4,0,True,False,0,0
outer_3,_RFBMI5,binary,160602,14404,2,2,0,True,False,0,0
outer_3,_CHLDCNT,count,173612,1394,6,5,1,True,False,3848,1295
outer_3,_EDUCAG,ordinal,174303,703,4,4,0,True,False,0,0
outer_3,_INCOMG,ordinal,143578,31428,5,5,0,True,False,0,0
outer_3,_SMOKER3,categorical,167962,7044,4,4,0,True,False,0,0
outer_3,_RFSMOK3,binary,167962,7044,2,2,0,True,False,0,0
outer_3,DRNKANY5,binary,166500,8506,2,2,0,True,False,0,0
outer_3,DROCDY3_,continuous,166500,8506,34,18,16,True,False,28171,4606
outer_3,_RFBING5,binary,164989,10017,2,2,0,True,False,0,0
outer_3,_DRNKWEK,count,164901,10105,193,22,171,False,False,54912,17547
outer_3,_RFDRHV5,binary,164901,10105,2,2,0,True,False,0,0
outer_3,FTJUDA1_,count,159836,15170,84,17,67,False,False,133397,8616
outer_3,FRUTDA1_,count,160701,14305,109,21,88,False,False,140142,6866
outer_3,BEANDAY_,count,159330,15676,84,18,66,False,False,66178,7084
outer_3,GRENDAY_,count,160110,14896,95,22,73,False,False,108542,7969
outer_3,ORNGDAY_,count,159553,15453,86,19,67,False,False,73967,5930
outer_3,VEGEDA1_,count,158711,16295,105,22,83,False,False,128456,9021
outer_3,_MISFRTN,count,175006,0,3,3,0,True,False,0,0
outer_3,_MISVEGN,count,175006,0,5,4,1,True,False,6220,1328
outer_3,_FRTRESP,categorical,175006,0,2,2,0,True,False,0,0
outer_3,_VEGRESP,categorical,175006,0,2,2,0,True,False,0,0
outer_3,_FRUTSUM,continuous,157851,17155,438,41,397,False,False,155260,37737
outer_3,_VEGESUM,continuous,154881,20125,903,64,839,False,False,144556,86037
outer_3,_FRTLT1,binary,157851,17155,2,2,0,True,False,0,0
outer_3,_VEGLT1,binary,154881,20125,2,2,0,True,False,0,0
outer_3,_FRT16,binary,175006,0,2,2,0,True,False,0,0
outer_3,_VEG23,binary,175006,0,2,2,0,True,False,0,0
outer_3,_FRUITEX,categorical,157851,17155,2,1,1,True,True,157851,37
outer_3,_VEGETEX,categorical,154881,20125,2,1,1,True,True,154881,21
outer_3,_TOTINDA,binary,160024,14982,2,2,0,True,False,0,0
outer_3,METVL11_,continuous,116817,58189,29,13,16,True,False,36643,4464
outer_3,METVL21_,continuous,114833,60173,29,16,13,True,False,75040,3823
outer_3,MAXVO2_,continuous,175006,0,163,64,99,False,False,145937,77940
outer_3,FC60_,continuous,175006,0,156,64,92,False,False,145937,74533
outer_3,ACTIN11_,categorical,115572,59434,3,3,0,True,False,0,0
outer_3,ACTIN21_,categorical,113632,61374,3,3,0,True,False,0,0
outer_3,PADUR1_,count,114067,60939,164,18,146,False,False,114067,4214
outer_3,PADUR2_,count,76383,98623,140,18,122,False,False,76383,3794
outer_3,PAFREQ1_,continuous,115450,59556,94,20,74,False,False,97306,4192
outer_3,PAFREQ2_,continuous,77360,97646,84,19,65,False,False,52816,2366
outer_3,_MINAC11,count,113323,61683,602,40,562,False,False,113323,20290
outer_3,_MINAC21,count,112450,62556,466,29,437,False,False,112450,16933
outer_3,STRFREQ_,continuous,157705,17301,88,14,74,False,False,148210,9056
outer_3,PAMISS1_,categorical,151500,23506,1,1,0,False,False,0,0
outer_3,PAMIN11_,count,112156,62850,705,43,662,False,False,112156,21696
outer_3,PAMIN21_,count,111301,63705,532,30,502,False,False,111301,18497
outer_3,PA1MIN_,count,114593,60413,2141,53,2088,False,False,110949,46738
outer_3,PAVIG11_,count,114079,60927,431,21,410,False,False,114079,13560
outer_3,PAVIG21_,count,112397,62609,330,15,315,False,False,112397,14034
outer_3,PA1VIGM_,count,115180,59826,1126,27,1099,False,False,115180,22572
outer_3,_PACAT1,categorical,152907,22099,4,4,0,True,False,0,0
outer_3,_PAINDX1,binary,153917,21089,2,2,0,True,False,0,0
outer_3,_PA150R2,ordinal,153917,21089,3,3,0,True,False,0,0
outer_3,_PA300R2,ordinal,152907,22099,3,3,0,True,False,0,0
outer_3,_PA30021,binary,152907,22099,2,2,0,True,False,0,0
outer_3,_PASTRNG,binary,157705,17301,2,2,0,True,False,0,0
outer_3,_PAREC1,categorical,152294,22712,4,4,0,True,False,0,0
outer_3,_PASTAE1,binary,152294,22712,2,2,0,True,False,0,0
outer_3,_LMTACT1,ordinal,168918,6088,3,3,0,True,False,0,0
outer_3,_LMTWRK1,ordinal,167986,7020,3,3,0,True,False,0,0
outer_3,_LMTSCL1,ordinal,168973,6033,4,4,0,True,False,0,0
outer_3,_RFSEAT2,binary,158189,16817,2,2,0,True,False,0,0
outer_3,_RFSEAT3,binary,158189,16817,2,2,0,True,False,0,0
outer_3,_FLSHOT6,binary,54810,120196,2,2,0,True,False,0,0
outer_3,_PNEUMO2,binary,53105,121901,2,2,0,True,False,0,0
outer_3,_AIDTST3,binary,152350,22656,2,2,0,True,False,0,0
outer_3_inner_1,_STATE,categorical,87503,0,53,47,6,True,False,13628,4967
outer_3_inner_1,FMONTH,categorical,87503,0,12,12,0,True,False,0,0
outer_3_inner_1,IMONTH,categorical,87503,0,12,12,0,True,False,0,0
outer_3_inner_1,IDAY,categorical,87503,0,31,30,1,True,False,2879,981
outer_3_inner_1,IYEAR,categorical,87503,0,2,2,0,True,False,0,0
outer_3_inner_1,CTELENUM,categorical,50217,37286,1,1,0,False,False,0,0
outer_3_inner_1,PVTRESD1,binary,50217,37286,2,1,1,True,True,50217,8
outer_3_inner_1,COLGHOUS,categorical,8,87495,1,1,0,False,False,0,0
outer_3_inner_1,STATERES,categorical,50217,37286,1,1,0,False,False,0,0
outer_3_inner_1,CELLFON3,binary,50217,37286,2,2,0,True,False,0,0
outer_3_inner_1,LADULT,binary,8,87495,2,2,0,True,False,0,0
outer_3_inner_1,NUMADULT,count,50210,37293,10,4,6,True,False,1848,403
outer_3_inner_1,NUMMEN,count,50183,37320,10,3,7,True,False,4004,622
outer_3_inner_1,NUMWOMEN,count,50183,37320,8,3,5,True,False,4974,668
outer_3_inner_1,CADULT,binary,37286,50217,2,2,0,True,False,0,0
outer_3_inner_1,PVTRESD2,binary,37286,50217,2,1,1,True,True,37286,197
outer_3_inner_1,CCLGHOUS,categorical,197,87306,1,1,0,False,False,0,0
outer_3_inner_1,CSTATE,binary,37286,50217,2,2,0,True,False,0,0
outer_3_inner_1,LANDLINE,binary,37069,50434,2,2,0,True,False,0,0
outer_3_inner_1,HHADULT,count,36185,51318,20,5,15,True,False,1142,382
outer_3_inner_1,GENHLTH,ordinal,87268,235,5,5,0,True,False,0,0
outer_3_inner_1,PHYSHLTH,count,85590,1913,31,13,18,True,False,10605,2099
outer_3_inner_1,MENTHLTH,count,86064,1439,31,11,20,True,False,11187,2042
outer_3_inner_1,POORHLTH,count,43862,43641,31,14,17,True,False,6177,792
outer_3_inner_1,HLTHPLN1,binary,87139,364,2,2,0,True,False,0,0
outer_3_inner_1,PERSDOC2,categorical,87148,355,3,3,0,True,False,0,0
outer_3_inner_1,MEDCOST,binary,87297,206,2,2,0,True,False,0,0
outer_3_inner_1,CHECKUP1,ordinal,86337,1166,5,4,1,True,False,6204,768
outer_3_inner_1,BPHIGH4,categorical,87226,277,4,3,1,True,False,51354,890
outer_3_inner_1,BPMEDS,binary,35143,52360,2,2,0,True,False,0,0
outer_3_inner_1,BLOODCHO,categorical,85610,1893,2,2,0,True,False,0,0
outer_3_inner_1,CHOLCHK,ordinal,74514,12989,4,4,0,True,False,0,0
outer_3_inner_1,TOLDHI2,binary,75000,12503,2,2,0,True,False,0,0
outer_3_inner_1,CVDSTRK3,binary,87312,191,2,2,0,True,False,0,0
outer_3_inner_1,ASTHMA3,categorical,87246,257,2,2,0,True,False,0,0
outer_3_inner_1,ASTHNOW,binary,11344,76159,2,2,0,True,False,0,0
outer_3_inner_1,CHCSCNCR,binary,87287,216,2,2,0,True,False,0,0
outer_3_inner_1,CHCOCNCR,binary,87336,167,2,2,0,True,False,0,0
outer_3_inner_1,CHCCOPD1,binary,87084,419,2,2,0,True,False,0,0
outer_3_inner_1,HAVARTH3,binary,87003,500,2,2,0,True,False,0,0
outer_3_inner_1,ADDEPEV2,binary,87118,385,2,2,0,True,False,0,0
outer_3_inner_1,CHCKIDNY,binary,87229,274,2,2,0,True,False,0,0
outer_3_inner_1,DIABETE3,categorical,87391,112,4,3,1,True,False,11990,718
outer_3_inner_1,DIABAGE2,count,10554,76949,92,43,49,False,False,3663,1381
outer_3_inner_1,SEX,binary,87503,0,2,2,0,True,False,0,0
outer_3_inner_1,MARITAL,categorical,86915,588,6,6,0,True,False,0,0
outer_3_inner_1,EDUCA,ordinal,87157,346,6,6,0,True,False,0,0
outer_3_inner_1,RENTHOM1,categorical,86901,602,3,3,0,True,False,0,0
outer_3_inner_1,NUMHHOL2,categorical,50047,37456,2,2,0,True,False,0,0
outer_3_inner_1,NUMPHON2,count,2518,84985,6,3,3,True,False,168,33
outer_3_inner_1,CPDEMO1,binary,49976,37527,2,2,0,True,False,0,0
outer_3_inner_1,VETERAN3,binary,87340,163,2,2,0,True,False,0,0
outer_3_inner_1,EMPLOY1,categorical,86756,747,8,8,0,True,False,0,0
outer_3_inner_1,CHILDREN,count,86831,672,18,5,13,True,False,1935,656
outer_3_inner_1,INCOME2,ordinal,71629,15874,8,8,0,True,False,0,0
outer_3_inner_1,INTERNET,binary,86401,1102,2,2,0,True,False,0,0
outer_3_inner_1,PREGNANT,binary,12682,74821,2,2,0,True,False,0,0
outer_3_inner_1,QLACTLM2,binary,85100,2403,2,2,0,True,False,0,0
outer_3_inner_1,USEEQUIP,binary,85255,2248,2,2,0,True,False,0,0
outer_3_inner_1,BLIND,binary,84963,2540,2,2,0,True,False,0,0
outer_3_inner_1,DECIDE,binary,84644,2859,2,2,0,True,False,0,0
outer_3_inner_1,DIFFWALK,binary,84644,2859,2,2,0,True,False,0,0
outer_3_inner_1,DIFFDRES,binary,84777,2726,2,2,0,True,False,0,0
outer_3_inner_1,DIFFALON,binary,84515,2988,2,2,0,True,False,0,0
outer_3_inner_1,SMOKE100,categorical,84052,3451,2,2,0,True,False,0,0
outer_3_inner_1,SMOKDAY2,ordinal,36265,51238,3,3,0,True,False,0,0
outer_3_inner_1,STOPSMK2,categorical,12231,75272,4,2,2,True,False,5260,43
outer_3_inner_1,LASTSMK2,ordinal,23838,63665,8,7,1,True,False,16077,198
outer_3_inner_1,USENOW3,ordinal,84192,3311,3,3,0,True,False,0,0
outer_3_inner_1,ALCDAY5,count,83234,4269,37,18,19,True,False,12482,3350
outer_3_inner_1,AVEDRNK2,count,41291,46212,32,7,25,True,False,1993,784
outer_3_inner_1,DRNK3GE5,count,41314,46189,36,8,28,True,False,2404,1050
outer_3_inner_1,MAXDRNKS,count,40507,46996,45,11,34,True,False,1855,584
outer_3_inner_1,FRUITJU1,count,79812,7691,85,20,65,False,False,10678,3282
outer_3_inner_1,FRUIT1,count,80255,7248,113,22,91,False,False,21026,4447
outer_3_inner_1,FVBEANS,count,79595,7908,81,21,60,False,False,13491,2462
outer_3_inner_1,FVGREEN,count,79945,7558,90,27,63,False,False,16784,3434
outer_3_inner_1,FVORANG,count,79691,7812,82,21,61,False,False,14451,2518
outer_3_inner_1,VEGETAB1,count,79287,8216,105,25,80,False,False,29504,4543
outer_3_inner_1,EXERANY2,binary,79955,7548,2,2,0,True,False,0,0
outer_3_inner_1,EXRACT11,categorical,58473,29030,75,21,54,False,False,49228,4132
outer_3_inner_1,EXEROFT1,count,57784,29719,85,22,63,False,False,19910,2009
outer_3_inner_1,EXERHMM1,count,57088,30415,136,18,118,False,False,57088,2144
outer_3_inner_1,EXRACT21,categorical,57479,30024,76,23,53,False,False,28247,4395
outer_3_inner_1,EXEROFT2,count,38589,48914,79,20,59,False,False,10496,1167
outer_3_inner_1,EXERHMM2,count,38120,49383,120,18,102,False,False,38120,1901
outer_3_inner_1,STRENGTH,count,78794,8709,83,15,68,False,False,13401,3692
outer_3_inner_1,LMTJOIN3,binary,26551,60952,2,2,0,True,False,0,0
outer_3_inner_1,ARTHDIS2,binary,26067,61436,2,2,0,True,False,0,0
outer_3_inner_1,ARTHSOCL,ordinal,26566,60937,3,3,0,True,False,0,0
outer_3_inner_1,JOINPAIN,count,25800,61703,11,11,0,True,False,0,0
outer_3_inner_1,SEATBELT,ordinal,79040,8463,6,4,2,True,False,4390,1045
outer_3_inner_1,FLUSHOT6,categorical,78729,8774,2,2,0,True,False,0,0
outer_3_inner_1,IMFVPLAC,categorical,37600,49903,11,8,3,True,False,3587,288
outer_3_inner_1,PNEUVAC3,binary,72032,15471,2,2,0,True,False,0,0
outer_3_inner_1,HIVTST6,categorical,76068,11435,2,2,0,True,False,0,0
outer_3_inner_1,WHRTST10,categorical,22113,65390,9,8,1,True,False,5059,262
outer_3_inner_1,PDIABTST,binary,15530,71973,2,2,0,True,False,0,0
outer_3_inner_1,PREDIAB1,categorical,16268,71235,3,3,0,True,False,0,0
outer_3_inner_1,INSULIN,binary,5807,81696,2,2,0,True,False,0,0
outer_3_inner_1,BLDSUGAR,ordinal,5705,81798,61,15,46,True,False,642,338
outer_3_inner_1,FEETCHK2,ordinal,5625,81878,52,13,39,True,False,474,241
outer_3_inner_1,DOCTDIAB,count,5617,81886,35,10,25,True,False,615,149
outer_3_inner_1,CHKHEMO3,ordinal,5432,82071,30,9,21,True,False,216,66
outer_3_inner_1,FEETCHK,count,5598,81905,32,8,24,True,False,422,146
outer_3_inner_1,EYEEXAM,categorical,5721,81782,5,5,0,True,False,0,0
outer_3_inner_1,DIABEYE,binary,5744,81759,2,2,0,True,False,0,0
outer_3_inner_1,DIABEDU,binary,5789,81714,2,2,0,True,False,0,0
outer_3_inner_1,CAREGIV1,categorical,21434,66069,5,2,3,True,False,16750,122
outer_3_inner_1,CRGVREL1,categorical,4650,82853,15,14,1,True,False,329,6
outer_3_inner_1,CRGVLNG1,ordinal,4609,82894,5,5,0,True,False,0,0
outer_3_inner_1,CRGVHRS1,ordinal,4404,83099,4,4,0,True,False,0,0
outer_3_inner_1,CRGVPRB1,categorical,4454,83049,13,11,2,True,False,632,37
outer_3_inner_1,CRGVPERS,binary,4635,82868,2,2,0,True,False,0,0
outer_3_inner_1,CRGVHOUS,binary,4631,82872,2,2,0,True,False,0,0
outer_3_inner_1,CRGVMST2,categorical,4487,83016,6,6,0,True,False,0,0
outer_3_inner_1,CRGVEXPT,binary,15392,72111,2,2,0,True,False,0,0
outer_3_inner_1,VIDFCLT2,ordinal,651,86852,7,4,3,True,False,21,6
outer_3_inner_1,VIREDIF3,ordinal,642,86861,6,5,1,True,False,13,2
outer_3_inner_1,VIPRFVS2,categorical,637,86866,5,5,0,True,False,0,0
outer_3_inner_1,VINOCRE2,categorical,215,87288,7,7,0,True,False,0,0
outer_3_inner_1,VIEYEXM2,categorical,500,87003,5,5,0,True,False,0,0
outer_3_inner_1,VIINSUR2,categorical,631,86872,2,2,0,True,False,0,0
outer_3_inner_1,VICTRCT4,categorical,642,86861,3,3,0,True,False,0,0
outer_3_inner_1,VIGLUMA2,binary,640,86863,2,2,0,True,False,0,0
outer_3_inner_1,VIMACDG2,binary,642,86861,2,2,0,True,False,0,0
outer_3_inner_1,CIMEMLOS,categorical,22944,64559,3,2,1,True,False,20591,50
outer_3_inner_1,CDHOUSE,ordinal,2467,85036,5,5,0,True,False,0,0
outer_3_inner_1,CDASSIST,ordinal,2521,84982,7,5,2,True,False,1332,28
outer_3_inner_1,CDHELP,ordinal,806,86697,5,5,0,True,False,0,0
outer_3_inner_1,CDSOCIAL,ordinal,2467,85036,5,5,0,True,False,0,0
outer_3_inner_1,CDDISCUS,binary,2499,85004,2,2,0,True,False,0,0
outer_3_inner_1,WTCHSALT,categorical,8173,79330,4,2,2,True,False,3165,49
outer_3_inner_1,LONGWTCH,count,4706,82797,106,28,78,False,False,2047,363
outer_3_inner_1,DRADVISE,binary,8120,79383,2,2,0,True,False,0,0
outer_3_inner_1,ASTHMAGE,count,198,87305,54,34,20,True,False,61,22
outer_3_inner_1,ASATTACK,categorical,141,87362,3,2,1,True,False,71,2
outer_3_inner_1,ASERVIST,count,70,87433,6,5,1,True,False,4,1
outer_3_inner_1,ASDRVIST,count,70,87433,8,7,1,True,False,2,1
outer_3_inner_1,ASRCHKUP,count,140,87363,11,8,3,True,False,9,3
outer_3_inner_1,ASACTLIM,ordinal,134,87369,17,13,4,True,False,10,4
outer_3_inner_1,ASYMPTOM,ordinal,133,87370,6,6,0,True,False,0,0
outer_3_inner_1,ASNOSLEP,ordinal,93,87410,6,6,0,True,False,0,0
outer_3_inner_1,ASTHMED3,count,135,87368,4,4,0,True,False,0,0
outer_3_inner_1,ASINHALR,ordinal,137,87366,6,5,1,True,False,11,1
outer_3_inner_1,HAREHAB1,binary,206,87297,2,2,0,True,False,0,0
outer_3_inner_1,STREHAB1,binary,126,87377,2,2,0,True,False,0,0
outer_3_inner_1,CVDASPRN,binary,3779,83724,2,2,0,True,False,0,0
outer_3_inner_1,ASPUNSAF,categorical,2690,84813,5,3,2,True,False,2396,26
outer_3_inner_1,RLIVPAIN,binary,1086,86417,2,2,0,True,False,0,0
outer_3_inner_1,RDUCHART,binary,1058,86445,2,2,0,True,False,0,0
outer_3_inner_1,RDUCSTRK,binary,1015,86488,2,2,0,True,False,0,0
outer_3_inner_1,ARTTODAY,categorical,3799,83704,4,4,0,True,False,0,0
outer_3_inner_1,ARTHWGT,binary,3794,83709,2,2,0,True,False,0,0
outer_3_inner_1,ARTHEXER,binary,3771,83732,2,2,0,True,False,0,0
outer_3_inner_1,ARTHEDU,binary,3796,83707,2,2,0,True,False,0,0
outer_3_inner_1,TETANUS,categorical,5295,82208,3,3,0,True,False,0,0
outer_3_inner_1,HPVADVC2,categorical,1883,85620,3,2,1,True,False,1601,3
outer_3_inner_1,HPVADSHT,count,240,87263,3,3,0,True,False,0,0
outer_3_inner_1,SHINGLE2,binary,5490,82013,2,2,0,True,False,0,0
outer_3_inner_1,HADMAM,categorical,4508,82995,4,2,2,True,False,819,17
outer_3_inner_1,HOWLONG,ordinal,3643,83860,5,5,0,True,False,0,0
outer_3_inner_1,HADPAP2,categorical,4508,82995,4,2,2,True,False,294,31
outer_3_inner_1,LASTPAP2,ordinal,4112,83391,5,5,0,True,False,0,0
outer_3_inner_1,HPVTEST,count,3165,84338,2,2,0,True,False,0,0
outer_3_inner_1,HPLSTTST,ordinal,1285,86218,5,5,0,True,False,0,0
outer_3_inner_1,HADHYST2,binary,4429,83074,2,2,0,True,False,0,0
outer_3_inner_1,PROFEXAM,categorical,1141,86362,4,2,2,True,False,143,6
outer_3_inner_1,LENGEXAM,ordinal,988,86515,5,5,0,True,False,0,0
outer_3_inner_1,BLDSTOOL,categorical,10683,76820,4,2,2,True,False,6778,98
outer_3_inner_1,LSTBLDS3,ordinal,3799,83704,5,5,0,True,False,0,0
outer_3_inner_1,HADSIGM3,categorical,10678,76825,4,2,2,True,False,2893,58
outer_3_inner_1,HADSGCO1,binary,7590,79913,2,2,0,True,False,0,0
outer_3_inner_1,LASTSIG3,ordinal,7672,79831,6,6,0,True,False,0,0
outer_3_inner_1,PCPSAAD2,binary,1254,86249,2,2,0,True,False,0,0
outer_3_inner_1,PCPSADI1,binary,1242,86261,2,2,0,True,False,0,0
outer_3_inner_1,PCPSARE1,binary,1253,86250,2,2,0,True,False,0,0
outer_3_inner_1,PSATEST1,categorical,1302,86201,4,3,1,True,False,56,6
outer_3_inner_1,PSATIME,ordinal,705,86798,5,5,0,True,False,0,0
outer_3_inner_1,PCPSARS1,categorical,711,86792,5,5,0,True,False,0,0
outer_3_inner_1,PCPSADE1,categorical,154,87349,4,4,0,True,False,0,0
outer_3_inner_1,PCDMDECN,categorical,43,87460,4,4,0,True,False,0,0
outer_3_inner_1,SCNTMNY1,ordinal,13783,73720,6,5,1,True,False,7704,194
outer_3_inner_1,SCNTMEL1,ordinal,14555,72948,6,5,1,True,False,9684,16
outer_3_inner_1,SCNTPAID,categorical,6905,80598,4,4,0,True,False,0,0
outer_3_inner_1,SCNTWRK1,count,6997,80506,83,23,60,False,False,6659,748
outer_3_inner_1,SCNTLPAD,categorical,4937,82566,4,4,0,True,False,0,0
outer_3_inner_1,SCNTLWK1,count,7027,80476,80,24,56,False,False,6286,515
outer_3_inner_1,SXORIENT,categorical,32088,55415,4,2,2,True,False,32088,556
outer_3_inner_1,TRNSGNDR,categorical,32533,54970,4,2,2,True,False,160,85
outer_3_inner_1,RCSGENDR,binary,11350,76153,2,2,0,True,False,0,0
outer_3_inner_1,RCSRLTN2,categorical,11432,76071,6,5,1,True,False,445,161
outer_3_inner_1,CASTHDX2,categorical,9985,77518,2,2,0,True,False,0,0
outer_3_inner_1,CASTHNO2,binary,1265,86238,2,2,0,True,False,0,0
outer_3_inner_1,EMTSUPRT,ordinal,4010,83493,5,5,0,True,False,0,0
outer_3_inner_1,LSATISFY,ordinal,4020,83483,4,3,1,True,False,219,58
outer_3_inner_1,ADPLEASR,count,3906,83597,14,10,4,True,False,266,63
outer_3_inner_1,ADDOWN,count,3992,83511,15,10,5,True,False,166,35
outer_3_inner_1,ADSLEEP,count,3975,83528,15,12,3,True,False,161,18
outer_3_inner_1,ADENERGY,count,3967,83536,15,12,3,True,False,179,10
outer_3_inner_1,ADEAT1,count,3961,83542,15,10,5,True,False,364,69
outer_3_inner_1,ADFAIL,count,3979,83524,15,8,7,True,False,187,93
outer_3_inner_1,ADTHINK,count,3974,83529,13,8,5,True,False,314,81
outer_3_inner_1,ADMOVE,count,3924,83579,14,7,7,True,False,140,70
outer_3_inner_1,MISTMNT,binary,3999,83504,2,2,0,True,False,0,0
outer_3_inner_1,ADANXEV,binary,3983,83520,2,2,0,True,False,0,0
outer_3_inner_1,_RFHLTH,binary,87268,235,2,2,0,True,False,0,0
outer_3_inner_1,_HCVU651,binary,56296,31207,2,2,0,True,False,0,0
outer_3_inner_1,_RFHYPE5,binary,87226,277,2,2,0,True,False,0,0
outer_3_inner_1,_CHOLCHK,categorical,84444,3059,3,3,0,True,False,0,0
outer_3_inner_1,_RFCHOL,binary,75000,12503,2,2,0,True,False,0,0
outer_3_inner_1,_LTASTH1,binary,87246,257,2,2,0,True,False,0,0
outer_3_inner_1,_CASTHM1,binary,86885,618,2,2,0,True,False,0,0
outer_3_inner_1,_ASTHMS1,categorical,86885,618,3,3,0,True,False,0,0
outer_3_inner_1,_DRDXAR1,binary,87003,500,2,2,0,True,False,0,0
outer_3_inner_1,_PRACE1,categorical,85747,1756,8,5,3,True,False,4664,782
outer_3_inner_1,_MRACE1,categorical,85747,1756,7,6,1,True,False,2321,351
outer_3_inner_1,_HISPANC,binary,86687,816,2,2,0,True,False,0,0
outer_3_inner_1,_RACE,categorical,86029,1474,8,6,2,True,False,2544,650
outer_3_inner_1,_RACEG21,binary,86029,1474,2,2,0,True,False,0,0
outer_3_inner_1,_RACEGR3,categorical,86029,1474,5,5,0,True,False,0,0
outer_3_inner_1,_RACE_G1,categorical,86029,1474,5,5,0,True,False,0,0
outer_3_inner_1,_AGE65YR,binary,86486,1017,2,2,0,True,False,0,0
outer_3_inner_1,_AGE80,continuous,87503,0,63,52,11,True,False,19204,9203
outer_3_inner_1,_AGE_G,ordinal,87503,0,6,6,0,True,False,0,0
outer_3_inner_1,HTM4,continuous,84433,3070,79,18,61,False,False,78976,1796
outer_3_inner_1,WTKG3,continuous,81331,6172,431,47,384,False,False,76757,18750
outer_3_inner_1,_BMI5,continuous,80189,7314,2642,64,2578,False,False,80189,59519
outer_3_inner_1,_BMI5CAT,categorical,80189,7314,4,4,0,True,False,0,0
outer_3_inner_1,_RFBMI5,binary,80189,7314,2,2,0,True,False,0,0
outer_3_inner_1,_CHLDCNT,count,86831,672,6,5,1,True,False,1935,656
outer_3_inner_1,_EDUCAG,ordinal,87157,346,4,4,0,True,False,0,0
outer_3_inner_1,_INCOMG,ordinal,71629,15874,5,5,0,True,False,0,0
outer_3_inner_1,_SMOKER3,categorical,83963,3540,4,4,0,True,False,0,0
outer_3_inner_1,_RFSMOK3,binary,83963,3540,2,2,0,True,False,0,0
outer_3_inner_1,DRNKANY5,binary,83234,4269,2,2,0,True,False,0,0
outer_3_inner_1,DROCDY3_,continuous,83234,4269,34,19,15,True,False,14100,2021
outer_3_inner_1,_RFBING5,binary,82463,5040,2,2,0,True,False,0,0
outer_3_inner_1,_DRNKWEK,count,82440,5063,172,23,149,False,False,26542,7874
outer_3_inner_1,_RFDRHV5,binary,82440,5063,2,2,0,True,False,0,0
outer_3_inner_1,FTJUDA1_,count,79812,7691,75,18,57,False,False,32822,3553
outer_3_inner_1,FRUTDA1_,count,80255,7248,102,22,80,False,False,69549,3122
outer_3_inner_1,BEANDAY_,count,79595,7908,73,18,55,False,False,33049,3586
outer_3_inner_1,GRENDAY_,count,79945,7558,81,21,60,False,False,55042,3849
outer_3_inner_1,ORNGDAY_,count,79691,7812,76,17,59,False,False,50987,4277
outer_3_inner_1,VEGEDA1_,count,79287,8216,95,23,72,False,False,57687,3718
outer_3_inner_1,_MISFRTN,count,87503,0,3,3,0,True,False,0,0
outer_3_inner_1,_MISVEGN,count,87503,0,5,4,1,True,False,3088,668
outer_3_inner_1,_FRTRESP,categorical,87503,0,2,2,0,True,False,0,0
outer_3_inner_1,_VEGRESP,categorical,87503,0,2,2,0,True,False,0,0
outer_3_inner_1,_FRUTSUM,continuous,78817,8686,375,42,333,False,False,76241,18363
outer_3_inner_1,_VEGESUM,continuous,77374,10129,796,64,732,False,False,72274,43052
outer_3_inner_1,_FRTLT1,binary,78817,8686,2,2,0,True,False,0,0
outer_3_inner_1,_VEGLT1,binary,77374,10129,2,2,0,True,False,0,0
outer_3_inner_1,_FRT16,binary,87503,0,2,2,0,True,False,0,0
outer_3_inner_1,_VEG23,binary,87503,0,2,2,0,True,False,0,0
outer_3_inner_1,_FRUITEX,categorical,78817,8686,2,1,1,True,True,78817,22
outer_3_inner_1,_VEGETEX,categorical,77374,10129,2,1,1,True,True,77374,16
outer_3_inner_1,_TOTINDA,binary,79955,7548,2,2,0,True,False,0,0
outer_3_inner_1,METVL11_,continuous,58473,29030,29,13,16,True,False,18263,2269
outer_3_inner_1,METVL21_,continuous,57479,30024,29,16,13,True,False,38905,1958
outer_3_inner_1,MAXVO2_,continuous,87503,0,163,64,99,False,False,72881,38762
outer_3_inner_1,FC60_,continuous,87503,0,156,64,92,False,False,72881,37067
outer_3_inner_1,ACTIN11_,categorical,57862,29641,3,3,0,True,False,0,0
outer_3_inner_1,ACTIN21_,categorical,56891,30612,3,3,0,True,False,0,0
outer_3_inner_1,PADUR1_,count,57088,30415,136,18,118,False,False,57088,2144
outer_3_inner_1,PADUR2_,count,38120,49383,120,18,102,False,False,38120,1901
outer_3_inner_1,PAFREQ1_,continuous,57784,29719,82,20,62,False,False,47812,2074
outer_3_inner_1,PAFREQ2_,continuous,38589,48914,76,19,57,False,False,26309,1167
outer_3_inner_1,_MINAC11,count,56713,30790,485,41,444,False,False,56713,9868
outer_3_inner_1,_MINAC21,count,56261,31242,376,28,348,False,False,56261,9332
outer_3_inner_1,STRFREQ_,continuous,78794,8709,80,15,65,False,False,71891,3724
outer_3_inner_1,PAMISS1_,categorical,75673,11830,1,1,0,False,False,0,0
outer_3_inner_1,PAMIN11_,count,56144,31359,561,43,518,False,False,52795,10329
outer_3_inner_1,PAMIN21_,count,55695,31808,420,31,389,False,False,55695,8704
outer_3_inner_1,PA1MIN_,count,57363,30140,1733,53,1680,False,False,57361,24099
outer_3_inner_1,PAVIG11_,count,57109,30394,338,20,318,False,False,57109,7003
outer_3_inner_1,PAVIG21_,count,56263,31240,266,15,251,False,False,56263,7165
outer_3_inner_1,PA1VIGM_,count,57656,29847,911,28,883,False,False,57656,10853
outer_3_inner_1,_PACAT1,categorical,76395,11108,4,4,0,True,False,0,0
outer_3_inner_1,_PAINDX1,binary,76916,10587,2,2,0,True,False,0,0
outer_3_inner_1,_PA150R2,ordinal,76916,10587,3,3,0,True,False,0,0
outer_3_inner_1,_PA300R2,ordinal,76395,11108,3,3,0,True,False,0,0
outer_3_inner_1,_PA30021,binary,76395,11108,2,2,0,True,False,0,0
outer_3_inner_1,_PASTRNG,binary,78794,8709,2,2,0,True,False,0,0
outer_3_inner_1,_PAREC1,categorical,76104,11399,4,4,0,True,False,0,0
outer_3_inner_1,_PASTAE1,binary,76104,11399,2,2,0,True,False,0,0
outer_3_inner_1,_LMTACT1,ordinal,84454,3049,3,3,0,True,False,0,0
outer_3_inner_1,_LMTWRK1,ordinal,83970,3533,3,3,0,True,False,0,0
outer_3_inner_1,_LMTSCL1,ordinal,84469,3034,4,4,0,True,False,0,0
outer_3_inner_1,_RFSEAT2,binary,79040,8463,2,2,0,True,False,0,0
outer_3_inner_1,_RFSEAT3,binary,79040,8463,2,2,0,True,False,0,0
outer_3_inner_1,_FLSHOT6,binary,27195,60308,2,2,0,True,False,0,0
outer_3_inner_1,_PNEUMO2,binary,26342,61161,2,2,0,True,False,0,0
outer_3_inner_1,_AIDTST3,binary,76068,11435,2,2,0,True,False,0,0
outer_3_inner_2,_STATE,categorical,87503,0,53,48,5,True,False,11464,4022
outer_3_inner_2,FMONTH,categorical,87503,0,12,12,0,True,False,0,0
outer_3_inner_2,IMONTH,categorical,87503,0,12,12,0,True,False,0,0
outer_3_inner_2,IDAY,categorical,87503,0,31,30,1,True,False,2821,982
outer_3_inner_2,IYEAR,categorical,87503,0,2,2,0,True,False,0,0
outer_3_inner_2,CTELENUM,categorical,50328,37175,1,1,0,False,False,0,0
outer_3_inner_2,PVTRESD1,binary,50328,37175,2,1,1,True,True,50328,7
outer_3_inner_2,COLGHOUS,categorical,7,87496,1,1,0,False,False,0,0
outer_3_inner_2,STATERES,categorical,50328,37175,1,1,0,False,False,0,0
outer_3_inner_2,CELLFON3,binary,50328,37175,2,2,0,True,False,0,0
outer_3_inner_2,LADULT,binary,7,87496,2,2,0,True,False,0,0
outer_3_inner_2,NUMADULT,count,50324,37179,10,4,6,True,False,1815,406
outer_3_inner_2,NUMMEN,count,50301,37202,7,3,4,True,False,4078,581
outer_3_inner_2,NUMWOMEN,count,50301,37202,8,3,5,True,False,4925,681
outer_3_inner_2,CADULT,binary,37175,50328,2,2,0,True,False,0,0
outer_3_inner_2,PVTRESD2,binary,37175,50328,2,1,1,True,True,37175,250
outer_3_inner_2,CCLGHOUS,categorical,250,87253,1,1,0,False,False,0,0
outer_3_inner_2,CSTATE,binary,37176,50327,2,2,0,True,False,0,0
outer_3_inner_2,LANDLINE,binary,36957,50546,2,2,0,True,False,0,0
outer_3_inner_2,HHADULT,count,35993,51510,18,5,13,True,False,1138,368
outer_3_inner_2,GENHLTH,ordinal,87270,233,5,5,0,True,False,0,0
outer_3_inner_2,PHYSHLTH,count,85572,1931,31,12,19,True,False,10546,2098
outer_3_inner_2,MENTHLTH,count,86066,1437,31,11,20,True,False,11335,2086
outer_3_inner_2,POORHLTH,count,43795,43708,31,14,17,True,False,7116,1290
outer_3_inner_2,HLTHPLN1,binary,87152,351,2,2,0,True,False,0,0
outer_3_inner_2,PERSDOC2,categorical,87144,359,3,3,0,True,False,0,0
outer_3_inner_2,MEDCOST,binary,87295,208,2,2,0,True,False,0,0
outer_3_inner_2,CHECKUP1,ordinal,86283,1220,5,4,1,True,False,6195,734
outer_3_inner_2,BPHIGH4,categorical,87233,270,4,3,1,True,False,51476,880
outer_3_inner_2,BPMEDS,binary,35050,52453,2,2,0,True,False,0,0
outer_3_inner_2,BLOODCHO,categorical,85660,1843,2,2,0,True,False,0,0
outer_3_inner_2,CHOLCHK,ordinal,74775,12728,4,4,0,True,False,0,0
outer_3_inner_2,TOLDHI2,binary,75237,12266,2,2,0,True,False,0,0
outer_3_inner_2,CVDSTRK3,binary,87307,196,2,2,0,True,False,0,0
outer_3_inner_2,ASTHMA3,categorical,87194,309,2,2,0,True,False,0,0
outer_3_inner_2,ASTHNOW,binary,11415,76088,2,2,0,True,False,0,0
outer_3_inner_2,CHCSCNCR,binary,87265,238,2,2,0,True,False,0,0
outer_3_inner_2,CHCOCNCR,binary,87302,201,2,2,0,True,False,0,0
outer_3_inner_2,CHCCOPD1,binary,87097,406,2,2,0,True,False,0,0
outer_3_inner_2,HAVARTH3,binary,86989,514,2,2,0,True,False,0,0
outer_3_inner_2,ADDEPEV2,binary,87136,367,2,2,0,True,False,0,0
outer_3_inner_2,CHCKIDNY,binary,87226,277,2,2,0,True,False,0,0
outer_3_inner_2,DIABETE3,categorical,87385,118,4,3,1,True,False,12056,655
outer_3_inner_2,DIABAGE2,count,10626,76877,94,42,52,False,False,3678,1510
outer_3_inner_2,SEX,binary,87503,0,2,2,0,True,False,0,0
outer_3_inner_2,MARITAL,categorical,86904,599,6,6,0,True,False,0,0
outer_3_inner_2,EDUCA,ordinal,87146,357,6,6,0,True,False,0,0
outer_3_inner_2,RENTHOM1,categorical,86893,610,3,3,0,True,False,0,0
outer_3_inner_2,NUMHHOL2,categorical,50133,37370,2,2,0,True,False,0,0
outer_3_inner_2,NUMPHON2,count,2593,84910,6,4,2,True,False,51,22
outer_3_inner_2,CPDEMO1,binary,50069,37434,2,2,0,True,False,0,0
outer_3_inner_2,VETERAN3,binary,87350,153,2,2,0,True,False,0,0
outer_3_inner_2,EMPLOY1,categorical,86742,761,8,8,0,True,False,0,0
outer_3_inner_2,CHILDREN,count,86781,722,15,5,10,True,False,1913,639
outer_3_inner_2,INCOME2,ordinal,71949,15554,8,8,0,True,False,0,0
outer_3_inner_2,INTERNET,binary,86386,1117,2,2,0,True,False,0,0
outer_3_inner_2,PREGNANT,binary,12690,74813,2,2,0,True,False,0,0
outer_3_inner_2,QLACTLM2,binary,85085,2418,2,2,0,True,False,0,0
outer_3_inner_2,USEEQUIP,binary,85266,2237,2,2,0,True,False,0,0
outer_3_inner_2,BLIND,binary,85003,2500,2,2,0,True,False,0,0
outer_3_inner_2,DECIDE,binary,84676,2827,2,2,0,True,False,0,0
outer_3_inner_2,DIFFWALK,binary,84664,2839,2,2,0,True,False,0,0
outer_3_inner_2,DIFFDRES,binary,84775,2728,2,2,0,True,False,0,0
outer_3_inner_2,DIFFALON,binary,84500,3003,2,2,0,True,False,0,0
outer_3_inner_2,SMOKE100,categorical,84081,3422,2,2,0,True,False,0,0
outer_3_inner_2,SMOKDAY2,ordinal,36472,51031,3,3,0,True,False,0,0
outer_3_inner_2,STOPSMK2,categorical,12133,75370,4,2,2,True,False,5269,44
outer_3_inner_2,LASTSMK2,ordinal,24136,63367,8,7,1,True,False,16331,141
outer_3_inner_2,USENOW3,ordinal,84189,3314,3,3,0,True,False,0,0
outer_3_inner_2,ALCDAY5,count,83266,4237,37,17,20,True,False,12522,3948
outer_3_inner_2,AVEDRNK2,count,41308,46195,31,7,24,True,False,1986,812
outer_3_inner_2,DRNK3GE5,count,41373,46130,34,8,26,True,False,2391,1114
outer_3_inner_2,MAXDRNKS,count,40548,46955,45,11,34,True,False,1820,587
outer_3_inner_2,FRUITJU1,count,80024,7479,83,20,63,False,False,11565,2871
outer_3_inner_2,FRUIT1,count,80446,7057,97,23,74,False,False,23080,4307
outer_3_inner_2,FVBEANS,count,79735,7768,76,21,55,False,False,10846,3136
outer_3_inner_2,FVGREEN,count,80165,7338,92,25,67,False,False,20301,3790
outer_3_inner_2,FVORANG,count,79862,7641,77,21,56,False,False,13981,2454
outer_3_inner_2,VEGETAB1,count,79424,8079,98,26,72,False,False,21928,3052
outer_3_inner_2,EXERANY2,binary,80069,7434,2,2,0,True,False,0,0
outer_3_inner_2,EXRACT11,categorical,58344,29159,75,20,55,False,False,46406,3807
outer_3_inner_2,EXEROFT1,count,57666,29837,85,22,63,False,False,20000,1999
outer_3_inner_2,EXERHMM1,count,56979,30524,139,19,120,False,False,55895,2022
outer_3_inner_2,EXRACT21,categorical,57354,30149,76,25,51,False,False,26285,4375
outer_3_inner_2,EXEROFT2,count,38771,48732,79,20,59,False,False,10581,1199
outer_3_inner_2,EXERHMM2,count,38263,49240,118,20,98,False,False,38263,1315
outer_3_inner_2,STRENGTH,count,78911,8592,75,15,60,False,False,13491,3672
outer_3_inner_2,LMTJOIN3,binary,26741,60762,2,2,0,True,False,0,0
outer_3_inner_2,ARTHDIS2,binary,26293,61210,2,2,0,True,False,0,0
outer_3_inner_2,ARTHSOCL,ordinal,26781,60722,3,3,0,True,False,0,0
outer_3_inner_2,JOINPAIN,count,25986,61517,11,11,0,True,False,0,0
outer_3_inner_2,SEATBELT,ordinal,79149,8354,6,4,2,True,False,4585,1107
outer_3_inner_2,FLUSHOT6,categorical,78826,8677,2,2,0,True,False,0,0
outer_3_inner_2,IMFVPLAC,categorical,37742,49761,11,8,3,True,False,3491,306
outer_3_inner_2,PNEUVAC3,binary,72288,15215,2,2,0,True,False,0,0
outer_3_inner_2,HIVTST6,categorical,76282,11221,2,2,0,True,False,0,0
outer_3_inner_2,WHRTST10,categorical,22121,65382,9,8,1,True,False,348,105
outer_3_inner_2,PDIABTST,binary,15590,71913,2,2,0,True,False,0,0
outer_3_inner_2,PREDIAB1,categorical,16242,71261,3,3,0,True,False,0,0
outer_3_inner_2,INSULIN,binary,5859,81644,2,2,0,True,False,0,0
outer_3_inner_2,BLDSUGAR,ordinal,5764,81739,54,17,37,True,False,871,314
outer_3_inner_2,FEETCHK2,ordinal,5713,81790,44,14,30,True,False,572,243
outer_3_inner_2,DOCTDIAB,count,5656,81847,31,9,22,True,False,625,152
outer_3_inner_2,CHKHEMO3,ordinal,5469,82034,23,9,14,True,False,221,60
outer_3_inner_2,FEETCHK,count,5635,81868,29,9,20,True,False,267,120
outer_3_inner_2,EYEEXAM,categorical,5789,81714,5,5,0,True,False,0,0
outer_3_inner_2,DIABEYE,binary,5799,81704,2,2,0,True,False,0,0
outer_3_inner_2,DIABEDU,binary,5841,81662,2,2,0,True,False,0,0
outer_3_inner_2,CAREGIV1,categorical,21397,66106,5,2,3,True,False,16575,112
outer_3_inner_2,CRGVREL1,categorical,4786,82717,15,13,2,True,False,449,51
outer_3_inner_2,CRGVLNG1,ordinal,4752,82751,5,5,0,True,False,0,0
outer_3_inner_2,CRGVHRS1,ordinal,4518,82985,4,4,0,True,False,0,0
outer_3_inner_2,CRGVPRB1,categorical,4587,82916,13,10,3,True,False,813,47
outer_3_inner_2,CRGVPERS,binary,4775,82728,2,2,0,True,False,0,0
outer_3_inner_2,CRGVHOUS,binary,4782,82721,2,2,0,True,False,0,0
outer_3_inner_2,CRGVMST2,categorical,4633,82870,6,6,0,True,False,0,0
outer_3_inner_2,CRGVEXPT,binary,15346,72157,2,2,0,True,False,0,0
outer_3_inner_2,VIDFCLT2,ordinal,648,86855,6,5,1,True,False,15,4
outer_3_inner_2,VIREDIF3,ordinal,644,86859,6,5,1,True,False,17,4
outer_3_inner_2,VIPRFVS2,categorical,644,86859,5,4,1,True,False,114,8
outer_3_inner_2,VINOCRE2,categorical,222,87281,8,5,3,True,False,106,4
outer_3_inner_2,VIEYEXM2,categorical,507,86996,6,5,1,True,False,30,1
outer_3_inner_2,VIINSUR2,categorical,633,86870,2,2,0,True,False,0,0
outer_3_inner_2,VICTRCT4,categorical,644,86859,3,3,0,True,False,0,0
outer_3_inner_2,VIGLUMA2,binary,645,86858,2,2,0,True,False,0,0
outer_3_inner_2,VIMACDG2,binary,639,86864,2,2,0,True,False,0,0
outer_3_inner_2,CIMEMLOS,categorical,23090,64413,3,2,1,True,False,20662,34
outer_3_inner_2,CDHOUSE,ordinal,2529,84974,5,5,0,True,False,0,0
outer_3_inner_2,CDASSIST,ordinal,2586,84917,7,5,2,True,False,1394,29
outer_3_inner_2,CDHELP,ordinal,803,86700,5,5,0,True,False,0,0
outer_3_inner_2,CDSOCIAL,ordinal,2536,84967,5,5,0,True,False,0,0
outer_3_inner_2,CDDISCUS,binary,2564,84939,2,2,0,True,False,0,0
outer_3_inner_2,WTCHSALT,categorical,8140,79363,4,2,2,True,False,3159,43
outer_3_inner_2,LONGWTCH,count,4728,82775,100,27,73,False,False,2251,444
outer_3_inner_2,DRADVISE,binary,8081,79422,2,2,0,True,False,0,0
outer_3_inner_2,ASTHMAGE,count,202,87301,46,30,16,True,False,44,18
outer_3_inner_2,ASATTACK,categorical,137,87366,3,2,1,True,False,81,2
outer_3_inner_2,ASERVIST,count,55,87448,5,5,0,True,False,0,0
outer_3_inner_2,ASDRVIST,count,54,87449,8,8,0,True,False,0,0
outer_3_inner_2,ASRCHKUP,count,134,87369,9,7,2,True,False,10,2
outer_3_inner_2,ASACTLIM,ordinal,129,87374,14,11,3,True,False,11,3
outer_3_inner_2,ASYMPTOM,ordinal,135,87368,6,6,0,True,False,0,0
outer_3_inner_2,ASNOSLEP,ordinal,92,87411,6,6,0,True,False,0,0
outer_3_inner_2,ASTHMED3,count,132,87371,4,4,0,True,False,0,0
outer_3_inner_2,ASINHALR,ordinal,135,87368,7,7,0,True,False,0,0
outer_3_inner_2,HAREHAB1,binary,219,87284,2,2,0,True,False,0,0
outer_3_inner_2,STREHAB1,binary,150,87353,2,2,0,True,False,0,0
outer_3_inner_2,CVDASPRN,binary,3804,83699,2,2,0,True,False,0,0
outer_3_inner_2,ASPUNSAF,categorical,2644,84859,5,3,2,True,False,2328,27
outer_3_inner_2,RLIVPAIN,binary,1159,86344,2,2,0,True,False,0,0
outer_3_inner_2,RDUCHART,binary,1137,86366,2,2,0,True,False,0,0
outer_3_inner_2,RDUCSTRK,binary,1082,86421,2,2,0,True,False,0,0
outer_3_inner_2,ARTTODAY,categorical,3891,83612,4,4,0,True,False,0,0
outer_3_inner_2,ARTHWGT,binary,3885,83618,2,2,0,True,False,0,0
outer_3_inner_2,ARTHEXER,binary,3852,83651,2,2,0,True,False,0,0
outer_3_inner_2,ARTHEDU,binary,3891,83612,2,2,0,True,False,0,0
outer_3_inner_2,TETANUS,categorical,5278,82225,3,3,0,True,False,0,0
outer_3_inner_2,HPVADVC2,categorical,1907,85596,3,2,1,True,False,1604,3
outer_3_inner_2,HPVADSHT,count,250,87253,3,3,0,True,False,0,0
outer_3_inner_2,SHINGLE2,binary,5452,82051,2,2,0,True,False,0,0
outer_3_inner_2,HADMAM,categorical,4534,82969,4,2,2,True,False,818,17
outer_3_inner_2,HOWLONG,ordinal,3686,83817,5,5,0,True,False,0,0
outer_3_inner_2,HADPAP2,categorical,4533,82970,4,2,2,True,False,312,28
outer_3_inner_2,LASTPAP2,ordinal,4119,83384,5,5,0,True,False,0,0
outer_3_inner_2,HPVTEST,count,3266,84237,2,2,0,True,False,0,0
outer_3_inner_2,HPLSTTST,ordinal,1288,86215,5,5,0,True,False,0,0
outer_3_inner_2,HADHYST2,binary,4477,83026,2,2,0,True,False,0,0
outer_3_inner_2,PROFEXAM,categorical,1150,86353,4,2,2,True,False,132,4
outer_3_inner_2,LENGEXAM,ordinal,1009,86494,5,5,0,True,False,0,0
outer_3_inner_2,BLDSTOOL,categorical,10718,76785,4,2,2,True,False,6814,83
outer_3_inner_2,LSTBLDS3,ordinal,3787,83716,5,5,0,True,False,0,0
outer_3_inner_2,HADSIGM3,categorical,10711,76792,4,2,2,True,False,2959,50
outer_3_inner_2,HADSGCO1,binary,7612,79891,2,2,0,True,False,0,0
outer_3_inner_2,LASTSIG3,ordinal,7652,79851,6,6,0,True,False,0,0
outer_3_inner_2,PCPSAAD2,binary,1224,86279,2,2,0,True,False,0,0
outer_3_inner_2,PCPSADI1,binary,1219,86284,2,2,0,True,False,0,0
outer_3_inner_2,PCPSARE1,binary,1225,86278,2,2,0,True,False,0,0
outer_3_inner_2,PSATEST1,categorical,1281,86222,4,3,1,True,False,56,4
outer_3_inner_2,PSATIME,ordinal,648,86855,5,5,0,True,False,0,0
outer_3_inner_2,PCPSARS1,categorical,657,86846,5,5,0,True,False,0,0
outer_3_inner_2,PCPSADE1,categorical,169,87334,4,4,0,True,False,0,0
outer_3_inner_2,PCDMDECN,categorical,50,87453,4,4,0,True,False,0,0
outer_3_inner_2,SCNTMNY1,ordinal,13600,73903,6,5,1,True,False,7516,189
outer_3_inner_2,SCNTMEL1,ordinal,14340,73163,6,5,1,True,False,9587,12
outer_3_inner_2,SCNTPAID,categorical,6787,80716,4,4,0,True,False,0,0
outer_3_inner_2,SCNTWRK1,count,6874,80629,87,25,62,False,False,6259,602
outer_3_inner_2,SCNTLPAD,categorical,4822,82681,4,4,0,True,False,0,0
outer_3_inner_2,SCNTLWK1,count,6929,80574,76,21,55,False,False,6320,558
outer_3_inner_2,SXORIENT,categorical,32116,55387,4,3,1,True,False,558,114
outer_3_inner_2,TRNSGNDR,categorical,32555,54948,4,2,2,True,False,139,65
outer_3_inner_2,RCSGENDR,binary,11268,76235,2,2,0,True,False,0,0
outer_3_inner_2,RCSRLTN2,categorical,11321,76182,6,6,0,True,False,0,0
outer_3_inner_2,CASTHDX2,categorical,9843,77660,2,2,0,True,False,0,0
outer_3_inner_2,CASTHNO2,binary,1226,86277,2,2,0,True,False,0,0
outer_3_inner_2,EMTSUPRT,ordinal,3811,83692,5,5,0,True,False,0,0
outer_3_inner_2,LSATISFY,ordinal,3826,83677,4,3,1,True,False,191,35
outer_3_inner_2,ADPLEASR,count,3925,83578,15,10,5,True,False,330,57
outer_3_inner_2,ADDOWN,count,4009,83494,14,10,4,True,False,173,45
outer_3_inner_2,ADSLEEP,count,3999,83504,15,11,4,True,False,266,72
outer_3_inner_2,ADENERGY,count,3965,83538,15,12,3,True,False,355,77
outer_3_inner_2,ADEAT1,count,3987,83516,15,10,5,True,False,356,73
outer_3_inner_2,ADFAIL,count,4003,83500,15,8,7,True,False,237,68
outer_3_inner_2,ADTHINK,count,4005,83498,15,8,7,True,False,245,76
outer_3_inner_2,ADMOVE,count,3963,83540,14,7,7,True,False,254,86
outer_3_inner_2,MISTMNT,binary,4027,83476,2,2,0,True,False,0,0
outer_3_inner_2,ADANXEV,binary,4018,83485,2,2,0,True,False,0,0
outer_3_inner_2,_RFHLTH,binary,87270,233,2,2,0,True,False,0,0
outer_3_inner_2,_HCVU651,binary,55926,31577,2,2,0,True,False,0,0
outer_3_inner_2,_RFHYPE5,binary,87233,270,2,2,0,True,False,0,0
outer_3_inner_2,_CHOLCHK,categorical,84518,2985,3,3,0,True,False,0,0
outer_3_inner_2,_RFCHOL,binary,75237,12266,2,2,0,True,False,0,0
outer_3_inner_2,_LTASTH1,binary,87194,309,2,2,0,True,False,0,0
outer_3_inner_2,_CASTHM1,binary,86844,659,2,2,0,True,False,0,0
outer_3_inner_2,_ASTHMS1,categorical,86844,659,3,3,0,True,False,0,0
outer_3_inner_2,_DRDXAR1,binary,86989,514,2,2,0,True,False,0,0
outer_3_inner_2,_PRACE1,categorical,85791,1712,7,5,2,True,False,4745,782
outer_3_inner_2,_MRACE1,categorical,85791,1712,7,6,1,True,False,2349,327
outer_3_inner_2,_HISPANC,binary,86729,774,2,2,0,True,False,0,0
outer_3_inner_2,_RACE,categorical,86090,1413,8,7,1,True,False,674,265
outer_3_inner_2,_RACEG21,binary,86090,1413,2,2,0,True,False,0,0
outer_3_inner_2,_RACEGR3,categorical,86090,1413,5,5,0,True,False,0,0
outer_3_inner_2,_RACE_G1,categorical,86090,1413,5,5,0,True,False,0,0
outer_3_inner_2,_AGE65YR,binary,86451,1052,2,2,0,True,False,0,0
outer_3_inner_2,_AGE80,continuous,87503,0,63,52,11,True,False,19051,8949
outer_3_inner_2,_AGE_G,ordinal,87503,0,6,6,0,True,False,0,0
outer_3_inner_2,HTM4,continuous,84534,2969,80,18,62,False,False,78271,1821
outer_3_inner_2,WTKG3,continuous,81413,6090,430,46,384,False,False,81046,19069
outer_3_inner_2,_BMI5,continuous,80413,7090,2630,64,2566,False,False,80413,58396
outer_3_inner_2,_BMI5CAT,categorical,80413,7090,4,4,0,True,False,0,0
outer_3_inner_2,_RFBMI5,binary,80413,7090,2,2,0,True,False,0,0
outer_3_inner_2,_CHLDCNT,count,86781,722,6,5,1,True,False,1913,639
outer_3_inner_2,_EDUCAG,ordinal,87146,357,4,4,0,True,False,0,0
outer_3_inner_2,_INCOMG,ordinal,71949,15554,5,5,0,True,False,0,0
outer_3_inner_2,_SMOKER3,categorical,83999,3504,4,4,0,True,False,0,0
outer_3_inner_2,_RFSMOK3,binary,83999,3504,2,2,0,True,False,0,0
outer_3_inner_2,DRNKANY5,binary,83266,4237,2,2,0,True,False,0,0
outer_3_inner_2,DROCDY3_,continuous,83266,4237,34,17,17,True,False,17258,2777
outer_3_inner_2,_RFBING5,binary,82526,4977,2,2,0,True,False,0,0
outer_3_inner_2,_DRNKWEK,count,82461,5042,169,24,145,False,False,22663,7280
outer_3_inner_2,_RFDRHV5,binary,82461,5042,2,2,0,True,False,0,0
outer_3_inner_2,FTJUDA1_,count,80024,7479,75,17,58,False,False,66551,4513
outer_3_inner_2,FRUTDA1_,count,80446,7057,88,21,67,False,False,70218,3369
outer_3_inner_2,BEANDAY_,count,79735,7768,68,17,51,False,False,47230,3857
outer_3_inner_2,GRENDAY_,count,80165,7338,83,22,61,False,False,62885,3569
outer_3_inner_2,ORNGDAY_,count,79862,7641,69,19,50,False,False,37085,2901
outer_3_inner_2,VEGEDA1_,count,79424,8079,87,21,66,False,False,67582,4737
outer_3_inner_2,_MISFRTN,count,87503,0,3,3,0,True,False,0,0
outer_3_inner_2,_MISVEGN,count,87503,0,5,4,1,True,False,3132,660
outer_3_inner_2,_FRTRESP,categorical,87503,0,2,2,0,True,False,0,0
outer_3_inner_2,_VEGRESP,categorical,87503,0,2,2,0,True,False,0,0
outer_3_inner_2,_FRUTSUM,continuous,79034,8469,372,42,330,False,False,77354,17502
outer_3_inner_2,_VEGESUM,continuous,77507,9996,791,64,727,False,False,73581,42735
outer_3_inner_2,_FRTLT1,binary,79034,8469,2,2,0,True,False,0,0
outer_3_inner_2,_VEGLT1,binary,77507,9996,2,2,0,True,False,0,0
outer_3_inner_2,_FRT16,binary,87503,0,2,2,0,True,False,0,0
outer_3_inner_2,_VEG23,binary,87503,0,2,2,0,True,False,0,0
outer_3_inner_2,_FRUITEX,categorical,79034,8469,2,1,1,True,True,79034,15
outer_3_inner_2,_VEGETEX,categorical,77507,9996,2,1,1,True,True,77507,5
outer_3_inner_2,_TOTINDA,binary,80069,7434,2,2,0,True,False,0,0
outer_3_inner_2,METVL11_,continuous,58344,29159,29,12,17,True,False,19966,2599
outer_3_inner_2,METVL21_,continuous,57354,30149,29,15,14,True,False,34657,2078
outer_3_inner_2,MAXVO2_,continuous,87503,0,163,64,99,False,False,72594,38561
outer_3_inner_2,FC60_,continuous,87503,0,156,64,92,False,False,72594,36867
outer_3_inner_2,ACTIN11_,categorical,57710,29793,3,3,0,True,False,0,0
outer_3_inner_2,ACTIN21_,categorical,56741,30762,3,3,0,True,False,0,0
outer_3_inner_2,PADUR1_,count,56979,30524,139,19,120,False,False,55895,2022
outer_3_inner_2,PADUR2_,count,38263,49240,118,20,98,False,False,38263,1315
outer_3_inner_2,PAFREQ1_,continuous,57666,29837,82,21,61,False,False,47646,2022
outer_3_inner_2,PAFREQ2_,continuous,38771,48732,76,20,56,False,False,25678,934
outer_3_inner_2,_MINAC11,count,56610,30893,481,41,440,False,False,56610,9555
outer_3_inner_2,_MINAC21,count,56189,31314,367,30,337,False,False,56189,7982
outer_3_inner_2,STRFREQ_,continuous,78911,8592,72,14,58,False,False,74202,4516
outer_3_inner_2,PAMISS1_,categorical,75827,11676,1,1,0,False,False,0,0
outer_3_inner_2,PAMIN11_,count,56012,31491,558,42,516,False,False,56012,10907
outer_3_inner_2,PAMIN21_,count,55606,31897,417,30,387,False,False,55606,8990
outer_3_inner_2,PA1MIN_,count,57230,30273,1716,55,1661,False,False,57230,23220
outer_3_inner_2,PAVIG11_,count,56970,30533,335,20,315,False,False,56970,7075
outer_3_inner_2,PAVIG21_,count,56134,31369,260,15,245,False,False,56134,6751
outer_3_inner_2,PA1VIGM_,count,57524,29979,911,27,884,False,False,57524,11351
outer_3_inner_2,_PACAT1,categorical,76512,10991,4,4,0,True,False,0,0
outer_3_inner_2,_PAINDX1,binary,77001,10502,2,2,0,True,False,0,0
outer_3_inner_2,_PA150R2,ordinal,77001,10502,3,3,0,True,False,0,0
outer_3_inner_2,_PA300R2,ordinal,76512,10991,3,3,0,True,False,0,0
outer_3_inner_2,_PA30021,binary,76512,10991,2,2,0,True,False,0,0
outer_3_inner_2,_PASTRNG,binary,78911,8592,2,2,0,True,False,0,0
outer_3_inner_2,_PAREC1,categorical,76190,11313,4,4,0,True,False,0,0
outer_3_inner_2,_PASTAE1,binary,76190,11313,2,2,0,True,False,0,0
outer_3_inner_2,_LMTACT1,ordinal,84464,3039,3,3,0,True,False,0,0
outer_3_inner_2,_LMTWRK1,ordinal,84016,3487,3,3,0,True,False,0,0
outer_3_inner_2,_LMTSCL1,ordinal,84504,2999,4,4,0,True,False,0,0
outer_3_inner_2,_RFSEAT2,binary,79149,8354,2,2,0,True,False,0,0
outer_3_inner_2,_RFSEAT3,binary,79149,8354,2,2,0,True,False,0,0
outer_3_inner_2,_FLSHOT6,binary,27615,59888,2,2,0,True,False,0,0
outer_3_inner_2,_PNEUMO2,binary,26763,60740,2,2,0,True,False,0,0
outer_3_inner_2,_AIDTST3,binary,76282,11221,2,2,0,True,False,0,0
