position,name,title,description,semantic_type,semantic_type_basis,source_kind,section,codebook_pages,special_values,blank_meaning,temporal_role,leakage_risk,leakage_reason,competition_use,staff_question,train_missing_fraction,test_missing_fraction,missing_fraction_difference,train_unique_count,train_top_values,test_top_values,train_min,train_max,exact_duplicate_of
0,Id,Project row identifier,Identifier assigned to each project observation.,identifier,Project file structure,project_identifier,,[],[],Not blank,not_applicable,none,,include,,0.0,0.0,0.0,328135,[],[],0,328134,
1,_STATE,State FIPS Code,State FIPS Code,categorical,Named categories without a useful numeric distance,core_survey,0.1,"[2, 3]",[],No documented blank category,contemporaneous,none,,include,,0.0,0.0,0.0,53,"[{""value"": ""20"", ""count"": 17383, ""fraction"": 0.0529751474240785}, {""value"": ""31"", ""count"": 12959, ""fraction"": 0.039492891645207}, {""value"": ""27"", ""count"": 12575, ""fraction"": 0.0383226415956847}, {""value"": ""53"", ""count"": 11997, ""fraction"": 0.03656117146905999}, {""value"": ""48"", ""count"": 10885, ""fraction"": 0.03317232236731833}, {""value"": ""8"", ""count"": 10065, ""fraction"": 0.030673350907400917}, {""value"": ""6"", ""count"": 9432, ""fraction"": 0.0287442668413915}, {""value"": ""24"", ""count"": 9343, ""fraction"": 0.028473037012205344}, {""value"": ""36"", ""count"": 9194, ""fraction"": 0.028018955612781324}, {""value"": ""9"", ""count"": 8878, ""fraction"": 0.027055937342861932}]","[{""value"": ""20"", ""count"": 5652, ""fraction"": 0.05167353879629545}, {""value"": ""31"", ""count"": 4424, ""fraction"": 0.04044652081295313}, {""value"": ""27"", ""count"": 4087, ""fraction"": 0.037365490633485404}, {""value"": ""53"", ""count"": 3966, ""fraction"": 0.0362592453761691}, {""value"": ""48"", ""count"": 3661, ""fraction"": 0.033470775925908997}, {""value"": ""8"", ""count"": 3372, ""fraction"": 0.0308285868402527}, {""value"": ""24"", ""count"": 3140, ""fraction"": 0.028707521553497473}, {""value"": ""6"", ""count"": 3104, ""fraction"": 0.028378390733138904}, {""value"": ""36"", ""count"": 3064, ""fraction"": 0.02801268982162938}, {""value"": ""39"", ""count"": 2978, ""fraction"": 0.02722643286188391}]",1.0,72.0,
2,FMONTH,File Month,File Month,categorical,Named categories without a useful numeric distance,core_survey,0.8,[3],[],No documented blank category,contemporaneous,none,,include,,0.0,0.0,0.0,12,"[{""value"": ""1"", ""count"": 32926, ""fraction"": 0.10034284669419599}, {""value"": ""10"", ""count"": 31335, ""fraction"": 0.09549423255672208}, {""value"": ""7"", ""count"": 30716, ""fraction"": 0.0936078138571015}, {""value"": ""4"", ""count"": 30272, ""fraction"": 0.09225471223734134}, {""value"": ""2"", ""count"": 27550, ""fraction"": 0.08395934600088378}, {""value"": ""3"", ""count"": 25980, ""fraction"": 0.07917472991299312}, {""value"": ""11"", ""count"": 25512, ""fraction"": 0.07774848766513782}, {""value"": ""5"", ""count"": 25002, ""fraction"": 0.07619424931811603}, {""value"": ""12"", ""count"": 24955, ""fraction"": 0.07605101558809636}, {""value"": ""9"", ""count"": 24787, ""fraction"": 0.07553903119143035}]","[{""value"": ""1"", ""count"": 11001, ""fraction"": 0.10057689318790627}, {""value"": ""10"", ""count"": 10541, ""fraction"": 0.09637133270554676}, {""value"": ""7"", ""count"": 10217, ""fraction"": 0.09340915532231964}, {""value"": ""4"", ""count"": 9964, ""fraction"": 0.09109609705702192}, {""value"": ""2"", ""count"": 9261, ""fraction"": 0.08466890353724206}, {""value"": ""3"", ""count"": 8786, ""fraction"": 0.08032620521306649}, {""value"": ""11"", ""count"": 8565, ""fraction"": 0.07830570767697638}, {""value"": ""8"", ""count"": 8268, ""fraction"": 0.07559037840901818}, {""value"": ""6"", ""count"": 8256, ""fraction"": 0.07548066813556532}, {""value"": ""5"", ""count"": 8198, ""fraction"": 0.07495040181387652}]",1.0,12.0,
3,IDATE,Interview Date,Interview Date,date,Calendar month and year or complete interview date,core_survey,0.9,[4],[],No documented blank category,contemporaneous,none,,include,,0.0,0.0,0.0,>256,[],[],1012016.0,12312015.0,
4,IMONTH,Interview Month,Interview Month,categorical,Named categories without a useful numeric distance,core_survey,0.10,[4],[],No documented blank category,contemporaneous,none,,include,,0.0,0.0,0.0,12,"[{""value"": ""3"", ""count"": 31444, ""fraction"": 0.09582641290932085}, {""value"": ""11"", ""count"": 29486, ""fraction"": 0.08985935666722537}, {""value"": ""2"", ""count"": 29161, ""fraction"": 0.08886891066177031}, {""value"": ""1"", ""count"": 27937, ""fraction"": 0.08513873862891798}, {""value"": ""7"", ""count"": 27512, ""fraction"": 0.0838435400063998}, {""value"": ""12"", ""count"": 27174, ""fraction"": 0.08281347616072653}, {""value"": ""6"", ""count"": 26894, ""fraction"": 0.08196016883294985}, {""value"": ""8"", ""count"": 26873, ""fraction"": 0.0818961707833666}, {""value"": ""4"", ""count"": 26611, ""fraction"": 0.08109771892666129}, {""value"": ""10"", ""count"": 26443, ""fraction"": 0.08058573452999528}]","[{""value"": ""3"", ""count"": 10599, ""fraction"": 0.09690159902723558}, {""value"": ""11"", ""count"": 10000, ""fraction"": 0.09142522787738049}, {""value"": ""2"", ""count"": 9705, ""fraction"": 0.08872818365499777}, {""value"": ""1"", ""count"": 9281, ""fraction"": 0.08485175399299683}, {""value"": ""7"", ""count"": 9124, ""fraction"": 0.08341637791532196}, {""value"": ""8"", ""count"": 9122, ""fraction"": 0.08339809286974648}, {""value"": ""6"", ""count"": 8998, ""fraction"": 0.08226442004406696}, {""value"": ""4"", ""count"": 8926, ""fraction"": 0.08160615840334982}, {""value"": ""12"", ""count"": 8884, ""fraction"": 0.08122217244626483}, {""value"": ""10"", ""count"": 8776, ""fraction"": 0.08023477998518912}]",1.0,12.0,
5,IDAY,Interview Day,Interview Day,categorical,Named categories without a useful numeric distance,core_survey,0.11,[5],[],No documented blank category,contemporaneous,none,,include,,0.0,0.0,0.0,31,"[{""value"": ""9"", ""count"": 13815, ""fraction"": 0.04210157404726713}, {""value"": ""8"", ""count"": 12911, ""fraction"": 0.03934661038901672}, {""value"": ""7"", ""count"": 12788, ""fraction"": 0.0389717646700291}, {""value"": ""14"", ""count"": 12744, ""fraction"": 0.03883767351852134}, {""value"": ""12"", ""count"": 12662, ""fraction"": 0.0385877763725296}, {""value"": ""11"", ""count"": 12630, ""fraction"": 0.038490255535069406}, {""value"": ""10"", ""count"": 12460, ""fraction"": 0.03797217608606214}, {""value"": ""13"", ""count"": 12361, ""fraction"": 0.03767047099516967}, {""value"": ""3"", ""count"": 12333, ""fraction"": 0.037585140262392}, {""value"": ""6"", ""count"": 12175, ""fraction"": 0.037103631127432306}]","[{""value"": ""9"", ""count"": 4662, ""fraction"": 0.04262244123643478}, {""value"": ""8"", ""count"": 4337, ""fraction"": 0.03965112133041992}, {""value"": ""12"", ""count"": 4265, ""fraction"": 0.03899285968970278}, {""value"": ""11"", ""count"": 4244, ""fraction"": 0.03880086671116028}, {""value"": ""7"", ""count"": 4229, ""fraction"": 0.03866372886934421}, {""value"": ""10"", ""count"": 4188, ""fraction"": 0.038288885435046945}, {""value"": ""3"", ""count"": 4153, ""fraction"": 0.037968897137476115}, {""value"": ""14"", ""count"": 4153, ""fraction"": 0.037968897137476115}, {""value"": ""6"", ""count"": 4082, ""fraction"": 0.037319778019546716}, {""value"": ""13"", ""count"": 4031, ""fraction"": 0.036853509357372076}]",1.0,31.0,
6,IYEAR,Interview Year,Interview Year,categorical,Named categories without a useful numeric distance,core_survey,0.12,[6],[],No documented blank category,contemporaneous,none,,include,,0.0,0.0,0.0,2,"[{""value"": ""2015"", ""count"": 320011, ""fraction"": 0.9752418973897938}, {""value"": ""2016"", ""count"": 8124, ""fraction"": 0.024758102610206164}]","[{""value"": ""2015"", ""count"": 106665, ""fraction"": 0.975187193154079}, {""value"": ""2016"", ""count"": 2714, ""fraction"": 0.024812806845921062}]",2015.0,2016.0,
7,DISPCODE,Final Disposition,Final Disposition,survey_design,Survey administration or weighting variable,core_survey,0.14,[6],[],No documented blank category,contemporaneous,none,,include,,0.0,0.0,0.0,2,"[{""value"": ""1100"", ""count"": 278866, ""fraction"": 0.8498514330991818}, {""value"": ""1200"", ""count"": 49269, ""fraction"": 0.15014856690081826}]","[{""value"": ""1100"", ""count"": 92992, ""fraction"": 0.8501814790773367}, {""value"": ""1200"", ""count"": 16387, ""fraction"": 0.1498185209226634}]",1100.0,1200.0,
8,SEQNO,Annual Sequence Number,Annual Sequence Number,identifier,Explicit identifier,core_survey,0.15,[6],[],No documented blank category,contemporaneous,none,,include,,0.0,0.0,0.0,>256,[],[],2015000001.0,2015023235.0,
9,_PSU,Primary Sampling Unit,Primary Sampling Unit (Equal to Annual Sequence Number),identifier,Explicit identifier,core_survey,0.16,[6],[],No documented blank category,contemporaneous,none,,include,,0.0,0.0,0.0,>256,[],[],2015000001.0,2015023235.0,SEQNO
10,CTELENUM,Correct telephone number?,Correct Telephone Number?,categorical,A small set of documented response categories,administrative,0.20,[7],"[{""code"": ""BLANK"", ""label"": ""Missing""}]",Missing,contemporaneous,none,,include,,0.4248708610785195,0.4213148776273325,0.003555983451187017,2,"[{""value"": ""1"", ""count"": 188720, ""fraction"": 0.5751291389214805}, {""value"": ""<MISSING>"", ""count"": 139415, ""fraction"": 0.4248708610785195}]","[{""value"": ""1.0"", ""count"": 63296, ""fraction"": 0.5786851223726676}, {""value"": ""<MISSING>"", ""count"": 46083, ""fraction"": 0.4213148776273325}]",1.0,1.0,
11,PVTRESD1,Private Residence?,"Is this a private residence? [READ ONLY IF NECESSARY: “By private residence, we mean someplace like a house or apartment.”]",binary,Two documented substantive responses,administrative,0.21,[7],"[{""code"": ""BLANK"", ""label"": ""Missing""}]",Missing,contemporaneous,none,,include,,0.4248708610785195,0.4213148776273325,0.003555983451187017,3,"[{""value"": ""1"", ""count"": 188688, ""fraction"": 0.5750316180840203}, {""value"": ""<MISSING>"", ""count"": 139415, ""fraction"": 0.4248708610785195}, {""value"": ""2"", ""count"": 32, ""fraction"": 9.752083746019169e-05}]","[{""value"": ""1.0"", ""count"": 63283, ""fraction"": 0.5785662695764269}, {""value"": ""<MISSING>"", ""count"": 46083, ""fraction"": 0.4213148776273325}, {""value"": ""2.0"", ""count"": 13, ""fraction"": 0.00011885279624059462}]",1.0,2.0,
12,COLGHOUS,Do you live in college housing?,Do you live in college housing?,categorical,A small set of documented response categories,administrative,0.22,[7],"[{""code"": ""BLANK"", ""label"": ""Missing""}]",Missing,contemporaneous,none,,include,,0.9999024791625398,0.9998811472037594,2.1331958780401727e-05,2,"[{""value"": ""<MISSING>"", ""count"": 328103, ""fraction"": 0.9999024791625398}, {""value"": ""1"", ""count"": 32, ""fraction"": 9.752083746019169e-05}]","[{""value"": ""<MISSING>"", ""count"": 109366, ""fraction"": 0.9998811472037594}, {""value"": ""1.0"", ""count"": 13, ""fraction"": 0.00011885279624059462}]",1.0,1.0,
13,STATERES,Resident of State,Do you reside in ____(state)____?,categorical,A small set of documented response categories,administrative,0.23,[8],"[{""code"": ""BLANK"", ""label"": ""Not asked or Missing""}]",Not asked or Missing,contemporaneous,none,,include,,0.42487390860469015,0.4213240201501202,0.0035498884545699383,2,"[{""value"": ""1"", ""count"": 188719, ""fraction"": 0.5751260913953099}, {""value"": ""<MISSING>"", ""count"": 139416, ""fraction"": 0.42487390860469015}]","[{""value"": ""1.0"", ""count"": 63295, ""fraction"": 0.5786759798498797}, {""value"": ""<MISSING>"", ""count"": 46084, ""fraction"": 0.4213240201501202}]",1.0,1.0,
14,CELLFON3,Cellular Telephone,"Is this a cellular telephone? (Telephone service over the internet counts as landline service (includes Vonage, Magic Jack and other home-based phone services).)[Read only if necessary: “By cellular (or cell) telephone we mean a telephone that is mobile and usable outside of your neighborhood.”]",binary,Two documented substantive responses,administrative,0.24,[8],"[{""code"": ""BLANK"", ""label"": ""Missing""}]",Missing,contemporaneous,none,,include,,0.4248708610785195,0.4213057351045447,0.003565125973974792,3,"[{""value"": ""<MISSING>"", ""count"": 139415, ""fraction"": 0.4248708610785195}, {""value"": ""2"", ""count"": 102783, ""fraction"": 0.31323388239596506}, {""value"": ""1"", ""count"": 85937, ""fraction"": 0.26189525652551543}]","[{""value"": ""<MISSING>"", ""count"": 46082, ""fraction"": 0.4213057351045447}, {""value"": ""2.0"", ""count"": 34575, ""fraction"": 0.316102725386043}, {""value"": ""1.0"", ""count"": 28722, ""fraction"": 0.2625915395094122}]",1.0,2.0,
15,LADULT,Are you 18 years of age or older?,Are you 18 years of age or older?,binary,Two documented substantive responses,administrative,0.25,[8],"[{""code"": ""BLANK"", ""label"": ""Missing""}]",Missing,contemporaneous,none,,include,,0.9999024791625398,0.9998811472037594,2.1331958780401727e-05,3,"[{""value"": ""<MISSING>"", ""count"": 328103, ""fraction"": 0.9999024791625398}, {""value"": ""2"", ""count"": 21, ""fraction"": 6.39980495832508e-05}, {""value"": ""1"", ""count"": 11, ""fraction"": 3.3522787876940896e-05}]","[{""value"": ""<MISSING>"", ""count"": 109366, ""fraction"": 0.9998811472037594}, {""value"": ""1.0"", ""count"": 7, ""fraction"": 6.399765951416633e-05}, {""value"": ""2.0"", ""count"": 6, ""fraction"": 5.485513672642829e-05}]",1.0,2.0,
16,NUMADULT,Number of Adults in Household,Number of Adults in Household,count,"The variable records a number, duration, or frequency",administrative,0.26,[9],"[{""code"": ""BLANK"", ""label"": ""Missing""}]",Missing,contemporaneous,none,,include,,0.4249257165495909,0.42137887528684664,0.003546841262744238,17,"[{""value"": ""<MISSING>"", ""count"": 139433, ""fraction"": 0.4249257165495909}, {""value"": ""2"", ""count"": 94528, ""fraction"": 0.28807655385740627}, {""value"": ""1"", ""count"": 71077, ""fraction"": 0.2166090176299389}, {""value"": ""3"", ""count"": 16272, ""fraction"": 0.04958934584850747}, {""value"": ""4"", ""count"": 5243, ""fraction"": 0.015978179712618282}, {""value"": ""5"", ""count"": 1172, ""fraction"": 0.0035717006719795208}, {""value"": ""6"", ""count"": 291, ""fraction"": 0.0008868301156536182}, {""value"": ""7"", ""count"": 68, ""fraction"": 0.00020723177960290734}, {""value"": ""8"", ""count"": 21, ""fraction"": 6.39980495832508e-05}, {""value"": ""10"", ""count"": 12, ""fraction"": 3.657031404757188e-05}]","[{""value"": ""<MISSING>"", ""count"": 46090, ""fraction"": 0.42137887528684664}, {""value"": ""2.0"", ""count"": 31795, ""fraction"": 0.2906865120361313}, {""value"": ""1.0"", ""count"": 23662, ""fraction"": 0.21633037420345771}, {""value"": ""3.0"", ""count"": 5606, ""fraction"": 0.0512529827480595}, {""value"": ""4.0"", ""count"": 1717, ""fraction"": 0.015697711626546228}, {""value"": ""5.0"", ""count"": 378, ""fraction"": 0.0034558736137649823}, {""value"": ""6.0"", ""count"": 101, ""fraction"": 0.0009233948015615429}, {""value"": ""7.0"", ""count"": 17, ""fraction"": 0.00015542288739154683}, {""value"": ""8.0"", ""count"": 6, ""fraction"": 5.485513672642829e-05}, {""value"": ""10.0"", ""count"": 3, ""fraction"": 2.7427568363214145e-05}]",1.0,20.0,
17,NUMMEN,Number of Adult men in Household,Number of Adult Men in Household,count,"The variable records a number, duration, or frequency",administrative,0.27,[9],"[{""code"": ""BLANK"", ""label"": ""Missing""}]",Missing,contemporaneous,none,,include,,0.4252030414311183,0.42161658087932785,0.00358646055179046,13,"[{""value"": ""<MISSING>"", ""count"": 139524, ""fraction"": 0.4252030414311183}, {""value"": ""1"", ""count"": 118285, ""fraction"": 0.3604766330930867}, {""value"": ""0"", ""count"": 55247, ""fraction"": 0.16836667834885033}, {""value"": ""2"", ""count"": 12800, ""fraction"": 0.03900833498407667}, {""value"": ""3"", ""count"": 1948, ""fraction"": 0.0059365809803891695}, {""value"": ""4"", ""count"": 267, ""fraction"": 0.0008136894875584744}, {""value"": ""5"", ""count"": 36, ""fraction"": 0.00010971094214271565}, {""value"": ""6"", ""count"": 13, ""fraction"": 3.961784021820287e-05}, {""value"": ""7"", ""count"": 7, ""fraction"": 2.133268319441693e-05}, {""value"": ""9"", ""count"": 3, ""fraction"": 9.14257851189297e-06}]","[{""value"": ""<MISSING>"", ""count"": 46116, ""fraction"": 0.42161658087932785}, {""value"": ""1.0"", ""count"": 39773, ""fraction"": 0.3636255588367054}, {""value"": ""0.0"", ""count"": 18387, ""fraction"": 0.16810356649813948}, {""value"": ""2.0"", ""count"": 4319, ""fraction"": 0.03948655592024063}, {""value"": ""3.0"", ""count"": 684, ""fraction"": 0.006253485586812825}, {""value"": ""4.0"", ""count"": 88, ""fraction"": 0.0008045420053209482}, {""value"": ""5.0"", ""count"": 6, ""fraction"": 5.485513672642829e-05}, {""value"": ""8.0"", ""count"": 3, ""fraction"": 2.7427568363214145e-05}, {""value"": ""6.0"", ""count"": 3, ""fraction"": 2.7427568363214145e-05}]",0.0,18.0,
18,NUMWOMEN,Number of Adult women in Household,Number of Adult Women in Household,count,"The variable records a number, duration, or frequency",administrative,0.28,[10],"[{""code"": ""BLANK"", ""label"": ""Missing""}]",Missing,contemporaneous,none,,include,,0.4252060889572889,0.42161658087932785,0.0035895080779610455,12,"[{""value"": ""1"", ""count"": 147010, ""fraction"": 0.4480168223444619}, {""value"": ""<MISSING>"", ""count"": 139525, ""fraction"": 0.4252060889572889}, {""value"": ""0"", ""count"": 23103, ""fraction"": 0.07040699712008777}, {""value"": ""2"", ""count"": 15890, ""fraction"": 0.04842519085132643}, {""value"": ""3"", ""count"": 2241, ""fraction"": 0.006829506148384049}, {""value"": ""4"", ""count"": 297, ""fraction"": 0.0009051152726774042}, {""value"": ""5"", ""count"": 45, ""fraction"": 0.00013713867767839458}, {""value"": ""6"", ""count"": 16, ""fraction"": 4.8760418730095845e-05}, {""value"": ""8"", ""count"": 3, ""fraction"": 9.14257851189297e-06}, {""value"": ""7"", ""count"": 2, ""fraction"": 6.095052341261981e-06}]","[{""value"": ""1.0"", ""count"": 49341, ""fraction"": 0.45110121686978305}, {""value"": ""<MISSING>"", ""count"": 46116, ""fraction"": 0.42161658087932785}, {""value"": ""0.0"", ""count"": 7721, ""fraction"": 0.07058941844412547}, {""value"": ""2.0"", ""count"": 5368, ""fraction"": 0.04907706232457784}, {""value"": ""3.0"", ""count"": 717, ""fraction"": 0.006555188838808181}, {""value"": ""4.0"", ""count"": 101, ""fraction"": 0.0009233948015615429}, {""value"": ""5.0"", ""count"": 10, ""fraction"": 9.142522787738048e-05}, {""value"": ""8.0"", ""count"": 2, ""fraction"": 1.8285045575476097e-05}, {""value"": ""6.0"", ""count"": 2, ""fraction"": 1.8285045575476097e-05}, {""value"": ""7.0"", ""count"": 1, ""fraction"": 9.142522787738048e-06}]",0.0,10.0,
19,CTELNUM1,Correct Phone Number?,Is this (phone number) ?,categorical,A small set of documented response categories,administrative,0.29,[10],"[{""code"": ""BLANK"", ""label"": ""Not asked or Missing""}]",Not asked or Missing,contemporaneous,none,,include,,0.5751291389214805,0.5786851223726676,0.003555983451187017,2,"[{""value"": ""<MISSING>"", ""count"": 188720, ""fraction"": 0.5751291389214805}, {""value"": ""1"", ""count"": 139415, ""fraction"": 0.4248708610785195}]","[{""value"": ""<MISSING>"", ""count"": 63296, ""fraction"": 0.5786851223726676}, {""value"": ""1.0"", ""count"": 46083, ""fraction"": 0.4213148776273325}]",1.0,1.0,
20,CELLFON2,Is this a cellular telephone?,Is this a cellular telephone?,binary,Two documented substantive responses,administrative,0.30,[10],"[{""code"": ""BLANK"", ""label"": ""Not asked or Missing""}]",Not asked or Missing,contemporaneous,none,,include,,0.5751291389214805,0.5786851223726676,0.003555983451187017,2,"[{""value"": ""<MISSING>"", ""count"": 188720, ""fraction"": 0.5751291389214805}, {""value"": ""1"", ""count"": 139415, ""fraction"": 0.4248708610785195}]","[{""value"": ""<MISSING>"", ""count"": 63296, ""fraction"": 0.5786851223726676}, {""value"": ""1.0"", ""count"": 46082, ""fraction"": 0.4213057351045447}, {""value"": ""2.0"", ""count"": 1, ""fraction"": 9.142522787738048e-06}]",1.0,1.0,CTELNUM1
21,CADULT,Are you 18 years of age or older?,Are you 18 years of age or older?,binary,Two documented substantive responses,administrative,0.31,[11],"[{""code"": ""BLANK"", ""label"": ""Not asked or Missing""}]",Not asked or Missing,contemporaneous,none,,include,,0.5751321864476511,0.5786851223726676,0.003552935925016487,3,"[{""value"": ""<MISSING>"", ""count"": 188721, ""fraction"": 0.5751321864476511}, {""value"": ""2"", ""count"": 70338, ""fraction"": 0.2143568957898426}, {""value"": ""1"", ""count"": 69076, ""fraction"": 0.21051091776250627}]","[{""value"": ""<MISSING>"", ""count"": 63296, ""fraction"": 0.5786851223726676}, {""value"": ""2.0"", ""count"": 23264, ""fraction"": 0.21269165013393795}, {""value"": ""1.0"", ""count"": 22819, ""fraction"": 0.20862322749339451}]",1.0,2.0,
22,PVTRESD2,Do you live in a private residence?,"Do you live in a private residence, that is, not in a dormitory or other type of group living situation?",binary,Two documented substantive responses,administrative,0.32,[11],"[{""code"": ""BLANK"", ""label"": ""Not asked or Missing""}]",Not asked or Missing,contemporaneous,none,,include,,0.5751291389214805,0.5786851223726676,0.003555983451187017,3,"[{""value"": ""<MISSING>"", ""count"": 188720, ""fraction"": 0.5751291389214805}, {""value"": ""1"", ""count"": 138613, ""fraction"": 0.4224267450896735}, {""value"": ""2"", ""count"": 802, ""fraction"": 0.0024441159888460543}]","[{""value"": ""<MISSING>"", ""count"": 63296, ""fraction"": 0.5786851223726676}, {""value"": ""1.0"", ""count"": 45821, ""fraction"": 0.4189195366569451}, {""value"": ""2.0"", ""count"": 262, ""fraction"": 0.0023953409703873687}]",1.0,2.0,
23,CCLGHOUS,Do you live in college housing?,Do you live in college housing?,categorical,A small set of documented response categories,administrative,0.33,[11],"[{""code"": ""BLANK"", ""label"": ""Missing""}]",Missing,contemporaneous,none,,include,,0.9975589315373246,0.9976046590296126,4.572749228803907e-05,2,"[{""value"": ""<MISSING>"", ""count"": 327334, ""fraction"": 0.9975589315373246}, {""value"": ""1"", ""count"": 801, ""fraction"": 0.0024410684626754234}]","[{""value"": ""<MISSING>"", ""count"": 109117, ""fraction"": 0.9976046590296126}, {""value"": ""1.0"", ""count"": 262, ""fraction"": 0.0023953409703873687}]",1.0,1.0,
24,CSTATE,Are you a resident of [STATE]?,Are you a resident of [STATE]?,binary,Two documented substantive responses,administrative,0.34,[12],"[{""code"": ""BLANK"", ""label"": ""Not asked or Missing""}]",Not asked or Missing,contemporaneous,none,,include,,0.5751260913953099,0.5786851223726676,0.003559030977357658,3,"[{""value"": ""<MISSING>"", ""count"": 188719, ""fraction"": 0.5751260913953099}, {""value"": ""1"", ""count"": 130086, ""fraction"": 0.396440489432703}, {""value"": ""2"", ""count"": 9330, ""fraction"": 0.028433419171987138}]","[{""value"": ""<MISSING>"", ""count"": 63296, ""fraction"": 0.5786851223726676}, {""value"": ""1.0"", ""count"": 43053, ""fraction"": 0.3936130335804862}, {""value"": ""2.0"", ""count"": 3030, ""fraction"": 0.027701844046846287}]",1.0,2.0,
25,LANDLINE,Do you also have a landline telephone?,Do you also have a landline telephone in your home that is used to make and receive calls?,binary,Two documented substantive responses,administrative,0.36,[12],"[{""code"": ""7"", ""label"": ""Don’t know/Not sure""}, {""code"": ""9"", ""label"": ""Refused""}, {""code"": ""BLANK"", ""label"": ""Not asked or Missing""}]",Not asked or Missing,contemporaneous,none,,include,,0.5768570862602282,0.5802576362921584,0.003400550031930183,5,"[{""value"": ""<MISSING>"", ""count"": 189287, ""fraction"": 0.5768570862602282}, {""value"": ""2"", ""count"": 86133, ""fraction"": 0.2624925716549591}, {""value"": ""1"", ""count"": 52476, ""fraction"": 0.15992198333003185}, {""value"": ""9"", ""count"": 122, ""fraction"": 0.0003717981928169808}, {""value"": ""7"", ""count"": 117, ""fraction"": 0.00035656056196382586}]","[{""value"": ""<MISSING>"", ""count"": 63468, ""fraction"": 0.5802576362921584}, {""value"": ""2.0"", ""count"": 28429, ""fraction"": 0.25991278033260495}, {""value"": ""1.0"", ""count"": 17393, ""fraction"": 0.15901589884712788}, {""value"": ""7.0"", ""count"": 52, ""fraction"": 0.0004754111849623785}, {""value"": ""9.0"", ""count"": 37, ""fraction"": 0.0003382733431463078}]",1.0,9.0,
26,HHADULT,Number of Adults in Household,"How many members of your household, including yourself, are 18 years of age or older?",count,"The variable records a number, duration, or frequency",administrative,0.37,[12],"[{""code"": ""77"", ""label"": ""Don’t know/Not sure""}, {""code"": ""99"", ""label"": ""Refused""}, {""code"": ""BLANK"", ""label"": ""Not asked or Missing""}]",Not asked or Missing,contemporaneous,none,,include,,0.5867828789979734,0.5908081075892082,0.004025228591234775,26,"[{""value"": ""<MISSING>"", ""count"": 192544, ""fraction"": 0.5867828789979734}, {""value"": ""2"", ""count"": 68922, ""fraction"": 0.2100415987322291}, {""value"": ""1"", ""count"": 33347, ""fraction"": 0.10162585521203163}, {""value"": ""3"", ""count"": 19513, ""fraction"": 0.05946637816752252}, {""value"": ""4"", ""count"": 9094, ""fraction"": 0.027714202995718227}, {""value"": ""5"", ""count"": 2850, ""fraction"": 0.008685449586298322}, {""value"": ""6"", ""count"": 893, ""fraction"": 0.002721440870373474}, {""value"": ""99"", ""count"": 307, ""fraction"": 0.0009355905343837141}, {""value"": ""7"", ""count"": 254, ""fraction"": 0.0007740716473402715}, {""value"": ""8"", ""count"": 126, ""fraction"": 0.0003839882974995048}]","[{""value"": ""<MISSING>"", ""count"": 64622, ""fraction"": 0.5908081075892082}, {""value"": ""2.0"", ""count"": 22693, ""fraction"": 0.20747126962213952}, {""value"": ""1.0"", ""count"": 11026, ""fraction"": 0.10080545625759972}, {""value"": ""3.0"", ""count"": 6513, ""fraction"": 0.05954525091653791}, {""value"": ""4.0"", ""count"": 3026, ""fraction"": 0.027665273955695336}, {""value"": ""5.0"", ""count"": 947, ""fraction"": 0.008657969079987933}, {""value"": ""6.0"", ""count"": 273, ""fraction"": 0.002495908721052487}, {""value"": ""99.0"", ""count"": 87, ""fraction"": 0.0007953994825332102}, {""value"": ""7.0"", ""count"": 80, ""fraction"": 0.0007314018230190439}, {""value"": ""8.0"", ""count"": 29, ""fraction"": 0.0002651331608444034}]",1.0,99.0,
27,GENHLTH,General Health,Would you say that in general your health is:,ordinal,The documented responses have a natural order,core_survey,1.1,[13],"[{""code"": ""7"", ""label"": ""Don’t know/Not Sure""}, {""code"": ""9"", ""label"": ""Refused""}, {""code"": ""BLANK"", ""label"": ""Not asked or Missing""}]",Not asked or Missing,contemporaneous,none,,include,,6.095052341261981e-06,0.0,6.095052341261981e-06,8,"[{""value"": ""2"", ""count"": 108089, ""fraction"": 0.3294040562573331}, {""value"": ""3"", ""count"": 101880, ""fraction"": 0.3104819662638853}, {""value"": ""1"", ""count"": 56937, ""fraction"": 0.1735169975772167}, {""value"": ""4"", ""count"": 43349, ""fraction"": 0.1321072119706828}, {""value"": ""5"", ""count"": 16992, ""fraction"": 0.051783564691361784}, {""value"": ""7"", ""count"": 562, ""fraction"": 0.0017127097078946166}, {""value"": ""9"", ""count"": 324, ""fraction"": 0.000987398479284441}, {""value"": ""<MISSING>"", ""count"": 2, ""fraction"": 6.095052341261981e-06}]","[{""value"": ""2"", ""count"": 36314, ""fraction"": 0.3320015725139195}, {""value"": ""3"", ""count"": 33768, ""fraction"": 0.3087247094963384}, {""value"": ""1"", ""count"": 18875, ""fraction"": 0.17256511761855567}, {""value"": ""4"", ""count"": 14547, ""fraction"": 0.1329962789932254}, {""value"": ""5"", ""count"": 5573, ""fraction"": 0.05095127949606414}, {""value"": ""7"", ""count"": 205, ""fraction"": 0.0018742171714862998}, {""value"": ""9"", ""count"": 97, ""fraction"": 0.0008868247104105907}]",1.0,9.0,
28,PHYSHLTH,Number of Days Physical Health Not Good,"Now thinking about your physical health, which includes physical illness and injury, for how many days during the past 30 days was your physical health not good?",count,"The variable records a number, duration, or frequency",core_survey,2.1,[13],"[{""code"": ""77"", ""label"": ""Don’t know/Not sure""}, {""code"": ""99"", ""label"": ""Refused""}, {""code"": ""BLANK"", ""label"": ""Not asked or Missing""}]",Not asked or Missing,contemporaneous,none,,include,,3.0475261706309903e-06,0.0,3.0475261706309903e-06,34,"[{""value"": ""88"", ""count"": 204264, ""fraction"": 0.6224998857177686}, {""value"": ""30"", ""count"": 25233, ""fraction"": 0.07689822786353177}, {""value"": ""2"", ""count"": 18182, ""fraction"": 0.055410120834412664}, {""value"": ""1"", ""count"": 13676, ""fraction"": 0.041677967909549425}, {""value"": ""3"", ""count"": 10553, ""fraction"": 0.03216054367866884}, {""value"": ""5"", ""count"": 9207, ""fraction"": 0.028058573452999527}, {""value"": ""10"", ""count"": 6754, ""fraction"": 0.02058299175644171}, {""value"": ""15"", ""count"": 6150, ""fraction"": 0.01874228594938059}, {""value"": ""7"", ""count"": 5892, ""fraction"": 0.017956024197357794}, {""value"": ""4"", ""count"": 5672, ""fraction"": 0.017285568439818978}]","[{""value"": ""88"", ""count"": 68204, ""fraction"": 0.6235566242148859}, {""value"": ""30"", ""count"": 8332, ""fraction"": 0.07617549986743342}, {""value"": ""2"", ""count"": 6038, ""fraction"": 0.055202552592362335}, {""value"": ""1"", ""count"": 4475, ""fraction"": 0.04091278947512777}, {""value"": ""3"", ""count"": 3559, ""fraction"": 0.032538238601559716}, {""value"": ""5"", ""count"": 3148, ""fraction"": 0.028780661735799375}, {""value"": ""10"", ""count"": 2338, ""fraction"": 0.021375218277731558}, {""value"": ""15"", ""count"": 2050, ""fraction"": 0.018742171714863}, {""value"": ""7"", ""count"": 1964, ""fraction"": 0.017955914755117527}, {""value"": ""77"", ""count"": 1821, ""fraction"": 0.016648533996470986}]",1.0,99.0,
29,MENTHLTH,Number of Days Mental Health Not Good,"Now thinking about your mental health, which includes stress, depression, and problems with emotions, for how many days during the past 30 days was your mental health not good?",count,"The variable records a number, duration, or frequency",core_survey,2.2,[13],"[{""code"": ""77"", ""label"": ""Don’t know/Not sure""}, {""code"": ""99"", ""label"": ""Refused""}]",No documented blank category,contemporaneous,none,,include,,0.0,0.0,0.0,33,"[{""value"": ""88"", ""count"": 224183, ""fraction"": 0.6832035595105673}, {""value"": ""30"", ""count"": 16379, ""fraction"": 0.04991543114876499}, {""value"": ""2"", ""count"": 15809, ""fraction"": 0.04817834123150533}, {""value"": ""5"", ""count"": 10985, ""fraction"": 0.033477074984381426}, {""value"": ""1"", ""count"": 10190, ""fraction"": 0.031054291678729792}, {""value"": ""3"", ""count"": 9108, ""fraction"": 0.02775686836210706}, {""value"": ""10"", ""count"": 7948, ""fraction"": 0.02422173800417511}, {""value"": ""15"", ""count"": 7227, ""fraction"": 0.022024471635150165}, {""value"": ""4"", ""count"": 4566, ""fraction"": 0.013915004495101102}, {""value"": ""20"", ""count"": 4360, ""fraction"": 0.013287214103951117}]","[{""value"": ""88"", ""count"": 74607, ""fraction"": 0.6820961976247726}, {""value"": ""30"", ""count"": 5445, ""fraction"": 0.049781036579233676}, {""value"": ""2"", ""count"": 5266, ""fraction"": 0.04814452500022856}, {""value"": ""5"", ""count"": 3624, ""fraction"": 0.033132502582762687}, {""value"": ""1"", ""count"": 3391, ""fraction"": 0.03100229477321972}, {""value"": ""3"", ""count"": 3056, ""fraction"": 0.027939549639327477}, {""value"": ""10"", ""count"": 2640, ""fraction"": 0.02413626015962845}, {""value"": ""15"", ""count"": 2431, ""fraction"": 0.022225472896991196}, {""value"": ""4"", ""count"": 1640, ""fraction"": 0.014993737371890399}, {""value"": ""20"", ""count"": 1489, ""fraction"": 0.013613216430941955}]",1.0,99.0,
30,POORHLTH,Poor Physical or Mental Health,"During the past 30 days, for about how many days did poor physical or mental health keep you from doing your usual activities, such as self-care, work, or recreation?",count,"The variable records a number, duration, or frequency",core_survey,2.3,[14],"[{""code"": ""77"", ""label"": ""Don’t know/Not sure""}, {""code"": ""99"", ""label"": ""Refused""}, {""code"": ""BLANK"", ""label"": ""Not asked or Missing""}]",Not asked or Missing,contemporaneous,none,,include,,0.4871775336370701,0.4876895930663107,0.0005120594292405967,34,"[{""value"": ""<MISSING>"", ""count"": 159860, ""fraction"": 0.4871775336370701}, {""value"": ""88"", ""count"": 93548, ""fraction"": 0.2850899782101879}, {""value"": ""30"", ""count"": 14522, ""fraction"": 0.04425617504990324}, {""value"": ""2"", ""count"": 9180, ""fraction"": 0.02797629024639249}, {""value"": ""1"", ""count"": 8184, ""fraction"": 0.024940954180444026}, {""value"": ""5"", ""count"": 6028, ""fraction"": 0.018370487756563608}, {""value"": ""3"", ""count"": 5782, ""fraction"": 0.017620796318588386}, {""value"": ""15"", ""count"": 5236, ""fraction"": 0.015956847029423866}, {""value"": ""10"", ""count"": 5105, ""fraction"": 0.015557621101071206}, {""value"": ""20"", ""count"": 3555, ""fraction"": 0.01083395553659317}]","[{""value"": ""<MISSING>"", ""count"": 53343, ""fraction"": 0.4876895930663107}, {""value"": ""88.0"", ""count"": 31189, ""fraction"": 0.285146143226762}, {""value"": ""30.0"", ""count"": 4828, ""fraction"": 0.044140100019199296}, {""value"": ""2.0"", ""count"": 3032, ""fraction"": 0.027720129092421764}, {""value"": ""1.0"", ""count"": 2684, ""fraction"": 0.02453853116228892}, {""value"": ""5.0"", ""count"": 2008, ""fraction"": 0.018358185757778003}, {""value"": ""3.0"", ""count"": 1912, ""fraction"": 0.01748050357015515}, {""value"": ""15.0"", ""count"": 1831, ""fraction"": 0.016739959224348365}, {""value"": ""10.0"", ""count"": 1672, ""fraction"": 0.015286298101098017}, {""value"": ""20.0"", ""count"": 1119, ""fraction"": 0.010230482999478875}]",1.0,99.0,
31,HLTHPLN1,Have any health care coverage,"Do you have any kind of health care coverage, including health insurance, prepaid plans such as HMOs, or government plans such as Medicare, or Indian Health Service?",binary,Two documented substantive responses,core_survey,3.1,[14],"[{""code"": ""7"", ""label"": ""Don’t know/Not Sure""}, {""code"": ""9"", ""label"": ""Refused""}]",No documented blank category,contemporaneous,none,,include,,0.0,0.0,0.0,4,"[{""value"": ""1"", ""count"": 303049, ""fraction"": 0.923549758483551}, {""value"": ""2"", ""count"": 23760, ""fraction"": 0.07240922181419233}, {""value"": ""7"", ""count"": 777, ""fraction"": 0.0023679278345802796}, {""value"": ""9"", ""count"": 549, ""fraction"": 0.0016730918676764136}]","[{""value"": ""1"", ""count"": 100947, ""fraction"": 0.9229102478537927}, {""value"": ""2"", ""count"": 7992, ""fraction"": 0.07306704211960248}, {""value"": ""7"", ""count"": 241, ""fraction"": 0.0022033479918448697}, {""value"": ""9"", ""count"": 199, ""fraction"": 0.0018193620347598716}]",1.0,9.0,
32,PERSDOC2,Multiple Health Care Professionals,"Do you have one person you think of as your personal doctor or health care provider? (If ""No"" ask ""Is there more than one or is there no person who you think of as your personal doctor or health care provider?"".)",categorical,A small set of documented response categories,core_survey,3.2,[14],"[{""code"": ""7"", ""label"": ""Don’t know/Not Sure""}, {""code"": ""9"", ""label"": ""Refused""}]",No documented blank category,contemporaneous,none,,include,,0.0,0.0,0.0,5,"[{""value"": ""1"", ""count"": 253938, ""fraction"": 0.7738827007176924}, {""value"": ""3"", ""count"": 47434, ""fraction"": 0.1445563563777104}, {""value"": ""2"", ""count"": 25430, ""fraction"": 0.07749859051914608}, {""value"": ""7"", ""count"": 837, ""fraction"": 0.002550779404818139}, {""value"": ""9"", ""count"": 496, ""fraction"": 0.0015115729806329712}]","[{""value"": ""1"", ""count"": 84538, ""fraction"": 0.7728905914297991}, {""value"": ""3"", ""count"": 15817, ""fraction"": 0.14460728293365271}, {""value"": ""2"", ""count"": 8567, ""fraction"": 0.07832399272255186}, {""value"": ""7"", ""count"": 291, ""fraction"": 0.002660474131231772}, {""value"": ""9"", ""count"": 166, ""fraction"": 0.001517658782764516}]",1.0,9.0,
33,MEDCOST,Could Not See Doctor Because of Cost,Was there a time in the past 12 months when you needed to see a doctor but could not because of cost?,binary,Two documented substantive responses,core_survey,3.3,[15],"[{""code"": ""7"", ""label"": ""Don’t know/Not sure""}, {""code"": ""9"", ""label"": ""Refused""}, {""code"": ""BLANK"", ""label"": ""Not asked or Missing""}]",Not asked or Missing,contemporaneous,none,,include,,3.0475261706309903e-06,0.0,3.0475261706309903e-06,5,"[{""value"": ""2"", ""count"": 295213, ""fraction"": 0.8996693434104865}, {""value"": ""1"", ""count"": 32091, ""fraction"": 0.0977981623417191}, {""value"": ""7"", ""count"": 663, ""fraction"": 0.0020205098511283464}, {""value"": ""9"", ""count"": 167, ""fraction"": 0.0005089368704953754}, {""value"": ""<MISSING>"", ""count"": 1, ""fraction"": 3.0475261706309903e-06}]","[{""value"": ""2"", ""count"": 98317, ""fraction"": 0.8988654129220417}, {""value"": ""1"", ""count"": 10775, ""fraction"": 0.09851068303787747}, {""value"": ""7"", ""count"": 234, ""fraction"": 0.0021393503323307033}, {""value"": ""9"", ""count"": 53, ""fraction"": 0.0004845537077501166}]",1.0,9.0,
34,CHECKUP1,Length of time since last routine checkup,"About how long has it been since you last visited a doctor for a routine checkup? [A routine checkup is a general physical exam, not an exam for a specific injury, illness, or condition.]",ordinal,Documented categories follow a meaningful order,core_survey,3.4,[15],"[{""code"": ""7"", ""label"": ""Don’t know/Not sure""}, {""code"": ""9"", ""label"": ""Refused""}, {""code"": ""BLANK"", ""label"": ""Not asked or Missing""}]",Not asked or Missing,contemporaneous,none,,include,,3.0475261706309903e-06,0.0,3.0475261706309903e-06,8,"[{""value"": ""1"", ""count"": 241746, ""fraction"": 0.7367272616453594}, {""value"": ""2"", ""count"": 37613, ""fraction"": 0.11462660185594344}, {""value"": ""3"", ""count"": 21287, ""fraction"": 0.06487268959422189}, {""value"": ""4"", ""count"": 20209, ""fraction"": 0.061587456382281684}, {""value"": ""7"", ""count"": 3972, ""fraction"": 0.012104773949746293}, {""value"": ""8"", ""count"": 2834, ""fraction"": 0.008636689167568226}, {""value"": ""9"", ""count"": 473, ""fraction"": 0.0014414798787084585}, {""value"": ""<MISSING>"", ""count"": 1, ""fraction"": 3.0475261706309903e-06}]","[{""value"": ""1"", ""count"": 80696, ""fraction"": 0.7377650188793096}, {""value"": ""2"", ""count"": 12572, ""fraction"": 0.11493979648744275}, {""value"": ""3"", ""count"": 7105, ""fraction"": 0.06495762440687883}, {""value"": ""4"", ""count"": 6561, ""fraction"": 0.059984092010349335}, {""value"": ""7"", ""count"": 1334, ""fraction"": 0.012196125398842557}, {""value"": ""8"", ""count"": 955, ""fraction"": 0.008731109262289836}, {""value"": ""9"", ""count"": 156, ""fraction"": 0.0014262335548871356}]",1.0,9.0,
35,BPHIGH4,Ever Told Blood Pressure High,"Have you EVER been told by a doctor, nurse or other health professional that you have high blood pressure? (If ""Yes"" and respondent is female, ask ""Was this only when you were pregnant?"".)",categorical,A small set of documented response categories,core_survey,4.1,[16],"[{""code"": ""BLANK"", ""label"": ""Not asked or Missing""}]",Not asked or Missing,contemporaneous,none,,include,,3.0475261706309903e-06,0.0,3.0475261706309903e-06,7,"[{""value"": ""3"", ""count"": 189743, ""fraction"": 0.578246758194036}, {""value"": ""1"", ""count"": 131801, ""fraction"": 0.40166699681533513}, {""value"": ""4"", ""count"": 3242, ""fraction"": 0.009880079845185671}, {""value"": ""2"", ""count"": 2431, ""fraction"": 0.0074085361208039375}, {""value"": ""7"", ""count"": 616, ""fraction"": 0.0018772761211086901}, {""value"": ""9"", ""count"": 301, ""fraction"": 0.0009173053773599281}, {""value"": ""<MISSING>"", ""count"": 1, ""fraction"": 3.0475261706309903e-06}]","[{""value"": ""3"", ""count"": 63277, ""fraction"": 0.5785114144397004}, {""value"": ""1"", ""count"": 43941, ""fraction"": 0.4017315938159976}, {""value"": ""4"", ""count"": 1025, ""fraction"": 0.0093710858574315}, {""value"": ""2"", ""count"": 822, ""fraction"": 0.007515153731520676}, {""value"": ""7"", ""count"": 196, ""fraction"": 0.0017919344663966574}, {""value"": ""9"", ""count"": 118, ""fraction"": 0.0010788176889530898}]",1.0,9.0,
36,BPMEDS,Currently Taking Blood Pressure Medication,Are you currently taking medicine for your high blood pressure?,binary,Two documented substantive responses,core_survey,4.2,[16],"[{""code"": ""7"", ""label"": ""Don’t know/Not Sure""}, {""code"": ""9"", ""label"": ""Refused""}, {""code"": ""BLANK"", ""label"": ""Not asked or Missing""}]",Not asked or Missing,contemporaneous,none,,include,,0.5983330031846649,0.5982684061840025,6.459700066241414e-05,5,"[{""value"": ""<MISSING>"", ""count"": 196334, ""fraction"": 0.5983330031846649}, {""value"": ""1"", ""count"": 110219, ""fraction"": 0.33589528700077714}, {""value"": ""2"", ""count"": 21366, ""fraction"": 0.06511344416170174}, {""value"": ""7"", ""count"": 175, ""fraction"": 0.0005333170798604233}, {""value"": ""9"", ""count"": 41, ""fraction"": 0.0001249485729958706}]","[{""value"": ""<MISSING>"", ""count"": 65438, ""fraction"": 0.5982684061840025}, {""value"": ""1.0"", ""count"": 36698, ""fraction"": 0.3355123012644109}, {""value"": ""2.0"", ""count"": 7165, ""fraction"": 0.06550617577414311}, {""value"": ""7.0"", ""count"": 64, ""fraction"": 0.0005851214584152351}, {""value"": ""9.0"", ""count"": 14, ""fraction"": 0.00012799531902833267}]",1.0,9.0,
37,BLOODCHO,Ever Had Blood Cholesterol Checked,Blood cholesterol is a fatty substance found in the blood. Have you EVER had your blood cholesterol checked?,categorical,A small set of documented response categories,core_survey,5.1,[16],[],No documented blank category,contemporaneous,none,,include,,0.0,0.0,0.0,4,"[{""value"": ""1"", ""count"": 284334, ""fraction"": 0.866515306200192}, {""value"": ""2"", ""count"": 36861, ""fraction"": 0.11233486217562894}, {""value"": ""7"", ""count"": 6829, ""fraction"": 0.02081155621923903}, {""value"": ""9"", ""count"": 111, ""fraction"": 0.0003382754049400399}]","[{""value"": ""1"", ""count"": 94580, ""fraction"": 0.8646998052642646}, {""value"": ""2"", ""count"": 12456, ""fraction"": 0.11387926384406513}, {""value"": ""7"", ""count"": 2293, ""fraction"": 0.020963804752283346}, {""value"": ""9"", ""count"": 50, ""fraction"": 0.00045712613938690244}]",1.0,9.0,
38,CHOLCHK,How Long since Cholesterol Checked,About how long has it been since you last had your blood cholesterol checked?,ordinal,Documented categories follow a meaningful order,core_survey,5.2,[17],"[{""code"": ""7"", ""label"": ""Don’t know/Not Sure""}, {""code"": ""9"", ""label"": ""Refused""}, {""code"": ""BLANK"", ""label"": ""Not asked or Missing""}]",Not asked or Missing,contemporaneous,none,,include,,0.133484693799808,0.13530019473573537,0.001815500935927361,7,"[{""value"": ""1"", ""count"": 218028, ""fraction"": 0.6644460359303336}, {""value"": ""<MISSING>"", ""count"": 43801, ""fraction"": 0.133484693799808}, {""value"": ""2"", ""count"": 32509, ""fraction"": 0.09907202828104286}, {""value"": ""3"", ""count"": 19371, ""fraction"": 0.05903362945129291}, {""value"": ""4"", ""count"": 10121, ""fraction"": 0.030844012372956253}, {""value"": ""7"", ""count"": 4103, ""fraction"": 0.012503999878098953}, {""value"": ""9"", ""count"": 202, ""fraction"": 0.00061560028646746}]","[{""value"": ""1.0"", ""count"": 72568, ""fraction"": 0.6634545936605747}, {""value"": ""<MISSING>"", ""count"": 14799, ""fraction"": 0.13530019473573537}, {""value"": ""2.0"", ""count"": 10813, ""fraction"": 0.09885809890381152}, {""value"": ""3.0"", ""count"": 6487, ""fraction"": 0.05930754532405672}, {""value"": ""4.0"", ""count"": 3322, ""fraction"": 0.030371460700865795}, {""value"": ""7.0"", ""count"": 1336, ""fraction"": 0.012214410444418032}, {""value"": ""9.0"", ""count"": 54, ""fraction"": 0.0004936962305378546}]",1.0,9.0,
39,TOLDHI2,Ever Told Blood Cholesterol High,"Have you EVER been told by a doctor, nurse or other health professional that your blood cholesterol is high?",binary,Two documented substantive responses,core_survey,5.3,[17],"[{""code"": ""7"", ""label"": ""Don’t know/Not Sure""}, {""code"": ""9"", ""label"": ""Refused""}, {""code"": ""BLANK"", ""label"": ""Not asked or Missing""}]",Not asked or Missing,contemporaneous,none,,include,,0.133484693799808,0.13530019473573537,0.001815500935927361,5,"[{""value"": ""2"", ""count"": 163056, ""fraction"": 0.49691742727840676}, {""value"": ""1"", ""count"": 118755, ""fraction"": 0.36190897039328324}, {""value"": ""<MISSING>"", ""count"": 43801, ""fraction"": 0.133484693799808}, {""value"": ""7"", ""count"": 2193, ""fraction"": 0.006683224892193761}, {""value"": ""9"", ""count"": 330, ""fraction"": 0.0010056836363082269}]","[{""value"": ""2.0"", ""count"": 54432, ""fraction"": 0.49764580038215744}, {""value"": ""1.0"", ""count"": 39298, ""fraction"": 0.35928286051252983}, {""value"": ""<MISSING>"", ""count"": 14799, ""fraction"": 0.13530019473573537}, {""value"": ""7.0"", ""count"": 718, ""fraction"": 0.006564331361595919}, {""value"": ""9.0"", ""count"": 132, ""fraction"": 0.0012068130079814223}]",1.0,9.0,
40,CVDSTRK3,Ever Diagnosed with a Stroke,(Ever told) you had a stroke.,binary,Two documented substantive responses,core_survey,6.3,[18],"[{""code"": ""7"", ""label"": ""Don’t know/Not sure""}, {""code"": ""9"", ""label"": ""Refused""}]",No documented blank category,contemporaneous,none,,include,,0.0,0.0,0.0,4,"[{""value"": ""2"", ""count"": 314032, ""fraction"": 0.9570207384155911}, {""value"": ""1"", ""count"": 13366, ""fraction"": 0.04073323479665382}, {""value"": ""7"", ""count"": 717, ""fraction"": 0.00218507626434242}, {""value"": ""9"", ""count"": 20, ""fraction"": 6.09505234126198e-05}]","[{""value"": ""2"", ""count"": 104681, ""fraction"": 0.9570484279432067}, {""value"": ""1"", ""count"": 4446, ""fraction"": 0.04064765631428336}, {""value"": ""7"", ""count"": 245, ""fraction"": 0.002239918082995822}, {""value"": ""9"", ""count"": 7, ""fraction"": 6.399765951416633e-05}]",1.0,9.0,
41,ASTHMA3,Ever Told Had Asthma,(Ever told) you had asthma?,categorical,A small set of documented response categories,core_survey,6.4,[18],[],No documented blank category,contemporaneous,none,,include,,0.0,0.0,0.0,4,"[{""value"": ""2"", ""count"": 283169, ""fraction"": 0.8629649382114069}, {""value"": ""1"", ""count"": 43982, ""fraction"": 0.1340362960366922}, {""value"": ""7"", ""count"": 951, ""fraction"": 0.002898197388270072}, {""value"": ""9"", ""count"": 33, ""fraction"": 0.00010056836363082268}]","[{""value"": ""2"", ""count"": 94403, ""fraction"": 0.863081578730835}, {""value"": ""1"", ""count"": 14677, ""fraction"": 0.13418480695563134}, {""value"": ""7"", ""count"": 283, ""fraction"": 0.0025873339489298677}, {""value"": ""9"", ""count"": 16, ""fraction"": 0.00014628036460380878}]",1.0,9.0,
42,ASTHNOW,Still Have Asthma,Do you still have asthma?,binary,Two documented substantive responses,core_survey,6.5,[19],"[{""code"": ""7"", ""label"": ""Don’t know/Not Sure""}, {""code"": ""9"", ""label"": ""Refused""}, {""code"": ""BLANK"", ""label"": ""Not asked or Missing""}]",Not asked or Missing,contemporaneous,none,,include,,0.8659637039633078,0.8658151930443687,0.00014851091893908208,5,"[{""value"": ""<MISSING>"", ""count"": 284153, ""fraction"": 0.8659637039633078}, {""value"": ""1"", ""count"": 29548, ""fraction"": 0.0900483032898045}, {""value"": ""2"", ""count"": 13084, ""fraction"": 0.03987383241653588}, {""value"": ""7"", ""count"": 1316, ""fraction"": 0.004010544440550383}, {""value"": ""9"", ""count"": 34, ""fraction"": 0.00010361588980145367}]","[{""value"": ""<MISSING>"", ""count"": 94702, ""fraction"": 0.8658151930443687}, {""value"": ""1.0"", ""count"": 9917, ""fraction"": 0.09066639848599822}, {""value"": ""2.0"", ""count"": 4349, ""fraction"": 0.039760831603872775}, {""value"": ""7.0"", ""count"": 400, ""fraction"": 0.0036570091150952195}, {""value"": ""9.0"", ""count"": 11, ""fraction"": 0.00010056775066511853}]",1.0,9.0,
43,CHCSCNCR,Ever told) you had skin cancer?,(Ever told) you had skin cancer?,binary,Two documented substantive responses,core_survey,6.6,[19],"[{""code"": ""7"", ""label"": ""Don’t know / Not sure""}, {""code"": ""9"", ""label"": ""Refused""}, {""code"": ""BLANK"", ""label"": ""Not asked or Missing""}]",Not asked or Missing,contemporaneous,none,,include,,3.0475261706309903e-06,0.0,3.0475261706309903e-06,5,"[{""value"": ""2"", ""count"": 296255, ""fraction"": 0.902844865680284}, {""value"": ""1"", ""count"": 31064, ""fraction"": 0.09466835296448108}, {""value"": ""7"", ""count"": 777, ""fraction"": 0.0023679278345802796}, {""value"": ""9"", ""count"": 38, ""fraction"": 0.00011580599448397764}, {""value"": ""<MISSING>"", ""count"": 1, ""fraction"": 3.0475261706309903e-06}]","[{""value"": ""2"", ""count"": 98966, ""fraction"": 0.9047989102112837}, {""value"": ""1"", ""count"": 10158, ""fraction"": 0.0928697464778431}, {""value"": ""7"", ""count"": 245, ""fraction"": 0.002239918082995822}, {""value"": ""9"", ""count"": 10, ""fraction"": 9.142522787738048e-05}]",1.0,9.0,
44,CHCOCNCR,Ever told) you had any other types of cancer?,(Ever told) you had any other types of cancer?,binary,Two documented substantive responses,core_survey,6.7,[19],"[{""code"": ""7"", ""label"": ""Don’t know / Not sure""}, {""code"": ""9"", ""label"": ""Refused""}]",No documented blank category,contemporaneous,none,,include,,0.0,0.0,0.0,4,"[{""value"": ""2"", ""count"": 295112, ""fraction"": 0.8993615432672528}, {""value"": ""1"", ""count"": 32369, ""fraction"": 0.09864537461715453}, {""value"": ""7"", ""count"": 587, ""fraction"": 0.0017888978621603913}, {""value"": ""9"", ""count"": 67, ""fraction"": 0.00020418425343227635}]","[{""value"": ""2"", ""count"": 98607, ""fraction"": 0.9015167445304857}, {""value"": ""1"", ""count"": 10543, ""fraction"": 0.09638961775112224}, {""value"": ""7"", ""count"": 208, ""fraction"": 0.001901644739849514}, {""value"": ""9"", ""count"": 21, ""fraction"": 0.00019199297854249903}]",1.0,9.0,
45,CHCCOPD1,"Ever told) you have chronic obstructive pulmonary disease, emphysema or chronic bronchitis?","(Ever told) you have Chronic Obstructive Pulmonary Disease or COPD, emphysema or chronic bronchitis?",binary,Two documented substantive responses,core_survey,6.8,[20],"[{""code"": ""7"", ""label"": ""Don’t know / Not sure""}, {""code"": ""9"", ""label"": ""Refused""}]",No documented blank category,contemporaneous,none,,include,,0.0,0.0,0.0,4,"[{""value"": ""2"", ""count"": 300402, ""fraction"": 0.9154829567098908}, {""value"": ""1"", ""count"": 26186, ""fraction"": 0.07980252030414312}, {""value"": ""7"", ""count"": 1502, ""fraction"": 0.004577384308287747}, {""value"": ""9"", ""count"": 45, ""fraction"": 0.00013713867767839458}]","[{""value"": ""2"", ""count"": 100290, ""fraction"": 0.9169036103822489}, {""value"": ""1"", ""count"": 8590, ""fraction"": 0.07853427074666984}, {""value"": ""7"", ""count"": 480, ""fraction"": 0.004388410938114263}, {""value"": ""9"", ""count"": 19, ""fraction"": 0.00017370793296702291}]",1.0,9.0,
46,HAVARTH3,Told Have Arthritis,"(Ever told) you have some form of arthritis, rheumatoid arthritis, gout, lupus, or fibromyalgia? (Arthritis diagnoses include: rheumatism, polymyalgia rheumatica; osteoarthritis (not osteporosis); tendonitis, bursitis, bunion, tennis elbow; carpal tunnel syndrome, tarsal tunnel syndrome; joint infection, etc.)",binary,Two documented substantive responses,core_survey,6.9,[20],"[{""code"": ""7"", ""label"": ""Don’t know/Not Sure""}, {""code"": ""9"", ""label"": ""Refused""}, {""code"": ""BLANK"", ""label"": ""Not asked or Missing""}]",Not asked or Missing,contemporaneous,none,,include,,3.0475261706309903e-06,0.0,3.0475261706309903e-06,5,"[{""value"": ""2"", ""count"": 216696, ""fraction"": 0.6603867310710531}, {""value"": ""1"", ""count"": 109556, ""fraction"": 0.33387477714964875}, {""value"": ""7"", ""count"": 1789, ""fraction"": 0.005452024319258841}, {""value"": ""9"", ""count"": 93, ""fraction"": 0.0002834199338686821}, {""value"": ""<MISSING>"", ""count"": 1, ""fraction"": 3.0475261706309903e-06}]","[{""value"": ""2"", ""count"": 72290, ""fraction"": 0.6609129723255835}, {""value"": ""1"", ""count"": 36449, ""fraction"": 0.3332358130902641}, {""value"": ""7"", ""count"": 609, ""fraction"": 0.005567796377732472}, {""value"": ""9"", ""count"": 31, ""fraction"": 0.0002834182064198795}]",1.0,9.0,
47,ADDEPEV2,Ever told you had a depressive disorder,"(Ever told) you that you have a depressive disorder, including depression, major depression, dysthymia, or minor depression?",binary,Two documented substantive responses,core_survey,6.10,[20],"[{""code"": ""7"", ""label"": ""Don’t know/Not sure""}, {""code"": ""9"", ""label"": ""Refused""}]",No documented blank category,contemporaneous,none,,include,,0.0,0.0,0.0,4,"[{""value"": ""2"", ""count"": 264645, ""fraction"": 0.8065125634266385}, {""value"": ""1"", ""count"": 62040, ""fraction"": 0.18906852362594664}, {""value"": ""7"", ""count"": 1124, ""fraction"": 0.003425419415789233}, {""value"": ""9"", ""count"": 326, ""fraction"": 0.000993493531625703}]","[{""value"": ""2"", ""count"": 88199, ""fraction"": 0.8063613673557082}, {""value"": ""1"", ""count"": 20688, ""fraction"": 0.18914051143272476}, {""value"": ""7"", ""count"": 393, ""fraction"": 0.003593011455581053}, {""value"": ""9"", ""count"": 99, ""fraction"": 0.0009051097559860668}]",1.0,9.0,
48,CHCKIDNY,Ever told) you have kidney disease?,"(Ever told) you have kidney disease? Do NOT include kidney stones, bladder infection or incontinence.(Incontinence is not being able to control urine flow.)",binary,Two documented substantive responses,core_survey,6.11,[21],"[{""code"": ""7"", ""label"": ""Don’t know / Not sure""}, {""code"": ""9"", ""label"": ""Refused""}]",No documented blank category,contemporaneous,none,,include,,0.0,0.0,0.0,4,"[{""value"": ""2"", ""count"": 315671, ""fraction"": 0.9620156338092554}, {""value"": ""1"", ""count"": 11487, ""fraction"": 0.03500693312203818}, {""value"": ""7"", ""count"": 908, ""fraction"": 0.002767153762932939}, {""value"": ""9"", ""count"": 69, ""fraction"": 0.00021027930577353834}]","[{""value"": ""2"", ""count"": 105176, ""fraction"": 0.9615739767231369}, {""value"": ""1"", ""count"": 3881, ""fraction"": 0.03548213093921137}, {""value"": ""7"", ""count"": 298, ""fraction"": 0.0027244717907459384}, {""value"": ""9"", ""count"": 24, ""fraction"": 0.00021942054690571316}]",1.0,9.0,
49,DIABETE3,Ever told) you have diabetes,"(Ever told) you have diabetes (If ""Yes"" and respondent is female, ask ""Was this only when you were pregnant?"". If Respondent says pre-diabetes or borderline diabetes, use response code 4.)",categorical,A small set of documented response categories,core_survey,6.12,[21],"[{""code"": ""BLANK"", ""label"": ""Not asked or Missing""}]",Not asked or Missing,contemporaneous,none,,include,,1.523763085315495e-05,1.8285045575476097e-05,3.0474147223211463e-06,7,"[{""value"": ""3"", ""count"": 277049, ""fraction"": 0.8443140780471452}, {""value"": ""1"", ""count"": 42223, ""fraction"": 0.1286756975025523}, {""value"": ""4"", ""count"": 5709, ""fraction"": 0.017398326908132325}, {""value"": ""2"", ""count"": 2675, ""fraction"": 0.0081521325064379}, {""value"": ""7"", ""count"": 406, ""fraction"": 0.001237295625276182}, {""value"": ""9"", ""count"": 68, ""fraction"": 0.00020723177960290734}, {""value"": ""<MISSING>"", ""count"": 5, ""fraction"": 1.523763085315495e-05}]","[{""value"": ""3.0"", ""count"": 92315, ""fraction"": 0.843991991150038}, {""value"": ""1.0"", ""count"": 14155, ""fraction"": 0.12941241006043208}, {""value"": ""4.0"", ""count"": 1845, ""fraction"": 0.0168679545433767}, {""value"": ""2.0"", ""count"": 910, ""fraction"": 0.008319695736841624}, {""value"": ""7.0"", ""count"": 130, ""fraction"": 0.0011885279624059464}, {""value"": ""9.0"", ""count"": 22, ""fraction"": 0.00020113550133023705}, {""value"": ""<MISSING>"", ""count"": 2, ""fraction"": 1.8285045575476097e-05}]",1.0,9.0,
50,DIABAGE2,Age When Told Diabetic,How old were you when you were told you have diabetes?,count,"The variable records a number, duration, or frequency",core_survey,6.13,[21],"[{""code"": ""98"", ""label"": ""Don’t know/Not sure""}, {""code"": ""99"", ""label"": ""Refused""}, {""code"": ""BLANK"", ""label"": ""Not asked or Missing""}]",Not asked or Missing,contemporaneous,none,,include,,0.8713334450759596,0.870587589939568,0.0007458551363915822,99,"[{""value"": ""<MISSING>"", ""count"": 285915, ""fraction"": 0.8713334450759596}, {""value"": ""50"", ""count"": 3565, ""fraction"": 0.01086443079829948}, {""value"": ""60"", ""count"": 2814, ""fraction"": 0.008575738644155607}, {""value"": ""98"", ""count"": 2574, ""fraction"": 0.007844332363204169}, {""value"": ""55"", ""count"": 2560, ""fraction"": 0.007801666996815335}, {""value"": ""40"", ""count"": 2087, ""fraction"": 0.0063601871181068765}, {""value"": ""45"", ""count"": 1906, ""fraction"": 0.005808584881222667}, {""value"": ""65"", ""count"": 1792, ""fraction"": 0.005461166897770734}, {""value"": ""70"", ""count"": 1227, ""fraction"": 0.003739314611364225}, {""value"": ""58"", ""count"": 1046, ""fraction"": 0.0031877123744800157}]","[{""value"": ""<MISSING>"", ""count"": 95224, ""fraction"": 0.870587589939568}, {""value"": ""50.0"", ""count"": 1222, ""fraction"": 0.011172162846615895}, {""value"": ""60.0"", ""count"": 926, ""fraction"": 0.008465976101445434}, {""value"": ""98.0"", ""count"": 915, ""fraction"": 0.008365408350780314}, {""value"": ""55.0"", ""count"": 851, ""fraction"": 0.007780286892365079}, {""value"": ""40.0"", ""count"": 704, ""fraction"": 0.006436336042567586}, {""value"": ""45.0"", ""count"": 624, ""fraction"": 0.005704934219548543}, {""value"": ""65.0"", ""count"": 584, ""fraction"": 0.00533923330803902}, {""value"": ""70.0"", ""count"": 396, ""fraction"": 0.003620439023944267}, {""value"": ""58.0"", ""count"": 339, ""fraction"": 0.0030993152250431985}]",1.0,99.0,
51,SEX,Respondents Sex,Indicate sex of respondent.,binary,Two documented substantive responses,core_survey,7.1,[22],[],No documented blank category,contemporaneous,none,,include,,0.0,0.0,0.0,2,"[{""value"": ""2"", ""count"": 189352, ""fraction"": 0.5770551754613192}, {""value"": ""1"", ""count"": 138783, ""fraction"": 0.4229448245386807}]","[{""value"": ""2"", ""count"": 62978, ""fraction"": 0.5757778001261669}, {""value"": ""1"", ""count"": 46401, ""fraction"": 0.4242221998738332}]",1.0,2.0,
52,MARITAL,Marital Status,Are you: (marital status),categorical,Named categories without a useful numeric distance,core_survey,7.6,[22],"[{""code"": ""9"", ""label"": ""Refused""}]",No documented blank category,contemporaneous,none,,include,,0.0,0.0,0.0,7,"[{""value"": ""1"", ""count"": 173520, ""fraction"": 0.5288067411278894}, {""value"": ""5"", ""count"": 50506, ""fraction"": 0.1539183567738888}, {""value"": ""2"", ""count"": 44248, ""fraction"": 0.13484693799808006}, {""value"": ""3"", ""count"": 41673, ""fraction"": 0.12699955810870525}, {""value"": ""6"", ""count"": 9375, ""fraction"": 0.028570557849665532}, {""value"": ""4"", ""count"": 6575, ""fraction"": 0.020037484571898762}, {""value"": ""9"", ""count"": 2238, ""fraction"": 0.006820363569872157}]","[{""value"": ""1"", ""count"": 58172, ""fraction"": 0.5318388356082977}, {""value"": ""5"", ""count"": 16652, ""fraction"": 0.152241289461414}, {""value"": ""2"", ""count"": 14568, ""fraction"": 0.13318827197176789}, {""value"": ""3"", ""count"": 13796, ""fraction"": 0.1261302443796341}, {""value"": ""6"", ""count"": 3176, ""fraction"": 0.029036652373856043}, {""value"": ""4"", ""count"": 2259, ""fraction"": 0.02065295897750025}, {""value"": ""9"", ""count"": 756, ""fraction"": 0.006911747227529965}]",1.0,9.0,
53,EDUCA,Education Level,What is the highest grade or year of school you completed?,ordinal,The documented responses have a natural order,core_survey,7.7,[22],"[{""code"": ""9"", ""label"": ""Refused""}]",No documented blank category,contemporaneous,none,,include,,0.0,0.0,0.0,7,"[{""value"": ""6"", ""count"": 120704, ""fraction"": 0.36784859889984306}, {""value"": ""4"", ""count"": 91317, ""fraction"": 0.2782909473235101}, {""value"": ""5"", ""count"": 89628, ""fraction"": 0.2731436756213144}, {""value"": ""3"", ""count"": 16585, ""fraction"": 0.05054322153991497}, {""value"": ""2"", ""count"": 8176, ""fraction"": 0.024916573971078975}, {""value"": ""9"", ""count"": 1272, ""fraction"": 0.0038764532890426195}, {""value"": ""1"", ""count"": 453, ""fraction"": 0.0013805293552958387}]","[{""value"": ""6"", ""count"": 40131, ""fraction"": 0.36689858199471564}, {""value"": ""4"", ""count"": 30521, ""fraction"": 0.279038938004553}, {""value"": ""5"", ""count"": 29909, ""fraction"": 0.2734437140584573}, {""value"": ""3"", ""count"": 5470, ""fraction"": 0.05000959964892712}, {""value"": ""2"", ""count"": 2754, ""fraction"": 0.025178507757430586}, {""value"": ""9"", ""count"": 451, ""fraction"": 0.004123277777269859}, {""value"": ""1"", ""count"": 143, ""fraction"": 0.001307380758646541}]",1.0,9.0,
54,RENTHOM1,Own or Rent Home,Do you own or rent your home? (Home is defined as the place where you live most of the time/the majority of the year.),categorical,A small set of documented response categories,core_survey,7.8,[23],"[{""code"": ""7"", ""label"": ""Don’t know/Not Sure""}, {""code"": ""9"", ""label"": ""Refused""}]",No documented blank category,contemporaneous,none,,include,,0.0,0.0,0.0,5,"[{""value"": ""1"", ""count"": 235483, ""fraction"": 0.7176406052386974}, {""value"": ""2"", ""count"": 75009, ""fraction"": 0.22859189053285994}, {""value"": ""3"", ""count"": 15373, ""fraction"": 0.04684961982111022}, {""value"": ""9"", ""count"": 1742, ""fraction"": 0.005308790589239185}, {""value"": ""7"", ""count"": 528, ""fraction"": 0.001609093818093163}]","[{""value"": ""1"", ""count"": 78656, ""fraction"": 0.719114272392324}, {""value"": ""2"", ""count"": 24931, ""fraction"": 0.2279322356210973}, {""value"": ""3"", ""count"": 5013, ""fraction"": 0.04583146673493084}, {""value"": ""9"", ""count"": 589, ""fraction"": 0.005384945921977711}, {""value"": ""7"", ""count"": 190, ""fraction"": 0.0017370793296702291}]",1.0,9.0,
55,NUMHHOL2,Household Telephones,Do you have more than one telephone number in your household? Do not include cell phones or numbers that are only used by a computer or fax machine.,categorical,A small set of documented response categories,core_survey,7.11,[23],"[{""code"": ""BLANK"", ""label"": ""Not asked or Missing""}]",Not asked or Missing,contemporaneous,none,,include,,0.4248708610785195,0.4213148776273325,0.003555983451187017,5,"[{""value"": ""2"", ""count"": 178114, ""fraction"": 0.5428070763557682}, {""value"": ""<MISSING>"", ""count"": 139415, ""fraction"": 0.4248708610785195}, {""value"": ""1"", ""count"": 9890, ""fraction"": 0.030140033827540495}, {""value"": ""9"", ""count"": 545, ""fraction"": 0.0016609017629938896}, {""value"": ""7"", ""count"": 171, ""fraction"": 0.0005211269751778994}]","[{""value"": ""2.0"", ""count"": 59840, ""fraction"": 0.5470885636182449}, {""value"": ""<MISSING>"", ""count"": 46083, ""fraction"": 0.4213148776273325}, {""value"": ""1.0"", ""count"": 3238, ""fraction"": 0.0296034887866958}, {""value"": ""9.0"", ""count"": 165, ""fraction"": 0.001508516259976778}, {""value"": ""7.0"", ""count"": 53, ""fraction"": 0.0004845537077501166}]",1.0,9.0,
56,NUMPHON2,Residential Phones,How many of these telephone numbers are residential numbers?,count,"The variable records a number, duration, or frequency",core_survey,7.12,[24],"[{""code"": ""7"", ""label"": ""Don’t know/Not Sure""}, {""code"": ""9"", ""label"": ""Refused""}, {""code"": ""BLANK"", ""label"": ""Not asked or Missing""}]",Not asked or Missing,contemporaneous,none,,include,,0.9698599661724595,0.9703965112133042,0.0005365450408446604,9,"[{""value"": ""<MISSING>"", ""count"": 318245, ""fraction"": 0.9698599661724595}, {""value"": ""1"", ""count"": 5004, ""fraction"": 0.015249820957837475}, {""value"": ""2"", ""count"": 3978, ""fraction"": 0.01212305910677008}, {""value"": ""3"", ""count"": 533, ""fraction"": 0.0016243314489463177}, {""value"": ""7"", ""count"": 113, ""fraction"": 0.0003443704572813019}, {""value"": ""9"", ""count"": 106, ""fraction"": 0.00032303777408688495}, {""value"": ""4"", ""count"": 97, ""fraction"": 0.00029561003855120603}, {""value"": ""5"", ""count"": 32, ""fraction"": 9.752083746019169e-05}, {""value"": ""6"", ""count"": 27, ""fraction"": 8.228320660703673e-05}]","[{""value"": ""<MISSING>"", ""count"": 106141, ""fraction"": 0.9703965112133042}, {""value"": ""1.0"", ""count"": 1621, ""fraction"": 0.014820029438923377}, {""value"": ""2.0"", ""count"": 1321, ""fraction"": 0.012077272602601961}, {""value"": ""3.0"", ""count"": 162, ""fraction"": 0.001481088691613564}, {""value"": ""9.0"", ""count"": 47, ""fraction"": 0.0004296985710236883}, {""value"": ""4.0"", ""count"": 40, ""fraction"": 0.00036570091150952194}, {""value"": ""7.0"", ""count"": 39, ""fraction"": 0.0003565583887217839}, {""value"": ""5.0"", ""count"": 5, ""fraction"": 4.571261393869024e-05}, {""value"": ""6.0"", ""count"": 3, ""fraction"": 2.7427568363214145e-05}]",1.0,9.0,
57,CPDEMO1,Do you have a cell phone for personal use?,Do you have a cell phone for personal use? Please include cell phones used for both business and personal use,binary,Two documented substantive responses,core_survey,7.13,[24],"[{""code"": ""7"", ""label"": ""Don’t know/Not sure""}, {""code"": ""9"", ""label"": ""Refused""}, {""code"": ""BLANK"", ""label"": ""Not asked or Missing""}]",Not asked or Missing,contemporaneous,none,,include,,0.4248708610785195,0.4213148776273325,0.003555983451187017,5,"[{""value"": ""1"", ""count"": 152576, ""fraction"": 0.464979353010194}, {""value"": ""<MISSING>"", ""count"": 139415, ""fraction"": 0.4248708610785195}, {""value"": ""2"", ""count"": 35186, ""fraction"": 0.10723025583982203}, {""value"": ""9"", ""count"": 835, ""fraction"": 0.002544684352476877}, {""value"": ""7"", ""count"": 123, ""fraction"": 0.0003748457189876118}]","[{""value"": ""1.0"", ""count"": 50959, ""fraction"": 0.4658938187403432}, {""value"": ""<MISSING>"", ""count"": 46083, ""fraction"": 0.4213148776273325}, {""value"": ""2.0"", ""count"": 12037, ""fraction"": 0.11004854679600289}, {""value"": ""9.0"", ""count"": 261, ""fraction"": 0.0023861984475996305}, {""value"": ""7.0"", ""count"": 39, ""fraction"": 0.0003565583887217839}]",1.0,9.0,
58,VETERAN3,Are You A Veteran,"Have you ever served on active duty in the United States Armed Forces, either in the regular military or in a National Guard or military reserve unit? (Active duty does not include training for the Reserves or National Guard, but DOES include activation, for example, for the Persian Gulf War.)",binary,Two documented substantive responses,core_survey,7.14,[25],"[{""code"": ""7"", ""label"": ""Don’t know/Not Sure""}, {""code"": ""9"", ""label"": ""Refused""}, {""code"": ""BLANK"", ""label"": ""Not asked or Missing""}]",Not asked or Missing,contemporaneous,none,,include,,3.0475261706309903e-06,4.571261393869024e-05,4.266508776805925e-05,5,"[{""value"": ""2"", ""count"": 284580, ""fraction"": 0.8672649976381672}, {""value"": ""1"", ""count"": 42935, ""fraction"": 0.13084553613604158}, {""value"": ""9"", ""count"": 496, ""fraction"": 0.0015115729806329712}, {""value"": ""7"", ""count"": 123, ""fraction"": 0.0003748457189876118}, {""value"": ""<MISSING>"", ""count"": 1, ""fraction"": 3.0475261706309903e-06}]","[{""value"": ""2.0"", ""count"": 94944, ""fraction"": 0.8680276835590013}, {""value"": ""1.0"", ""count"": 14256, ""fraction"": 0.13033580486199361}, {""value"": ""9.0"", ""count"": 140, ""fraction"": 0.0012799531902833268}, {""value"": ""7.0"", ""count"": 34, ""fraction"": 0.00031084577478309366}, {""value"": ""<MISSING>"", ""count"": 5, ""fraction"": 4.571261393869024e-05}]",1.0,9.0,
59,EMPLOY1,Employment Status,Are you currently…?,categorical,Named categories without a useful numeric distance,core_survey,7.15,[25],"[{""code"": ""9"", ""label"": ""Refused""}]",No documented blank category,contemporaneous,none,,include,,0.0,0.0,0.0,9,"[{""value"": ""1"", ""count"": 133994, ""fraction"": 0.40835022170752894}, {""value"": ""7"", ""count"": 98129, ""fraction"": 0.29905069559784847}, {""value"": ""2"", ""count"": 27202, ""fraction"": 0.08289880689350419}, {""value"": ""8"", ""count"": 23455, ""fraction"": 0.07147972633214987}, {""value"": ""5"", ""count"": 20089, ""fraction"": 0.06122175324180596}, {""value"": ""6"", ""count"": 8745, ""fraction"": 0.02665061636216801}, {""value"": ""3"", ""count"": 7030, ""fraction"": 0.021424108979535863}, {""value"": ""4"", ""count"": 6682, ""fraction"": 0.020363569872156276}, {""value"": ""9"", ""count"": 2809, ""fraction"": 0.008560501013302451}]","[{""value"": ""1"", ""count"": 44494, ""fraction"": 0.4067874089176167}, {""value"": ""7"", ""count"": 32738, ""fraction"": 0.29930791102496823}, {""value"": ""2"", ""count"": 9211, ""fraction"": 0.08421177739785517}, {""value"": ""8"", ""count"": 7797, ""fraction"": 0.07128425017599356}, {""value"": ""5"", ""count"": 6797, ""fraction"": 0.06214172738825551}, {""value"": ""6"", ""count"": 2747, ""fraction"": 0.025114510097916418}, {""value"": ""3"", ""count"": 2445, ""fraction"": 0.02235346821601953}, {""value"": ""4"", ""count"": 2274, ""fraction"": 0.02079009681931632}, {""value"": ""9"", ""count"": 876, ""fraction"": 0.00800884996205853}]",1.0,9.0,
60,CHILDREN,Number of Children in Household,How many children less than 18 years of age live in your household?,count,"The variable records a number, duration, or frequency",core_survey,7.16,[25],"[{""code"": ""99"", ""label"": ""Refused""}, {""code"": ""BLANK"", ""label"": ""Not asked or Missing""}]",Not asked or Missing,contemporaneous,none,,include,,9.14257851189297e-06,9.142522787738048e-06,5.572415492160012e-11,26,"[{""value"": ""88"", ""count"": 240617, ""fraction"": 0.733286604598717}, {""value"": ""1"", ""count"": 34419, ""fraction"": 0.10489280326694805}, {""value"": ""2"", ""count"": 30346, ""fraction"": 0.09248022917396803}, {""value"": ""3"", ""count"": 12905, ""fraction"": 0.03932832523199293}, {""value"": ""4"", ""count"": 4752, ""fraction"": 0.014481844362838467}, {""value"": ""99"", ""count"": 2724, ""fraction"": 0.008301461288798818}, {""value"": ""5"", ""count"": 1515, ""fraction"": 0.00461700214850595}, {""value"": ""6"", ""count"": 529, ""fraction"": 0.0016121413442637938}, {""value"": ""7"", ""count"": 180, ""fraction"": 0.0005485547107135783}, {""value"": ""8"", ""count"": 70, ""fraction"": 0.00021332683194416933}]","[{""value"": ""88.0"", ""count"": 80124, ""fraction"": 0.7325354958447234}, {""value"": ""1.0"", ""count"": 11674, ""fraction"": 0.10672981102405397}, {""value"": ""2.0"", ""count"": 10083, ""fraction"": 0.09218405726876275}, {""value"": ""3.0"", ""count"": 4328, ""fraction"": 0.039568838625330276}, {""value"": ""4.0"", ""count"": 1576, ""fraction"": 0.014408615913475165}, {""value"": ""99.0"", ""count"": 839, ""fraction"": 0.007670576618912223}, {""value"": ""5.0"", ""count"": 467, ""fraction"": 0.004269558141873669}, {""value"": ""6.0"", ""count"": 181, ""fraction"": 0.0016547966245805867}, {""value"": ""7.0"", ""count"": 60, ""fraction"": 0.0005485513672642829}, {""value"": ""8.0"", ""count"": 26, ""fraction"": 0.00023770559248118925}]",1.0,99.0,
61,INCOME2,Income Level,"Is your annual household income from all sources: (If respondent refuses at any income level, code ""Refused."")",ordinal,The documented responses have a natural order,core_survey,7.17,[26],"[{""code"": ""77"", ""label"": ""Don’t know/Not sure""}, {""code"": ""99"", ""label"": ""Refused""}, {""code"": ""BLANK"", ""label"": ""Not asked or Missing""}]",Not asked or Missing,contemporaneous,none,,include,,0.007530437167629177,0.007186022911162106,0.000344414256467071,11,"[{""value"": ""8"", ""count"": 86314, ""fraction"": 0.2630441738918433}, {""value"": ""7"", ""count"": 43382, ""fraction"": 0.13220778033431363}, {""value"": ""6"", ""count"": 38827, ""fraction"": 0.11832629862708946}, {""value"": ""99"", ""count"": 30206, ""fraction"": 0.0920535755100797}, {""value"": ""5"", ""count"": 29217, ""fraction"": 0.08903957212732565}, {""value"": ""77"", ""count"": 25917, ""fraction"": 0.07898273576424338}, {""value"": ""4"", ""count"": 24059, ""fraction"": 0.073320432139211}, {""value"": ""3"", ""count"": 19762, ""fraction"": 0.06022521218400963}, {""value"": ""2"", ""count"": 14431, ""fraction"": 0.04397885016837582}, {""value"": ""1"", ""count"": 13549, ""fraction"": 0.041290932085879285}]","[{""value"": ""8.0"", ""count"": 28671, ""fraction"": 0.2621252708472376}, {""value"": ""7.0"", ""count"": 14483, ""fraction"": 0.13241115753481014}, {""value"": ""6.0"", ""count"": 12878, ""fraction"": 0.11773740846049059}, {""value"": ""99.0"", ""count"": 10224, ""fraction"": 0.09347315298183381}, {""value"": ""5.0"", ""count"": 9625, ""fraction"": 0.08799678183197872}, {""value"": ""77.0"", ""count"": 8612, ""fraction"": 0.07873540624800007}, {""value"": ""4.0"", ""count"": 7948, ""fraction"": 0.07266477111694201}, {""value"": ""3.0"", ""count"": 6704, ""fraction"": 0.061291472768995874}, {""value"": ""2.0"", ""count"": 4833, ""fraction"": 0.04418581263313799}, {""value"": ""1.0"", ""count"": 4615, ""fraction"": 0.04219274266541109}]",1.0,99.0,
62,INTERNET,Internet use in the past 30 days?,Have you used the internet in the past 30 days?,binary,Two documented substantive responses,core_survey,7.18,[26],"[{""code"": ""7"", ""label"": ""Don’t know/Not Sure""}, {""code"": ""9"", ""label"": ""Refused""}, {""code"": ""BLANK"", ""label"": ""Not asked or Missing""}]",Not asked or Missing,contemporaneous,none,,include,,0.009773416429213587,0.009544793790398522,0.0002286226388150646,5,"[{""value"": ""1"", ""count"": 256339, ""fraction"": 0.7811998110533774}, {""value"": ""2"", ""count"": 67575, ""fraction"": 0.20593658098038917}, {""value"": ""<MISSING>"", ""count"": 3207, ""fraction"": 0.009773416429213587}, {""value"": ""9"", ""count"": 694, ""fraction"": 0.002114983162417907}, {""value"": ""7"", ""count"": 320, ""fraction"": 0.0009752083746019168}]","[{""value"": ""1.0"", ""count"": 85345, ""fraction"": 0.7802686073195038}, {""value"": ""2.0"", ""count"": 22663, ""fraction"": 0.20719699393850738}, {""value"": ""<MISSING>"", ""count"": 1044, ""fraction"": 0.009544793790398522}, {""value"": ""9.0"", ""count"": 218, ""fraction"": 0.0019930699677268944}, {""value"": ""7.0"", ""count"": 109, ""fraction"": 0.0009965349838634472}]",1.0,9.0,
63,WEIGHT2,Reported Weight in Pounds,"About how much do you weigh without shoes? (If respondent answers in metrics, put a 9 in the first column)[Round fractions up.]",continuous,Measured or calculated continuous quantity,core_survey,7.19,[27],"[{""code"": ""7777"", ""label"": ""Don’t know/Not sure""}, {""code"": ""9999"", ""label"": ""Refused""}, {""code"": ""BLANK"", ""label"": ""Not asked or Missing""}]",Not asked or Missing,contemporaneous,none,,include,,0.012025538269309887,0.011894422146847201,0.0001311161224626864,>256,[],[],50.0,9999.0,
64,HEIGHT3,Reported Height in Feet and Inches,"About how tall are you without shoes? (If respondent answers in metrics, put a 9 in the first column)[Round fractions down.]",continuous,Measured or calculated continuous quantity,core_survey,7.20,[27],"[{""code"": ""7777"", ""label"": ""Don’t know/Not sure""}, {""code"": ""9999"", ""label"": ""Refused""}, {""code"": ""BLANK"", ""label"": ""Not asked or Missing""}]",Not asked or Missing,contemporaneous,none,,include,,0.013430447833970774,0.013073807586465409,0.00035664024750536524,143,"[{""value"": ""504"", ""count"": 29461, ""fraction"": 0.0897831685129596}, {""value"": ""506"", ""count"": 29240, ""fraction"": 0.08910966522925015}, {""value"": ""505"", ""count"": 25968, ""fraction"": 0.07913815959894556}, {""value"": ""507"", ""count"": 25633, ""fraction"": 0.07811723833178418}, {""value"": ""503"", ""count"": 23697, ""fraction"": 0.07221722766544257}, {""value"": ""508"", ""count"": 23415, ""fraction"": 0.07135782528532464}, {""value"": ""502"", ""count"": 23067, ""fraction"": 0.07029728617794505}, {""value"": ""510"", ""count"": 21879, ""fraction"": 0.06667682508723544}, {""value"": ""509"", ""count"": 20511, ""fraction"": 0.06250780928581225}, {""value"": ""600"", ""count"": 20195, ""fraction"": 0.06154479101589285}]","[{""value"": ""506.0"", ""count"": 9770, ""fraction"": 0.08932244763620073}, {""value"": ""504.0"", ""count"": 9754, ""fraction"": 0.08917616727159693}, {""value"": ""505.0"", ""count"": 8645, ""fraction"": 0.07903710949999543}, {""value"": ""507.0"", ""count"": 8471, ""fraction"": 0.07744631053492901}, {""value"": ""508.0"", ""count"": 7900, ""fraction"": 0.07222593002313059}, {""value"": ""503.0"", ""count"": 7760, ""fraction"": 0.07094597683284726}, {""value"": ""502.0"", ""count"": 7712, ""fraction"": 0.07050713573903583}, {""value"": ""510.0"", ""count"": 7453, ""fraction"": 0.06813922233701168}, {""value"": ""509.0"", ""count"": 6975, ""fraction"": 0.06376909644447289}, {""value"": ""600.0"", ""count"": 6610, ""fraction"": 0.0604320756269485}]",205.0,9999.0,
65,PREGNANT,Pregnancy Status,"To your knowledge, are you now pregnant?",binary,Two documented substantive responses,core_survey,7.21,[27],"[{""code"": ""7"", ""label"": ""Don’t know/Not Sure""}, {""code"": ""9"", ""label"": ""Refused""}, {""code"": ""BLANK"", ""label"": ""Not asked or Missing""}]",Not asked or Missing,contemporaneous,none,,include,,0.8522803114571746,0.8518362757019172,0.00044403575525742145,5,"[{""value"": ""<MISSING>"", ""count"": 279663, ""fraction"": 0.8522803114571746}, {""value"": ""2"", ""count"": 46293, ""fraction"": 0.14107912901702044}, {""value"": ""1"", ""count"": 1813, ""fraction"": 0.005525164947353985}, {""value"": ""9"", ""count"": 213, ""fraction"": 0.0006491230743444009}, {""value"": ""7"", ""count"": 153, ""fraction"": 0.00046627150410654154}]","[{""value"": ""<MISSING>"", ""count"": 93173, ""fraction"": 0.8518362757019172}, {""value"": ""2.0"", ""count"": 15480, ""fraction"": 0.14152625275418498}, {""value"": ""1.0"", ""count"": 610, ""fraction"": 0.00557693890052021}, {""value"": ""9.0"", ""count"": 66, ""fraction"": 0.0006034065039907112}, {""value"": ""7.0"", ""count"": 50, ""fraction"": 0.00045712613938690244}]",1.0,9.0,
66,QLACTLM2,Activity Limitation Due to Health Problems,"Are you limited in any way in any activities because of physical, mental, or emotional problems?",binary,Two documented substantive responses,core_survey,7.22,[28],"[{""code"": ""7"", ""label"": ""Don’t know/Not Sure""}, {""code"": ""9"", ""label"": ""Refused""}, {""code"": ""BLANK"", ""label"": ""Not asked or Missing""}]",Not asked or Missing,contemporaneous,none,,include,,0.021128498940984657,0.020735241682589892,0.00039325725839476494,5,"[{""value"": ""2"", ""count"": 240039, ""fraction"": 0.7315251344720923}, {""value"": ""1"", ""count"": 78948, ""fraction"": 0.24059609611897542}, {""value"": ""<MISSING>"", ""count"": 6933, ""fraction"": 0.021128498940984657}, {""value"": ""7"", ""count"": 1338, ""fraction"": 0.004077590016304265}, {""value"": ""9"", ""count"": 877, ""fraction"": 0.0026726804516433783}]","[{""value"": ""2.0"", ""count"": 80130, ""fraction"": 0.7325903509814499}, {""value"": ""1.0"", ""count"": 26146, ""fraction"": 0.23904040080819902}, {""value"": ""<MISSING>"", ""count"": 2268, ""fraction"": 0.020735241682589892}, {""value"": ""7.0"", ""count"": 510, ""fraction"": 0.0046626866217464044}, {""value"": ""9.0"", ""count"": 325, ""fraction"": 0.0029713199060148656}]",1.0,9.0,
67,USEEQUIP,Health Problems Requiring Special Equipment,"Do you now have any health problem that requires you to use special equipment, such as a cane, a wheelchair, a special bed, or a special telephone? (Include occasional use or use in certain circumstances.)",binary,Two documented substantive responses,core_survey,7.23,[28],"[{""code"": ""7"", ""label"": ""Don’t know/Not Sure""}, {""code"": ""9"", ""label"": ""Refused""}, {""code"": ""BLANK"", ""label"": ""Not asked or Missing""}]",Not asked or Missing,contemporaneous,none,,include,,0.023596995139195758,0.023176295266915954,0.000420699872279804,5,"[{""value"": ""2"", ""count"": 282419, ""fraction"": 0.8606792935834336}, {""value"": ""1"", ""count"": 37209, ""fraction"": 0.11339540128300851}, {""value"": ""<MISSING>"", ""count"": 7743, ""fraction"": 0.023596995139195758}, {""value"": ""9"", ""count"": 532, ""fraction"": 0.0016212839227756869}, {""value"": ""7"", ""count"": 232, ""fraction"": 0.0007070260715863897}]","[{""value"": ""2.0"", ""count"": 94276, ""fraction"": 0.8619204783367923}, {""value"": ""1.0"", ""count"": 12296, ""fraction"": 0.11241646019802705}, {""value"": ""<MISSING>"", ""count"": 2535, ""fraction"": 0.023176295266915954}, {""value"": ""9.0"", ""count"": 184, ""fraction"": 0.0016822241929438009}, {""value"": ""7.0"", ""count"": 88, ""fraction"": 0.0008045420053209482}]",1.0,9.0,
68,BLIND,Blind or Difficulty seeing,"Are you blind or do you have serious difficulty seeing, even when wearing glasses?",binary,Two documented substantive responses,core_survey,7.24,[28],"[{""code"": ""7"", ""label"": ""Don’t know/Not Sure""}, {""code"": ""9"", ""label"": ""Refused""}, {""code"": ""BLANK"", ""label"": ""Not asked or Missing""}]",Not asked or Missing,contemporaneous,none,,include,,0.025273134533042804,0.02469395404968047,0.0005791804833623349,5,"[{""value"": ""2"", ""count"": 303019, ""fraction"": 0.923458332698432}, {""value"": ""1"", ""count"": 15620, ""fraction"": 0.047602358785256066}, {""value"": ""<MISSING>"", ""count"": 8293, ""fraction"": 0.025273134533042804}, {""value"": ""9"", ""count"": 609, ""fraction"": 0.001855943437914273}, {""value"": ""7"", ""count"": 594, ""fraction"": 0.0018102305453548083}]","[{""value"": ""2.0"", ""count"": 101088, ""fraction"": 0.9241993435668638}, {""value"": ""1.0"", ""count"": 5186, ""fraction"": 0.04741312317720952}, {""value"": ""<MISSING>"", ""count"": 2701, ""fraction"": 0.02469395404968047}, {""value"": ""9.0"", ""count"": 208, ""fraction"": 0.001901644739849514}, {""value"": ""7.0"", ""count"": 196, ""fraction"": 0.0017919344663966574}]",1.0,9.0,
69,DECIDE,Difficulty Concentrating or Remembering,"Because of a physical, mental, or emotional condition, do you have serious difficulty concentrating, remembering, or making decisions?",binary,Two documented substantive responses,core_survey,7.25,[29],"[{""code"": ""7"", ""label"": ""Don’t know/Not Sure""}, {""code"": ""9"", ""label"": ""Refused""}, {""code"": ""BLANK"", ""label"": ""Not asked or Missing""}]",Not asked or Missing,contemporaneous,none,,include,,0.026598808417267285,0.025973907239963796,0.0006249011773034885,5,"[{""value"": ""2"", ""count"": 286511, ""fraction"": 0.8731497706736556}, {""value"": ""1"", ""count"": 30818, ""fraction"": 0.09391866152650585}, {""value"": ""<MISSING>"", ""count"": 8728, ""fraction"": 0.026598808417267285}, {""value"": ""7"", ""count"": 1347, ""fraction"": 0.004105017751839944}, {""value"": ""9"", ""count"": 731, ""fraction"": 0.0022277416307312538}]","[{""value"": ""2.0"", ""count"": 95485, ""fraction"": 0.8729737883871675}, {""value"": ""1.0"", ""count"": 10344, ""fraction"": 0.09457025571636238}, {""value"": ""<MISSING>"", ""count"": 2841, ""fraction"": 0.025973907239963796}, {""value"": ""7.0"", ""count"": 465, ""fraction"": 0.004251273096298192}, {""value"": ""9.0"", ""count"": 244, ""fraction"": 0.002230775560208084}]",1.0,9.0,
70,DIFFWALK,Difficulty Walking or Climbing Stairs,Do you have serious difficulty walking or climbing stairs?,binary,Two documented substantive responses,core_survey,7.26,[29],"[{""code"": ""7"", ""label"": ""Don’t know/Not Sure""}, {""code"": ""9"", ""label"": ""Refused""}, {""code"": ""BLANK"", ""label"": ""Not asked or Missing""}]",Not asked or Missing,contemporaneous,none,,include,,0.02788181693510293,0.027427568363214146,0.0004542485718887837,5,"[{""value"": ""2"", ""count"": 262441, ""fraction"": 0.7997958157465678}, {""value"": ""1"", ""count"": 54915, ""fraction"": 0.16735489966020084}, {""value"": ""<MISSING>"", ""count"": 9149, ""fraction"": 0.02788181693510293}, {""value"": ""7"", ""count"": 989, ""fraction"": 0.0030140033827540493}, {""value"": ""9"", ""count"": 641, ""fraction"": 0.001953464275374465}]","[{""value"": ""2.0"", ""count"": 87596, ""fraction"": 0.8008484261147021}, {""value"": ""1.0"", ""count"": 18253, ""fraction"": 0.1668784684445826}, {""value"": ""<MISSING>"", ""count"": 3000, ""fraction"": 0.027427568363214146}, {""value"": ""7.0"", ""count"": 308, ""fraction"": 0.002815897018623319}, {""value"": ""9.0"", ""count"": 222, ""fraction"": 0.0020296400588778467}]",1.0,9.0,
71,DIFFDRES,Difficulty Dressing or Bathing,Do you have difficulty dressing or bathing?,binary,Two documented substantive responses,core_survey,7.27,[29],"[{""code"": ""7"", ""label"": ""Don’t know/Not Sure""}, {""code"": ""9"", ""label"": ""Refused""}, {""code"": ""BLANK"", ""label"": ""Not asked or Missing""}]",Not asked or Missing,contemporaneous,none,,include,,0.0287442668413915,0.028378390733138904,0.0003658761082525955,5,"[{""value"": ""2"", ""count"": 303999, ""fraction"": 0.9264449083456504}, {""value"": ""1"", ""count"": 13870, ""fraction"": 0.042269187986651836}, {""value"": ""<MISSING>"", ""count"": 9432, ""fraction"": 0.0287442668413915}, {""value"": ""9"", ""count"": 557, ""fraction"": 0.0016974720770414615}, {""value"": ""7"", ""count"": 277, ""fraction"": 0.0008441647492647843}]","[{""value"": ""2.0"", ""count"": 101556, ""fraction"": 0.9284780442315252}, {""value"": ""1.0"", ""count"": 4439, ""fraction"": 0.0405836586547692}, {""value"": ""<MISSING>"", ""count"": 3104, ""fraction"": 0.028378390733138904}, {""value"": ""9.0"", ""count"": 190, ""fraction"": 0.0017370793296702291}, {""value"": ""7.0"", ""count"": 90, ""fraction"": 0.0008228270508964244}]",1.0,9.0,
72,DIFFALON,Difficulty Doing Errands Alone,"Because of a physical, mental, or emotional condition, do you have difficulty doing errands alone such as visiting a doctor’s office or shopping?",binary,Two documented substantive responses,core_survey,7.28,[30],"[{""code"": ""7"", ""label"": ""Don’t know/Not Sure""}, {""code"": ""9"", ""label"": ""Refused""}, {""code"": ""BLANK"", ""label"": ""Not asked or Missing""}]",Not asked or Missing,contemporaneous,none,,include,,0.030054703094762825,0.02978633924245056,0.00026836385231226306,5,"[{""value"": ""2"", ""count"": 292218, ""fraction"": 0.8905420025294467}, {""value"": ""1"", ""count"": 24696, ""fraction"": 0.07526170630990293}, {""value"": ""<MISSING>"", ""count"": 9862, ""fraction"": 0.030054703094762825}, {""value"": ""9"", ""count"": 699, ""fraction"": 0.002130220793271062}, {""value"": ""7"", ""count"": 660, ""fraction"": 0.0020113672726164537}]","[{""value"": ""2.0"", ""count"": 97494, ""fraction"": 0.8913411166677333}, {""value"": ""1.0"", ""count"": 8170, ""fraction"": 0.07469441117581986}, {""value"": ""<MISSING>"", ""count"": 3258, ""fraction"": 0.02978633924245056}, {""value"": ""9.0"", ""count"": 239, ""fraction"": 0.0021850629462693938}, {""value"": ""7.0"", ""count"": 218, ""fraction"": 0.0019930699677268944}]",1.0,9.0,
73,SMOKE100,Smoked at Least 100 Cigarettes,Have you smoked at least 100 cigarettes in your entire life? [Note: 5 packs = 100 cigarettes],categorical,A small set of documented response categories,core_survey,8.1,[30],"[{""code"": ""BLANK"", ""label"": ""Not asked or Missing""}]",Not asked or Missing,contemporaneous,none,,include,,0.03212397336462127,0.03198054471150769,0.0001434286531135781,5,"[{""value"": ""2"", ""count"": 178357, ""fraction"": 0.5435476252152316}, {""value"": ""1"", ""count"": 136828, ""fraction"": 0.41698691087509715}, {""value"": ""<MISSING>"", ""count"": 10541, ""fraction"": 0.03212397336462127}, {""value"": ""7"", ""count"": 1332, ""fraction"": 0.004059304859280479}, {""value"": ""9"", ""count"": 1077, ""fraction"": 0.0032821856857695765}]","[{""value"": ""2.0"", ""count"": 59456, ""fraction"": 0.5435778348677535}, {""value"": ""1.0"", ""count"": 45616, ""fraction"": 0.4170453194854588}, {""value"": ""<MISSING>"", ""count"": 3498, ""fraction"": 0.03198054471150769}, {""value"": ""7.0"", ""count"": 456, ""fraction"": 0.00416899039120855}, {""value"": ""9.0"", ""count"": 353, ""fraction"": 0.003227310544071531}]",1.0,9.0,
74,SMOKDAY2,Frequency of Days Now Smoking,"Do you now smoke cigarettes every day, some days, or not at all?",ordinal,Documented categories follow a meaningful order,core_survey,8.2,[30],"[{""code"": ""BLANK"", ""label"": ""Not asked or Missing""}]",Not asked or Missing,contemporaneous,none,,include,,0.5832325110091883,0.5832198136753856,1.269733380271365e-05,6,"[{""value"": ""<MISSING>"", ""count"": 191379, ""fraction"": 0.5832325110091883}, {""value"": ""3"", ""count"": 90838, ""fraction"": 0.2768311822877779}, {""value"": ""1"", ""count"": 32444, ""fraction"": 0.09887393907995184}, {""value"": ""2"", ""count"": 13230, ""fraction"": 0.040318771237448}, {""value"": ""9"", ""count"": 176, ""fraction"": 0.0005363646060310543}, {""value"": ""7"", ""count"": 68, ""fraction"": 0.00020723177960290734}]","[{""value"": ""<MISSING>"", ""count"": 63792, ""fraction"": 0.5832198136753856}, {""value"": ""3.0"", ""count"": 30208, ""fraction"": 0.276177328371991}, {""value"": ""1.0"", ""count"": 10706, ""fraction"": 0.09787984896552354}, {""value"": ""2.0"", ""count"": 4590, ""fraction"": 0.04196417959571764}, {""value"": ""9.0"", ""count"": 67, ""fraction"": 0.0006125490267784492}, {""value"": ""7.0"", ""count"": 16, ""fraction"": 0.00014628036460380878}]",1.0,9.0,
75,STOPSMK2,Stopped Smoking in past 12 months,"During the past 12 months, have you stopped smoking for one day or longer because you were trying to quit smoking?",categorical,A small set of documented response categories,core_survey,8.3,[31],"[{""code"": ""BLANK"", ""label"": ""Not asked or Missing""}]",Not asked or Missing,contemporaneous,none,,include,,0.8609566184649611,0.8602839667577872,0.0006726517071738991,5,"[{""value"": ""<MISSING>"", ""count"": 282510, ""fraction"": 0.8609566184649611}, {""value"": ""1"", ""count"": 25793, ""fraction"": 0.07860484251908513}, {""value"": ""2"", ""count"": 19676, ""fraction"": 0.05996312493333537}, {""value"": ""7"", ""count"": 127, ""fraction"": 0.00038703582367013577}, {""value"": ""9"", ""count"": 29, ""fraction"": 8.837825894829872e-05}]","[{""value"": ""<MISSING>"", ""count"": 94097, ""fraction"": 0.8602839667577872}, {""value"": ""1.0"", ""count"": 8802, ""fraction"": 0.0804724855776703}, {""value"": ""2.0"", ""count"": 6424, ""fraction"": 0.058731566388429225}, {""value"": ""7.0"", ""count"": 51, ""fraction"": 0.00046626866217464047}, {""value"": ""9.0"", ""count"": 5, ""fraction"": 4.571261393869024e-05}]",1.0,9.0,
76,LASTSMK2,Interval Since Last Smoked,"How long has it been since you last smoked a cigarette, even one or two puffs?",ordinal,Documented categories follow a meaningful order,core_survey,8.4,[31],"[{""code"": ""77"", ""label"": ""Don’t know/Not sure""}, {""code"": ""99"", ""label"": ""Refused""}, {""code"": ""BLANK"", ""label"": ""Not asked or Missing""}]",Not asked or Missing,contemporaneous,none,,include,,0.7233882395965076,0.7239598094698251,0.0005715698733175234,11,"[{""value"": ""<MISSING>"", ""count"": 237369, ""fraction"": 0.7233882395965076}, {""value"": ""7"", ""count"": 60264, ""fraction"": 0.183656117146906}, {""value"": ""5"", ""count"": 11707, ""fraction"": 0.035677388879577006}, {""value"": ""6"", ""count"": 9007, ""fraction"": 0.02744906821887333}, {""value"": ""4"", ""count"": 3000, ""fraction"": 0.009142578511892971}, {""value"": ""1"", ""count"": 1916, ""fraction"": 0.005839060142928978}, {""value"": ""3"", ""count"": 1867, ""fraction"": 0.005689731360568059}, {""value"": ""2"", ""count"": 1731, ""fraction"": 0.005275267801362244}, {""value"": ""8"", ""count"": 650, ""fraction"": 0.0019808920109101436}, {""value"": ""77"", ""count"": 520, ""fraction"": 0.001584713608728115}]","[{""value"": ""<MISSING>"", ""count"": 79186, ""fraction"": 0.7239598094698251}, {""value"": ""7.0"", ""count"": 20032, ""fraction"": 0.18314301648396858}, {""value"": ""5.0"", ""count"": 3858, ""fraction"": 0.03527185291509339}, {""value"": ""6.0"", ""count"": 3078, ""fraction"": 0.028140685140657713}, {""value"": ""4.0"", ""count"": 1007, ""fraction"": 0.009206520447252215}, {""value"": ""1.0"", ""count"": 619, ""fraction"": 0.005659221605609852}, {""value"": ""2.0"", ""count"": 588, ""fraction"": 0.005375803399189972}, {""value"": ""3.0"", ""count"": 582, ""fraction"": 0.005320948262463544}, {""value"": ""8.0"", ""count"": 240, ""fraction"": 0.0021942054690571315}, {""value"": ""77.0"", ""count"": 169, ""fraction"": 0.0015450863511277302}]",1.0,99.0,
77,USENOW3,Use of Smokeless Tobacco Products,"Do you currently use chewing tobacco, snuff, or snus every day, some days, or not at all? (Snus (Swedish for snuff) is a moist smokeless tobacco, usually sold in small pouches that are placed under the lip against the gum.)[Snus (rhymes with ´goose´)]",ordinal,Documented categories follow a meaningful order,core_survey,8.5,[32],"[{""code"": ""7"", ""label"": ""Don’t know/Not Sure""}, {""code"": ""9"", ""label"": ""Refused""}, {""code"": ""BLANK"", ""label"": ""Not asked or Missing""}]",Not asked or Missing,contemporaneous,none,,include,,0.03354412056013531,0.03343420583475804,0.00010991472537726782,6,"[{""value"": ""3"", ""count"": 305625, ""fraction"": 0.9314001858990965}, {""value"": ""<MISSING>"", ""count"": 11007, ""fraction"": 0.03354412056013531}, {""value"": ""1"", ""count"": 5606, ""fraction"": 0.017084431712557333}, {""value"": ""2"", ""count"": 4461, ""fraction"": 0.013595014247184848}, {""value"": ""9"", ""count"": 1333, ""fraction"": 0.00406235238545111}, {""value"": ""7"", ""count"": 103, ""fraction"": 0.000313895195574992}]","[{""value"": ""3.0"", ""count"": 101860, ""fraction"": 0.9312573711589976}, {""value"": ""<MISSING>"", ""count"": 3657, ""fraction"": 0.03343420583475804}, {""value"": ""1.0"", ""count"": 1839, ""fraction"": 0.01681309940665027}, {""value"": ""2.0"", ""count"": 1536, ""fraction"": 0.014042915001965642}, {""value"": ""9.0"", ""count"": 454, ""fraction"": 0.004150705345633074}, {""value"": ""7.0"", ""count"": 33, ""fraction"": 0.0003017032519953556}]",1.0,9.0,
78,ALCDAY5,Days in past 30 had alcoholic beverage,"During the past 30 days, how many days per week or per month did you have at least one drink of any alcoholic beverage such as beer, wine, a malt beverage or liquor?",count,"The variable records a number, duration, or frequency",core_survey,9.1,[32],"[{""code"": ""BLANK"", ""label"": ""Not asked or Missing""}]",Not asked or Missing,contemporaneous,none,,include,,0.0358541453974736,0.03594839960138601,9.425420391240974e-05,41,"[{""value"": ""888"", ""count"": 154556, ""fraction"": 0.47101345482804335}, {""value"": ""201"", ""count"": 25249, ""fraction"": 0.07694698828226187}, {""value"": ""202"", ""count"": 18829, ""fraction"": 0.057381870266810915}, {""value"": ""101"", ""count"": 12398, ""fraction"": 0.03778322946348302}, {""value"": ""<MISSING>"", ""count"": 11765, ""fraction"": 0.0358541453974736}, {""value"": ""230"", ""count"": 10855, ""fraction"": 0.0330808965821994}, {""value"": ""203"", ""count"": 10456, ""fraction"": 0.03186493364011764}, {""value"": ""102"", ""count"": 10058, ""fraction"": 0.0306520182242065}, {""value"": ""205"", ""count"": 8928, ""fraction"": 0.027208313651393482}, {""value"": ""204"", ""count"": 8773, ""fraction"": 0.02673594709494568}]","[{""value"": ""888.0"", ""count"": 51510, ""fraction"": 0.4709313487963869}, {""value"": ""201.0"", ""count"": 8449, ""fraction"": 0.07724517503359878}, {""value"": ""202.0"", ""count"": 6433, ""fraction"": 0.05881384909351887}, {""value"": ""101.0"", ""count"": 4090, ""fraction"": 0.03739291820184862}, {""value"": ""<MISSING>"", ""count"": 3932, ""fraction"": 0.03594839960138601}, {""value"": ""230.0"", ""count"": 3554, ""fraction"": 0.03249252598762102}, {""value"": ""203.0"", ""count"": 3523, ""fraction"": 0.032209107781201146}, {""value"": ""102.0"", ""count"": 3376, ""fraction"": 0.03086515693140365}, {""value"": ""205.0"", ""count"": 2932, ""fraction"": 0.026805876813647957}, {""value"": ""204.0"", ""count"": 2910, ""fraction"": 0.02660474131231772}]",101.0,999.0,
79,AVEDRNK2,Avg alcoholic drinks per day in past 30,"One drink is equivalent to a 12-ounce beer, a 5-ounce glass of wine, or a drink with one shot of liquor. During the past 30 days, on the days when you drank, about how many drinks did you drink on the average? (A 40 ounce beer would count as 3 drinks, or a cocktail drink with 2 shots would count as 2 drinks.)",count,"The variable records a number, duration, or frequency",core_survey,9.2,[33],"[{""code"": ""77"", ""label"": ""Don’t know/Not sure""}, {""code"": ""99"", ""label"": ""Refused""}, {""code"": ""BLANK"", ""label"": ""Not asked or Missing""}]",Not asked or Missing,contemporaneous,none,,include,,0.5208405077178601,0.5209226633997385,8.215568187841527e-05,49,"[{""value"": ""<MISSING>"", ""count"": 170906, ""fraction"": 0.5208405077178601}, {""value"": ""1"", ""count"": 72740, ""fraction"": 0.22167705365169824}, {""value"": ""2"", ""count"": 46676, ""fraction"": 0.1422463315403721}, {""value"": ""3"", ""count"": 16796, ""fraction"": 0.05118624956191811}, {""value"": ""4"", ""count"": 7129, ""fraction"": 0.02172581407042833}, {""value"": ""5"", ""count"": 3676, ""fraction"": 0.01120270620323952}, {""value"": ""6"", ""count"": 3611, ""fraction"": 0.011004617002148507}, {""value"": ""77"", ""count"": 2053, ""fraction"": 0.006256571228305423}, {""value"": ""8"", ""count"": 915, ""fraction"": 0.002788486446127356}, {""value"": ""10"", ""count"": 898, ""fraction"": 0.0027366785012266294}]","[{""value"": ""<MISSING>"", ""count"": 56978, ""fraction"": 0.5209226633997385}, {""value"": ""1.0"", ""count"": 24245, ""fraction"": 0.22166046498870898}, {""value"": ""2.0"", ""count"": 15359, ""fraction"": 0.1404200074968687}, {""value"": ""3.0"", ""count"": 5728, ""fraction"": 0.05236837052816354}, {""value"": ""4.0"", ""count"": 2310, ""fraction"": 0.02111922763967489}, {""value"": ""5.0"", ""count"": 1284, ""fraction"": 0.011738999259455655}, {""value"": ""6.0"", ""count"": 1218, ""fraction"": 0.011135592755464944}, {""value"": ""77.0"", ""count"": 724, ""fraction"": 0.006619186498322347}, {""value"": ""10.0"", ""count"": 345, ""fraction"": 0.003154170361769627}, {""value"": ""8.0"", ""count"": 326, ""fraction"": 0.002980462428802604}]",1.0,99.0,
80,DRNK3GE5,Binge Drinking,"Considering all types of alcoholic beverages, how many times during the past 30 days did you have 5 or more drinks for men or 4 or more drinks for women on an occasion?",count,"The variable records a number, duration, or frequency",core_survey,9.3,[33],"[{""code"": ""77"", ""label"": ""Don’t know/Not Sure""}, {""code"": ""99"", ""label"": ""Refused""}, {""code"": ""BLANK"", ""label"": ""Not asked or Missing""}]",Not asked or Missing,contemporaneous,none,,include,,0.5217730507260732,0.521919198383602,0.00014614765752885006,44,"[{""value"": ""<MISSING>"", ""count"": 171212, ""fraction"": 0.5217730507260732}, {""value"": ""88"", ""count"": 117010, ""fraction"": 0.35659103722553215}, {""value"": ""1"", ""count"": 13873, ""fraction"": 0.04227833056516373}, {""value"": ""2"", ""count"": 7906, ""fraction"": 0.024093741905008608}, {""value"": ""3"", ""count"": 3589, ""fraction"": 0.010937571426394625}, {""value"": ""4"", ""count"": 3411, ""fraction"": 0.010395111768022307}, {""value"": ""5"", ""count"": 2496, ""fraction"": 0.007606625321894952}, {""value"": ""77"", ""count"": 1730, ""fraction"": 0.005272220275191614}, {""value"": ""30"", ""count"": 1195, ""fraction"": 0.0036417937739040332}, {""value"": ""10"", ""count"": 1181, ""fraction"": 0.0035991284075151996}]","[{""value"": ""<MISSING>"", ""count"": 57087, ""fraction"": 0.521919198383602}, {""value"": ""88.0"", ""count"": 38868, ""fraction"": 0.3553515757138025}, {""value"": ""1.0"", ""count"": 4559, ""fraction"": 0.041680761389297764}, {""value"": ""2.0"", ""count"": 2678, ""fraction"": 0.024483676025562492}, {""value"": ""3.0"", ""count"": 1206, ""fraction"": 0.011025882482012087}, {""value"": ""4.0"", ""count"": 1191, ""fraction"": 0.010888744640196017}, {""value"": ""5.0"", ""count"": 866, ""fraction"": 0.00791742473418115}, {""value"": ""77.0"", ""count"": 603, ""fraction"": 0.005512941241006044}, {""value"": ""10.0"", ""count"": 427, ""fraction"": 0.0039038572303641468}, {""value"": ""30.0"", ""count"": 417, ""fraction"": 0.003812432002486766}]",1.0,99.0,
81,MAXDRNKS,Most drinks on single occasion past 30 days,"During the past 30 days, what is the largest number of drinks you had on any occasion?",count,"The variable records a number, duration, or frequency",core_survey,9.4,[33],"[{""code"": ""77"", ""label"": ""Don’t know/Not sure""}, {""code"": ""99"", ""label"": ""Refused""}, {""code"": ""BLANK"", ""label"": ""Not asked or Missing""}]",Not asked or Missing,contemporaneous,none,,include,,0.5227177838389687,0.5227603104800739,4.252664110515614e-05,59,"[{""value"": ""<MISSING>"", ""count"": 171522, ""fraction"": 0.5227177838389687}, {""value"": ""2"", ""count"": 42953, ""fraction"": 0.13090039160711292}, {""value"": ""1"", ""count"": 42684, ""fraction"": 0.1300806070672132}, {""value"": ""3"", ""count"": 24510, ""fraction"": 0.07469486644216557}, {""value"": ""4"", ""count"": 12697, ""fraction"": 0.038694439788501685}, {""value"": ""5"", ""count"": 8779, ""fraction"": 0.026754232251969465}, {""value"": ""6"", ""count"": 7331, ""fraction"": 0.02234141435689579}, {""value"": ""77"", ""count"": 4034, ""fraction"": 0.012293720572325416}, {""value"": ""8"", ""count"": 2943, ""fraction"": 0.008968869520167004}, {""value"": ""10"", ""count"": 2818, ""fraction"": 0.00858792874883813}]","[{""value"": ""<MISSING>"", ""count"": 57179, ""fraction"": 0.5227603104800739}, {""value"": ""1.0"", ""count"": 14339, ""fraction"": 0.13109463425337586}, {""value"": ""2.0"", ""count"": 14212, ""fraction"": 0.12993353385933315}, {""value"": ""3.0"", ""count"": 8013, ""fraction"": 0.07325903509814498}, {""value"": ""4.0"", ""count"": 4176, ""fraction"": 0.03817917516159409}, {""value"": ""5.0"", ""count"": 3014, ""fraction"": 0.02755556368224248}, {""value"": ""6.0"", ""count"": 2485, ""fraction"": 0.02271916912752905}, {""value"": ""77.0"", ""count"": 1395, ""fraction"": 0.012753819288894578}, {""value"": ""8.0"", ""count"": 988, ""fraction"": 0.009032812514285192}, {""value"": ""10.0"", ""count"": 917, ""fraction"": 0.00838369339635579}]",1.0,99.0,
82,FRUITJU1,How many times did you drink 100 percent PURE fruit juices?,"During the past month, how many times per day, week or month did you drink 100 percent PURE fruit juices? Do not include fruit-flavored drinks with added sugar or fruit juice you made at home and added sugar to. Only include 100 percent juice.",count,"The variable records a number, duration, or frequency",core_survey,10.1,[34],"[{""code"": ""777"", ""label"": ""Don’t know/Not sure""}, {""code"": ""999"", ""label"": ""Refused""}, {""code"": ""BLANK"", ""label"": ""Not asked or Missing""}]",Not asked or Missing,contemporaneous,none,,include,,0.06319959772654547,0.06328454273672277,8.49450101772925e-05,110,"[{""value"": ""555"", ""count"": 123451, ""fraction"": 0.3762201532905664}, {""value"": ""101"", ""count"": 43631, ""fraction"": 0.13296661435080073}, {""value"": ""<MISSING>"", ""count"": 20738, ""fraction"": 0.06319959772654547}, {""value"": ""202"", ""count"": 13624, ""fraction"": 0.041519496548676614}, {""value"": ""302"", ""count"": 13362, ""fraction"": 0.04072104469197129}, {""value"": ""201"", ""count"": 12015, ""fraction"": 0.03661602694013135}, {""value"": ""203"", ""count"": 11589, ""fraction"": 0.03531778079144254}, {""value"": ""301"", ""count"": 10717, ""fraction"": 0.03266033797065232}, {""value"": ""303"", ""count"": 8294, ""fraction"": 0.025276182059213434}, {""value"": ""305"", ""count"": 7974, ""fraction"": 0.024300973684611517}]","[{""value"": ""555.0"", ""count"": 41031, ""fraction"": 0.3751268525036799}, {""value"": ""101.0"", ""count"": 14516, ""fraction"": 0.1327128607868055}, {""value"": ""<MISSING>"", ""count"": 6922, ""fraction"": 0.06328454273672277}, {""value"": ""202.0"", ""count"": 4562, ""fraction"": 0.04170818895766098}, {""value"": ""302.0"", ""count"": 4544, ""fraction"": 0.041543623547481694}, {""value"": ""201.0"", ""count"": 3927, ""fraction"": 0.035902686987447315}, {""value"": ""203.0"", ""count"": 3814, ""fraction"": 0.03486958191243292}, {""value"": ""301.0"", ""count"": 3496, ""fraction"": 0.03196225966593222}, {""value"": ""303.0"", ""count"": 2818, ""fraction"": 0.02576362921584582}, {""value"": ""305.0"", ""count"": 2672, ""fraction"": 0.024428820888836064}]",101.0,999.0,
83,FRUIT1,How many times did you eat fruit?,"During the past month, not counting juice, how many times per day, week, or month did you eat fruit? Count fresh, frozen, or canned fruit.(Read only if necessary: “Your best guess is fine. Include apples, bananas, applesauce, oranges, grape fruit, fruit salad, watermelon, cantaloupe or musk melon, papaya, lychees, star fruit,)",count,"The variable records a number, duration, or frequency",core_survey,10.2,[34],"[{""code"": ""777"", ""label"": ""Don’t know/Not sure""}, {""code"": ""999"", ""label"": ""Refused""}, {""code"": ""BLANK"", ""label"": ""Not asked or Missing""}]",Not asked or Missing,contemporaneous,none,,include,,0.06572599692199857,0.06604558461861966,0.0003195876966210903,135,"[{""value"": ""101"", ""count"": 75601, ""fraction"": 0.2303960260258735}, {""value"": ""102"", ""count"": 40619, ""fraction"": 0.1237874655248602}, {""value"": ""<MISSING>"", ""count"": 21567, ""fraction"": 0.06572599692199857}, {""value"": ""203"", ""count"": 19357, ""fraction"": 0.05899096408490408}, {""value"": ""202"", ""count"": 15470, ""fraction"": 0.04714522985966142}, {""value"": ""103"", ""count"": 15008, ""fraction"": 0.045737272768829905}, {""value"": ""555"", ""count"": 12035, ""fraction"": 0.03667697746354397}, {""value"": ""204"", ""count"": 10921, ""fraction"": 0.03328203330946104}, {""value"": ""320"", ""count"": 10774, ""fraction"": 0.03283404696237829}, {""value"": ""330"", ""count"": 10645, ""fraction"": 0.03244091608636689}]","[{""value"": ""101.0"", ""count"": 25093, ""fraction"": 0.22941332431271086}, {""value"": ""102.0"", ""count"": 13488, ""fraction"": 0.1233143473610108}, {""value"": ""<MISSING>"", ""count"": 7224, ""fraction"": 0.06604558461861966}, {""value"": ""203.0"", ""count"": 6451, ""fraction"": 0.05897841450369815}, {""value"": ""202.0"", ""count"": 5133, ""fraction"": 0.046928569469459405}, {""value"": ""103.0"", ""count"": 5064, ""fraction"": 0.04629773539710548}, {""value"": ""555.0"", ""count"": 3974, ""fraction"": 0.03633238555847101}, {""value"": ""204.0"", ""count"": 3677, ""fraction"": 0.0336170562905128}, {""value"": ""330.0"", ""count"": 3475, ""fraction"": 0.03177026668738972}, {""value"": ""320.0"", ""count"": 3439, ""fraction"": 0.03144113586703115}]",101.0,999.0,
84,FVBEANS,How many times did you eat beans or lentils?,"During the past month, how many times per day, week, or month did you eat cooked or canned beans, such as refried, baked, black, garbanzo beans, beans in soup, soybeans, edamame, tofu or lentils. Do NOT include long green beans.(Read only if necessary: “Include round or oval beans or peas such as navy, pinto, split peas, cow peas, garbanzo beans, lentils, soy beans and tofu. Do NOT include long green beans such as string beans, broad or winged beans, or pole beans.”)",count,"The variable records a number, duration, or frequency",core_survey,10.3,[35],"[{""code"": ""777"", ""label"": ""Don’t know/Not sure""}, {""code"": ""999"", ""label"": ""Refused""}, {""code"": ""BLANK"", ""label"": ""Not asked or Missing""}]",Not asked or Missing,contemporaneous,none,,include,,0.06847181800173709,0.06877919893215334,0.0003073809304162539,109,"[{""value"": ""555"", ""count"": 50956, ""fraction"": 0.15528974355067274}, {""value"": ""201"", ""count"": 31846, ""fraction"": 0.09705151842991451}, {""value"": ""202"", ""count"": 30505, ""fraction"": 0.09296478583509836}, {""value"": ""302"", ""count"": 24554, ""fraction"": 0.07482895759367333}, {""value"": ""<MISSING>"", ""count"": 22468, ""fraction"": 0.06847181800173709}, {""value"": ""203"", ""count"": 21535, ""fraction"": 0.06562847608453838}, {""value"": ""301"", ""count"": 15951, ""fraction"": 0.04861108994773493}, {""value"": ""305"", ""count"": 15907, ""fraction"": 0.04847699879622716}, {""value"": ""303"", ""count"": 15751, ""fraction"": 0.04800158471360873}, {""value"": ""101"", ""count"": 13739, ""fraction"": 0.041869962058299175}]","[{""value"": ""555.0"", ""count"": 17069, ""fraction"": 0.15605372146390076}, {""value"": ""201.0"", ""count"": 10579, ""fraction"": 0.09671874857148081}, {""value"": ""202.0"", ""count"": 10144, ""fraction"": 0.09274175115881476}, {""value"": ""302.0"", ""count"": 8135, ""fraction"": 0.07437442287824902}, {""value"": ""<MISSING>"", ""count"": 7523, ""fraction"": 0.06877919893215334}, {""value"": ""203.0"", ""count"": 7085, ""fraction"": 0.06477477395112408}, {""value"": ""305.0"", ""count"": 5343, ""fraction"": 0.048848499254884395}, {""value"": ""303.0"", ""count"": 5330, ""fraction"": 0.0487296464586438}, {""value"": ""301.0"", ""count"": 5134, ""fraction"": 0.04693771199224714}, {""value"": ""101.0"", ""count"": 4599, ""fraction"": 0.04204646230080728}]",101.0,999.0,
85,FVGREEN,How many times did you eat dark green vegetables?,"During the past month, how many times per day, week, or month did you eat dark green vegetables for example broccoli or dark leafy greens including romaine, chard, collard greens or spinach?",count,"The variable records a number, duration, or frequency",core_survey,10.4,[35],"[{""code"": ""777"", ""label"": ""Don’t know/Not sure""}, {""code"": ""999"", ""label"": ""Refused""}, {""code"": ""BLANK"", ""label"": ""Not asked or Missing""}]",Not asked or Missing,contemporaneous,none,,include,,0.0705471833239368,0.07100997449236142,0.00046279116842462553,116,"[{""value"": ""101"", ""count"": 42217, ""fraction"": 0.12865741234552852}, {""value"": ""203"", ""count"": 28445, ""fraction"": 0.08668688192359852}, {""value"": ""202"", ""count"": 26615, ""fraction"": 0.08110990903134381}, {""value"": ""555"", ""count"": 23287, ""fraction"": 0.07096774193548387}, {""value"": ""<MISSING>"", ""count"": 23149, ""fraction"": 0.0705471833239368}, {""value"": ""201"", ""count"": 19799, ""fraction"": 0.06033797065232298}, {""value"": ""204"", ""count"": 16325, ""fraction"": 0.04975086473555092}, {""value"": ""320"", ""count"": 13694, ""fraction"": 0.04173282338062078}, {""value"": ""102"", ""count"": 12763, ""fraction"": 0.03889557651576333}, {""value"": ""315"", ""count"": 12678, ""fraction"": 0.038636536791259696}]","[{""value"": ""101.0"", ""count"": 14001, ""fraction"": 0.1280044615511204}, {""value"": ""203.0"", ""count"": 9542, ""fraction"": 0.08723795244059646}, {""value"": ""202.0"", ""count"": 8757, ""fraction"": 0.08006107205222208}, {""value"": ""<MISSING>"", ""count"": 7767, ""fraction"": 0.07100997449236142}, {""value"": ""555.0"", ""count"": 7694, ""fraction"": 0.07034257032885655}, {""value"": ""201.0"", ""count"": 6623, ""fraction"": 0.06055092842318909}, {""value"": ""204.0"", ""count"": 5434, ""fraction"": 0.04968046882856855}, {""value"": ""320.0"", ""count"": 4497, ""fraction"": 0.041113924976458}, {""value"": ""102.0"", ""count"": 4221, ""fraction"": 0.0385905886870423}, {""value"": ""310.0"", ""count"": 4193, ""fraction"": 0.03833459804898564}]",101.0,999.0,
86,FVORANG,How many times did you eat orange-colored vegetables?,"During the past month, how many times per day, week, or month did you eat orange-colored vegetables such as sweet potatoes, pumpkin, winter squash, or carrots? (Read only if needed: “Winter squash have hard, thick skins and deep yellow to orange flesh. They include acorn, buttercup, and spaghetti squash.”)",count,"The variable records a number, duration, or frequency",core_survey,10.5,[36],"[{""code"": ""777"", ""label"": ""Don’t know/Not sure""}, {""code"": ""999"", ""label"": ""Refused""}, {""code"": ""BLANK"", ""label"": ""Not asked or Missing""}]",Not asked or Missing,contemporaneous,none,,include,,0.0724061742880217,0.07271962625366844,0.0003134519656467494,104,"[{""value"": ""555"", ""count"": 44094, ""fraction"": 0.1343776189678029}, {""value"": ""201"", ""count"": 37359, ""fraction"": 0.11385253020860317}, {""value"": ""202"", ""count"": 31473, ""fraction"": 0.09591479116826916}, {""value"": ""<MISSING>"", ""count"": 23759, ""fraction"": 0.0724061742880217}, {""value"": ""302"", ""count"": 23358, ""fraction"": 0.07118411629359866}, {""value"": ""203"", ""count"": 21565, ""fraction"": 0.0657199018696573}, {""value"": ""101"", ""count"": 17255, ""fraction"": 0.052585064074237735}, {""value"": ""305"", ""count"": 16825, ""fraction"": 0.05127462782086641}, {""value"": ""301"", ""count"": 15891, ""fraction"": 0.04842823837749707}, {""value"": ""310"", ""count"": 14620, ""fraction"": 0.044554832614625076}]","[{""value"": ""555.0"", ""count"": 14769, ""fraction"": 0.13502591905210323}, {""value"": ""201.0"", ""count"": 12539, ""fraction"": 0.1146380932354474}, {""value"": ""202.0"", ""count"": 10410, ""fraction"": 0.09517366222035309}, {""value"": ""<MISSING>"", ""count"": 7954, ""fraction"": 0.07271962625366844}, {""value"": ""302.0"", ""count"": 7845, ""fraction"": 0.07172309126980499}, {""value"": ""203.0"", ""count"": 7052, ""fraction"": 0.06447307069912872}, {""value"": ""101.0"", ""count"": 5646, ""fraction"": 0.05161868365956902}, {""value"": ""305.0"", ""count"": 5615, ""fraction"": 0.05133526545314914}, {""value"": ""301.0"", ""count"": 5307, ""fraction"": 0.048519368434525825}, {""value"": ""310.0"", ""count"": 4950, ""fraction"": 0.04525548779930334}]",101.0,999.0,
87,VEGETAB1,How many times did you eat OTHER vegetables?,"Not counting what you just told me about, during the past month, about how many times per day, week, or month did you eat OTHER vegetables? Examples of other vegetables include tomatoes, tomato juice or V-8 juice, corn, eggplant, peas, lettuce, cabbage, and white potatoes that are not fried such as baked or mashed potatoes.(Read only if needed: “Do not count vegetables you have already counted and do not include fried potatoes.”)",count,"The variable records a number, duration, or frequency",core_survey,10.6,[36],"[{""code"": ""777"", ""label"": ""Don’t know/Not sure""}, {""code"": ""999"", ""label"": ""Refused""}, {""code"": ""BLANK"", ""label"": ""Not asked or Missing""}]",Not asked or Missing,contemporaneous,none,,include,,0.07467048623280052,0.0751149672240558,0.0004444809912552833,134,"[{""value"": ""101"", ""count"": 68838, ""fraction"": 0.2097856065338961}, {""value"": ""<MISSING>"", ""count"": 24502, ""fraction"": 0.07467048623280052}, {""value"": ""203"", ""count"": 24200, ""fraction"": 0.07375013332926997}, {""value"": ""102"", ""count"": 23251, ""fraction"": 0.07085803099334116}, {""value"": ""202"", ""count"": 19548, ""fraction"": 0.0595730415834946}, {""value"": ""320"", ""count"": 16494, ""fraction"": 0.05026589665838756}, {""value"": ""330"", ""count"": 15730, ""fraction"": 0.04793758666402548}, {""value"": ""204"", ""count"": 15632, ""fraction"": 0.04763892909930364}, {""value"": ""205"", ""count"": 13054, ""fraction"": 0.039782406631416946}, {""value"": ""315"", ""count"": 12592, ""fraction"": 0.03837444954058543}]","[{""value"": ""101.0"", ""count"": 23132, ""fraction"": 0.21148483712595653}, {""value"": ""<MISSING>"", ""count"": 8216, ""fraction"": 0.0751149672240558}, {""value"": ""203.0"", ""count"": 7999, ""fraction"": 0.07313103977911665}, {""value"": ""102.0"", ""count"": 7814, ""fraction"": 0.07143967306338511}, {""value"": ""202.0"", ""count"": 6426, ""fraction"": 0.0587498514340047}, {""value"": ""320.0"", ""count"": 5410, ""fraction"": 0.04946104828166284}, {""value"": ""204.0"", ""count"": 5350, ""fraction"": 0.04891249691439856}, {""value"": ""330.0"", ""count"": 5242, ""fraction"": 0.04792510445332285}, {""value"": ""315.0"", ""count"": 4222, ""fraction"": 0.03859973120983004}, {""value"": ""205.0"", ""count"": 4076, ""fraction"": 0.03726492288282029}]",101.0,999.0,
88,EXERANY2,Exercise in Past 30 Days,"During the past month, other than your regular job, did you participate in any physical activities or exercises such as running, calisthenics, golf, gardening, or walking for exercise?",binary,Two documented substantive responses,core_survey,11.1,[37],"[{""code"": ""7"", ""label"": ""Don’t know/Not Sure""}, {""code"": ""9"", ""label"": ""Refused""}, {""code"": ""BLANK"", ""label"": ""Not asked or Missing""}]",Not asked or Missing,contemporaneous,none,,include,,0.0798604233013851,0.08040848791815614,0.0005480646167710379,5,"[{""value"": ""1"", ""count"": 220487, ""fraction"": 0.6719399027839151}, {""value"": ""2"", ""count"": 79581, ""fraction"": 0.24252518018498484}, {""value"": ""<MISSING>"", ""count"": 26205, ""fraction"": 0.0798604233013851}, {""value"": ""9"", ""count"": 1415, ""fraction"": 0.004312249531442851}, {""value"": ""7"", ""count"": 447, ""fraction"": 0.0013622441982720527}]","[{""value"": ""1.0"", ""count"": 73472, ""fraction"": 0.6717194342606899}, {""value"": ""2.0"", ""count"": 26474, ""fraction"": 0.24203914828257708}, {""value"": ""<MISSING>"", ""count"": 8795, ""fraction"": 0.08040848791815614}, {""value"": ""9.0"", ""count"": 504, ""fraction"": 0.004607831485019976}, {""value"": ""7.0"", ""count"": 134, ""fraction"": 0.0012250980535568985}]",1.0,9.0,
89,EXRACT11,Type of Physical Activity,What type of physical activity or exercise did you spend the most time doing during the past month?,categorical,Named categories without a useful numeric distance,core_survey,11.2,"[38, 39, 40]","[{""code"": ""BLANK"", ""label"": ""Not asked or Missing""}]",Not asked or Missing,contemporaneous,none,,include,,0.32861169945296903,0.32879254701542343,0.00018084756245440037,78,"[{""value"": ""64"", ""count"": 120361, ""fraction"": 0.36680329742331663}, {""value"": ""<MISSING>"", ""count"": 107829, ""fraction"": 0.32861169945296903}, {""value"": ""37"", ""count"": 14714, ""fraction"": 0.04484130007466439}, {""value"": ""18"", ""count"": 12009, ""fraction"": 0.03659774178310756}, {""value"": ""98"", ""count"": 8931, ""fraction"": 0.027217456229905373}, {""value"": ""67"", ""count"": 8134, ""fraction"": 0.024788577871912475}, {""value"": ""7"", ""count"": 5463, ""fraction"": 0.0166486354701571}, {""value"": ""2"", ""count"": 5206, ""fraction"": 0.015865421244304935}, {""value"": ""6"", ""count"": 4960, ""fraction"": 0.015115729806329713}, {""value"": ""76"", ""count"": 3616, ""fraction"": 0.01101985463300166}]","[{""value"": ""64.0"", ""count"": 39781, ""fraction"": 0.3636986990190073}, {""value"": ""<MISSING>"", ""count"": 35963, ""fraction"": 0.32879254701542343}, {""value"": ""37.0"", ""count"": 4878, ""fraction"": 0.0445972261585862}, {""value"": ""18.0"", ""count"": 4117, ""fraction"": 0.037639766317117546}, {""value"": ""98.0"", ""count"": 2984, ""fraction"": 0.027281287998610338}, {""value"": ""67.0"", ""count"": 2747, ""fraction"": 0.025114510097916418}, {""value"": ""7.0"", ""count"": 1822, ""fraction"": 0.016657676519258723}, {""value"": ""2.0"", ""count"": 1775, ""fraction"": 0.016227977948235037}, {""value"": ""6.0"", ""count"": 1689, ""fraction"": 0.015441720988489564}, {""value"": ""15.0"", ""count"": 1224, ""fraction"": 0.011190447892191372}]",1.0,99.0,
90,EXEROFT1,"How Many Times Walking, Running, Jogging, or Swimming",How many times per week or per month did you take part in this activity during the past month?,count,"The variable records a number, duration, or frequency",core_survey,11.3,[40],"[{""code"": ""777"", ""label"": ""Don’t know/Not sure""}, {""code"": ""999"", ""label"": ""Refused""}, {""code"": ""BLANK"", ""label"": ""Not asked or Missing""}]",Not asked or Missing,contemporaneous,none,,include,,0.3326100537888369,0.3325958364951225,1.4217293714424706e-05,116,"[{""value"": ""<MISSING>"", ""count"": 109141, ""fraction"": 0.3326100537888369}, {""value"": ""103"", ""count"": 38814, ""fraction"": 0.11828668078687125}, {""value"": ""107"", ""count"": 26615, ""fraction"": 0.08110990903134381}, {""value"": ""102"", ""count"": 25866, ""fraction"": 0.07882731192954119}, {""value"": ""105"", ""count"": 21314, ""fraction"": 0.06495497280082893}, {""value"": ""104"", ""count"": 19403, ""fraction"": 0.059131150288753105}, {""value"": ""101"", ""count"": 12360, ""fraction"": 0.03766742346899904}, {""value"": ""230"", ""count"": 11632, ""fraction"": 0.03544882441677968}, {""value"": ""106"", ""count"": 7129, ""fraction"": 0.02172581407042833}, {""value"": ""220"", ""count"": 6906, ""fraction"": 0.021046215734377618}]","[{""value"": ""<MISSING>"", ""count"": 36379, ""fraction"": 0.3325958364951225}, {""value"": ""103.0"", ""count"": 13020, ""fraction"": 0.11903564669634939}, {""value"": ""107.0"", ""count"": 8898, ""fraction"": 0.08135016776529315}, {""value"": ""102.0"", ""count"": 8466, ""fraction"": 0.07740059792099031}, {""value"": ""105.0"", ""count"": 7158, ""fraction"": 0.06544217811462895}, {""value"": ""104.0"", ""count"": 6556, ""fraction"": 0.05993837939641065}, {""value"": ""101.0"", ""count"": 4032, ""fraction"": 0.03686265188015981}, {""value"": ""230.0"", ""count"": 3982, ""fraction"": 0.03640552574077291}, {""value"": ""106.0"", ""count"": 2398, ""fraction"": 0.02192376964499584}, {""value"": ""220.0"", ""count"": 2231, ""fraction"": 0.020396968339443586}]",101.0,999.0,
91,EXERHMM1,"Minutes or Hours Walking, Running, Jogging, or Swimming","And when you took part in this activity, for how many minutes or hours did you usually keep at it?",count,"The variable records a number, duration, or frequency",core_survey,11.4,[40],"[{""code"": ""777"", ""label"": ""Don’t know/Not sure""}, {""code"": ""999"", ""label"": ""Refused""}, {""code"": ""BLANK"", ""label"": ""Not asked or Missing""}]",Not asked or Missing,contemporaneous,none,,include,,0.33342069575022476,0.3334186635460189,2.032204205859589e-06,195,"[{""value"": ""<MISSING>"", ""count"": 109407, ""fraction"": 0.33342069575022476}, {""value"": ""30"", ""count"": 54327, ""fraction"": 0.16556295427186982}, {""value"": ""100"", ""count"": 48404, ""fraction"": 0.14751245676322244}, {""value"": ""45"", ""count"": 21205, ""fraction"": 0.06462279244823015}, {""value"": ""20"", ""count"": 15638, ""fraction"": 0.04765721425632743}, {""value"": ""200"", ""count"": 14821, ""fraction"": 0.04516738537492191}, {""value"": ""130"", ""count"": 9617, ""fraction"": 0.029308059182958233}, {""value"": ""15"", ""count"": 8865, ""fraction"": 0.02701631950264373}, {""value"": ""40"", ""count"": 6876, ""fraction"": 0.02095478994925869}, {""value"": ""300"", ""count"": 6002, ""fraction"": 0.018291252076127203}]","[{""value"": ""<MISSING>"", ""count"": 36469, ""fraction"": 0.3334186635460189}, {""value"": ""30.0"", ""count"": 18013, ""fraction"": 0.16468426297552546}, {""value"": ""100.0"", ""count"": 16188, ""fraction"": 0.14799915888790352}, {""value"": ""45.0"", ""count"": 6996, ""fraction"": 0.06396108942301539}, {""value"": ""20.0"", ""count"": 5235, ""fraction"": 0.047861106793808686}, {""value"": ""200.0"", ""count"": 5077, ""fraction"": 0.04641658819334607}, {""value"": ""130.0"", ""count"": 3194, ""fraction"": 0.029201217784035328}, {""value"": ""15.0"", ""count"": 2838, ""fraction"": 0.025946479671600582}, {""value"": ""40.0"", ""count"": 2335, ""fraction"": 0.021347790709368344}, {""value"": ""300.0"", ""count"": 2061, ""fraction"": 0.018842739465528117}]",1.0,999.0,
92,EXRACT21,Other Type of Physical Activity Giving Most Exercise During Past Month,What other type of physical activity gave you the next most exercise during the past month?,categorical,Named categories without a useful numeric distance,core_survey,11.5,"[41, 42, 43]","[{""code"": ""BLANK"", ""label"": ""Not asked or Missing""}]",Not asked or Missing,contemporaneous,none,,include,,0.33428314565651335,0.3343146307792172,3.148512270384485e-05,79,"[{""value"": ""<MISSING>"", ""count"": 109690, ""fraction"": 0.33428314565651335}, {""value"": ""88"", ""count"": 68581, ""fraction"": 0.20900239230804393}, {""value"": ""64"", ""count"": 30348, ""fraction"": 0.0924863242263093}, {""value"": ""67"", ""count"": 13647, ""fraction"": 0.041589589650601125}, {""value"": ""98"", ""count"": 11281, ""fraction"": 0.0343791427308882}, {""value"": ""73"", ""count"": 10702, ""fraction"": 0.03261462507809286}, {""value"": ""18"", ""count"": 10223, ""fraction"": 0.031154860042360615}, {""value"": ""76"", ""count"": 7621, ""fraction"": 0.023225196946378777}, {""value"": ""37"", ""count"": 6653, ""fraction"": 0.02027519161320798}, {""value"": ""7"", ""count"": 5978, ""fraction"": 0.01821811144803206}]","[{""value"": ""<MISSING>"", ""count"": 36567, ""fraction"": 0.3343146307792172}, {""value"": ""88.0"", ""count"": 23001, ""fraction"": 0.21028716664076286}, {""value"": ""64.0"", ""count"": 10242, ""fraction"": 0.0936377183920131}, {""value"": ""67.0"", ""count"": 4505, ""fraction"": 0.04118706515875991}, {""value"": ""98.0"", ""count"": 3691, ""fraction"": 0.03374505160954114}, {""value"": ""73.0"", ""count"": 3536, ""fraction"": 0.032327960577441736}, {""value"": ""18.0"", ""count"": 3372, ""fraction"": 0.0308285868402527}, {""value"": ""76.0"", ""count"": 2423, ""fraction"": 0.02215233271468929}, {""value"": ""37.0"", ""count"": 2200, ""fraction"": 0.020113550133023708}, {""value"": ""7.0"", ""count"": 2052, ""fraction"": 0.018760456760438474}]",1.0,99.0,
93,EXEROFT2,"How Many Times Walking, Running, Jogging, or Swimming",How many times per week or per month did you take part in this activity during the past month?,count,"The variable records a number, duration, or frequency",core_survey,11.6,[43],"[{""code"": ""777"", ""label"": ""Don’t know/Not sure""}, {""code"": ""999"", ""label"": ""Refused""}, {""code"": ""BLANK"", ""label"": ""Not asked or Missing""}]",Not asked or Missing,contemporaneous,none,,include,,0.5523976412147439,0.5535248996608124,0.0011272584460685353,100,"[{""value"": ""<MISSING>"", ""count"": 181261, ""fraction"": 0.5523976412147439}, {""value"": ""102"", ""count"": 25727, ""fraction"": 0.07840370579182349}, {""value"": ""103"", ""count"": 21386, ""fraction"": 0.06517439468511436}, {""value"": ""101"", ""count"": 18530, ""fraction"": 0.05647065994179225}, {""value"": ""107"", ""count"": 12106, ""fraction"": 0.03689335182165877}, {""value"": ""104"", ""count"": 7718, ""fraction"": 0.023520806984929983}, {""value"": ""105"", ""count"": 7664, ""fraction"": 0.02335624057171591}, {""value"": ""202"", ""count"": 6031, ""fraction"": 0.018379630335075503}, {""value"": ""230"", ""count"": 5722, ""fraction"": 0.017437944748350528}, {""value"": ""204"", ""count"": 5579, ""fraction"": 0.017002148505950294}]","[{""value"": ""<MISSING>"", ""count"": 60544, ""fraction"": 0.5535248996608124}, {""value"": ""102.0"", ""count"": 8492, ""fraction"": 0.07763830351347151}, {""value"": ""103.0"", ""count"": 7199, ""fraction"": 0.06581702154892621}, {""value"": ""101.0"", ""count"": 6176, ""fraction"": 0.056464220737070185}, {""value"": ""107.0"", ""count"": 4010, ""fraction"": 0.03666151637882958}, {""value"": ""104.0"", ""count"": 2505, ""fraction"": 0.022902019583283813}, {""value"": ""105.0"", ""count"": 2446, ""fraction"": 0.022362610738807267}, {""value"": ""202.0"", ""count"": 2004, ""fraction"": 0.018321615666627048}, {""value"": ""230.0"", ""count"": 1992, ""fraction"": 0.01821190539317419}, {""value"": ""204.0"", ""count"": 1831, ""fraction"": 0.016739959224348365}]",101.0,999.0,
94,EXERHMM2,"Minutes or Hours Walking, Running, Jogging, or Swimming","And when you took part in this activity, for how many minutes or hours did you usually keep at it?",count,"The variable records a number, duration, or frequency",core_survey,11.7,[43],"[{""code"": ""777"", ""label"": ""Don’t know/Not sure""}, {""code"": ""999"", ""label"": ""Refused""}, {""code"": ""BLANK"", ""label"": ""Not asked or Missing""}]",Not asked or Missing,contemporaneous,none,,include,,0.5528212473524616,0.5538997430951097,0.0010784957426480668,169,"[{""value"": ""<MISSING>"", ""count"": 181400, ""fraction"": 0.5528212473524616}, {""value"": ""30"", ""count"": 32009, ""fraction"": 0.09754826519572737}, {""value"": ""100"", ""count"": 31535, ""fraction"": 0.09610373779084828}, {""value"": ""200"", ""count"": 13671, ""fraction"": 0.04166273027869627}, {""value"": ""20"", ""count"": 11237, ""fraction"": 0.03424505157938044}, {""value"": ""45"", ""count"": 10069, ""fraction"": 0.030685541012083442}, {""value"": ""15"", ""count"": 7728, ""fraction"": 0.023551282246636294}, {""value"": ""130"", ""count"": 5844, ""fraction"": 0.01780974294116751}, {""value"": ""300"", ""count"": 5807, ""fraction"": 0.01769698447285416}, {""value"": ""400"", ""count"": 4344, ""fraction"": 0.013238453685221021}]","[{""value"": ""<MISSING>"", ""count"": 60585, ""fraction"": 0.5538997430951097}, {""value"": ""100.0"", ""count"": 10637, ""fraction"": 0.09724901489316962}, {""value"": ""30.0"", ""count"": 10505, ""fraction"": 0.0960422018851882}, {""value"": ""200.0"", ""count"": 4531, ""fraction"": 0.0414247707512411}, {""value"": ""20.0"", ""count"": 3777, ""fraction"": 0.03453130856928661}, {""value"": ""45.0"", ""count"": 3354, ""fraction"": 0.030664021430073414}, {""value"": ""15.0"", ""count"": 2566, ""fraction"": 0.023459713473335832}, {""value"": ""300.0"", ""count"": 2020, ""fraction"": 0.01846789603123086}, {""value"": ""130.0"", ""count"": 1896, ""fraction"": 0.01733422320555134}, {""value"": ""400.0"", ""count"": 1439, ""fraction"": 0.013156090291555051}]",1.0,999.0,
95,STRENGTH,How many times did you do physical activities or exercises to STRENGTHEN your muscles?,"During the past month, how many times per week or per month did you do physical activities or exercises to STRENGTHEN your muscles? [Do NOT count aerobic activities like walking, running, or bicycling. Count activities using your own body weight like yoga, sit-ups or push-ups and those using weight machines, free weights, or elastic bands.]",count,"The variable records a number, duration, or frequency",core_survey,11.8,[44],"[{""code"": ""777"", ""label"": ""Don’t know / Not sure""}, {""code"": ""999"", ""label"": ""Refused""}, {""code"": ""BLANK"", ""label"": ""Not asked or Missing""}]",Not asked or Missing,contemporaneous,none,,include,,0.08730248221006598,0.08764936596604467,0.0003468837559786886,102,"[{""value"": ""888"", ""count"": 181546, ""fraction"": 0.5532661861733738}, {""value"": ""<MISSING>"", ""count"": 28647, ""fraction"": 0.08730248221006598}, {""value"": ""103"", ""count"": 20356, ""fraction"": 0.06203544272936444}, {""value"": ""102"", ""count"": 18061, ""fraction"": 0.055041370167766314}, {""value"": ""101"", ""count"": 11368, ""fraction"": 0.0346442775077331}, {""value"": ""107"", ""count"": 8195, ""fraction"": 0.024974476968320964}, {""value"": ""105"", ""count"": 7746, ""fraction"": 0.02360613771770765}, {""value"": ""104"", ""count"": 7527, ""fraction"": 0.022938729486339463}, {""value"": ""202"", ""count"": 5047, ""fraction"": 0.015380864583174609}, {""value"": ""230"", ""count"": 3450, ""fraction"": 0.010513965288676916}]","[{""value"": ""888.0"", ""count"": 60430, ""fraction"": 0.5524826520630103}, {""value"": ""<MISSING>"", ""count"": 9587, ""fraction"": 0.08764936596604467}, {""value"": ""103.0"", ""count"": 6870, ""fraction"": 0.06280913155176039}, {""value"": ""102.0"", ""count"": 5973, ""fraction"": 0.054608288611159364}, {""value"": ""101.0"", ""count"": 3806, ""fraction"": 0.034796441730131016}, {""value"": ""107.0"", ""count"": 2769, ""fraction"": 0.025315645599246657}, {""value"": ""105.0"", ""count"": 2634, ""fraction"": 0.02408140502290202}, {""value"": ""104.0"", ""count"": 2528, ""fraction"": 0.023112297607401786}, {""value"": ""202.0"", ""count"": 1617, ""fraction"": 0.014783459347772424}, {""value"": ""230.0"", ""count"": 1111, ""fraction"": 0.010157342817176972}]",101.0,999.0,
96,LMTJOIN3,Limited Because of Joint Symptoms,Are you now limited in any way in any of your usual activities because of arthritis or joint symptoms?,binary,Two documented substantive responses,core_survey,12.1,[44],"[{""code"": ""7"", ""label"": ""Don’t know/Not sure""}, {""code"": ""9"", ""label"": ""Refused""}, {""code"": ""BLANK"", ""label"": ""Not asked or Missing""}]",Not asked or Missing,contemporaneous,none,,include,,0.6915050207993662,0.6926192413534591,0.0011142205540929373,5,"[{""value"": ""<MISSING>"", ""count"": 226907, ""fraction"": 0.6915050207993662}, {""value"": ""2"", ""count"": 50389, ""fraction"": 0.15356179621192498}, {""value"": ""1"", ""count"": 49614, ""fraction"": 0.15119996342968595}, {""value"": ""7"", ""count"": 850, ""fraction"": 0.002590397245036342}, {""value"": ""9"", ""count"": 375, ""fraction"": 0.0011428223139866214}]","[{""value"": ""<MISSING>"", ""count"": 75758, ""fraction"": 0.6926192413534591}, {""value"": ""2.0"", ""count"": 16843, ""fraction"": 0.15398751131387195}, {""value"": ""1.0"", ""count"": 16398, ""fraction"": 0.1499190886733285}, {""value"": ""7.0"", ""count"": 265, ""fraction"": 0.002422768538750583}, {""value"": ""9.0"", ""count"": 115, ""fraction"": 0.0010513901205898755}]",1.0,9.0,
97,ARTHDIS2,Does Arthritis Affect Whether You Work,"Do arthritis or joint symptoms now affect whether you work, the type of work you do or the amount of work you do?",binary,Two documented substantive responses,core_survey,12.2,[44],"[{""code"": ""7"", ""label"": ""Don’t know/Not Sure""}, {""code"": ""9"", ""label"": ""Refused""}, {""code"": ""BLANK"", ""label"": ""Missing""}]",Missing,contemporaneous,none,,include,,0.691919484358572,0.6930306548789072,0.0011111705203352695,5,"[{""value"": ""<MISSING>"", ""count"": 227043, ""fraction"": 0.691919484358572}, {""value"": ""2"", ""count"": 66880, ""fraction"": 0.20381855029180063}, {""value"": ""1"", ""count"": 31221, ""fraction"": 0.09514681457327015}, {""value"": ""7"", ""count"": 1803, ""fraction"": 0.0054946896856476754}, {""value"": ""9"", ""count"": 1188, ""fraction"": 0.0036204610907096166}]","[{""value"": ""<MISSING>"", ""count"": 75803, ""fraction"": 0.6930306548789072}, {""value"": ""2.0"", ""count"": 22144, ""fraction"": 0.20245202461167133}, {""value"": ""1.0"", ""count"": 10437, ""fraction"": 0.09542051033562202}, {""value"": ""7.0"", ""count"": 609, ""fraction"": 0.005567796377732472}, {""value"": ""9.0"", ""count"": 386, ""fraction"": 0.0035290137960668866}]",1.0,9.0,
98,ARTHSOCL,Social Activities Limited Because of Joint Symptoms,"During the past 30 days, to what extent has your arthritis or joint symptoms interfered with your normal social activities, such as going shopping, to the movies, or to religious or social gatherings?",ordinal,The documented responses have a natural order,core_survey,12.3,[45],"[{""code"": ""7"", ""label"": ""Don’t know/Not Sure""}, {""code"": ""9"", ""label"": ""Refused""}, {""code"": ""BLANK"", ""label"": ""Missing""}]",Missing,contemporaneous,none,,include,,0.6923888033888491,0.6934694959727187,0.001080692583869558,6,"[{""value"": ""<MISSING>"", ""count"": 227197, ""fraction"": 0.6923888033888491}, {""value"": ""3"", ""count"": 57646, ""fraction"": 0.17567769363219407}, {""value"": ""2"", ""count"": 24028, ""fraction"": 0.07322595882792143}, {""value"": ""1"", ""count"": 18377, ""fraction"": 0.05600438843768571}, {""value"": ""7"", ""count"": 455, ""fraction"": 0.0013866244076371007}, {""value"": ""9"", ""count"": 432, ""fraction"": 0.0013165313057125877}]","[{""value"": ""<MISSING>"", ""count"": 75851, ""fraction"": 0.6934694959727187}, {""value"": ""3.0"", ""count"": 19241, ""fraction"": 0.1759112809588678}, {""value"": ""2.0"", ""count"": 7934, ""fraction"": 0.07253677579791368}, {""value"": ""1.0"", ""count"": 6029, ""fraction"": 0.05512026988727269}, {""value"": ""7.0"", ""count"": 182, ""fraction"": 0.001663939147368325}, {""value"": ""9.0"", ""count"": 142, ""fraction"": 0.001298238235858803}]",1.0,9.0,
99,JOINPAIN,How Bad Was Joint Pain,"Please think about the past 30 days, keeping in mind all of your joint pain or aching and whether or not you have taken medication. DURING THE PAST 30 DAYS, how bad was your joint pain ON AVERAGE? [Please answer on a scale of 0 to 10 where 0 is no pain or aching and 10 is pain or aching as bad as it can be.]",count,"The variable records a number, duration, or frequency",core_survey,12.4,[45],"[{""code"": ""77"", ""label"": ""Don’t know/Not Sure""}, {""code"": ""99"", ""label"": ""Refused""}, {""code"": ""BLANK"", ""label"": ""Missing""}]",Missing,contemporaneous,none,,include,,0.6981516753775123,0.6993024255112956,0.001150750133783296,14,"[{""value"": ""<MISSING>"", ""count"": 229088, ""fraction"": 0.6981516753775123}, {""value"": ""5"", ""count"": 15762, ""fraction"": 0.048035107501485666}, {""value"": ""3"", ""count"": 12509, ""fraction"": 0.038121504868423056}, {""value"": ""4"", ""count"": 10539, ""fraction"": 0.03211787831228001}, {""value"": ""2"", ""count"": 10514, ""fraction"": 0.03204169015801423}, {""value"": ""8"", ""count"": 9674, ""fraction"": 0.0294817681746842}, {""value"": ""7"", ""count"": 9022, ""fraction"": 0.027494781111432793}, {""value"": ""6"", ""count"": 8475, ""fraction"": 0.025827784296097642}, {""value"": ""0"", ""count"": 6710, ""fraction"": 0.020448900604933946}, {""value"": ""1"", ""count"": 6252, ""fraction"": 0.01905313361878495}]","[{""value"": ""<MISSING>"", ""count"": 76489, ""fraction"": 0.6993024255112956}, {""value"": ""5.0"", ""count"": 5207, ""fraction"": 0.04760511615575202}, {""value"": ""3.0"", ""count"": 4182, ""fraction"": 0.038234030298320516}, {""value"": ""4.0"", ""count"": 3554, ""fraction"": 0.03249252598762102}, {""value"": ""2.0"", ""count"": 3386, ""fraction"": 0.030956582159281033}, {""value"": ""8.0"", ""count"": 3220, ""fraction"": 0.029438923376516515}, {""value"": ""7.0"", ""count"": 2952, ""fraction"": 0.02698872726940272}, {""value"": ""6.0"", ""count"": 2783, ""fraction"": 0.025443640918274987}, {""value"": ""0.0"", ""count"": 2281, ""fraction"": 0.02085409447883049}, {""value"": ""1.0"", ""count"": 2090, ""fraction"": 0.01910787262637252}]",0.0,99.0,
100,SEATBELT,How often use seatbelts in car?,How often do you use seat belts when you drive or ride in a car? Would you say—,ordinal,The documented responses have a natural order,core_survey,13.1,[46],"[{""code"": ""7"", ""label"": ""Don’t know/Not sure""}, {""code"": ""9"", ""label"": ""Refused""}, {""code"": ""BLANK"", ""label"": ""Not asked or Missing""}]",Not asked or Missing,contemporaneous,none,,include,,0.09115455528974355,0.09172693112937584,0.0005723758396322942,9,"[{""value"": ""1"", ""count"": 259450, ""fraction"": 0.7906806649702104}, {""value"": ""<MISSING>"", ""count"": 29911, ""fraction"": 0.09115455528974355}, {""value"": ""2"", ""count"": 20334, ""fraction"": 0.061968397153610556}, {""value"": ""3"", ""count"": 8157, ""fraction"": 0.024858670973836986}, {""value"": ""5"", ""count"": 4535, ""fraction"": 0.013820531183811541}, {""value"": ""4"", ""count"": 3373, ""fraction"": 0.01027930577353833}, {""value"": ""9"", ""count"": 1545, ""fraction"": 0.00470842793362488}, {""value"": ""8"", ""count"": 643, ""fraction"": 0.0019595593277157266}, {""value"": ""7"", ""count"": 187, ""fraction"": 0.0005698873939079952}]","[{""value"": ""1.0"", ""count"": 86243, ""fraction"": 0.7884785927828926}, {""value"": ""<MISSING>"", ""count"": 10033, ""fraction"": 0.09172693112937584}, {""value"": ""2.0"", ""count"": 6984, ""fraction"": 0.06385137914956253}, {""value"": ""3.0"", ""count"": 2687, ""fraction"": 0.024565958730652135}, {""value"": ""5.0"", ""count"": 1537, ""fraction"": 0.014052057524753381}, {""value"": ""4.0"", ""count"": 1117, ""fraction"": 0.0102121979539034}, {""value"": ""9.0"", ""count"": 509, ""fraction"": 0.004653544098958667}, {""value"": ""8.0"", ""count"": 215, ""fraction"": 0.0019656423993636802}, {""value"": ""7.0"", ""count"": 54, ""fraction"": 0.0004936962305378546}]",1.0,9.0,
101,FLUSHOT6,Adult flu shot/spray past 12 mos,"During the past 12 months, have you had either a flu shot or a flu vaccine that was sprayed in your nose? (A new flu shot came out in 2011 that injects vaccine into the skin with a very small needle. It is called Fluzone Intradermal vaccine. This is also considered a flu shot.)",categorical,A small set of documented response categories,core_survey,14.1,[46],"[{""code"": ""BLANK"", ""label"": ""Not asked or Missing""}]",Not asked or Missing,contemporaneous,none,,include,,0.0932543008213083,0.09372914361989047,0.0004748427985821757,5,"[{""value"": ""2"", ""count"": 152977, ""fraction"": 0.466201411004617}, {""value"": ""1"", ""count"": 142300, ""fraction"": 0.4336629740807899}, {""value"": ""<MISSING>"", ""count"": 30600, ""fraction"": 0.0932543008213083}, {""value"": ""9"", ""count"": 1549, ""fraction"": 0.004720618038307404}, {""value"": ""7"", ""count"": 709, ""fraction"": 0.002160696054977372}]","[{""value"": ""2.0"", ""count"": 51031, ""fraction"": 0.46655208038106033}, {""value"": ""1.0"", ""count"": 47348, ""fraction"": 0.43288016895382114}, {""value"": ""<MISSING>"", ""count"": 10252, ""fraction"": 0.09372914361989047}, {""value"": ""9.0"", ""count"": 524, ""fraction"": 0.004790681940774737}, {""value"": ""7.0"", ""count"": 224, ""fraction"": 0.0020479251044533226}]",1.0,9.0,
102,FLSHTMY2,When did you (adult) receive your most recent seasonal flu shot/spray?,During what month and year did you receive your most recent flu shot injected into your arm or flu vaccine that was sprayed in your nose?,date,Calendar month and year or complete interview date,core_survey,14.2,[47],"[{""code"": ""777777"", ""label"": ""Don’t know/Not Sure""}, {""code"": ""999999"", ""label"": ""Refused""}, {""code"": ""BLANK"", ""label"": ""Not asked or Missing""}]",Not asked or Missing,contemporaneous,none,,include,,0.5691651302055556,0.569871730405288,0.0007066001997324545,29,"[{""value"": ""<MISSING>"", ""count"": 186763, ""fraction"": 0.5691651302055556}, {""value"": ""102014"", ""count"": 46561, ""fraction"": 0.14189586603074955}, {""value"": ""112014"", ""count"": 22913, ""fraction"": 0.06982796714766788}, {""value"": ""102015"", ""count"": 15967, ""fraction"": 0.04865985036646502}, {""value"": ""92014"", ""count"": 13774, ""fraction"": 0.04197662547427126}, {""value"": ""777777"", ""count"": 8048, ""fraction"": 0.024526490621238208}, {""value"": ""122014"", ""count"": 6666, ""fraction"": 0.02031480945342618}, {""value"": ""92015"", ""count"": 6595, ""fraction"": 0.02009843509531138}, {""value"": ""12015"", ""count"": 5109, ""fraction"": 0.01556981120575373}, {""value"": ""112015"", ""count"": 5089, ""fraction"": 0.01550886068234111}]","[{""value"": ""<MISSING>"", ""count"": 62332, ""fraction"": 0.569871730405288}, {""value"": ""102014.0"", ""count"": 15399, ""fraction"": 0.1407857084083782}, {""value"": ""112014.0"", ""count"": 7534, ""fraction"": 0.06887976668281846}, {""value"": ""102015.0"", ""count"": 5324, ""fraction"": 0.04867479132191737}, {""value"": ""92014.0"", ""count"": 4689, ""fraction"": 0.042869289351703706}, {""value"": ""777777.0"", ""count"": 2673, ""fraction"": 0.024437963411623805}, {""value"": ""122014.0"", ""count"": 2281, ""fraction"": 0.02085409447883049}, {""value"": ""92015.0"", ""count"": 2204, ""fraction"": 0.02015012022417466}, {""value"": ""12015.0"", ""count"": 1664, ""fraction"": 0.015213157918796112}, {""value"": ""112015.0"", ""count"": 1648, ""fraction"": 0.015066877554192304}]",12014.0,999999.0,
103,IMFVPLAC,Where did you get your last flu shot/vaccine?,At what kind of place did you get your last flu shot/vaccine?,categorical,A small set of documented response categories,core_survey,14.3,[47],"[{""code"": ""99"", ""label"": ""Refused""}, {""code"": ""BLANK"", ""label"": ""Not asked or Missing""}]",Not asked or Missing,contemporaneous,none,,include,,0.5668429152635348,0.5677415225957451,0.000898607332210255,14,"[{""value"": ""<MISSING>"", ""count"": 186001, ""fraction"": 0.5668429152635348}, {""value"": ""1"", ""count"": 53896, ""fraction"": 0.16424947049232785}, {""value"": ""5"", ""count"": 36144, ""fraction"": 0.11014978591128652}, {""value"": ""8"", ""count"": 20080, ""fraction"": 0.06119432550627028}, {""value"": ""3"", ""count"": 13090, ""fraction"": 0.03989211757355966}, {""value"": ""6"", ""count"": 8043, ""fraction"": 0.024511252990385056}, {""value"": ""9"", ""count"": 4209, ""fraction"": 0.012827037652185838}, {""value"": ""2"", ""count"": 3338, ""fraction"": 0.010172642357566245}, {""value"": ""4"", ""count"": 1602, ""fraction"": 0.004882136925350847}, {""value"": ""11"", ""count"": 1063, ""fraction"": 0.003239520319380743}]","[{""value"": ""<MISSING>"", ""count"": 62099, ""fraction"": 0.5677415225957451}, {""value"": ""1.0"", ""count"": 17949, ""fraction"": 0.16409914151711022}, {""value"": ""5.0"", ""count"": 11937, ""fraction"": 0.10913429451722909}, {""value"": ""8.0"", ""count"": 6516, ""fraction"": 0.05957267848490112}, {""value"": ""3.0"", ""count"": 4372, ""fraction"": 0.03997110962799075}, {""value"": ""6.0"", ""count"": 2881, ""fraction"": 0.026339608151473317}, {""value"": ""9.0"", ""count"": 1513, ""fraction"": 0.013832636977847668}, {""value"": ""2.0"", ""count"": 1049, ""fraction"": 0.009590506404337213}, {""value"": ""4.0"", ""count"": 551, ""fraction"": 0.005037530056043665}, {""value"": ""11.0"", ""count"": 307, ""fraction"": 0.0028067544958355808}]",1.0,99.0,
104,PNEUVAC3,Pneumonia shot ever,A pneumonia shot or pneumococcal vaccine is usually given only once or twice in a person´s lifetime and is different from the flu shot. Have you ever had a pneumonia shot?,binary,Two documented substantive responses,core_survey,14.4,[48],"[{""code"": ""7"", ""label"": ""Don’t know/Not Sure""}, {""code"": ""9"", ""label"": ""Refused""}, {""code"": ""BLANK"", ""label"": ""Not asked or Missing""}]",Not asked or Missing,contemporaneous,none,,include,,0.09454035686531458,0.0949359566278719,0.0003955997625573193,5,"[{""value"": ""2"", ""count"": 153251, ""fraction"": 0.4670364331753699}, {""value"": ""1"", ""count"": 116923, ""fraction"": 0.3563259024486873}, {""value"": ""<MISSING>"", ""count"": 31022, ""fraction"": 0.09454035686531458}, {""value"": ""7"", ""count"": 25381, ""fraction"": 0.07734926173678516}, {""value"": ""9"", ""count"": 1558, ""fraction"": 0.004748045773843083}]","[{""value"": ""2.0"", ""count"": 51178, ""fraction"": 0.4678960312308578}, {""value"": ""1.0"", ""count"": 38887, ""fraction"": 0.3555252836467695}, {""value"": ""<MISSING>"", ""count"": 10384, ""fraction"": 0.0949359566278719}, {""value"": ""7.0"", ""count"": 8410, ""fraction"": 0.07688861664487699}, {""value"": ""9.0"", ""count"": 520, ""fraction"": 0.0047541118496237855}]",1.0,9.0,
105,HIVTST6,Ever tested HIV,Have you ever been tested for HIV? Do not count tests you may have had as part of a blood donation. Include testing fluid from your mouth.,categorical,A small set of documented response categories,core_survey,15.1,[48],"[{""code"": ""BLANK"", ""label"": ""Not asked or Missing""}]",Not asked or Missing,contemporaneous,none,,include,,0.09776463955384217,0.09829126249097175,0.0005266229371295866,5,"[{""value"": ""2"", ""count"": 200565, ""fraction"": 0.6112270864126046}, {""value"": ""1"", ""count"": 84787, ""fraction"": 0.25839060142928977}, {""value"": ""<MISSING>"", ""count"": 32080, ""fraction"": 0.09776463955384217}, {""value"": ""7"", ""count"": 8482, ""fraction"": 0.02584911697929206}, {""value"": ""9"", ""count"": 2221, ""fraction"": 0.0067685556249714295}]","[{""value"": ""2.0"", ""count"": 66836, ""fraction"": 0.6110496530412602}, {""value"": ""1.0"", ""count"": 28211, ""fraction"": 0.2579197103648781}, {""value"": ""<MISSING>"", ""count"": 10751, ""fraction"": 0.09829126249097175}, {""value"": ""7.0"", ""count"": 2848, ""fraction"": 0.02603790489947796}, {""value"": ""9.0"", ""count"": 733, ""fraction"": 0.006701469203411989}]",1.0,9.0,
106,HIVTSTD3,Month and Year of Last HIV Test,"Not including blood donations, in what month and year was your last HIV test? (If response is before January 1985, code ""777777"".)",date,Calendar month and year or complete interview date,core_survey,15.2,[48],"[{""code"": ""777777"", ""label"": ""Don’t know/Not sure""}, {""code"": ""999999"", ""label"": ""Refused""}, {""code"": ""BLANK"", ""label"": ""Not asked or Missing""}]",Not asked or Missing,contemporaneous,none,,include,,0.7418227254026544,0.7422265699997257,0.00040384459707132336,>256,[],[],11985.0,999999.0,
107,WHRTST10,Location of last HIV test,"Where did you have your last HIV test — at a private doctor or HMO office, at a counseling and testing site, in the emergency room, as an inpatient in a hospital, at a clinic, in a jail or prison, at a drug treatment facility, at home, or somewhere else?",categorical,A small set of documented response categories,core_survey,15.3,[49],"[{""code"": ""77"", ""label"": ""Don’t know/Not sure""}, {""code"": ""99"", ""label"": ""Refused""}, {""code"": ""BLANK"", ""label"": ""Not asked or Missing""}]",Not asked or Missing,contemporaneous,none,,include,,0.7422585216450547,0.7425008456833578,0.0002423240383031544,12,"[{""value"": ""<MISSING>"", ""count"": 243561, ""fraction"": 0.7422585216450547}, {""value"": ""1"", ""count"": 38920, ""fraction"": 0.11860971856095814}, {""value"": ""4"", ""count"": 18195, ""fraction"": 0.05544973867463087}, {""value"": ""8"", ""count"": 10085, ""fraction"": 0.030734301430813536}, {""value"": ""3"", ""count"": 7859, ""fraction"": 0.023950508174988953}, {""value"": ""2"", ""count"": 2998, ""fraction"": 0.009136483459551708}, {""value"": ""7"", ""count"": 2135, ""fraction"": 0.006506468374297164}, {""value"": ""77"", ""count"": 1461, ""fraction"": 0.004452435735291877}, {""value"": ""9"", ""count"": 1426, ""fraction"": 0.004345772319319792}, {""value"": ""5"", ""count"": 920, ""fraction"": 0.002803724076980511}]","[{""value"": ""<MISSING>"", ""count"": 81214, ""fraction"": 0.7425008456833578}, {""value"": ""1.0"", ""count"": 12843, ""fraction"": 0.11741742016291976}, {""value"": ""4.0"", ""count"": 5929, ""fraction"": 0.05420601760849889}, {""value"": ""8.0"", ""count"": 3476, ""fraction"": 0.03177940921017745}, {""value"": ""3.0"", ""count"": 2745, ""fraction"": 0.025096225052340944}, {""value"": ""2.0"", ""count"": 995, ""fraction"": 0.009096810173799359}, {""value"": ""7.0"", ""count"": 665, ""fraction"": 0.006079777653845802}, {""value"": ""9.0"", ""count"": 522, ""fraction"": 0.004772396895199261}, {""value"": ""77.0"", ""count"": 504, ""fraction"": 0.004607831485019976}, {""value"": ""5.0"", ""count"": 284, ""fraction"": 0.002596476471717606}]",1.0,99.0,
108,PDIABTST,Had a test for high blood sugar or diabetes in the past three years?,Have you had a test for high blood sugar or diabetes within the past three years?,binary,Two documented substantive responses,optional_module,1.1,[49],"[{""code"": ""7"", ""label"": ""Don’t know/Not Sure""}, {""code"": ""9"", ""label"": ""Refused""}, {""code"": ""BLANK"", ""label"": ""Not asked or Missing""}]",Not asked or Missing,contemporaneous,none,,include,,0.8127417069194082,0.8118651660739264,0.0008765408454817214,5,"[{""value"": ""<MISSING>"", ""count"": 266689, ""fraction"": 0.8127417069194082}, {""value"": ""1"", ""count"": 37711, ""fraction"": 0.11492525942066527}, {""value"": ""2"", ""count"": 20902, ""fraction"": 0.06369939201852896}, {""value"": ""7"", ""count"": 2810, ""fraction"": 0.008563548539473083}, {""value"": ""9"", ""count"": 23, ""fraction"": 7.009310192451278e-05}]","[{""value"": ""<MISSING>"", ""count"": 88801, ""fraction"": 0.8118651660739264}, {""value"": ""1.0"", ""count"": 12572, ""fraction"": 0.11493979648744275}, {""value"": ""2.0"", ""count"": 7065, ""fraction"": 0.06459192349536931}, {""value"": ""7.0"", ""count"": 933, ""fraction"": 0.008529973760959599}, {""value"": ""9.0"", ""count"": 8, ""fraction"": 7.314018230190439e-05}]",1.0,9.0,
109,PREDIAB1,Ever been told by a doctor or other health professional that you have pre-diabetes or borderline diabetes?,"Have you ever been told by a doctor or other health professional that you have pre-diabetes or borderline diabetes? (If “Yes” and respondent is female, ask: “Was this only when you were pregnant?”)",categorical,A small set of documented response categories,optional_module,1.2,[50],"[{""code"": ""7"", ""label"": ""Don’t know/Not Sure""}, {""code"": ""9"", ""label"": ""Refused""}, {""code"": ""BLANK"", ""label"": ""Not asked or Missing""}]",Not asked or Missing,contemporaneous,none,,include,,0.8127417069194082,0.8118651660739264,0.0008765408454817214,6,"[{""value"": ""<MISSING>"", ""count"": 266689, ""fraction"": 0.8127417069194082}, {""value"": ""3"", ""count"": 54181, ""fraction"": 0.1651180154509577}, {""value"": ""1"", ""count"": 6305, ""fraction"": 0.019214652505828395}, {""value"": ""2"", ""count"": 746, ""fraction"": 0.0022734545232907188}, {""value"": ""7"", ""count"": 196, ""fraction"": 0.000597315129443674}, {""value"": ""9"", ""count"": 18, ""fraction"": 5.485547107135783e-05}]","[{""value"": ""<MISSING>"", ""count"": 88801, ""fraction"": 0.8118651660739264}, {""value"": ""3.0"", ""count"": 18126, ""fraction"": 0.16571736805053985}, {""value"": ""1.0"", ""count"": 2146, ""fraction"": 0.019619853902485853}, {""value"": ""2.0"", ""count"": 232, ""fraction"": 0.0021210652867552273}, {""value"": ""7.0"", ""count"": 71, ""fraction"": 0.0006491191179294015}, {""value"": ""9.0"", ""count"": 3, ""fraction"": 2.7427568363214145e-05}]",1.0,9.0,
110,INSULIN,Now Taking Insulin,Are you now taking insulin?,binary,Two documented substantive responses,optional_module,2.1,[50],"[{""code"": ""9"", ""label"": ""Refused""}, {""code"": ""BLANK"", ""label"": ""Not asked or Missing""}]",Not asked or Missing,contemporaneous,none,,include,,0.9338382068356011,0.9332961537406632,0.0005420530949379332,4,"[{""value"": ""<MISSING>"", ""count"": 306425, ""fraction"": 0.9338382068356011}, {""value"": ""2"", ""count"": 14555, ""fraction"": 0.044356743413534065}, {""value"": ""1"", ""count"": 7133, ""fraction"": 0.021738004175110855}, {""value"": ""9"", ""count"": 22, ""fraction"": 6.704557575388179e-05}]","[{""value"": ""<MISSING>"", ""count"": 102083, ""fraction"": 0.9332961537406632}, {""value"": ""2.0"", ""count"": 4967, ""fraction"": 0.04541091068669489}, {""value"": ""1.0"", ""count"": 2319, ""fraction"": 0.021201510344764533}, {""value"": ""9.0"", ""count"": 10, ""fraction"": 9.142522787738048e-05}]",1.0,9.0,
111,BLDSUGAR,How Often Check Blood for Glucose,"About how often do you check your blood for glucose or sugar? Include times when checked by a family member or friend, but do NOT include times when checked by a health professional.",ordinal,The documented responses have a natural order,optional_module,2.2,[51],"[{""code"": ""777"", ""label"": ""Don’t know/Not sure""}, {""code"": ""999"", ""label"": ""Refused""}, {""code"": ""BLANK"", ""label"": ""Not asked or Missing""}]",Not asked or Missing,contemporaneous,none,,include,,0.9338412543617718,0.9332961537406632,0.000545100621108574,80,"[{""value"": ""<MISSING>"", ""count"": 306426, ""fraction"": 0.9338412543617718}, {""value"": ""101"", ""count"": 5530, ""fraction"": 0.016852819723589377}, {""value"": ""102"", ""count"": 3942, ""fraction"": 0.012013348164627364}, {""value"": ""888"", ""count"": 2892, ""fraction"": 0.008813445685464823}, {""value"": ""103"", ""count"": 2006, ""fraction"": 0.006113337498285767}, {""value"": ""201"", ""count"": 1142, ""fraction"": 0.003480274886860591}, {""value"": ""104"", ""count"": 1111, ""fraction"": 0.0033858015755710304}, {""value"": ""203"", ""count"": 895, ""fraction"": 0.0027275359227147363}, {""value"": ""202"", ""count"": 818, ""fraction"": 0.00249287640757615}, {""value"": ""301"", ""count"": 583, ""fraction"": 0.0017767077574778673}]","[{""value"": ""<MISSING>"", ""count"": 102083, ""fraction"": 0.9332961537406632}, {""value"": ""101.0"", ""count"": 1877, ""fraction"": 0.017160515272584317}, {""value"": ""102.0"", ""count"": 1294, ""fraction"": 0.011830424487333034}, {""value"": ""888.0"", ""count"": 1008, ""fraction"": 0.009215662970039952}, {""value"": ""103.0"", ""count"": 664, ""fraction"": 0.006070635131058064}, {""value"": ""201.0"", ""count"": 391, ""fraction"": 0.003574726410005577}, {""value"": ""104.0"", ""count"": 379, ""fraction"": 0.0034650161365527205}, {""value"": ""202.0"", ""count"": 289, ""fraction"": 0.002642189085656296}, {""value"": ""203.0"", ""count"": 282, ""fraction"": 0.0025781914261421295}, {""value"": ""301.0"", ""count"": 199, ""fraction"": 0.0018193620347598716}]",101.0,999.0,
112,FEETCHK2,How Often Check Feet for Sores or Irritations,"About how often do you check your feet for any sores or irritations? Include times when checked by a family member or friend, but do NOT include times when checked by a health professional.",ordinal,The documented responses have a natural order,optional_module,2.3,[51],"[{""code"": ""777"", ""label"": ""Don’t know/Not sure""}, {""code"": ""999"", ""label"": ""Refused""}, {""code"": ""BLANK"", ""label"": ""Not asked or Missing""}]",Not asked or Missing,contemporaneous,none,,include,,0.9338473494141131,0.9332961537406632,0.0005511956734498558,73,"[{""value"": ""<MISSING>"", ""count"": 306428, ""fraction"": 0.9338473494141131}, {""value"": ""101"", ""count"": 11214, ""fraction"": 0.03417495847745593}, {""value"": ""888"", ""count"": 3022, ""fraction"": 0.009209624087646853}, {""value"": ""201"", ""count"": 1766, ""fraction"": 0.005381931217334329}, {""value"": ""102"", ""count"": 1090, ""fraction"": 0.0033218035259877793}, {""value"": ""301"", ""count"": 700, ""fraction"": 0.0021332683194416934}, {""value"": ""202"", ""count"": 663, ""fraction"": 0.0020205098511283464}, {""value"": ""203"", ""count"": 572, ""fraction"": 0.0017431849696009265}, {""value"": ""777"", ""count"": 554, ""fraction"": 0.0016883294985295687}, {""value"": ""204"", ""count"": 246, ""fraction"": 0.0007496914379752236}]","[{""value"": ""<MISSING>"", ""count"": 102083, ""fraction"": 0.9332961537406632}, {""value"": ""101.0"", ""count"": 3709, ""fraction"": 0.03390961701972042}, {""value"": ""888.0"", ""count"": 1092, ""fraction"": 0.009983634884209948}, {""value"": ""201.0"", ""count"": 630, ""fraction"": 0.005759789356274971}, {""value"": ""102.0"", ""count"": 365, ""fraction"": 0.0033370208175243876}, {""value"": ""301.0"", ""count"": 221, ""fraction"": 0.0020204975360901085}, {""value"": ""202.0"", ""count"": 218, ""fraction"": 0.0019930699677268944}, {""value"": ""203.0"", ""count"": 178, ""fraction"": 0.0016273690562173726}, {""value"": ""777.0"", ""count"": 177, ""fraction"": 0.0016182265334296346}, {""value"": ""204.0"", ""count"": 80, ""fraction"": 0.0007314018230190439}]",101.0,999.0,
113,DOCTDIAB,Times Seen Health Professional for Diabetes,"About how many times in the past 12 months have you seen a doctor, nurse, or other health professional for your diabetes?",count,"The variable records a number, duration, or frequency",optional_module,2.4,[52],"[{""code"": ""77"", ""label"": ""Don’t know/Not sure""}, {""code"": ""99"", ""label"": ""Refused""}, {""code"": ""BLANK"", ""label"": ""Not asked or Missing""}]",Not asked or Missing,contemporaneous,none,,include,,0.9338503969402837,0.9333144387862387,0.0005359581540450575,48,"[{""value"": ""<MISSING>"", ""count"": 306429, ""fraction"": 0.9338503969402837}, {""value"": ""4"", ""count"": 5414, ""fraction"": 0.016499306687796183}, {""value"": ""2"", ""count"": 4561, ""fraction"": 0.013899766864247947}, {""value"": ""1"", ""count"": 3217, ""fraction"": 0.009803891690919896}, {""value"": ""3"", ""count"": 2941, ""fraction"": 0.008962774467825743}, {""value"": ""88"", ""count"": 2084, ""fraction"": 0.006351044539594983}, {""value"": ""12"", ""count"": 809, ""fraction"": 0.0024654486720404713}, {""value"": ""6"", ""count"": 756, ""fraction"": 0.0023039297849970285}, {""value"": ""77"", ""count"": 672, ""fraction"": 0.0020479375866640256}, {""value"": ""5"", ""count"": 462, ""fraction"": 0.0014079570908315175}]","[{""value"": ""<MISSING>"", ""count"": 102085, ""fraction"": 0.9333144387862387}, {""value"": ""4.0"", ""count"": 1741, ""fraction"": 0.01591713217345194}, {""value"": ""2.0"", ""count"": 1521, ""fraction"": 0.013905777160149572}, {""value"": ""1.0"", ""count"": 1051, ""fraction"": 0.009608791449912689}, {""value"": ""3.0"", ""count"": 1040, ""fraction"": 0.009508223699247571}, {""value"": ""88.0"", ""count"": 770, ""fraction"": 0.007039742546558298}, {""value"": ""77.0"", ""count"": 273, ""fraction"": 0.002495908721052487}, {""value"": ""12.0"", ""count"": 258, ""fraction"": 0.0023587708792364164}, {""value"": ""6.0"", ""count"": 222, ""fraction"": 0.0020296400588778467}, {""value"": ""5.0"", ""count"": 124, ""fraction"": 0.001133672825679518}]",1.0,99.0,
114,CHKHEMO3,Times Checked for Glycosylated Hemoglobin,"A test for “A one C” measures the average level of blood sugar over the past three months. About how many times in the past 12 months has a doctor, nurse, or other health professional checked you for “A one C”?",ordinal,The documented responses have a natural order,optional_module,2.5,[52],"[{""code"": ""77"", ""label"": ""Don’t know/Not sure""}, {""code"": ""99"", ""label"": ""Refused""}, {""code"": ""BLANK"", ""label"": ""Not asked or Missing""}]",Not asked or Missing,contemporaneous,none,,include,,0.9338503969402837,0.9333235813090264,0.000526815631257338,42,"[{""value"": ""<MISSING>"", ""count"": 306429, ""fraction"": 0.9338503969402837}, {""value"": ""2"", ""count"": 5908, ""fraction"": 0.018004784616087892}, {""value"": ""4"", ""count"": 4996, ""fraction"": 0.015225440748472428}, {""value"": ""3"", ""count"": 3347, ""fraction"": 0.010200070093101924}, {""value"": ""1"", ""count"": 3341, ""fraction"": 0.010181784936078138}, {""value"": ""77"", ""count"": 1365, ""fraction"": 0.004159873222911302}, {""value"": ""88"", ""count"": 1132, ""fraction"": 0.003449799625154281}, {""value"": ""98"", ""count"": 487, ""fraction"": 0.0014841452450972924}, {""value"": ""6"", ""count"": 365, ""fraction"": 0.0011123470522803114}, {""value"": ""5"", ""count"": 242, ""fraction"": 0.0007375013332926996}]","[{""value"": ""<MISSING>"", ""count"": 102086, ""fraction"": 0.9333235813090264}, {""value"": ""2.0"", ""count"": 2037, ""fraction"": 0.018623318918622404}, {""value"": ""4.0"", ""count"": 1613, ""fraction"": 0.014746889256621471}, {""value"": ""1.0"", ""count"": 1138, ""fraction"": 0.010404190932445899}, {""value"": ""3.0"", ""count"": 1123, ""fraction"": 0.010267053090629828}, {""value"": ""77.0"", ""count"": 452, ""fraction"": 0.004132420300057598}, {""value"": ""88.0"", ""count"": 395, ""fraction"": 0.003611296501156529}, {""value"": ""98.0"", ""count"": 150, ""fraction"": 0.0013713784181607074}, {""value"": ""6.0"", ""count"": 126, ""fraction"": 0.001151957871254994}, {""value"": ""5.0"", ""count"": 83, ""fraction"": 0.000758829391382258}]",1.0,99.0,
115,FEETCHK,Times Feet Check for Sores/irritations,About how many times in the past 12 months has a health professional checked your feet for any sores or irritations?,count,"The variable records a number, duration, or frequency",optional_module,2.6,[53],"[{""code"": ""77"", ""label"": ""Don’t know/Not sure""}, {""code"": ""99"", ""label"": ""Refused""}, {""code"": ""BLANK"", ""label"": ""Not asked or Missing""}]",Not asked or Missing,contemporaneous,none,,include,,0.9344599021744099,0.9339544153813804,0.0005054867930295304,46,"[{""value"": ""<MISSING>"", ""count"": 306629, ""fraction"": 0.9344599021744099}, {""value"": ""1"", ""count"": 4773, ""fraction"": 0.014545842412421716}, {""value"": ""88"", ""count"": 4719, ""fraction"": 0.014381275999207643}, {""value"": ""2"", ""count"": 4214, ""fraction"": 0.012842275283038994}, {""value"": ""4"", ""count"": 3280, ""fraction"": 0.009995885839669648}, {""value"": ""3"", ""count"": 2045, ""fraction"": 0.006232191018940375}, {""value"": ""6"", ""count"": 609, ""fraction"": 0.001855943437914273}, {""value"": ""77"", ""count"": 592, ""fraction"": 0.0018041354930135463}, {""value"": ""12"", ""count"": 417, ""fraction"": 0.001270818413153123}, {""value"": ""5"", ""count"": 264, ""fraction"": 0.0008045469090465814}]","[{""value"": ""<MISSING>"", ""count"": 102155, ""fraction"": 0.9339544153813804}, {""value"": ""1.0"", ""count"": 1580, ""fraction"": 0.014445186004626116}, {""value"": ""88.0"", ""count"": 1559, ""fraction"": 0.014253193026083617}, {""value"": ""2.0"", ""count"": 1426, ""fraction"": 0.013037237495314456}, {""value"": ""4.0"", ""count"": 1092, ""fraction"": 0.009983634884209948}, {""value"": ""3.0"", ""count"": 703, ""fraction"": 0.006427193519779848}, {""value"": ""77.0"", ""count"": 219, ""fraction"": 0.0020022124905146326}, {""value"": ""6.0"", ""count"": 194, ""fraction"": 0.0017736494208211815}, {""value"": ""12.0"", ""count"": 151, ""fraction"": 0.0013805209409484453}, {""value"": ""5.0"", ""count"": 101, ""fraction"": 0.0009233948015615429}]",1.0,99.0,
116,EYEEXAM,Last Eye Exam Where Pupils Were Dilated,When was the last time you had an eye exam in which the pupils were dilated? This would have made you temporarily sensitive to bright light.,categorical,A small set of documented response categories,optional_module,2.7,[53],"[{""code"": ""7"", ""label"": ""Don’t know/Not sure""}, {""code"": ""9"", ""label"": ""Refused""}, {""code"": ""BLANK"", ""label"": ""Not asked or Missing""}]",Not asked or Missing,contemporaneous,none,,include,,0.9338503969402837,0.9333235813090264,0.000526815631257338,8,"[{""value"": ""<MISSING>"", ""count"": 306429, ""fraction"": 0.9338503969402837}, {""value"": ""2"", ""count"": 10853, ""fraction"": 0.03307480152985814}, {""value"": ""1"", ""count"": 4566, ""fraction"": 0.013915004495101102}, {""value"": ""3"", ""count"": 2766, ""fraction"": 0.00842945738796532}, {""value"": ""4"", ""count"": 2532, ""fraction"": 0.0077163362640376675}, {""value"": ""8"", ""count"": 652, ""fraction"": 0.001986987063251406}, {""value"": ""7"", ""count"": 311, ""fraction"": 0.000947780639066238}, {""value"": ""9"", ""count"": 26, ""fraction"": 7.923568043640574e-05}]","[{""value"": ""<MISSING>"", ""count"": 102086, ""fraction"": 0.9333235813090264}, {""value"": ""2.0"", ""count"": 3605, ""fraction"": 0.03295879464979566}, {""value"": ""1.0"", ""count"": 1591, ""fraction"": 0.014545753755291236}, {""value"": ""3.0"", ""count"": 903, ""fraction"": 0.008255698077327457}, {""value"": ""4.0"", ""count"": 853, ""fraction"": 0.007798571937940555}, {""value"": ""8.0"", ""count"": 242, ""fraction"": 0.002212490514632608}, {""value"": ""7.0"", ""count"": 94, ""fraction"": 0.0008593971420473766}, {""value"": ""9.0"", ""count"": 5, ""fraction"": 4.571261393869024e-05}]",1.0,9.0,
117,DIABEYE,Ever Told Diabetes Has Affected Eyes,Has a doctor ever told you that diabetes has affected your eyes or that you had retinopathy?,binary,Two documented substantive responses,optional_module,2.8,[54],"[{""code"": ""7"", ""label"": ""Don’t know/Not sure""}, {""code"": ""9"", ""label"": ""Refused""}, {""code"": ""BLANK"", ""label"": ""Not asked or Missing""}]",Not asked or Missing,contemporaneous,none,,include,,0.9338534444664544,0.9333235813090264,0.0005298631574279788,5,"[{""value"": ""<MISSING>"", ""count"": 306430, ""fraction"": 0.9338534444664544}, {""value"": ""2"", ""count"": 17558, ""fraction"": 0.05350846450393893}, {""value"": ""1"", ""count"": 3876, ""fraction"": 0.011812211437365718}, {""value"": ""7"", ""count"": 256, ""fraction"": 0.0007801666996815335}, {""value"": ""9"", ""count"": 15, ""fraction"": 4.5712892559464854e-05}]","[{""value"": ""<MISSING>"", ""count"": 102086, ""fraction"": 0.9333235813090264}, {""value"": ""2.0"", ""count"": 5836, ""fraction"": 0.053355762989239254}, {""value"": ""1.0"", ""count"": 1355, ""fraction"": 0.012388118377385056}, {""value"": ""7.0"", ""count"": 98, ""fraction"": 0.0008959672331983287}, {""value"": ""9.0"", ""count"": 4, ""fraction"": 3.6570091150952194e-05}]",1.0,9.0,
118,DIABEDU,Ever Taken Class in Managing Diabetes,Have you ever taken a course or class in how to manage your diabetes yourself?,binary,Two documented substantive responses,optional_module,2.9,[54],"[{""code"": ""7"", ""label"": ""Don’t know/Not sure""}, {""code"": ""9"", ""label"": ""Refused""}, {""code"": ""BLANK"", ""label"": ""Not asked or Missing""}]",Not asked or Missing,contemporaneous,none,,include,,0.9338534444664544,0.9333235813090264,0.0005298631574279788,5,"[{""value"": ""<MISSING>"", ""count"": 306430, ""fraction"": 0.9338534444664544}, {""value"": ""1"", ""count"": 12059, ""fraction"": 0.03675011809163911}, {""value"": ""2"", ""count"": 9558, ""fraction"": 0.029128255138891005}, {""value"": ""7"", ""count"": 73, ""fraction"": 0.0002224694104560623}, {""value"": ""9"", ""count"": 15, ""fraction"": 4.5712892559464854e-05}]","[{""value"": ""<MISSING>"", ""count"": 102086, ""fraction"": 0.9333235813090264}, {""value"": ""1.0"", ""count"": 4097, ""fraction"": 0.03745691586136279}, {""value"": ""2.0"", ""count"": 3163, ""fraction"": 0.028917799577615446}, {""value"": ""7.0"", ""count"": 27, ""fraction"": 0.0002468481152689273}, {""value"": ""9.0"", ""count"": 6, ""fraction"": 5.485513672642829e-05}]",1.0,9.0,
119,CAREGIV1,Provided regular care for family or friend,"During the past 30 days, did you provide regular care or assistance to a friend or family member who has a health problem or disability?",categorical,Named categories without a useful numeric distance,optional_module,4.1,[55],"[{""code"": ""BLANK"", ""label"": ""Not asked or Missing""}]",Not asked or Missing,contemporaneous,none,,include,,0.7536501744708732,0.7515976558571572,0.0020525186137160256,6,"[{""value"": ""<MISSING>"", ""count"": 247299, ""fraction"": 0.7536501744708732}, {""value"": ""2"", ""count"": 62586, ""fraction"": 0.19073247291511117}, {""value"": ""1"", ""count"": 17842, ""fraction"": 0.05437396193639813}, {""value"": ""8"", ""count"": 169, ""fraction"": 0.0005150319228366374}, {""value"": ""7"", ""count"": 156, ""fraction"": 0.0004754140826184345}, {""value"": ""9"", ""count"": 83, ""fraction"": 0.0002529446721623722}]","[{""value"": ""<MISSING>"", ""count"": 82209, ""fraction"": 0.7515976558571572}, {""value"": ""2.0"", ""count"": 21059, ""fraction"": 0.19253238738697556}, {""value"": ""1.0"", ""count"": 5985, ""fraction"": 0.05471799888461222}, {""value"": ""7.0"", ""count"": 51, ""fraction"": 0.00046626866217464047}, {""value"": ""8.0"", ""count"": 50, ""fraction"": 0.00045712613938690244}, {""value"": ""9.0"", ""count"": 25, ""fraction"": 0.00022856306969345122}]",1.0,9.0,
120,CRGVREL1,Relationship Of Person To Whom You Are Giving Care?,What is his/her relationship to you? For example is he/she your (mother/daughter or father/son)?,categorical,A small set of documented response categories,optional_module,4.2,[56],"[{""code"": ""77"", ""label"": ""Don’t know/Not Sure""}, {""code"": ""99"", ""label"": ""Refused""}, {""code"": ""BLANK"", ""label"": ""Not asked or Missing""}]",Not asked or Missing,contemporaneous,none,,include,,0.9456534657991376,0.9453277137293264,0.0003257520698111138,18,"[{""value"": ""<MISSING>"", ""count"": 310302, ""fraction"": 0.9456534657991376}, {""value"": ""1"", ""count"": 4016, ""fraction"": 0.012238865101254057}, {""value"": ""15"", ""count"": 2859, ""fraction"": 0.008712877321834001}, {""value"": ""6"", ""count"": 1814, ""fraction"": 0.0055282124735246164}, {""value"": ""5"", ""count"": 1530, ""fraction"": 0.004662715041065415}, {""value"": ""2"", ""count"": 1458, ""fraction"": 0.004443293156779984}, {""value"": ""14"", ""count"": 1276, ""fraction"": 0.0038886433937251434}, {""value"": ""7"", ""count"": 1253, ""fraction"": 0.003818550291800631}, {""value"": ""10"", ""count"": 859, ""fraction"": 0.0026178249805720206}, {""value"": ""3"", ""count"": 712, ""fraction"": 0.0021698386334892653}]","[{""value"": ""<MISSING>"", ""count"": 103399, ""fraction"": 0.9453277137293264}, {""value"": ""1.0"", ""count"": 1300, ""fraction"": 0.011885279624059462}, {""value"": ""15.0"", ""count"": 950, ""fraction"": 0.008685396648351147}, {""value"": ""6.0"", ""count"": 638, ""fraction"": 0.005832929538576875}, {""value"": ""5.0"", ""count"": 523, ""fraction"": 0.004781539417987}, {""value"": ""2.0"", ""count"": 491, ""fraction"": 0.004488978688779382}, {""value"": ""14.0"", ""count"": 444, ""fraction"": 0.004059280117755693}, {""value"": ""7.0"", ""count"": 432, ""fraction"": 0.003949569844302837}, {""value"": ""10.0"", ""count"": 276, ""fraction"": 0.002523336289415701}, {""value"": ""3.0"", ""count"": 252, ""fraction"": 0.002303915742509988}]",1.0,99.0,
121,CRGVLNG1,How Long Provided Care For Person.,For how long have you provided care for that person? Would you say…,ordinal,Documented categories follow a meaningful order,optional_module,4.3,[56],"[{""code"": ""7"", ""label"": ""Don’t know/Not sure""}, {""code"": ""9"", ""label"": ""Refused""}, {""code"": ""BLANK"", ""label"": ""Not asked or Missing""}]",Not asked or Missing,contemporaneous,none,,include,,0.9457083212702089,0.9453917113888406,0.0003166098813682794,8,"[{""value"": ""<MISSING>"", ""count"": 310320, ""fraction"": 0.9457083212702089}, {""value"": ""5"", ""count"": 5200, ""fraction"": 0.01584713608728115}, {""value"": ""4"", ""count"": 3692, ""fraction"": 0.011251466621969616}, {""value"": ""1"", ""count"": 3272, ""fraction"": 0.0099715056303046}, {""value"": ""3"", ""count"": 3206, ""fraction"": 0.009770368903042954}, {""value"": ""2"", ""count"": 2197, ""fraction"": 0.006695414996876286}, {""value"": ""7"", ""count"": 210, ""fraction"": 0.0006399804958325079}, {""value"": ""9"", ""count"": 38, ""fraction"": 0.00011580599448397764}]","[{""value"": ""<MISSING>"", ""count"": 103406, ""fraction"": 0.9453917113888406}, {""value"": ""5.0"", ""count"": 1675, ""fraction"": 0.015313725669461231}, {""value"": ""4.0"", ""count"": 1263, ""fraction"": 0.011547006280913156}, {""value"": ""3.0"", ""count"": 1120, ""fraction"": 0.010239625522266614}, {""value"": ""1.0"", ""count"": 1075, ""fraction"": 0.009828211996818402}, {""value"": ""2.0"", ""count"": 748, ""fraction"": 0.00683860704522806}, {""value"": ""7.0"", ""count"": 72, ""fraction"": 0.0006582616407171394}, {""value"": ""9.0"", ""count"": 20, ""fraction"": 0.00018285045575476097}]",1.0,9.0,
122,CRGVHRS1,How Many Hours Do You Provide Care For Person?,"In an average week, how many hours do you provide care or assistance? Would you say…",ordinal,Documented categories follow a meaningful order,optional_module,4.4,[57],"[{""code"": ""7"", ""label"": ""Don’t know/Not sure""}, {""code"": ""9"", ""label"": ""Refused""}, {""code"": ""BLANK"", ""label"": ""Not asked or Missing""}]",Not asked or Missing,contemporaneous,none,,include,,0.9457875569506453,0.945446566525567,0.00034099042507829136,7,"[{""value"": ""<MISSING>"", ""count"": 310346, ""fraction"": 0.9457875569506453}, {""value"": ""1"", ""count"": 9736, ""fraction"": 0.029670714797263322}, {""value"": ""4"", ""count"": 3145, ""fraction"": 0.009584469806634464}, {""value"": ""2"", ""count"": 2182, ""fraction"": 0.006649702104316821}, {""value"": ""3"", ""count"": 1679, ""fraction"": 0.005116796440489433}, {""value"": ""7"", ""count"": 911, ""fraction"": 0.002776296341444832}, {""value"": ""9"", ""count"": 136, ""fraction"": 0.0004144635592058147}]","[{""value"": ""<MISSING>"", ""count"": 103412, ""fraction"": 0.945446566525567}, {""value"": ""1.0"", ""count"": 3266, ""fraction"": 0.029859479424752467}, {""value"": ""4.0"", ""count"": 1062, ""fraction"": 0.009709359200577807}, {""value"": ""2.0"", ""count"": 718, ""fraction"": 0.006564331361595919}, {""value"": ""3.0"", ""count"": 587, ""fraction"": 0.005366660876402234}, {""value"": ""7.0"", ""count"": 269, ""fraction"": 0.002459338629901535}, {""value"": ""9.0"", ""count"": 65, ""fraction"": 0.0005942639812029732}]",1.0,9.0,
123,CRGVPRB1,"What Is The Major Health Problem, Illness, Disability For Care For Person?","What is the main health problem, long-term illness, or disability that the person you care for has?",categorical,A small set of documented response categories,optional_module,4.5,[57],"[{""code"": ""77"", ""label"": ""Don’t know/Not Sure""}, {""code"": ""99"", ""label"": ""Refused""}, {""code"": ""BLANK"", ""label"": ""Not asked or Missing""}]",Not asked or Missing,contemporaneous,none,,include,,0.9458515550002285,0.9455379917534444,0.00031356324678410985,16,"[{""value"": ""<MISSING>"", ""count"": 310367, ""fraction"": 0.9458515550002285}, {""value"": ""13"", ""count"": 7944, ""fraction"": 0.024209547899492586}, {""value"": ""5"", ""count"": 1741, ""fraction"": 0.005305743063068554}, {""value"": ""3"", ""count"": 1382, ""fraction"": 0.004211681167812028}, {""value"": ""8"", ""count"": 1250, ""fraction"": 0.003809407713288738}, {""value"": ""1"", ""count"": 1086, ""fraction"": 0.0033096134213052553}, {""value"": ""7"", ""count"": 977, ""fraction"": 0.0029774330687064774}, {""value"": ""4"", ""count"": 711, ""fraction"": 0.002166791107318634}, {""value"": ""10"", ""count"": 679, ""fraction"": 0.0020692702698584422}, {""value"": ""6"", ""count"": 592, ""fraction"": 0.0018041354930135463}]","[{""value"": ""<MISSING>"", ""count"": 103422, ""fraction"": 0.9455379917534444}, {""value"": ""13.0"", ""count"": 2590, ""fraction"": 0.023679134020241546}, {""value"": ""5.0"", ""count"": 580, ""fraction"": 0.005302663216888068}, {""value"": ""3.0"", ""count"": 512, ""fraction"": 0.004680971667321881}, {""value"": ""8.0"", ""count"": 405, ""fraction"": 0.0037027217290339096}, {""value"": ""1.0"", ""count"": 379, ""fraction"": 0.0034650161365527205}, {""value"": ""7.0"", ""count"": 337, ""fraction"": 0.003081030179467722}, {""value"": ""4.0"", ""count"": 236, ""fraction"": 0.0021576353779061796}, {""value"": ""10.0"", ""count"": 226, ""fraction"": 0.002066210150028799}, {""value"": ""6.0"", ""count"": 198, ""fraction"": 0.0018102195119721336}]",1.0,99.0,
124,CRGVPERS,Managed personal care,"…Managing personal care such as giving medications, feeding, dressing, or bathing?",binary,Two documented substantive responses,optional_module,4.6,[58],"[{""code"": ""7"", ""label"": ""Don’t know/Not Sure""}, {""code"": ""9"", ""label"": ""Refused""}, {""code"": ""BLANK"", ""label"": ""Not asked or Missing""}]",Not asked or Missing,contemporaneous,none,,include,,0.9459277431544943,0.9455837043673831,0.0003440387871112005,5,"[{""value"": ""<MISSING>"", ""count"": 310392, ""fraction"": 0.9459277431544943}, {""value"": ""1"", ""count"": 8935, ""fraction"": 0.0272296463345879}, {""value"": ""2"", ""count"": 8701, ""fraction"": 0.026516525210660245}, {""value"": ""9"", ""count"": 65, ""fraction"": 0.00019808920109101437}, {""value"": ""7"", ""count"": 42, ""fraction"": 0.0001279960991665016}]","[{""value"": ""<MISSING>"", ""count"": 103427, ""fraction"": 0.9455837043673831}, {""value"": ""1.0"", ""count"": 3069, ""fraction"": 0.02805840243556807}, {""value"": ""2.0"", ""count"": 2846, ""fraction"": 0.026019619853902484}, {""value"": ""9.0"", ""count"": 23, ""fraction"": 0.0002102780241179751}, {""value"": ""7.0"", ""count"": 14, ""fraction"": 0.00012799531902833267}]",1.0,9.0,
125,CRGVHOUS,Managed household tasks,"…Managing household tasks such as cleaning, managing money, or preparing meals?",binary,Two documented substantive responses,optional_module,4.7,[58],"[{""code"": ""7"", ""label"": ""Don’t know/Not Sure""}, {""code"": ""9"", ""label"": ""Refused""}, {""code"": ""BLANK"", ""label"": ""Not asked or Missing""}]",Not asked or Missing,contemporaneous,none,,include,,0.9459612659423713,0.9456385595041096,0.00032270643826171064,5,"[{""value"": ""<MISSING>"", ""count"": 310403, ""fraction"": 0.9459612659423713}, {""value"": ""1"", ""count"": 13717, ""fraction"": 0.04180291648254529}, {""value"": ""2"", ""count"": 3915, ""fraction"": 0.011931064958020326}, {""value"": ""9"", ""count"": 51, ""fraction"": 0.0001554238347021805}, {""value"": ""7"", ""count"": 49, ""fraction"": 0.0001493287823609185}]","[{""value"": ""<MISSING>"", ""count"": 103433, ""fraction"": 0.9456385595041096}, {""value"": ""1.0"", ""count"": 4657, ""fraction"": 0.04257672862249609}, {""value"": ""2.0"", ""count"": 1248, ""fraction"": 0.011409868439097085}, {""value"": ""9.0"", ""count"": 23, ""fraction"": 0.0002102780241179751}, {""value"": ""7.0"", ""count"": 18, ""fraction"": 0.00016456541017928486}]",1.0,9.0,
126,CRGVMST2,Which support do you MOST need that you are not getting?,"Of the following support services, which one do you MOST need, that you are not currently getting?",categorical,A small set of documented response categories,optional_module,4.8,[59],"[{""code"": ""7"", ""label"": ""Don’t know/Not Sure""}, {""code"": ""9"", ""label"": ""Refused""}, {""code"": ""BLANK"", ""label"": ""Not asked or Missing""}]",Not asked or Missing,contemporaneous,none,,include,,0.946104499672391,0.9457756973459256,0.00032880232646537166,9,"[{""value"": ""<MISSING>"", ""count"": 310450, ""fraction"": 0.946104499672391}, {""value"": ""6"", ""count"": 14220, ""fraction"": 0.04333582214637268}, {""value"": ""2"", ""count"": 1447, ""fraction"": 0.004409770368903043}, {""value"": ""3"", ""count"": 468, ""fraction"": 0.0014262422478553034}, {""value"": ""5"", ""count"": 467, ""fraction"": 0.0014231947216846725}, {""value"": ""7"", ""count"": 435, ""fraction"": 0.0013256738842244808}, {""value"": ""4"", ""count"": 322, ""fraction"": 0.000981303426943179}, {""value"": ""1"", ""count"": 218, ""fraction"": 0.0006643607051975559}, {""value"": ""9"", ""count"": 108, ""fraction"": 0.00032913282642814694}]","[{""value"": ""<MISSING>"", ""count"": 103448, ""fraction"": 0.9457756973459256}, {""value"": ""6.0"", ""count"": 4674, ""fraction"": 0.042732151509887635}, {""value"": ""2.0"", ""count"": 517, ""fraction"": 0.004726684281260571}, {""value"": ""5.0"", ""count"": 174, ""fraction"": 0.0015907989650664205}, {""value"": ""3.0"", ""count"": 162, ""fraction"": 0.001481088691613564}, {""value"": ""4.0"", ""count"": 134, ""fraction"": 0.0012250980535568985}, {""value"": ""7.0"", ""count"": 129, ""fraction"": 0.0011793854396182082}, {""value"": ""1.0"", ""count"": 98, ""fraction"": 0.0008959672331983287}, {""value"": ""9.0"", ""count"": 43, ""fraction"": 0.0003931284798727361}]",1.0,9.0,
127,CRGVEXPT,Do you expect to have a relative you will need to provide care for?,"In the next 2 years, do you expect to provide care or assistance to a friend or family member who has a health problem or disability?",binary,Two documented substantive responses,optional_module,4.9,[59],"[{""code"": ""7"", ""label"": ""Don’t know/Not Sure""}, {""code"": ""9"", ""label"": ""Refused""}, {""code"": ""BLANK"", ""label"": ""Not asked or Missing""}]",Not asked or Missing,contemporaneous,none,,include,,0.8086519267984213,0.8069007762001846,0.001751150598236717,5,"[{""value"": ""<MISSING>"", ""count"": 265347, ""fraction"": 0.8086519267984213}, {""value"": ""2"", ""count"": 48522, ""fraction"": 0.1478720648513569}, {""value"": ""1"", ""count"": 9683, ""fraction"": 0.02950919591021988}, {""value"": ""7"", ""count"": 4446, ""fraction"": 0.013549301354625383}, {""value"": ""9"", ""count"": 137, ""fraction"": 0.0004175110853764457}]","[{""value"": ""<MISSING>"", ""count"": 88258, ""fraction"": 0.8069007762001846}, {""value"": ""2.0"", ""count"": 16342, ""fraction"": 0.1494071073972152}, {""value"": ""1.0"", ""count"": 3213, ""fraction"": 0.02937492571700235}, {""value"": ""7.0"", ""count"": 1519, ""fraction"": 0.013887492114574096}, {""value"": ""9.0"", ""count"": 47, ""fraction"": 0.0004296985710236883}]",1.0,9.0,
128,VIDFCLT2,Difficulty recognizing friend across street,"How much difficulty, if any, do you have in recognizing a friend across the street? Would you say—",ordinal,The documented responses have a natural order,optional_module,5.1,[60],"[{""code"": ""7"", ""label"": ""Don’t know/Not sure""}, {""code"": ""BLANK"", ""label"": ""Not asked or Missing""}]",Not asked or Missing,contemporaneous,none,,include,,0.9927682203970927,0.9927499794293237,1.8240967768923255e-05,9,"[{""value"": ""<MISSING>"", ""count"": 325762, ""fraction"": 0.9927682203970927}, {""value"": ""1"", ""count"": 1862, ""fraction"": 0.005674493729714904}, {""value"": ""2"", ""count"": 299, ""fraction"": 0.0009112103250186661}, {""value"": ""3"", ""count"": 135, ""fraction"": 0.0004114160330351837}, {""value"": ""4"", ""count"": 41, ""fraction"": 0.0001249485729958706}, {""value"": ""5"", ""count"": 23, ""fraction"": 7.009310192451278e-05}, {""value"": ""6"", ""count"": 6, ""fraction"": 1.828515702378594e-05}, {""value"": ""7"", ""count"": 4, ""fraction"": 1.2190104682523961e-05}, {""value"": ""8"", ""count"": 3, ""fraction"": 9.14257851189297e-06}]","[{""value"": ""<MISSING>"", ""count"": 108586, ""fraction"": 0.9927499794293237}, {""value"": ""1.0"", ""count"": 615, ""fraction"": 0.0056226515144589}, {""value"": ""2.0"", ""count"": 109, ""fraction"": 0.0009965349838634472}, {""value"": ""3.0"", ""count"": 38, ""fraction"": 0.00034741586593404583}, {""value"": ""4.0"", ""count"": 14, ""fraction"": 0.00012799531902833267}, {""value"": ""5.0"", ""count"": 8, ""fraction"": 7.314018230190439e-05}, {""value"": ""6.0"", ""count"": 4, ""fraction"": 3.6570091150952194e-05}, {""value"": ""7.0"", ""count"": 3, ""fraction"": 2.7427568363214145e-05}, {""value"": ""8.0"", ""count"": 2, ""fraction"": 1.8285045575476097e-05}]",1.0,8.0,
129,VIREDIF3,Difficulty reading typed text,"How much difficulty, if any, do you have reading print in newspapers, magazines, recipes, menus, or numbers on the telephone? Would you say—",ordinal,The documented responses have a natural order,optional_module,5.2,[60],"[{""code"": ""7"", ""label"": ""Don’t know/Not sure""}, {""code"": ""BLANK"", ""label"": ""Not asked or Missing""}]",Not asked or Missing,contemporaneous,none,,include,,0.992789553080287,0.9927865495204746,3.0035598124200646e-06,8,"[{""value"": ""<MISSING>"", ""count"": 325769, ""fraction"": 0.992789553080287}, {""value"": ""1"", ""count"": 1395, ""fraction"": 0.004251299008030231}, {""value"": ""2"", ""count"": 483, ""fraction"": 0.0014719551404147684}, {""value"": ""3"", ""count"": 315, ""fraction"": 0.0009599707437487619}, {""value"": ""4"", ""count"": 121, ""fraction"": 0.0003687506666463498}, {""value"": ""5"", ""count"": 32, ""fraction"": 9.752083746019169e-05}, {""value"": ""7"", ""count"": 12, ""fraction"": 3.657031404757188e-05}, {""value"": ""6"", ""count"": 8, ""fraction"": 2.4380209365047923e-05}]","[{""value"": ""<MISSING>"", ""count"": 108590, ""fraction"": 0.9927865495204746}, {""value"": ""1.0"", ""count"": 473, ""fraction"": 0.004324413278600097}, {""value"": ""2.0"", ""count"": 157, ""fraction"": 0.0014353760776748736}, {""value"": ""3.0"", ""count"": 98, ""fraction"": 0.0008959672331983287}, {""value"": ""4.0"", ""count"": 43, ""fraction"": 0.0003931284798727361}, {""value"": ""5.0"", ""count"": 12, ""fraction"": 0.00010971027345285658}, {""value"": ""6.0"", ""count"": 5, ""fraction"": 4.571261393869024e-05}, {""value"": ""7.0"", ""count"": 1, ""fraction"": 9.142522787738048e-06}]",1.0,7.0,
130,VIPRFVS2,Last time visited eye care provider,When was the last time you had your eyes examined by any doctor or eye care provider?,categorical,A small set of documented response categories,optional_module,5.3,[61],"[{""code"": ""7"", ""label"": ""Don’t know/Not sure""}, {""code"": ""9"", ""label"": ""Refused""}, {""code"": ""BLANK"", ""label"": ""Not asked or Missing""}]",Not asked or Missing,contemporaneous,none,,include,,0.992789553080287,0.9927865495204746,3.0035598124200646e-06,8,"[{""value"": ""<MISSING>"", ""count"": 325769, ""fraction"": 0.992789553080287}, {""value"": ""2"", ""count"": 1196, ""fraction"": 0.0036448413000746646}, {""value"": ""3"", ""count"": 377, ""fraction"": 0.0011489173663278833}, {""value"": ""1"", ""count"": 373, ""fraction"": 0.0011367272616453594}, {""value"": ""4"", ""count"": 365, ""fraction"": 0.0011123470522803114}, {""value"": ""5"", ""count"": 33, ""fraction"": 0.00010056836363082268}, {""value"": ""7"", ""count"": 20, ""fraction"": 6.09505234126198e-05}, {""value"": ""9"", ""count"": 2, ""fraction"": 6.095052341261981e-06}]","[{""value"": ""<MISSING>"", ""count"": 108590, ""fraction"": 0.9927865495204746}, {""value"": ""2.0"", ""count"": 402, ""fraction"": 0.0036752941606706955}, {""value"": ""4.0"", ""count"": 149, ""fraction"": 0.0013622358953729692}, {""value"": ""1.0"", ""count"": 127, ""fraction"": 0.0011611003940427322}, {""value"": ""3.0"", ""count"": 99, ""fraction"": 0.0009051097559860668}, {""value"": ""5.0"", ""count"": 7, ""fraction"": 6.399765951416633e-05}, {""value"": ""7.0"", ""count"": 5, ""fraction"": 4.571261393869024e-05}]",1.0,9.0,
131,VINOCRE2,Reason did not use eye doc past 12 mos,What is the main reason you have not visited an eye care professional in the past 12 months?,categorical,A small set of documented response categories,optional_module,5.4,[61],"[{""code"": ""77"", ""label"": ""Don’t know/Not Sure""}, {""code"": ""99"", ""label"": ""Refused""}, {""code"": ""BLANK"", ""label"": ""Not asked or Missing""}]",Not asked or Missing,contemporaneous,none,,include,,0.9975741691681778,0.9976320865979759,5.7917429798104436e-05,11,"[{""value"": ""<MISSING>"", ""count"": 327339, ""fraction"": 0.9975741691681778}, {""value"": ""5"", ""count"": 320, ""fraction"": 0.0009752083746019168}, {""value"": ""7"", ""count"": 203, ""fraction"": 0.000618647812638091}, {""value"": ""1"", ""count"": 164, ""fraction"": 0.0004997942919834824}, {""value"": ""6"", ""count"": 61, ""fraction"": 0.0001858990964084904}, {""value"": ""3"", ""count"": 14, ""fraction"": 4.266536638883386e-05}, {""value"": ""77"", ""count"": 11, ""fraction"": 3.3522787876940896e-05}, {""value"": ""2"", ""count"": 9, ""fraction"": 2.7427735535678914e-05}, {""value"": ""4"", ""count"": 9, ""fraction"": 2.7427735535678914e-05}, {""value"": ""99"", ""count"": 3, ""fraction"": 9.14257851189297e-06}]","[{""value"": ""<MISSING>"", ""count"": 109120, ""fraction"": 0.9976320865979759}, {""value"": ""5.0"", ""count"": 105, ""fraction"": 0.0009599648927124951}, {""value"": ""1.0"", ""count"": 67, ""fraction"": 0.0006125490267784492}, {""value"": ""7.0"", ""count"": 52, ""fraction"": 0.0004754111849623785}, {""value"": ""6.0"", ""count"": 19, ""fraction"": 0.00017370793296702291}, {""value"": ""77.0"", ""count"": 6, ""fraction"": 5.485513672642829e-05}, {""value"": ""2.0"", ""count"": 5, ""fraction"": 4.571261393869024e-05}, {""value"": ""3.0"", ""count"": 3, ""fraction"": 2.7427568363214145e-05}, {""value"": ""4.0"", ""count"": 1, ""fraction"": 9.142522787738048e-06}, {""value"": ""99.0"", ""count"": 1, ""fraction"": 9.142522787738048e-06}]",1.0,99.0,
132,VIEYEXM2,When last eyexam,When was the last time you had an eye exam in which the pupils were dilated? This would have made you temporarily sensitive to bright light.,categorical,A small set of documented response categories,optional_module,5.5,[62],"[{""code"": ""7"", ""label"": ""Don’t know/Not Sure""}, {""code"": ""9"", ""label"": ""Refused""}, {""code"": ""BLANK"", ""label"": ""Not asked or Missing""}]",Not asked or Missing,contemporaneous,none,,include,,0.9942980785347494,0.9941853555069986,0.00011272302775078291,9,"[{""value"": ""<MISSING>"", ""count"": 326264, ""fraction"": 0.9942980785347494}, {""value"": ""2"", ""count"": 816, ""fraction"": 0.002486781355234888}, {""value"": ""4"", ""count"": 415, ""fraction"": 0.001264723360811861}, {""value"": ""3"", ""count"": 274, ""fraction"": 0.0008350221707528914}, {""value"": ""1"", ""count"": 185, ""fraction"": 0.0005637923415667333}, {""value"": ""5"", ""count"": 130, ""fraction"": 0.00039617840218202874}, {""value"": ""7"", ""count"": 48, ""fraction"": 0.00014628125619028752}, {""value"": ""9"", ""count"": 2, ""fraction"": 6.095052341261981e-06}, {""value"": ""8"", ""count"": 1, ""fraction"": 3.0475261706309903e-06}]","[{""value"": ""<MISSING>"", ""count"": 108743, ""fraction"": 0.9941853555069986}, {""value"": ""2.0"", ""count"": 269, ""fraction"": 0.002459338629901535}, {""value"": ""4.0"", ""count"": 129, ""fraction"": 0.0011793854396182082}, {""value"": ""3.0"", ""count"": 96, ""fraction"": 0.0008776821876228527}, {""value"": ""1.0"", ""count"": 69, ""fraction"": 0.0006308340723539253}, {""value"": ""5.0"", ""count"": 58, ""fraction"": 0.0005302663216888068}, {""value"": ""7.0"", ""count"": 15, ""fraction"": 0.00013713784181607072}]",1.0,9.0,
133,VIINSUR2,Eye care health insurance,Do you have any kind of health insurance coverage for eye care?,categorical,A small set of documented response categories,optional_module,5.6,[62],"[{""code"": ""7"", ""label"": ""Don’t know/Not Sure""}, {""code"": ""9"", ""label"": ""Refused""}, {""code"": ""BLANK"", ""label"": ""Not asked or Missing""}]",Not asked or Missing,contemporaneous,none,,include,,0.9928078382373109,0.9927956920432625,1.2146194048434644e-05,5,"[{""value"": ""<MISSING>"", ""count"": 325775, ""fraction"": 0.9928078382373109}, {""value"": ""1"", ""count"": 1312, ""fraction"": 0.0039983543358678595}, {""value"": ""2"", ""count"": 980, ""fraction"": 0.0029865756472183705}, {""value"": ""7"", ""count"": 67, ""fraction"": 0.00020418425343227635}, {""value"": ""8"", ""count"": 1, ""fraction"": 3.0475261706309903e-06}]","[{""value"": ""<MISSING>"", ""count"": 108591, ""fraction"": 0.9927956920432625}, {""value"": ""1.0"", ""count"": 429, ""fraction"": 0.003922142275939623}, {""value"": ""2.0"", ""count"": 335, ""fraction"": 0.003062745133892246}, {""value"": ""7.0"", ""count"": 22, ""fraction"": 0.00020113550133023705}, {""value"": ""9.0"", ""count"": 2, ""fraction"": 1.8285045575476097e-05}]",1.0,8.0,
134,VICTRCT4,Hlth care pro said now have cataracts,Have you been told by an eye doctor or other health care professional that you NOW have cataracts?,categorical,A small set of documented response categories,optional_module,5.7,[63],"[{""code"": ""7"", ""label"": ""Don’t know/Not Sure""}, {""code"": ""BLANK"", ""label"": ""Not asked or Missing""}]",Not asked or Missing,contemporaneous,none,,include,,0.9928139332896522,0.9928048345660502,9.098723601996817e-06,5,"[{""value"": ""<MISSING>"", ""count"": 325777, ""fraction"": 0.9928139332896522}, {""value"": ""3"", ""count"": 1454, ""fraction"": 0.00443110305209746}, {""value"": ""1"", ""count"": 482, ""fraction"": 0.0014689076142441373}, {""value"": ""2"", ""count"": 413, ""fraction"": 0.001258628308470599}, {""value"": ""7"", ""count"": 9, ""fraction"": 2.7427735535678914e-05}]","[{""value"": ""<MISSING>"", ""count"": 108592, ""fraction"": 0.9928048345660502}, {""value"": ""3.0"", ""count"": 467, ""fraction"": 0.004269558141873669}, {""value"": ""1.0"", ""count"": 175, ""fraction"": 0.0015999414878541585}, {""value"": ""2.0"", ""count"": 143, ""fraction"": 0.001307380758646541}, {""value"": ""7.0"", ""count"": 2, ""fraction"": 1.8285045575476097e-05}]",1.0,7.0,
135,VIGLUMA2,Hlth care pro EVER said have glaucoma,Have you EVER been told by an eye doctor or other health care professional that you had glaucoma?,binary,Two documented substantive responses,optional_module,5.8,[63],"[{""code"": ""7"", ""label"": ""Don’t know/Not Sure""}, {""code"": ""BLANK"", ""label"": ""Not asked or Missing""}]",Not asked or Missing,contemporaneous,none,,include,,0.9928139332896522,0.9928048345660502,9.098723601996817e-06,4,"[{""value"": ""<MISSING>"", ""count"": 325777, ""fraction"": 0.9928139332896522}, {""value"": ""2"", ""count"": 2193, ""fraction"": 0.006683224892193761}, {""value"": ""1"", ""count"": 155, ""fraction"": 0.0004723665564478035}, {""value"": ""7"", ""count"": 10, ""fraction"": 3.04752617063099e-05}]","[{""value"": ""<MISSING>"", ""count"": 108592, ""fraction"": 0.9928048345660502}, {""value"": ""2.0"", ""count"": 738, ""fraction"": 0.00674718181735068}, {""value"": ""1.0"", ""count"": 48, ""fraction"": 0.00043884109381142633}, {""value"": ""7.0"", ""count"": 1, ""fraction"": 9.142522787738048e-06}]",1.0,7.0,
136,VIMACDG2,Hlth care pro EVER said have macular degeneration,Have you EVER been told by an eye doctor or other health care professional that you had age-related macular degeneration?,binary,Two documented substantive responses,optional_module,5.9,[64],"[{""code"": ""7"", ""label"": ""Don’t know/Not Sure""}, {""code"": ""BLANK"", ""label"": ""Not asked or Missing""}]",Not asked or Missing,contemporaneous,none,,include,,0.992823075868164,0.9928048345660502,1.8241302113808366e-05,4,"[{""value"": ""<MISSING>"", ""count"": 325780, ""fraction"": 0.992823075868164}, {""value"": ""2"", ""count"": 2192, ""fraction"": 0.006680177366023131}, {""value"": ""1"", ""count"": 136, ""fraction"": 0.0004144635592058147}, {""value"": ""7"", ""count"": 27, ""fraction"": 8.228320660703673e-05}]","[{""value"": ""<MISSING>"", ""count"": 108592, ""fraction"": 0.9928048345660502}, {""value"": ""2.0"", ""count"": 731, ""fraction"": 0.006683184157836514}, {""value"": ""1.0"", ""count"": 48, ""fraction"": 0.00043884109381142633}, {""value"": ""7.0"", ""count"": 8, ""fraction"": 7.314018230190439e-05}]",1.0,7.0,
137,CIMEMLOS,Have you experienced confusion or memory loss that is happening more often or is getting worse?,"During the past 12 months, have you experienced confusion or memory loss that is happening more often or is getting worse?",categorical,A small set of documented response categories,optional_module,6.1,[64],"[{""code"": ""7"", ""label"": ""Don’t know/Not sure""}, {""code"": ""BLANK"", ""label"": ""Not asked or Missing""}]",Not asked or Missing,contemporaneous,none,,include,,0.7359562375241897,0.7361376498230922,0.00018141229890245025,5,"[{""value"": ""<MISSING>"", ""count"": 241493, ""fraction"": 0.7359562375241897}, {""value"": ""2"", ""count"": 76839, ""fraction"": 0.23416886342511467}, {""value"": ""1"", ""count"": 9050, ""fraction"": 0.027580111844210463}, {""value"": ""7"", ""count"": 614, ""fraction"": 0.0018711810687674281}, {""value"": ""9"", ""count"": 139, ""fraction"": 0.00042360613771770766}]","[{""value"": ""<MISSING>"", ""count"": 80518, ""fraction"": 0.7361376498230922}, {""value"": ""2.0"", ""count"": 25553, ""fraction"": 0.23361888479507034}, {""value"": ""1.0"", ""count"": 3063, ""fraction"": 0.028003547298841643}, {""value"": ""7.0"", ""count"": 203, ""fraction"": 0.001855932125910824}, {""value"": ""9.0"", ""count"": 42, ""fraction"": 0.00038398595708499805}]",1.0,9.0,
138,CDHOUSE,Given up day-to-day chores due to confusion or memory loss,"During the past 12 months, as a result of confusion or memory loss, how often have you given up day-to-day household activities or chores you used to do, such as cooking, cleaning, taking medications, driving, or paying bills?",ordinal,The documented responses have a natural order,optional_module,6.2,[65],"[{""code"": ""7"", ""label"": ""Don’t know/Not sure""}, {""code"": ""9"", ""label"": ""Refused""}, {""code"": ""BLANK"", ""label"": ""Not asked or Missing""}]",Not asked or Missing,contemporaneous,none,,include,,0.9705669922440459,0.9701405205752476,0.00042647166879827836,8,"[{""value"": ""<MISSING>"", ""count"": 318477, ""fraction"": 0.9705669922440459}, {""value"": ""5"", ""count"": 4566, ""fraction"": 0.013915004495101102}, {""value"": ""3"", ""count"": 2295, ""fraction"": 0.006994072561598123}, {""value"": ""4"", ""count"": 1308, ""fraction"": 0.003986164231185335}, {""value"": ""1"", ""count"": 667, ""fraction"": 0.0020326999558108703}, {""value"": ""2"", ""count"": 597, ""fraction"": 0.0018193731238667012}, {""value"": ""7"", ""count"": 191, ""fraction"": 0.0005820774985905191}, {""value"": ""9"", ""count"": 34, ""fraction"": 0.00010361588980145367}]","[{""value"": ""<MISSING>"", ""count"": 106113, ""fraction"": 0.9701405205752476}, {""value"": ""5.0"", ""count"": 1524, ""fraction"": 0.013933204728512786}, {""value"": ""3.0"", ""count"": 792, ""fraction"": 0.007240878047888534}, {""value"": ""4.0"", ""count"": 454, ""fraction"": 0.004150705345633074}, {""value"": ""1.0"", ""count"": 223, ""fraction"": 0.002038782581665585}, {""value"": ""2.0"", ""count"": 211, ""fraction"": 0.0019290723082127281}, {""value"": ""7.0"", ""count"": 50, ""fraction"": 0.00045712613938690244}, {""value"": ""9.0"", ""count"": 12, ""fraction"": 0.00010971027345285658}]",1.0,9.0,
139,CDASSIST,Need assistance with day-to_day activities due to confusion or memory loss,"As a result of confusion or memory loss, how often do you need assistance with these day-to-day activities?",ordinal,The documented responses have a natural order,optional_module,6.3,[65],"[{""code"": ""BLANK"", ""label"": ""Not asked or Missing""}]",Not asked or Missing,contemporaneous,none,,include,,0.9706035625580934,0.9701496630980353,0.0004538994600581381,8,"[{""value"": ""<MISSING>"", ""count"": 318489, ""fraction"": 0.9706035625580934}, {""value"": ""5"", ""count"": 5007, ""fraction"": 0.015258963536349368}, {""value"": ""3"", ""count"": 2029, ""fraction"": 0.006183430600210279}, {""value"": ""4"", ""count"": 1440, ""fraction"": 0.004388437685708626}, {""value"": ""1"", ""count"": 576, ""fraction"": 0.0017553750742834505}, {""value"": ""2"", ""count"": 481, ""fraction"": 0.0014658600880735064}, {""value"": ""7"", ""count"": 90, ""fraction"": 0.00027427735535678915}, {""value"": ""9"", ""count"": 23, ""fraction"": 7.009310192451278e-05}]","[{""value"": ""<MISSING>"", ""count"": 106114, ""fraction"": 0.9701496630980353}, {""value"": ""5.0"", ""count"": 1644, ""fraction"": 0.015030307463041351}, {""value"": ""3.0"", ""count"": 708, ""fraction"": 0.0064729061337185385}, {""value"": ""4.0"", ""count"": 491, ""fraction"": 0.004488978688779382}, {""value"": ""1.0"", ""count"": 208, ""fraction"": 0.001901644739849514}, {""value"": ""2.0"", ""count"": 171, ""fraction"": 0.0015633713967032063}, {""value"": ""7.0"", ""count"": 39, ""fraction"": 0.0003565583887217839}, {""value"": ""9.0"", ""count"": 4, ""fraction"": 3.6570091150952194e-05}]",1.0,9.0,
140,CDHELP,When you need help with day-to-day activities are you able to get it,"When you need help with these day-to-day activities, how often are you able to get the help that you need?",ordinal,The documented responses have a natural order,optional_module,6.4,[66],"[{""code"": ""7"", ""label"": ""Don’t know/Not sure""}, {""code"": ""9"", ""label"": ""Refused""}, {""code"": ""BLANK"", ""label"": ""Not asked or Missing""}]",Not asked or Missing,contemporaneous,none,,include,,0.990601429289774,0.9900712202525165,0.0005302090372575341,8,"[{""value"": ""<MISSING>"", ""count"": 325051, ""fraction"": 0.990601429289774}, {""value"": ""1"", ""count"": 1255, ""fraction"": 0.0038246453441418927}, {""value"": ""3"", ""count"": 775, ""fraction"": 0.0023618327822390174}, {""value"": ""2"", ""count"": 628, ""fraction"": 0.0019138464351562618}, {""value"": ""4"", ""count"": 217, ""fraction"": 0.0006613131790269249}, {""value"": ""5"", ""count"": 185, ""fraction"": 0.0005637923415667333}, {""value"": ""7"", ""count"": 22, ""fraction"": 6.704557575388179e-05}, {""value"": ""9"", ""count"": 2, ""fraction"": 6.095052341261981e-06}]","[{""value"": ""<MISSING>"", ""count"": 108293, ""fraction"": 0.9900712202525165}, {""value"": ""1.0"", ""count"": 467, ""fraction"": 0.004269558141873669}, {""value"": ""3.0"", ""count"": 228, ""fraction"": 0.002084495195604275}, {""value"": ""2.0"", ""count"": 227, ""fraction"": 0.002075352672816537}, {""value"": ""4.0"", ""count"": 86, ""fraction"": 0.0007862569597454722}, {""value"": ""5.0"", ""count"": 69, ""fraction"": 0.0006308340723539253}, {""value"": ""7.0"", ""count"": 9, ""fraction"": 8.228270508964243e-05}]",1.0,9.0,
141,CDSOCIAL,Does confusion or memory loss interfere with work or social activities,"During the past 12 months, how often has confusion or memory loss interfered with your ability to work, volunteer, or engage in social activities outside the home?",ordinal,The documented responses have a natural order,optional_module,6.5,[66],"[{""code"": ""7"", ""label"": ""Don’t know/Not sure""}, {""code"": ""9"", ""label"": ""Refused""}, {""code"": ""BLANK"", ""label"": ""Not asked or Missing""}]",Not asked or Missing,contemporaneous,none,,include,,0.9706523229768236,0.9702045182347617,0.0004478047420618525,8,"[{""value"": ""<MISSING>"", ""count"": 318505, ""fraction"": 0.9706523229768236}, {""value"": ""5"", ""count"": 4867, ""fraction"": 0.01483230987246103}, {""value"": ""3"", ""count"": 1759, ""fraction"": 0.005360598534139912}, {""value"": ""4"", ""count"": 1396, ""fraction"": 0.004254346534200862}, {""value"": ""1"", ""count"": 889, ""fraction"": 0.00270925076569095}, {""value"": ""2"", ""count"": 531, ""fraction"": 0.0016182363966050558}, {""value"": ""7"", ""count"": 160, ""fraction"": 0.0004876041873009584}, {""value"": ""9"", ""count"": 28, ""fraction"": 8.533073277766773e-05}]","[{""value"": ""<MISSING>"", ""count"": 106120, ""fraction"": 0.9702045182347617}, {""value"": ""5.0"", ""count"": 1611, ""fraction"": 0.014728604211045996}, {""value"": ""3.0"", ""count"": 611, ""fraction"": 0.005586081423307947}, {""value"": ""4.0"", ""count"": 478, ""fraction"": 0.0043701258925387875}, {""value"": ""1.0"", ""count"": 323, ""fraction"": 0.0029530348604393897}, {""value"": ""2.0"", ""count"": 182, ""fraction"": 0.001663939147368325}, {""value"": ""7.0"", ""count"": 48, ""fraction"": 0.00043884109381142633}, {""value"": ""9.0"", ""count"": 6, ""fraction"": 5.485513672642829e-05}]",1.0,9.0,
142,CDDISCUS,Have you discussed your confusion or memory loss with a health care professional?,Have you or anyone else discussed your confusion or memory loss with a health care professional?,binary,Two documented substantive responses,optional_module,6.6,[67],"[{""code"": ""7"", ""label"": ""Don’t know/Not Sure""}, {""code"": ""9"", ""label"": ""Refused""}, {""code"": ""BLANK"", ""label"": ""Not asked or Missing""}]",Not asked or Missing,contemporaneous,none,,include,,0.9706827982385299,0.9702593733714882,0.0004234248670417218,5,"[{""value"": ""<MISSING>"", ""count"": 318515, ""fraction"": 0.9706827982385299}, {""value"": ""2"", ""count"": 5266, ""fraction"": 0.016048272814542793}, {""value"": ""1"", ""count"": 4266, ""fraction"": 0.013000746643911805}, {""value"": ""7"", ""count"": 75, ""fraction"": 0.00022856446279732428}, {""value"": ""9"", ""count"": 13, ""fraction"": 3.961784021820287e-05}]","[{""value"": ""<MISSING>"", ""count"": 106126, ""fraction"": 0.9702593733714882}, {""value"": ""2.0"", ""count"": 1795, ""fraction"": 0.016410828403989795}, {""value"": ""1.0"", ""count"": 1438, ""fraction"": 0.013146947768767313}, {""value"": ""7.0"", ""count"": 16, ""fraction"": 0.00014628036460380878}, {""value"": ""9.0"", ""count"": 4, ""fraction"": 3.6570091150952194e-05}]",1.0,9.0,
143,WTCHSALT,Watching Sodium or Salt Intake,Are you currently watching or reducing your sodium or salt intake?,categorical,A small set of documented response categories,optional_module,7.1,[67],"[{""code"": ""BLANK"", ""label"": ""Not asked or Missing""}]",Not asked or Missing,contemporaneous,none,,include,,0.906693891233791,0.9059874381736897,0.0007064530601013086,5,"[{""value"": ""<MISSING>"", ""count"": 297518, ""fraction"": 0.906693891233791}, {""value"": ""1"", ""count"": 18840, ""fraction"": 0.05741539305468786}, {""value"": ""2"", ""count"": 11617, ""fraction"": 0.03540311152422022}, {""value"": ""7"", ""count"": 110, ""fraction"": 0.0003352278787694089}, {""value"": ""9"", ""count"": 50, ""fraction"": 0.0001523763085315495}]","[{""value"": ""<MISSING>"", ""count"": 99096, ""fraction"": 0.9059874381736897}, {""value"": ""1.0"", ""count"": 6376, ""fraction"": 0.0582927252946178}, {""value"": ""2.0"", ""count"": 3851, ""fraction"": 0.03520785525557923}, {""value"": ""7.0"", ""count"": 43, ""fraction"": 0.0003931284798727361}, {""value"": ""9.0"", ""count"": 13, ""fraction"": 0.00011885279624059462}]",1.0,9.0,
144,LONGWTCH,How Long Watching Salt/Sodium Intake,"How many days, weeks, months, or years have you been watching or reducing your sodium or salt intake?",count,"The variable records a number, duration, or frequency",optional_module,7.2,[68],"[{""code"": ""777"", ""label"": ""Don’t know/Not Sure""}, {""code"": ""999"", ""label"": ""Refused""}, {""code"": ""BLANK"", ""label"": ""Not asked or Missing""}]",Not asked or Missing,contemporaneous,none,,include,,0.9425998445761653,0.9417255597509577,0.0008742848252075719,137,"[{""value"": ""<MISSING>"", ""count"": 309300, ""fraction"": 0.9425998445761653}, {""value"": ""555"", ""count"": 2148, ""fraction"": 0.006546086214515367}, {""value"": ""410"", ""count"": 2038, ""fraction"": 0.0062108583357459585}, {""value"": ""405"", ""count"": 1871, ""fraction"": 0.005701921465250583}, {""value"": ""402"", ""count"": 1598, ""fraction"": 0.004869946820668322}, {""value"": ""401"", ""count"": 1419, ""fraction"": 0.004324439636125375}, {""value"": ""420"", ""count"": 1176, ""fraction"": 0.0035838907766620447}, {""value"": ""403"", ""count"": 1068, ""fraction"": 0.0032547579502338977}, {""value"": ""777"", ""count"": 1022, ""fraction"": 0.003114571746384872}, {""value"": ""415"", ""count"": 680, ""fraction"": 0.0020723177960290736}]","[{""value"": ""<MISSING>"", ""count"": 103005, ""fraction"": 0.9417255597509577}, {""value"": ""555.0"", ""count"": 723, ""fraction"": 0.006610043975534609}, {""value"": ""410.0"", ""count"": 708, ""fraction"": 0.0064729061337185385}, {""value"": ""405.0"", ""count"": 615, ""fraction"": 0.0056226515144589}, {""value"": ""402.0"", ""count"": 552, ""fraction"": 0.005046672578831402}, {""value"": ""401.0"", ""count"": 460, ""fraction"": 0.004205560482359502}, {""value"": ""403.0"", ""count"": 395, ""fraction"": 0.003611296501156529}, {""value"": ""420.0"", ""count"": 386, ""fraction"": 0.0035290137960668866}, {""value"": ""777.0"", ""count"": 348, ""fraction"": 0.003181597930132841}, {""value"": ""415.0"", ""count"": 210, ""fraction"": 0.0019199297854249901}]",101.0,999.0,
145,DRADVISE,Doctor Advised Reduced Sodium/Salt Intake,Has a doctor or other health professional ever advised you to reduce sodium or salt intake?,binary,Two documented substantive responses,optional_module,7.3,[68],"[{""code"": ""7"", ""label"": ""Don’t know/Not Sure""}, {""code"": ""9"", ""label"": ""Refused""}, {""code"": ""BLANK"", ""label"": ""Not asked or Missing""}]",Not asked or Missing,contemporaneous,none,,include,,0.9067700793880568,0.9060880059243548,0.000682073463701971,5,"[{""value"": ""<MISSING>"", ""count"": 297543, ""fraction"": 0.9067700793880568}, {""value"": ""2"", ""count"": 21144, ""fraction"": 0.06443689335182166}, {""value"": ""1"", ""count"": 9266, ""fraction"": 0.028238377497066754}, {""value"": ""7"", ""count"": 154, ""fraction"": 0.00046931903027717253}, {""value"": ""9"", ""count"": 28, ""fraction"": 8.533073277766773e-05}]","[{""value"": ""<MISSING>"", ""count"": 99107, ""fraction"": 0.9060880059243548}, {""value"": ""2.0"", ""count"": 7075, ""fraction"": 0.06468334872324669}, {""value"": ""1.0"", ""count"": 3126, ""fraction"": 0.02857952623446914}, {""value"": ""7.0"", ""count"": 62, ""fraction"": 0.000566836412839759}, {""value"": ""9.0"", ""count"": 9, ""fraction"": 8.228270508964243e-05}]",1.0,9.0,
146,ASTHMAGE,Age at Asthma Diagnosis,"How old were you when you were first told by a doctor, nurse or other health professional that you had asthma?",count,"The variable records a number, duration, or frequency",optional_module,8.1,[68],"[{""code"": ""98"", ""label"": ""Don’t know/Not sure""}, {""code"": ""99"", ""label"": ""Refused""}, {""code"": ""BLANK"", ""label"": ""Not asked or Missing""}]",Not asked or Missing,contemporaneous,none,,include,,0.9976198820607372,0.9978789347132447,0.00025905265250758536,73,"[{""value"": ""<MISSING>"", ""count"": 327354, ""fraction"": 0.9976198820607372}, {""value"": ""97"", ""count"": 268, ""fraction"": 0.0008167370137291054}, {""value"": ""98"", ""count"": 64, ""fraction"": 0.00019504167492038338}, {""value"": ""30"", ""count"": 26, ""fraction"": 7.923568043640574e-05}, {""value"": ""40"", ""count"": 26, ""fraction"": 7.923568043640574e-05}, {""value"": ""12"", ""count"": 25, ""fraction"": 7.618815426577475e-05}, {""value"": ""50"", ""count"": 21, ""fraction"": 6.39980495832508e-05}, {""value"": ""25"", ""count"": 17, ""fraction"": 5.1807944900726836e-05}, {""value"": ""35"", ""count"": 17, ""fraction"": 5.1807944900726836e-05}, {""value"": ""45"", ""count"": 14, ""fraction"": 4.266536638883386e-05}]","[{""value"": ""<MISSING>"", ""count"": 109147, ""fraction"": 0.9978789347132447}, {""value"": ""97.0"", ""count"": 76, ""fraction"": 0.0006948317318680917}, {""value"": ""98.0"", ""count"": 22, ""fraction"": 0.00020113550133023705}, {""value"": ""40.0"", ""count"": 11, ""fraction"": 0.00010056775066511853}, {""value"": ""30.0"", ""count"": 9, ""fraction"": 8.228270508964243e-05}, {""value"": ""50.0"", ""count"": 9, ""fraction"": 8.228270508964243e-05}, {""value"": ""20.0"", ""count"": 7, ""fraction"": 6.399765951416633e-05}, {""value"": ""35.0"", ""count"": 7, ""fraction"": 6.399765951416633e-05}, {""value"": ""26.0"", ""count"": 6, ""fraction"": 5.485513672642829e-05}, {""value"": ""18.0"", ""count"": 5, ""fraction"": 4.571261393869024e-05}]",11.0,99.0,
147,ASATTACK,Asthma During Past 12 Months,"During the past 12 months, have you had an episode of asthma or an asthma attack?",categorical,A small set of documented response categories,optional_module,8.2,[69],"[{""code"": ""BLANK"", ""label"": ""Not asked or Missing""}]",Not asked or Missing,contemporaneous,none,,include,,0.9985067121763909,0.9986469066274147,0.0001401944510238673,4,"[{""value"": ""<MISSING>"", ""count"": 327645, ""fraction"": 0.9985067121763909}, {""value"": ""2"", ""count"": 253, ""fraction"": 0.0007710241211696405}, {""value"": ""1"", ""count"": 228, ""fraction"": 0.0006948359669038658}, {""value"": ""7"", ""count"": 9, ""fraction"": 2.7427735535678914e-05}]","[{""value"": ""<MISSING>"", ""count"": 109231, ""fraction"": 0.9986469066274147}, {""value"": ""1.0"", ""count"": 79, ""fraction"": 0.0007222593002313058}, {""value"": ""2.0"", ""count"": 67, ""fraction"": 0.0006125490267784492}, {""value"": ""7.0"", ""count"": 2, ""fraction"": 1.8285045575476097e-05}]",1.0,7.0,
148,ASERVIST,Emergency Asthma Care During Past 12 Months,"During the past 12 months, how many times did you visit an emergency room or urgent care center because of your asthma?",count,"The variable records a number, duration, or frequency",optional_module,8.3,[69],"[{""code"": ""98"", ""label"": ""Don’t know/Not sure""}, {""code"": ""BLANK"", ""label"": ""Not asked or Missing""}]",Not asked or Missing,contemporaneous,none,,include,,0.9993051640330961,0.9992777406997687,2.7423333327392108e-05,9,"[{""value"": ""<MISSING>"", ""count"": 327907, ""fraction"": 0.9993051640330961}, {""value"": ""88"", ""count"": 150, ""fraction"": 0.00045712892559464857}, {""value"": ""1"", ""count"": 32, ""fraction"": 9.752083746019169e-05}, {""value"": ""2"", ""count"": 25, ""fraction"": 7.618815426577475e-05}, {""value"": ""3"", ""count"": 8, ""fraction"": 2.4380209365047923e-05}, {""value"": ""4"", ""count"": 7, ""fraction"": 2.133268319441693e-05}, {""value"": ""98"", ""count"": 4, ""fraction"": 1.2190104682523961e-05}, {""value"": ""25"", ""count"": 1, ""fraction"": 3.0475261706309903e-06}, {""value"": ""87"", ""count"": 1, ""fraction"": 3.0475261706309903e-06}]","[{""value"": ""<MISSING>"", ""count"": 109300, ""fraction"": 0.9992777406997687}, {""value"": ""88.0"", ""count"": 51, ""fraction"": 0.00046626866217464047}, {""value"": ""1.0"", ""count"": 15, ""fraction"": 0.00013713784181607072}, {""value"": ""2.0"", ""count"": 4, ""fraction"": 3.6570091150952194e-05}, {""value"": ""3.0"", ""count"": 4, ""fraction"": 3.6570091150952194e-05}, {""value"": ""4.0"", ""count"": 2, ""fraction"": 1.8285045575476097e-05}, {""value"": ""18.0"", ""count"": 1, ""fraction"": 9.142522787738048e-06}, {""value"": ""6.0"", ""count"": 1, ""fraction"": 9.142522787738048e-06}, {""value"": ""7.0"", ""count"": 1, ""fraction"": 9.142522787738048e-06}]",1.0,98.0,
149,ASDRVIST,Urgent Asthma Treatment During Past 12 Months,"During the past 12 months, how many times did you see a doctor, nurse or other health professional for urgent treatment of worsening asthma symptoms?",count,"The variable records a number, duration, or frequency",optional_module,8.4,[69],"[{""code"": ""98"", ""label"": ""Don’t know/Not sure""}, {""code"": ""BLANK"", ""label"": ""Not asked or Missing""}]",Not asked or Missing,contemporaneous,none,,include,,0.9993051640330961,0.9992868832225564,1.8280810539672565e-05,12,"[{""value"": ""<MISSING>"", ""count"": 327907, ""fraction"": 0.9993051640330961}, {""value"": ""88"", ""count"": 130, ""fraction"": 0.00039617840218202874}, {""value"": ""1"", ""count"": 31, ""fraction"": 9.44733112895607e-05}, {""value"": ""2"", ""count"": 26, ""fraction"": 7.923568043640574e-05}, {""value"": ""3"", ""count"": 18, ""fraction"": 5.485547107135783e-05}, {""value"": ""4"", ""count"": 7, ""fraction"": 2.133268319441693e-05}, {""value"": ""98"", ""count"": 6, ""fraction"": 1.828515702378594e-05}, {""value"": ""6"", ""count"": 4, ""fraction"": 1.2190104682523961e-05}, {""value"": ""5"", ""count"": 3, ""fraction"": 9.14257851189297e-06}, {""value"": ""30"", ""count"": 1, ""fraction"": 3.0475261706309903e-06}]","[{""value"": ""<MISSING>"", ""count"": 109301, ""fraction"": 0.9992868832225564}, {""value"": ""88.0"", ""count"": 47, ""fraction"": 0.0004296985710236883}, {""value"": ""2.0"", ""count"": 9, ""fraction"": 8.228270508964243e-05}, {""value"": ""1.0"", ""count"": 8, ""fraction"": 7.314018230190439e-05}, {""value"": ""4.0"", ""count"": 5, ""fraction"": 4.571261393869024e-05}, {""value"": ""3.0"", ""count"": 4, ""fraction"": 3.6570091150952194e-05}, {""value"": ""98.0"", ""count"": 2, ""fraction"": 1.8285045575476097e-05}, {""value"": ""5.0"", ""count"": 2, ""fraction"": 1.8285045575476097e-05}, {""value"": ""6.0"", ""count"": 1, ""fraction"": 9.142522787738048e-06}]",1.0,98.0,
150,ASRCHKUP,Routine Asthma Care During Past 12 Months,"During the past 12 months, how many times did you see a doctor, nurse, or other health professional for a routine checkup for your asthma?",count,"The variable records a number, duration, or frequency",optional_module,8.5,[70],"[{""code"": ""98"", ""label"": ""Don’t know/Not sure""}, {""code"": ""99"", ""label"": ""Refused""}, {""code"": ""BLANK"", ""label"": ""Not asked or Missing""}]",Not asked or Missing,contemporaneous,none,,include,,0.9985158547549027,0.9986560491502025,0.0001401943952997753,19,"[{""value"": ""<MISSING>"", ""count"": 327648, ""fraction"": 0.9985158547549027}, {""value"": ""88"", ""count"": 179, ""fraction"": 0.0005455071845429473}, {""value"": ""1"", ""count"": 121, ""fraction"": 0.0003687506666463498}, {""value"": ""2"", ""count"": 74, ""fraction"": 0.0002255169366266933}, {""value"": ""4"", ""count"": 35, ""fraction"": 0.00010666341597208466}, {""value"": ""3"", ""count"": 29, ""fraction"": 8.837825894829872e-05}, {""value"": ""12"", ""count"": 10, ""fraction"": 3.04752617063099e-05}, {""value"": ""98"", ""count"": 10, ""fraction"": 3.04752617063099e-05}, {""value"": ""5"", ""count"": 9, ""fraction"": 2.7427735535678914e-05}, {""value"": ""6"", ""count"": 7, ""fraction"": 2.133268319441693e-05}]","[{""value"": ""<MISSING>"", ""count"": 109232, ""fraction"": 0.9986560491502025}, {""value"": ""1.0"", ""count"": 43, ""fraction"": 0.0003931284798727361}, {""value"": ""88.0"", ""count"": 38, ""fraction"": 0.00034741586593404583}, {""value"": ""2.0"", ""count"": 33, ""fraction"": 0.0003017032519953556}, {""value"": ""4.0"", ""count"": 9, ""fraction"": 8.228270508964243e-05}, {""value"": ""3.0"", ""count"": 7, ""fraction"": 6.399765951416633e-05}, {""value"": ""6.0"", ""count"": 6, ""fraction"": 5.485513672642829e-05}, {""value"": ""98.0"", ""count"": 4, ""fraction"": 3.6570091150952194e-05}, {""value"": ""12.0"", ""count"": 2, ""fraction"": 1.8285045575476097e-05}, {""value"": ""5.0"", ""count"": 2, ""fraction"": 1.8285045575476097e-05}]",1.0,99.0,
151,ASACTLIM,Activities Limited Because of Asthma During Past 12 Months,"During the past 12 months, how many days were you unable to work or carry out your usual activities because of your asthma?",ordinal,The documented responses have a natural order,optional_module,8.6,[70],"[{""code"": ""777"", ""label"": ""Don’t know/Not sure""}, {""code"": ""999"", ""label"": ""Refused""}, {""code"": ""BLANK"", ""label"": ""Not asked or Missing""}]",Not asked or Missing,contemporaneous,none,,include,,0.9985158547549027,0.9986560491502025,0.0001401943952997753,26,"[{""value"": ""<MISSING>"", ""count"": 327648, ""fraction"": 0.9985158547549027}, {""value"": ""888"", ""count"": 344, ""fraction"": 0.0010483490026970607}, {""value"": ""777"", ""count"": 27, ""fraction"": 8.228320660703673e-05}, {""value"": ""1"", ""count"": 20, ""fraction"": 6.09505234126198e-05}, {""value"": ""2"", ""count"": 17, ""fraction"": 5.1807944900726836e-05}, {""value"": ""3"", ""count"": 11, ""fraction"": 3.3522787876940896e-05}, {""value"": ""10"", ""count"": 7, ""fraction"": 2.133268319441693e-05}, {""value"": ""30"", ""count"": 6, ""fraction"": 1.828515702378594e-05}, {""value"": ""4"", ""count"": 6, ""fraction"": 1.828515702378594e-05}, {""value"": ""7"", ""count"": 6, ""fraction"": 1.828515702378594e-05}]","[{""value"": ""<MISSING>"", ""count"": 109232, ""fraction"": 0.9986560491502025}, {""value"": ""888.0"", ""count"": 103, ""fraction"": 0.000941679847137019}, {""value"": ""777.0"", ""count"": 12, ""fraction"": 0.00010971027345285658}, {""value"": ""2.0"", ""count"": 6, ""fraction"": 5.485513672642829e-05}, {""value"": ""5.0"", ""count"": 5, ""fraction"": 4.571261393869024e-05}, {""value"": ""4.0"", ""count"": 4, ""fraction"": 3.6570091150952194e-05}, {""value"": ""3.0"", ""count"": 4, ""fraction"": 3.6570091150952194e-05}, {""value"": ""1.0"", ""count"": 3, ""fraction"": 2.7427568363214145e-05}, {""value"": ""999.0"", ""count"": 3, ""fraction"": 2.7427568363214145e-05}, {""value"": ""10.0"", ""count"": 2, ""fraction"": 1.8285045575476097e-05}]",1.0,999.0,
152,ASYMPTOM,Asthma Symptoms During Past 30 Days,"Symptoms of asthma include cough, wheezing, shortness of breath, chest tightness and phlegm production when you don´t have a cold or respiratory infection. During the past 30 days, how often did you have any symptoms of asthma?",ordinal,The documented responses have a natural order,optional_module,8.7,[71],"[{""code"": ""7"", ""label"": ""Don’t know/Not sure""}, {""code"": ""9"", ""label"": ""Refused""}, {""code"": ""BLANK"", ""label"": ""Not asked or Missing""}]",Not asked or Missing,contemporaneous,none,,include,,0.9985189022810733,0.998674334195778,0.00015543191470468454,9,"[{""value"": ""<MISSING>"", ""count"": 327649, ""fraction"": 0.9985189022810733}, {""value"": ""8"", ""count"": 144, ""fraction"": 0.0004388437685708626}, {""value"": ""2"", ""count"": 109, ""fraction"": 0.00033218035259877793}, {""value"": ""1"", ""count"": 90, ""fraction"": 0.00027427735535678915}, {""value"": ""4"", ""count"": 53, ""fraction"": 0.00016151888704344248}, {""value"": ""3"", ""count"": 48, ""fraction"": 0.00014628125619028752}, {""value"": ""5"", ""count"": 26, ""fraction"": 7.923568043640574e-05}, {""value"": ""7"", ""count"": 14, ""fraction"": 4.266536638883386e-05}, {""value"": ""9"", ""count"": 2, ""fraction"": 6.095052341261981e-06}]","[{""value"": ""<MISSING>"", ""count"": 109234, ""fraction"": 0.998674334195778}, {""value"": ""8.0"", ""count"": 38, ""fraction"": 0.00034741586593404583}, {""value"": ""2.0"", ""count"": 25, ""fraction"": 0.00022856306969345122}, {""value"": ""1.0"", ""count"": 24, ""fraction"": 0.00021942054690571316}, {""value"": ""3.0"", ""count"": 22, ""fraction"": 0.00020113550133023705}, {""value"": ""4.0"", ""count"": 18, ""fraction"": 0.00016456541017928486}, {""value"": ""7.0"", ""count"": 10, ""fraction"": 9.142522787738048e-05}, {""value"": ""5.0"", ""count"": 7, ""fraction"": 6.399765951416633e-05}, {""value"": ""9.0"", ""count"": 1, ""fraction"": 9.142522787738048e-06}]",1.0,9.0,
153,ASNOSLEP,Sleep Difficulty Because of Asthma During Past 30 Days,"During the past 30 days, how many days did symptoms of asthma make it difficult for you to stay asleep? Would you say—",ordinal,The documented responses have a natural order,optional_module,8.8,[71],"[{""code"": ""7"", ""label"": ""Don’t know/Not sure""}, {""code"": ""BLANK"", ""label"": ""Not asked or Missing""}]",Not asked or Missing,contemporaneous,none,,include,,0.9989577460496442,0.9990308925844997,7.314653485557265e-05,8,"[{""value"": ""<MISSING>"", ""count"": 327793, ""fraction"": 0.9989577460496442}, {""value"": ""8"", ""count"": 163, ""fraction"": 0.0004967467658128515}, {""value"": ""1"", ""count"": 57, ""fraction"": 0.00017370899172596644}, {""value"": ""2"", ""count"": 38, ""fraction"": 0.00011580599448397764}, {""value"": ""5"", ""count"": 33, ""fraction"": 0.00010056836363082268}, {""value"": ""4"", ""count"": 25, ""fraction"": 7.618815426577475e-05}, {""value"": ""3"", ""count"": 16, ""fraction"": 4.8760418730095845e-05}, {""value"": ""7"", ""count"": 10, ""fraction"": 3.04752617063099e-05}]","[{""value"": ""<MISSING>"", ""count"": 109273, ""fraction"": 0.9990308925844997}, {""value"": ""8.0"", ""count"": 55, ""fraction"": 0.0005028387533255927}, {""value"": ""5.0"", ""count"": 15, ""fraction"": 0.00013713784181607072}, {""value"": ""1.0"", ""count"": 13, ""fraction"": 0.00011885279624059462}, {""value"": ""2.0"", ""count"": 9, ""fraction"": 8.228270508964243e-05}, {""value"": ""7.0"", ""count"": 5, ""fraction"": 4.571261393869024e-05}, {""value"": ""3.0"", ""count"": 5, ""fraction"": 4.571261393869024e-05}, {""value"": ""4.0"", ""count"": 4, ""fraction"": 3.6570091150952194e-05}]",1.0,8.0,
154,ASTHMED3,Days used prescribed preventative asthma med in past 30 days,"During the past 30 days, how many days did you take a prescription asthma medication to PREVENT an asthma attack from occurring?",count,"The variable records a number, duration, or frequency",optional_module,8.9,[72],"[{""code"": ""7"", ""label"": ""Don’t know/Not sure""}, {""code"": ""9"", ""label"": ""Refused""}, {""code"": ""BLANK"", ""label"": ""Not asked or Missing""}]",Not asked or Missing,contemporaneous,none,,include,,0.998521949807244,0.9986834767185657,0.00016152691132176322,7,"[{""value"": ""<MISSING>"", ""count"": 327650, ""fraction"": 0.998521949807244}, {""value"": ""3"", ""count"": 175, ""fraction"": 0.0005333170798604233}, {""value"": ""8"", ""count"": 171, ""fraction"": 0.0005211269751778994}, {""value"": ""1"", ""count"": 99, ""fraction"": 0.000301705090892468}, {""value"": ""2"", ""count"": 27, ""fraction"": 8.228320660703673e-05}, {""value"": ""7"", ""count"": 10, ""fraction"": 3.04752617063099e-05}, {""value"": ""9"", ""count"": 3, ""fraction"": 9.14257851189297e-06}]","[{""value"": ""<MISSING>"", ""count"": 109235, ""fraction"": 0.9986834767185657}, {""value"": ""3.0"", ""count"": 62, ""fraction"": 0.000566836412839759}, {""value"": ""8.0"", ""count"": 41, ""fraction"": 0.00037484343429725997}, {""value"": ""1.0"", ""count"": 27, ""fraction"": 0.0002468481152689273}, {""value"": ""2.0"", ""count"": 7, ""fraction"": 6.399765951416633e-05}, {""value"": ""7.0"", ""count"": 5, ""fraction"": 4.571261393869024e-05}, {""value"": ""9.0"", ""count"": 2, ""fraction"": 1.8285045575476097e-05}]",1.0,9.0,
155,ASINHALR,Times used asthma inhaler during an attack in past 30 days,"During the past 30 days, how often did you use a prescription asthma inhaler DURING AN ASTHMA ATTACK to stop it?",ordinal,The documented responses have a natural order,optional_module,8.10,[72],"[{""code"": ""7"", ""label"": ""Don’t know/Not sure""}, {""code"": ""9"", ""label"": ""Refused""}, {""code"": ""BLANK"", ""label"": ""Not asked or Missing""}]",Not asked or Missing,contemporaneous,none,,include,,0.998521949807244,0.9986834767185657,0.00016152691132176322,10,"[{""value"": ""<MISSING>"", ""count"": 327650, ""fraction"": 0.998521949807244}, {""value"": ""8"", ""count"": 232, ""fraction"": 0.0007070260715863897}, {""value"": ""1"", ""count"": 144, ""fraction"": 0.0004388437685708626}, {""value"": ""2"", ""count"": 35, ""fraction"": 0.00010666341597208466}, {""value"": ""4"", ""count"": 33, ""fraction"": 0.00010056836363082268}, {""value"": ""3"", ""count"": 20, ""fraction"": 6.09505234126198e-05}, {""value"": ""5"", ""count"": 9, ""fraction"": 2.7427735535678914e-05}, {""value"": ""7"", ""count"": 8, ""fraction"": 2.4380209365047923e-05}, {""value"": ""6"", ""count"": 3, ""fraction"": 9.14257851189297e-06}, {""value"": ""9"", ""count"": 1, ""fraction"": 3.0475261706309903e-06}]","[{""value"": ""<MISSING>"", ""count"": 109235, ""fraction"": 0.9986834767185657}, {""value"": ""8.0"", ""count"": 68, ""fraction"": 0.0006216915495661873}, {""value"": ""1.0"", ""count"": 33, ""fraction"": 0.0003017032519953556}, {""value"": ""2.0"", ""count"": 13, ""fraction"": 0.00011885279624059462}, {""value"": ""4.0"", ""count"": 12, ""fraction"": 0.00010971027345285658}, {""value"": ""3.0"", ""count"": 8, ""fraction"": 7.314018230190439e-05}, {""value"": ""9.0"", ""count"": 3, ""fraction"": 2.7427568363214145e-05}, {""value"": ""5.0"", ""count"": 3, ""fraction"": 2.7427568363214145e-05}, {""value"": ""7.0"", ""count"": 2, ""fraction"": 1.8285045575476097e-05}, {""value"": ""6.0"", ""count"": 2, ""fraction"": 1.8285045575476097e-05}]",1.0,9.0,
156,HAREHAB1,Outpatient rehab after heart attack hosp stay,"Following your heart attack, did you go to any kind of outpatient rehabilitation? This is sometimes called “rehab.”",binary,Two documented substantive responses,optional_module,9.1,[73],"[{""code"": ""7"", ""label"": ""Don’t know/Not Sure""}, {""code"": ""9"", ""label"": ""Refused""}, {""code"": ""BLANK"", ""label"": ""Not asked or Missing""}]",Not asked or Missing,post_outcome,high,The question is asked about rehabilitation following a heart attack and is skipped when CVDINFR4 is not positive.,include,Is this variable valid for competition use even though the question is asked only after a reported heart attack?,0.9976442622701023,0.9978240795765183,0.00017981730641603022,5,"[{""value"": ""<MISSING>"", ""count"": 327362, ""fraction"": 0.9976442622701023}, {""value"": ""2"", ""count"": 458, ""fraction"": 0.0013957669861489935}, {""value"": ""1"", ""count"": 300, ""fraction"": 0.0009142578511892971}, {""value"": ""7"", ""count"": 9, ""fraction"": 2.7427735535678914e-05}, {""value"": ""9"", ""count"": 6, ""fraction"": 1.828515702378594e-05}]","[{""value"": ""<MISSING>"", ""count"": 109141, ""fraction"": 0.9978240795765183}, {""value"": ""2.0"", ""count"": 134, ""fraction"": 0.0012250980535568985}, {""value"": ""1.0"", ""count"": 103, ""fraction"": 0.000941679847137019}, {""value"": ""7.0"", ""count"": 1, ""fraction"": 9.142522787738048e-06}]",1.0,9.0,
157,STREHAB1,Outpatient rehab after hosp stay for stroke,Following your stroke did you go to any kind of outpatient rehabilitation? This is sometimes called “rehab.”,binary,Two documented substantive responses,optional_module,9.2,[73],"[{""code"": ""7"", ""label"": ""Don’t know/Not Sure""}, {""code"": ""9"", ""label"": ""Refused""}, {""code"": ""BLANK"", ""label"": ""Not asked or Missing""}]",Not asked or Missing,contemporaneous,none,,include,,0.9984244289697838,0.998500626262811,7.619729302721368e-05,5,"[{""value"": ""<MISSING>"", ""count"": 327618, ""fraction"": 0.9984244289697838}, {""value"": ""2"", ""count"": 321, ""fraction"": 0.0009782559007725478}, {""value"": ""1"", ""count"": 194, ""fraction"": 0.0005912200771024121}, {""value"": ""7"", ""count"": 1, ""fraction"": 3.0475261706309903e-06}, {""value"": ""9"", ""count"": 1, ""fraction"": 3.0475261706309903e-06}]","[{""value"": ""<MISSING>"", ""count"": 109215, ""fraction"": 0.998500626262811}, {""value"": ""2.0"", ""count"": 96, ""fraction"": 0.0008776821876228527}, {""value"": ""1.0"", ""count"": 63, ""fraction"": 0.000575978935627497}, {""value"": ""7.0"", ""count"": 4, ""fraction"": 3.6570091150952194e-05}, {""value"": ""9.0"", ""count"": 1, ""fraction"": 9.142522787738048e-06}]",1.0,9.0,
158,CVDASPRN,Take Aspirin Daily or Every Other Day,Do you take aspirin daily or every other day?,binary,Two documented substantive responses,optional_module,9.3,[73],"[{""code"": ""7"", ""label"": ""Don’t know/Not sure""}, {""code"": ""9"", ""label"": ""Refused""}, {""code"": ""BLANK"", ""label"": ""Not asked or Missing""}]",Not asked or Missing,contemporaneous,possible,Aspirin advice may reflect previously identified cardiovascular risk.,include,,0.9571944474073171,0.9578895400396785,0.0006950926323614492,5,"[{""value"": ""<MISSING>"", ""count"": 314089, ""fraction"": 0.9571944474073171}, {""value"": ""2"", ""count"": 9831, ""fraction"": 0.029960229783473267}, {""value"": ""1"", ""count"": 4194, ""fraction"": 0.012781324759626374}, {""value"": ""7"", ""count"": 19, ""fraction"": 5.790299724198882e-05}, {""value"": ""9"", ""count"": 2, ""fraction"": 6.095052341261981e-06}]","[{""value"": ""<MISSING>"", ""count"": 104773, ""fraction"": 0.9578895400396785}, {""value"": ""2.0"", ""count"": 3237, ""fraction"": 0.029594346263908063}, {""value"": ""1.0"", ""count"": 1362, ""fraction"": 0.012452116036899222}, {""value"": ""7.0"", ""count"": 4, ""fraction"": 3.6570091150952194e-05}, {""value"": ""9.0"", ""count"": 3, ""fraction"": 2.7427568363214145e-05}]",1.0,9.0,
159,ASPUNSAF,Health Makes Taking Aspirin Unsafe,"Do you have a health problem or condition that makes taking aspirin unsafe for you? (If ""Yes,"" ask ""Is this a stomach condition?"")",categorical,A small set of documented response categories,optional_module,9.4,[74],"[{""code"": ""BLANK"", ""label"": ""Not asked or Missing""}]",Not asked or Missing,contemporaneous,none,,include,,0.9699788196931142,0.9703416560765777,0.0003628363834635717,6,"[{""value"": ""<MISSING>"", ""count"": 318284, ""fraction"": 0.9699788196931142}, {""value"": ""3"", ""count"": 8658, ""fraction"": 0.026385481585323115}, {""value"": ""1"", ""count"": 694, ""fraction"": 0.002114983162417907}, {""value"": ""2"", ""count"": 409, ""fraction"": 0.001246438203788075}, {""value"": ""7"", ""count"": 81, ""fraction"": 0.00024684961982111023}, {""value"": ""9"", ""count"": 9, ""fraction"": 2.7427735535678914e-05}]","[{""value"": ""<MISSING>"", ""count"": 106135, ""fraction"": 0.9703416560765777}, {""value"": ""3.0"", ""count"": 2808, ""fraction"": 0.02567220398796844}, {""value"": ""1.0"", ""count"": 254, ""fraction"": 0.0023222007880854645}, {""value"": ""2.0"", ""count"": 155, ""fraction"": 0.0014170910320993975}, {""value"": ""7.0"", ""count"": 24, ""fraction"": 0.00021942054690571316}, {""value"": ""9.0"", ""count"": 3, ""fraction"": 2.7427568363214145e-05}]",1.0,9.0,
160,RLIVPAIN,Take Aspirin to Relieve Pain,Do you take aspirin to relieve pain?,binary,Two documented substantive responses,optional_module,9.5,[74],"[{""code"": ""7"", ""label"": ""Don’t know/Not Sure""}, {""code"": ""9"", ""label"": ""Refused""}, {""code"": ""BLANK"", ""label"": ""Not asked or Missing""}]",Not asked or Missing,contemporaneous,none,,include,,0.9872217227665443,0.9875478839631008,0.0003261611965564848,5,"[{""value"": ""<MISSING>"", ""count"": 323942, ""fraction"": 0.9872217227665443}, {""value"": ""2"", ""count"": 3301, ""fraction"": 0.010059883889252899}, {""value"": ""1"", ""count"": 872, ""fraction"": 0.0026574428207902234}, {""value"": ""7"", ""count"": 18, ""fraction"": 5.485547107135783e-05}, {""value"": ""9"", ""count"": 2, ""fraction"": 6.095052341261981e-06}]","[{""value"": ""<MISSING>"", ""count"": 108017, ""fraction"": 0.9875478839631008}, {""value"": ""2.0"", ""count"": 1070, ""fraction"": 0.009782499382879712}, {""value"": ""1.0"", ""count"": 285, ""fraction"": 0.0026056189945053436}, {""value"": ""7.0"", ""count"": 6, ""fraction"": 5.485513672642829e-05}, {""value"": ""9.0"", ""count"": 1, ""fraction"": 9.142522787738048e-06}]",1.0,9.0,
161,RDUCHART,Take Aspirin to Reduce Chance of Heart Attack,Do you take aspirin to reduce the chance of a heart attack?,binary,Two documented substantive responses,optional_module,9.6,[74],"[{""code"": ""7"", ""label"": ""Don’t know/Not Sure""}, {""code"": ""9"", ""label"": ""Refused""}, {""code"": ""BLANK"", ""label"": ""Not asked or Missing""}]",Not asked or Missing,contemporaneous,possible,Aspirin use to prevent heart attack may follow a cardiovascular diagnosis.,include,,0.9872186752403737,0.9875570264858885,0.0003383512455148452,4,"[{""value"": ""<MISSING>"", ""count"": 323941, ""fraction"": 0.9872186752403737}, {""value"": ""1"", ""count"": 3471, ""fraction"": 0.010577963338260167}, {""value"": ""2"", ""count"": 606, ""fraction"": 0.0018468008594023802}, {""value"": ""7"", ""count"": 117, ""fraction"": 0.00035656056196382586}]","[{""value"": ""<MISSING>"", ""count"": 108018, ""fraction"": 0.9875570264858885}, {""value"": ""1.0"", ""count"": 1135, ""fraction"": 0.010376763364082685}, {""value"": ""2.0"", ""count"": 198, ""fraction"": 0.0018102195119721336}, {""value"": ""7.0"", ""count"": 27, ""fraction"": 0.0002468481152689273}, {""value"": ""9.0"", ""count"": 1, ""fraction"": 9.142522787738048e-06}]",1.0,7.0,
162,RDUCSTRK,Take Aspirin to Reduce Chance of Stroke,Do you take aspirin to reduce the chance of a stroke?,binary,Two documented substantive responses,optional_module,9.7,[75],"[{""code"": ""7"", ""label"": ""Don’t know/Not Sure""}, {""code"": ""9"", ""label"": ""Refused""}, {""code"": ""BLANK"", ""label"": ""Not asked or Missing""}]",Not asked or Missing,contemporaneous,none,,include,,0.9872217227665443,0.9875570264858885,0.00033530371934420433,5,"[{""value"": ""<MISSING>"", ""count"": 323942, ""fraction"": 0.9872217227665443}, {""value"": ""1"", ""count"": 2782, ""fraction"": 0.008478217806695415}, {""value"": ""2"", ""count"": 1096, ""fraction"": 0.0033400886830115654}, {""value"": ""7"", ""count"": 311, ""fraction"": 0.000947780639066238}, {""value"": ""9"", ""count"": 4, ""fraction"": 1.2190104682523961e-05}]","[{""value"": ""<MISSING>"", ""count"": 108018, ""fraction"": 0.9875570264858885}, {""value"": ""1.0"", ""count"": 894, ""fraction"": 0.008173415372237815}, {""value"": ""2.0"", ""count"": 374, ""fraction"": 0.00341930352261403}, {""value"": ""7.0"", ""count"": 92, ""fraction"": 0.0008411120964719004}, {""value"": ""9.0"", ""count"": 1, ""fraction"": 9.142522787738048e-06}]",1.0,9.0,
163,ARTTODAY,What Can You Do Because of Arthritis or Joint Symptoms,"Thinking about your arthritis or joint symptoms, which of the following best describes you TODAY?",categorical,A small set of documented response categories,optional_module,10.1,[75],"[{""code"": ""7"", ""label"": ""Don´t know/Not Sure""}, {""code"": ""9"", ""label"": ""Refused""}, {""code"": ""BLANK"", ""label"": ""Not asked or Missing""}]",Not asked or Missing,contemporaneous,none,,include,,0.955551830801347,0.9559513252086781,0.0003994944073311135,7,"[{""value"": ""<MISSING>"", ""count"": 313550, ""fraction"": 0.955551830801347}, {""value"": ""2"", ""count"": 6254, ""fraction"": 0.019059228671126215}, {""value"": ""3"", ""count"": 3576, ""fraction"": 0.010897953586176422}, {""value"": ""1"", ""count"": 3318, ""fraction"": 0.010111691834153625}, {""value"": ""4"", ""count"": 1341, ""fraction"": 0.004086732594816158}, {""value"": ""7"", ""count"": 65, ""fraction"": 0.00019808920109101437}, {""value"": ""9"", ""count"": 31, ""fraction"": 9.44733112895607e-05}]","[{""value"": ""<MISSING>"", ""count"": 104561, ""fraction"": 0.9559513252086781}, {""value"": ""2.0"", ""count"": 2036, ""fraction"": 0.018614176395834667}, {""value"": ""3.0"", ""count"": 1193, ""fraction"": 0.010907029685771492}, {""value"": ""1.0"", ""count"": 1120, ""fraction"": 0.010239625522266614}, {""value"": ""4.0"", ""count"": 436, ""fraction"": 0.003986139935453789}, {""value"": ""7.0"", ""count"": 23, ""fraction"": 0.0002102780241179751}, {""value"": ""9.0"", ""count"": 10, ""fraction"": 9.142522787738048e-05}]",1.0,9.0,
164,ARTHWGT,Dr. Suggest Lose Weight for Arthritis or Joint Symptoms,Has a doctor or other health professional EVER suggested losing weight to help your arthritis or joint symptoms?,binary,Two documented substantive responses,optional_module,10.2,[75],"[{""code"": ""7"", ""label"": ""Don´t know/Not Sure""}, {""code"": ""9"", ""label"": ""Refused""}, {""code"": ""BLANK"", ""label"": ""Not asked or Missing""}]",Not asked or Missing,contemporaneous,none,,include,,0.9555823060630533,0.9559696102542535,0.00038730419120025505,5,"[{""value"": ""<MISSING>"", ""count"": 313560, ""fraction"": 0.9555823060630533}, {""value"": ""2"", ""count"": 9202, ""fraction"": 0.028043335822146374}, {""value"": ""1"", ""count"": 5264, ""fraction"": 0.016042177762201532}, {""value"": ""7"", ""count"": 84, ""fraction"": 0.0002559921983330032}, {""value"": ""9"", ""count"": 25, ""fraction"": 7.618815426577475e-05}]","[{""value"": ""<MISSING>"", ""count"": 104563, ""fraction"": 0.9559696102542535}, {""value"": ""2.0"", ""count"": 3041, ""fraction"": 0.027802411797511407}, {""value"": ""1.0"", ""count"": 1747, ""fraction"": 0.01597198731017837}, {""value"": ""7.0"", ""count"": 20, ""fraction"": 0.00018285045575476097}, {""value"": ""9.0"", ""count"": 8, ""fraction"": 7.314018230190439e-05}]",1.0,9.0,
165,ARTHEXER,Dr. Suggest Use of Physical Activity or Exercise for Arthritis or Joint Symptoms,"Has a doctor or other health professional EVER suggested physical activity or exercise to help your arthritis or joint symptoms? (If the respondent is unclear about whether this means an increase or decrease in physical activity, this means increase.)",binary,Two documented substantive responses,optional_module,10.3,[76],"[{""code"": ""7"", ""label"": ""Don´t know/Not Sure""}, {""code"": ""9"", ""label"": ""Refused""}, {""code"": ""BLANK"", ""label"": ""Not asked or Missing""}]",Not asked or Missing,contemporaneous,none,,include,,0.9555944961677358,0.9559696102542535,0.0003751140865176916,5,"[{""value"": ""<MISSING>"", ""count"": 313564, ""fraction"": 0.9555944961677358}, {""value"": ""1"", ""count"": 8343, ""fraction"": 0.025425510841574354}, {""value"": ""2"", ""count"": 6043, ""fraction"": 0.018416200649123075}, {""value"": ""7"", ""count"": 157, ""fraction"": 0.00047846160878906545}, {""value"": ""9"", ""count"": 28, ""fraction"": 8.533073277766773e-05}]","[{""value"": ""<MISSING>"", ""count"": 104563, ""fraction"": 0.9559696102542535}, {""value"": ""1.0"", ""count"": 2755, ""fraction"": 0.025187650280218323}, {""value"": ""2.0"", ""count"": 2009, ""fraction"": 0.01836732828056574}, {""value"": ""7.0"", ""count"": 43, ""fraction"": 0.0003931284798727361}, {""value"": ""9.0"", ""count"": 9, ""fraction"": 8.228270508964243e-05}]",1.0,9.0,
166,ARTHEDU,Ever Taken Class in Managing Arthritis or Joint Symptoms,Have you EVER taken an educational course or class to teach you how to manage problems related to your arthritis or joint symptoms?,binary,Two documented substantive responses,optional_module,10.4,[76],"[{""code"": ""7"", ""label"": ""Don´t know/Not Sure""}, {""code"": ""9"", ""label"": ""Refused""}, {""code"": ""BLANK"", ""label"": ""Not asked or Missing""}]",Not asked or Missing,contemporaneous,none,,include,,0.9556188763771009,0.9559878952998291,0.0003690189227282259,5,"[{""value"": ""<MISSING>"", ""count"": 313572, ""fraction"": 0.9556188763771009}, {""value"": ""2"", ""count"": 12594, ""fraction"": 0.03838054459292669}, {""value"": ""1"", ""count"": 1898, ""fraction"": 0.005784204671857619}, {""value"": ""7"", ""count"": 49, ""fraction"": 0.0001493287823609185}, {""value"": ""9"", ""count"": 22, ""fraction"": 6.704557575388179e-05}]","[{""value"": ""<MISSING>"", ""count"": 104565, ""fraction"": 0.9559878952998291}, {""value"": ""2.0"", ""count"": 4157, ""fraction"": 0.03800546722862707}, {""value"": ""1.0"", ""count"": 634, ""fraction"": 0.005796359447425923}, {""value"": ""7.0"", ""count"": 15, ""fraction"": 0.00013713784181607072}, {""value"": ""9.0"", ""count"": 8, ""fraction"": 7.314018230190439e-05}]",1.0,9.0,
167,TETANUS,Received Tetanus Shot Since 2005?,"Since 2005, have you had a tetanus shot? (If yes, ask: “Was this Tdap, the tetanus shot that also has pertussis or whooping cough vaccine?”)",categorical,A small set of documented response categories,optional_module,11.1,[77],"[{""code"": ""3"", ""label"": ""Yes, received tetanus shot but not sure what type""}, {""code"": ""7"", ""label"": ""Don’t know/Not Sure""}, {""code"": ""9"", ""label"": ""Refused""}, {""code"": ""BLANK"", ""label"": ""Not asked or Missing""}]",Not asked or Missing,contemporaneous,none,,include,,0.9082968899995428,0.9075873796615438,0.000709510337999042,7,"[{""value"": ""<MISSING>"", ""count"": 298044, ""fraction"": 0.9082968899995428}, {""value"": ""4"", ""count"": 12678, ""fraction"": 0.038636536791259696}, {""value"": ""3"", ""count"": 7416, ""fraction"": 0.022600454081399424}, {""value"": ""1"", ""count"": 4852, ""fraction"": 0.014786596979901565}, {""value"": ""7"", ""count"": 2958, ""fraction"": 0.00901458241272647}, {""value"": ""2"", ""count"": 2173, ""fraction"": 0.006622274368781142}, {""value"": ""9"", ""count"": 14, ""fraction"": 4.266536638883386e-05}]","[{""value"": ""<MISSING>"", ""count"": 99271, ""fraction"": 0.9075873796615438}, {""value"": ""4.0"", ""count"": 4409, ""fraction"": 0.04030938297113706}, {""value"": ""3.0"", ""count"": 2380, ""fraction"": 0.021759204234816556}, {""value"": ""1.0"", ""count"": 1562, ""fraction"": 0.014280620594446831}, {""value"": ""7.0"", ""count"": 1001, ""fraction"": 0.009151665310525787}, {""value"": ""2.0"", ""count"": 751, ""fraction"": 0.006866034613591274}, {""value"": ""9.0"", ""count"": 5, ""fraction"": 4.571261393869024e-05}]",1.0,9.0,
168,HPVADVC2,Have you ever had the HPV vaccination?,"Have you ever had the HPV vaccination? (Human Papilloma Virus (Human Pap•uh•loh•muh Virus), Gardasil (Gar•duh• seel), Cervarix (Serv a rix))",categorical,A small set of documented response categories,optional_module,12.1,[77],"[{""code"": ""BLANK"", ""label"": ""Not asked or Missing""}]",Not asked or Missing,contemporaneous,none,,include,,0.9753485608057659,0.9747483520602676,0.0006002087454983762,6,"[{""value"": ""<MISSING>"", ""count"": 320046, ""fraction"": 0.9753485608057659}, {""value"": ""2"", ""count"": 6197, ""fraction"": 0.018885519679400248}, {""value"": ""1"", ""count"": 1099, ""fraction"": 0.0033492312615234585}, {""value"": ""7"", ""count"": 764, ""fraction"": 0.0023283099943620764}, {""value"": ""9"", ""count"": 18, ""fraction"": 5.485547107135783e-05}, {""value"": ""3"", ""count"": 11, ""fraction"": 3.3522787876940896e-05}]","[{""value"": ""<MISSING>"", ""count"": 106617, ""fraction"": 0.9747483520602676}, {""value"": ""2.0"", ""count"": 2159, ""fraction"": 0.019738706698726446}, {""value"": ""1.0"", ""count"": 346, ""fraction"": 0.0031633128845573646}, {""value"": ""7.0"", ""count"": 243, ""fraction"": 0.0022216330374203457}, {""value"": ""9.0"", ""count"": 11, ""fraction"": 0.00010056775066511853}, {""value"": ""3.0"", ""count"": 3, ""fraction"": 2.7427568363214145e-05}]",1.0,9.0,
169,HPVADSHT,How many HPV shots did you receive?,How many HPV shots did you receive?,count,"The variable records a number, duration, or frequency",optional_module,12.2,[78],"[{""code"": ""77"", ""label"": ""Don’t know/Not Sure""}, {""code"": ""99"", ""label"": ""Refused""}, {""code"": ""BLANK"", ""label"": ""Not asked or Missing""}]",Not asked or Missing,contemporaneous,none,,include,,0.9966507687384766,0.9968366871154426,0.0001859183769660211,6,"[{""value"": ""<MISSING>"", ""count"": 327036, ""fraction"": 0.9966507687384766}, {""value"": ""3"", ""count"": 599, ""fraction"": 0.0018254681762079632}, {""value"": ""1"", ""count"": 190, ""fraction"": 0.0005790299724198881}, {""value"": ""77"", ""count"": 173, ""fraction"": 0.0005272220275191614}, {""value"": ""2"", ""count"": 134, ""fraction"": 0.0004083685068645527}, {""value"": ""99"", ""count"": 3, ""fraction"": 9.14257851189297e-06}]","[{""value"": ""<MISSING>"", ""count"": 109033, ""fraction"": 0.9968366871154426}, {""value"": ""3.0"", ""count"": 188, ""fraction"": 0.0017187942840947532}, {""value"": ""1.0"", ""count"": 58, ""fraction"": 0.0005302663216888068}, {""value"": ""2.0"", ""count"": 52, ""fraction"": 0.0004754111849623785}, {""value"": ""77.0"", ""count"": 48, ""fraction"": 0.00043884109381142633}]",1.0,99.0,
170,SHINGLE2,Have you ever had the shingles or zoster vaccine?,Have you ever had the shingles or zoster vaccine?,binary,Two documented substantive responses,optional_module,13.1,[78],"[{""code"": ""7"", ""label"": ""Don’t know/Not Sure""}, {""code"": ""9"", ""label"": ""Refused""}, {""code"": ""BLANK"", ""label"": ""Not asked or Missing""}]",Not asked or Missing,contemporaneous,none,,include,,0.9366145031770461,0.9365874619442489,2.704123279717585e-05,5,"[{""value"": ""<MISSING>"", ""count"": 307336, ""fraction"": 0.9366145031770461}, {""value"": ""2"", ""count"": 14554, ""fraction"": 0.04435369588736343}, {""value"": ""1"", ""count"": 5900, ""fraction"": 0.01798040440672284}, {""value"": ""7"", ""count"": 336, ""fraction"": 0.0010239687933320128}, {""value"": ""9"", ""count"": 9, ""fraction"": 2.7427735535678914e-05}]","[{""value"": ""<MISSING>"", ""count"": 102443, ""fraction"": 0.9365874619442489}, {""value"": ""2.0"", ""count"": 4947, ""fraction"": 0.04522806023094013}, {""value"": ""1.0"", ""count"": 1884, ""fraction"": 0.017224512932098483}, {""value"": ""7.0"", ""count"": 100, ""fraction"": 0.0009142522787738049}, {""value"": ""9.0"", ""count"": 5, ""fraction"": 4.571261393869024e-05}]",1.0,9.0,
171,HADMAM,Have You Ever Had a Mammogram,A mammogram is an x-ray of each breast to look for breast cancer. Have you ever had a mammogram?,categorical,A small set of documented response categories,optional_module,14.1,[78],"[{""code"": ""BLANK"", ""label"": ""Not asked or Missing""}]",Not asked or Missing,contemporaneous,none,,include,,0.9481951026254438,0.9485641667961857,0.0003690641707418951,5,"[{""value"": ""<MISSING>"", ""count"": 311136, ""fraction"": 0.9481951026254438}, {""value"": ""1"", ""count"": 13828, ""fraction"": 0.04214119188748534}, {""value"": ""2"", ""count"": 3119, ""fraction"": 0.009505234126198059}, {""value"": ""9"", ""count"": 27, ""fraction"": 8.228320660703673e-05}, {""value"": ""7"", ""count"": 25, ""fraction"": 7.618815426577475e-05}]","[{""value"": ""<MISSING>"", ""count"": 103753, ""fraction"": 0.9485641667961857}, {""value"": ""1.0"", ""count"": 4548, ""fraction"": 0.04158019363863264}, {""value"": ""2.0"", ""count"": 1055, ""fraction"": 0.009645361541063642}, {""value"": ""7.0"", ""count"": 12, ""fraction"": 0.00010971027345285658}, {""value"": ""9.0"", ""count"": 11, ""fraction"": 0.00010056775066511853}]",1.0,9.0,
172,HOWLONG,How Long since Last Mammogram,How long has it been since you had your last mammogram?,ordinal,Documented categories follow a meaningful order,optional_module,14.2,[79],"[{""code"": ""7"", ""label"": ""Don’t know/Not sure""}, {""code"": ""9"", ""label"": ""Refused""}, {""code"": ""BLANK"", ""label"": ""Not asked or Missing""}]",Not asked or Missing,contemporaneous,none,,include,,0.9578618556386853,0.9584380914069428,0.0005762357682574937,8,"[{""value"": ""<MISSING>"", ""count"": 314308, ""fraction"": 0.9578618556386853}, {""value"": ""1"", ""count"": 8504, ""fraction"": 0.025916162555045943}, {""value"": ""2"", ""count"": 2398, ""fraction"": 0.007307967757173114}, {""value"": ""5"", ""count"": 1138, ""fraction"": 0.003468084782178067}, {""value"": ""3"", ""count"": 956, ""fraction"": 0.0029134350191232267}, {""value"": ""4"", ""count"": 704, ""fraction"": 0.0021454584241242173}, {""value"": ""7"", ""count"": 117, ""fraction"": 0.00035656056196382586}, {""value"": ""9"", ""count"": 10, ""fraction"": 3.04752617063099e-05}]","[{""value"": ""<MISSING>"", ""count"": 104833, ""fraction"": 0.9584380914069428}, {""value"": ""1.0"", ""count"": 2830, ""fraction"": 0.025873339489298677}, {""value"": ""2.0"", ""count"": 763, ""fraction"": 0.006975744887044131}, {""value"": ""5.0"", ""count"": 388, ""fraction"": 0.003547298841642363}, {""value"": ""3.0"", ""count"": 285, ""fraction"": 0.0026056189945053436}, {""value"": ""4.0"", ""count"": 238, ""fraction"": 0.0021759204234816556}, {""value"": ""7.0"", ""count"": 38, ""fraction"": 0.00034741586593404583}, {""value"": ""9.0"", ""count"": 4, ""fraction"": 3.6570091150952194e-05}]",1.0,9.0,
173,HADPAP2,Ever Had a Pap Test,A Pap test is a test for cancer of the cervix. Have you ever had a Pap test?,categorical,A small set of documented response categories,optional_module,14.3,[79],"[{""code"": ""BLANK"", ""label"": ""Not asked or Missing""}]",Not asked or Missing,contemporaneous,none,,include,,0.9482133877824676,0.9486098794101244,0.00039649162765686974,5,"[{""value"": ""<MISSING>"", ""count"": 311142, ""fraction"": 0.9482133877824676}, {""value"": ""1"", ""count"": 15861, ""fraction"": 0.04833681259237814}, {""value"": ""2"", ""count"": 1016, ""fraction"": 0.003096286589361086}, {""value"": ""7"", ""count"": 88, ""fraction"": 0.00026818230301552717}, {""value"": ""9"", ""count"": 28, ""fraction"": 8.533073277766773e-05}]","[{""value"": ""<MISSING>"", ""count"": 103758, ""fraction"": 0.9486098794101244}, {""value"": ""1.0"", ""count"": 5237, ""fraction"": 0.04787939183938416}, {""value"": ""2.0"", ""count"": 340, ""fraction"": 0.0031084577478309363}, {""value"": ""7.0"", ""count"": 33, ""fraction"": 0.0003017032519953556}, {""value"": ""9.0"", ""count"": 11, ""fraction"": 0.00010056775066511853}]",1.0,9.0,
174,LASTPAP2,How Long Since Last Pap Test,How long has it been since you had your last Pap test?,ordinal,Documented categories follow a meaningful order,optional_module,14.4,[80],"[{""code"": ""7"", ""label"": ""Don’t know/Not sure""}, {""code"": ""9"", ""label"": ""Refused""}, {""code"": ""BLANK"", ""label"": ""Not asked or Missing""}]",Not asked or Missing,contemporaneous,none,,include,,0.9516723299861337,0.9521297506834036,0.00045742069726983914,8,"[{""value"": ""<MISSING>"", ""count"": 312277, ""fraction"": 0.9516723299861337}, {""value"": ""1"", ""count"": 6413, ""fraction"": 0.01954378533225654}, {""value"": ""5"", ""count"": 3344, ""fraction"": 0.010190927514590031}, {""value"": ""2"", ""count"": 2957, ""fraction"": 0.009011534886555839}, {""value"": ""3"", ""count"": 1601, ""fraction"": 0.0048790893991802154}, {""value"": ""4"", ""count"": 1172, ""fraction"": 0.0035717006719795208}, {""value"": ""7"", ""count"": 355, ""fraction"": 0.0010818717905740015}, {""value"": ""9"", ""count"": 16, ""fraction"": 4.8760418730095845e-05}]","[{""value"": ""<MISSING>"", ""count"": 104143, ""fraction"": 0.9521297506834036}, {""value"": ""1.0"", ""count"": 2137, ""fraction"": 0.01953757119739621}, {""value"": ""5.0"", ""count"": 1134, ""fraction"": 0.010367620841294946}, {""value"": ""2.0"", ""count"": 953, ""fraction"": 0.008712824216714361}, {""value"": ""3.0"", ""count"": 511, ""fraction"": 0.004671829144534143}, {""value"": ""4.0"", ""count"": 381, ""fraction"": 0.0034833011821281965}, {""value"": ""7.0"", ""count"": 119, ""fraction"": 0.0010879602117408278}, {""value"": ""9.0"", ""count"": 1, ""fraction"": 9.142522787738048e-06}]",1.0,9.0,
175,HPVTEST,Have you ever had an HPV test?,An HPV test is sometimes given with the Pap test for cervical cancer screening. Have you ever had an HPV test?,count,"The variable records a number, duration, or frequency",optional_module,14.5,[80],"[{""code"": ""BLANK"", ""label"": ""Not asked or Missing""}]",Not asked or Missing,contemporaneous,none,,include,,0.9482408155180032,0.9486464495012754,0.00040563398327220224,5,"[{""value"": ""<MISSING>"", ""count"": 311151, ""fraction"": 0.9482408155180032}, {""value"": ""2"", ""count"": 6940, ""fraction"": 0.021149831624179074}, {""value"": ""1"", ""count"": 5187, ""fraction"": 0.015807518247062946}, {""value"": ""7"", ""count"": 4820, ""fraction"": 0.014689076142441373}, {""value"": ""9"", ""count"": 37, ""fraction"": 0.00011275846831334665}]","[{""value"": ""<MISSING>"", ""count"": 103762, ""fraction"": 0.9486464495012754}, {""value"": ""2.0"", ""count"": 2292, ""fraction"": 0.020954662229495605}, {""value"": ""1.0"", ""count"": 1700, ""fraction"": 0.015542288739154681}, {""value"": ""7.0"", ""count"": 1616, ""fraction"": 0.014774316824984686}, {""value"": ""9.0"", ""count"": 9, ""fraction"": 8.228270508964243e-05}]",1.0,9.0,
176,HPLSTTST,How long since your last HPV test?,How long has it been since you had your last HPV test?,ordinal,Documented categories follow a meaningful order,optional_module,14.6,[81],"[{""code"": ""7"", ""label"": ""Don’t know/Not Sure""}, {""code"": ""9"", ""label"": ""Refused""}, {""code"": ""BLANK"", ""label"": ""Not asked or Missing""}]",Not asked or Missing,contemporaneous,none,,include,,0.9841985768052783,0.9844577112608454,0.00025913445556702275,8,"[{""value"": ""<MISSING>"", ""count"": 322950, ""fraction"": 0.9841985768052783}, {""value"": ""1"", ""count"": 2304, ""fraction"": 0.007021500297133802}, {""value"": ""2"", ""count"": 922, ""fraction"": 0.002809819129321773}, {""value"": ""5"", ""count"": 868, ""fraction"": 0.0026452527161076995}, {""value"": ""3"", ""count"": 460, ""fraction"": 0.0014018620384902555}, {""value"": ""4"", ""count"": 357, ""fraction"": 0.0010879668429152635}, {""value"": ""7"", ""count"": 271, ""fraction"": 0.0008258795922409984}, {""value"": ""9"", ""count"": 3, ""fraction"": 9.14257851189297e-06}]","[{""value"": ""<MISSING>"", ""count"": 107679, ""fraction"": 0.9844577112608454}, {""value"": ""1.0"", ""count"": 766, ""fraction"": 0.007003172455407345}, {""value"": ""5.0"", ""count"": 285, ""fraction"": 0.0026056189945053436}, {""value"": ""2.0"", ""count"": 278, ""fraction"": 0.0025416213349911776}, {""value"": ""3.0"", ""count"": 148, ""fraction"": 0.0013530933725852312}, {""value"": ""4.0"", ""count"": 120, ""fraction"": 0.0010971027345285658}, {""value"": ""7.0"", ""count"": 103, ""fraction"": 0.000941679847137019}]",1.0,9.0,
177,HADHYST2,Had Hysterectomy,Have you had a hysterectomy? (A hysterectomy is an operation to remove the uterus (womb).),binary,Two documented substantive responses,optional_module,14.7,[81],"[{""code"": ""7"", ""label"": ""Don’t know/Not sure""}, {""code"": ""9"", ""label"": ""Refused""}, {""code"": ""BLANK"", ""label"": ""Not asked or Missing""}]",Not asked or Missing,contemporaneous,none,,include,,0.9487588949670105,0.9491218606862377,0.0003629657192272262,5,"[{""value"": ""<MISSING>"", ""count"": 311321, ""fraction"": 0.9487588949670105}, {""value"": ""2"", ""count"": 12045, ""fraction"": 0.03670745272525028}, {""value"": ""1"", ""count"": 4690, ""fraction"": 0.014292897740259344}, {""value"": ""9"", ""count"": 40, ""fraction"": 0.0001219010468252396}, {""value"": ""7"", ""count"": 39, ""fraction"": 0.00011885352065460863}]","[{""value"": ""<MISSING>"", ""count"": 103814, ""fraction"": 0.9491218606862377}, {""value"": ""2.0"", ""count"": 3977, ""fraction"": 0.03635981312683422}, {""value"": ""1.0"", ""count"": 1566, ""fraction"": 0.014317190685597784}, {""value"": ""9.0"", ""count"": 12, ""fraction"": 0.00010971027345285658}, {""value"": ""7.0"", ""count"": 10, ""fraction"": 9.142522787738048e-05}]",1.0,9.0,
178,PROFEXAM,Ever Had Breast Physical Exam by Doctor,"A clinical breast exam is when a doctor, nurse, or other health professional feels the breast for lumps. Have you ever had a clinical breast exam?",categorical,A small set of documented response categories,optional_module,15.1,[82],"[{""code"": ""BLANK"", ""label"": ""Not asked or Missing""}]",Not asked or Missing,contemporaneous,none,,include,,0.9871363920337666,0.9872918933250441,0.00015550129127750445,5,"[{""value"": ""<MISSING>"", ""count"": 323914, ""fraction"": 0.9871363920337666}, {""value"": ""1"", ""count"": 3715, ""fraction"": 0.011321559723894129}, {""value"": ""2"", ""count"": 494, ""fraction"": 0.0015054779282917092}, {""value"": ""7"", ""count"": 8, ""fraction"": 2.4380209365047923e-05}, {""value"": ""9"", ""count"": 4, ""fraction"": 1.2190104682523961e-05}]","[{""value"": ""<MISSING>"", ""count"": 107989, ""fraction"": 0.9872918933250441}, {""value"": ""1.0"", ""count"": 1191, ""fraction"": 0.010888744640196017}, {""value"": ""2.0"", ""count"": 192, ""fraction"": 0.0017553643752457053}, {""value"": ""7.0"", ""count"": 5, ""fraction"": 4.571261393869024e-05}, {""value"": ""9.0"", ""count"": 2, ""fraction"": 1.8285045575476097e-05}]",1.0,9.0,
179,LENGEXAM,How Long since Last Breast Physical Exam,How long has it been since your last breast exam?,ordinal,Documented categories follow a meaningful order,optional_module,15.2,[82],"[{""code"": ""7"", ""label"": ""Don’t know/Not sure""}, {""code"": ""9"", ""label"": ""Refused""}, {""code"": ""BLANK"", ""label"": ""Not asked or Missing""}]",Not asked or Missing,contemporaneous,none,,include,,0.9886814878022765,0.9891203978825918,0.000438910080315269,8,"[{""value"": ""<MISSING>"", ""count"": 324421, ""fraction"": 0.9886814878022765}, {""value"": ""1"", ""count"": 2314, ""fraction"": 0.007051975558840112}, {""value"": ""2"", ""count"": 621, ""fraction"": 0.001892513751961845}, {""value"": ""5"", ""count"": 309, ""fraction"": 0.000941685586724976}, {""value"": ""3"", ""count"": 253, ""fraction"": 0.0007710241211696405}, {""value"": ""4"", ""count"": 179, ""fraction"": 0.0005455071845429473}, {""value"": ""7"", ""count"": 34, ""fraction"": 0.00010361588980145367}, {""value"": ""9"", ""count"": 4, ""fraction"": 1.2190104682523961e-05}]","[{""value"": ""<MISSING>"", ""count"": 108189, ""fraction"": 0.9891203978825918}, {""value"": ""1.0"", ""count"": 702, ""fraction"": 0.00641805099699211}, {""value"": ""2.0"", ""count"": 213, ""fraction"": 0.0019473573537882043}, {""value"": ""5.0"", ""count"": 135, ""fraction"": 0.0012342405763446365}, {""value"": ""3.0"", ""count"": 83, ""fraction"": 0.000758829391382258}, {""value"": ""4.0"", ""count"": 43, ""fraction"": 0.0003931284798727361}, {""value"": ""7.0"", ""count"": 14, ""fraction"": 0.00012799531902833267}]",1.0,9.0,
180,BLDSTOOL,Ever Had Blood Stool Test Using Home Kit,A blood stool test is a test that may use a special kit at home to determine whether the stool contains blood. Have you ever had this test using a home kit?,categorical,A small set of documented response categories,optional_module,16.1,[83],"[{""code"": ""BLANK"", ""label"": ""Not asked or Missing""}]",Not asked or Missing,contemporaneous,none,,include,,0.8773736419461502,0.8761188162261494,0.0012548257200007962,5,"[{""value"": ""<MISSING>"", ""count"": 287897, ""fraction"": 0.8773736419461502}, {""value"": ""2"", ""count"": 25179, ""fraction"": 0.07673366145031771}, {""value"": ""1"", ""count"": 14701, ""fraction"": 0.04480168223444619}, {""value"": ""7"", ""count"": 319, ""fraction"": 0.0009721608484312859}, {""value"": ""9"", ""count"": 39, ""fraction"": 0.00011885352065460863}]","[{""value"": ""<MISSING>"", ""count"": 95829, ""fraction"": 0.8761188162261494}, {""value"": ""2.0"", ""count"": 8592, ""fraction"": 0.07855255579224531}, {""value"": ""1.0"", ""count"": 4842, ""fraction"": 0.044268095338227634}, {""value"": ""7.0"", ""count"": 106, ""fraction"": 0.0009691074155002332}, {""value"": ""9.0"", ""count"": 10, ""fraction"": 9.142522787738048e-05}]",1.0,9.0,
181,LSTBLDS3,Time Since Last Blood Stool Test,How long has it been since you had your last blood stool test using a home kit?,ordinal,Documented categories follow a meaningful order,optional_module,16.2,[83],"[{""code"": ""7"", ""label"": ""Don’t know/Not sure""}, {""code"": ""9"", ""label"": ""Refused""}, {""code"": ""BLANK"", ""label"": ""Not asked or Missing""}]",Not asked or Missing,contemporaneous,none,,include,,0.9552013652917244,0.9557501897073478,0.0005488244156234279,8,"[{""value"": ""<MISSING>"", ""count"": 313435, ""fraction"": 0.9552013652917244}, {""value"": ""5"", ""count"": 5088, ""fraction"": 0.015505813156170478}, {""value"": ""1"", ""count"": 3954, ""fraction"": 0.012049918478674936}, {""value"": ""2"", ""count"": 1979, ""fraction"": 0.00603105429167873}, {""value"": ""4"", ""count"": 1778, ""fraction"": 0.0054185015313819}, {""value"": ""3"", ""count"": 1476, ""fraction"": 0.004498148627851342}, {""value"": ""7"", ""count"": 413, ""fraction"": 0.001258628308470599}, {""value"": ""9"", ""count"": 12, ""fraction"": 3.657031404757188e-05}]","[{""value"": ""<MISSING>"", ""count"": 104539, ""fraction"": 0.9557501897073478}, {""value"": ""5.0"", ""count"": 1725, ""fraction"": 0.015770851808848133}, {""value"": ""1.0"", ""count"": 1306, ""fraction"": 0.01194013476078589}, {""value"": ""2.0"", ""count"": 666, ""fraction"": 0.0060889201766335405}, {""value"": ""4.0"", ""count"": 555, ""fraction"": 0.0050741001471946165}, {""value"": ""3.0"", ""count"": 437, ""fraction"": 0.003995282458241527}, {""value"": ""7.0"", ""count"": 148, ""fraction"": 0.0013530933725852312}, {""value"": ""9.0"", ""count"": 3, ""fraction"": 2.7427568363214145e-05}]",1.0,9.0,
182,HADSIGM3,Ever Had Sigmoidoscopy/Colonoscopy,Sigmoidoscopy and colonoscopy are exams in which a tube is inserted in the rectum to view the colon for signs of cancer or other health problems. Have you ever had either of these exams?,categorical,A small set of documented response categories,optional_module,16.3,[84],"[{""code"": ""BLANK"", ""label"": ""Not asked or Missing""}]",Not asked or Missing,contemporaneous,none,,include,,0.8774467825742454,0.8761919564084514,0.0012548261657939763,5,"[{""value"": ""<MISSING>"", ""count"": 287921, ""fraction"": 0.8774467825742454}, {""value"": ""1"", ""count"": 29176, ""fraction"": 0.08891462355432977}, {""value"": ""2"", ""count"": 10835, ""fraction"": 0.03301994605878678}, {""value"": ""7"", ""count"": 159, ""fraction"": 0.00048455666113032743}, {""value"": ""9"", ""count"": 44, ""fraction"": 0.00013409115150776358}]","[{""value"": ""<MISSING>"", ""count"": 95837, ""fraction"": 0.8761919564084514}, {""value"": ""1.0"", ""count"": 9783, ""fraction"": 0.08944130043244133}, {""value"": ""2.0"", ""count"": 3674, ""fraction"": 0.033589628722149587}, {""value"": ""7.0"", ""count"": 70, ""fraction"": 0.0006399765951416634}, {""value"": ""9.0"", ""count"": 15, ""fraction"": 0.00013713784181607072}]",1.0,9.0,
183,HADSGCO1,Was your last test a sigmoidoscopy or colonoscopy?,"For a SIGMOIDOSCOPY, a flexible tube is inserted into the rectum to look for problems. A COLONOSCOPY is similar, but uses a longer tube, and you are usually given medication through a needle in your arm to make you sleepy and told to have someone else drive you home after the test. Was your MOST RECENT exam a sigmoidoscopy or a colonoscopy?",binary,Two documented substantive responses,optional_module,16.4,[84],"[{""code"": ""7"", ""label"": ""Don’t know/Not Sure""}, {""code"": ""9"", ""label"": ""Refused""}, {""code"": ""BLANK"", ""label"": ""Not asked or Missing""}]",Not asked or Missing,contemporaneous,none,,include,,0.9111280418120591,0.9106226972270728,0.0005053445849863003,5,"[{""value"": ""<MISSING>"", ""count"": 298973, ""fraction"": 0.9111280418120591}, {""value"": ""2"", ""count"": 27433, ""fraction"": 0.08360278543891995}, {""value"": ""1"", ""count"": 1144, ""fraction"": 0.003486369939201853}, {""value"": ""7"", ""count"": 568, ""fraction"": 0.0017309948649184025}, {""value"": ""9"", ""count"": 17, ""fraction"": 5.1807944900726836e-05}]","[{""value"": ""<MISSING>"", ""count"": 99603, ""fraction"": 0.9106226972270728}, {""value"": ""2.0"", ""count"": 9204, ""fraction"": 0.08414777973834099}, {""value"": ""1.0"", ""count"": 366, ""fraction"": 0.003346163340312126}, {""value"": ""7.0"", ""count"": 198, ""fraction"": 0.0018102195119721336}, {""value"": ""9.0"", ""count"": 8, ""fraction"": 7.314018230190439e-05}]",1.0,9.0,
184,LASTSIG3,Time Since Last Sigmoidoscopy/Colonoscopy,How long has it been since you had your last sigmoidoscopy or colonoscopy?,ordinal,Documented categories follow a meaningful order,optional_module,16.5,[85],"[{""code"": ""7"", ""label"": ""Don’t know/Not sure""}, {""code"": ""9"", ""label"": ""Refused""}, {""code"": ""BLANK"", ""label"": ""Not asked or Missing""}]",Not asked or Missing,contemporaneous,none,,include,,0.911137184390571,0.9106226972270728,0.0005144871634982229,9,"[{""value"": ""<MISSING>"", ""count"": 298976, ""fraction"": 0.911137184390571}, {""value"": ""1"", ""count"": 6289, ""fraction"": 0.019165892087098298}, {""value"": ""4"", ""count"": 6207, ""fraction"": 0.018915994941106556}, {""value"": ""5"", ""count"": 5447, ""fraction"": 0.016599875051427005}, {""value"": ""2"", ""count"": 4556, ""fraction"": 0.013884529233394791}, {""value"": ""3"", ""count"": 4296, ""fraction"": 0.013092172429030734}, {""value"": ""6"", ""count"": 1967, ""fraction"": 0.0059944839776311576}, {""value"": ""7"", ""count"": 375, ""fraction"": 0.0011428223139866214}, {""value"": ""9"", ""count"": 22, ""fraction"": 6.704557575388179e-05}]","[{""value"": ""<MISSING>"", ""count"": 99603, ""fraction"": 0.9106226972270728}, {""value"": ""1.0"", ""count"": 2105, ""fraction"": 0.019245010468188592}, {""value"": ""4.0"", ""count"": 2095, ""fraction"": 0.019153585240311213}, {""value"": ""5.0"", ""count"": 1857, ""fraction"": 0.016977664816829555}, {""value"": ""2.0"", ""count"": 1541, ""fraction"": 0.014088627615904332}, {""value"": ""3.0"", ""count"": 1423, ""fraction"": 0.013009809926951242}, {""value"": ""6.0"", ""count"": 629, ""fraction"": 0.005750646833487232}, {""value"": ""7.0"", ""count"": 117, ""fraction"": 0.0010696751661653516}, {""value"": ""9.0"", ""count"": 9, ""fraction"": 8.228270508964243e-05}]",1.0,9.0,
185,PCPSAAD2,Has a health professional EVER talked with you about the advantages of the PSA test?,"Has a doctor, nurse, or other health professional EVER talked with you about the advantages of the PSA test?",binary,Two documented substantive responses,optional_module,17.1,[85],"[{""code"": ""7"", ""label"": ""Don’t know/Not Sure""}, {""code"": ""9"", ""label"": ""Refused""}, {""code"": ""BLANK"", ""label"": ""Not asked or Missing""}]",Not asked or Missing,contemporaneous,none,,include,,0.9851463574443445,0.9845857065798737,0.0005606508644708796,5,"[{""value"": ""<MISSING>"", ""count"": 323261, ""fraction"": 0.9851463574443445}, {""value"": ""1"", ""count"": 2836, ""fraction"": 0.008642784219909489}, {""value"": ""2"", ""count"": 1832, ""fraction"": 0.005583067944595974}, {""value"": ""7"", ""count"": 183, ""fraction"": 0.0005576972892254713}, {""value"": ""9"", ""count"": 23, ""fraction"": 7.009310192451278e-05}]","[{""value"": ""<MISSING>"", ""count"": 107693, ""fraction"": 0.9845857065798737}, {""value"": ""1.0"", ""count"": 1013, ""fraction"": 0.009261375583978644}, {""value"": ""2.0"", ""count"": 606, ""fraction"": 0.005540368809369258}, {""value"": ""7.0"", ""count"": 59, ""fraction"": 0.0005394088444765449}, {""value"": ""9.0"", ""count"": 8, ""fraction"": 7.314018230190439e-05}]",1.0,9.0,
186,PCPSADI1,Has a health professional EVER talked with you about the disadvantages of the PSA test?,"Has a doctor, nurse, or other health professional EVER talked with you about the disadvantages of the PSA test?",binary,Two documented substantive responses,optional_module,17.2,[86],"[{""code"": ""7"", ""label"": ""Don’t know/Not Sure""}, {""code"": ""9"", ""label"": ""Refused""}, {""code"": ""BLANK"", ""label"": ""Not asked or Missing""}]",Not asked or Missing,contemporaneous,none,,include,,0.9851646426013684,0.9845948491026614,0.0005697934987070052,5,"[{""value"": ""<MISSING>"", ""count"": 323267, ""fraction"": 0.9851646426013684}, {""value"": ""2"", ""count"": 3297, ""fraction"": 0.010047693784570376}, {""value"": ""1"", ""count"": 1346, ""fraction"": 0.004101970225669313}, {""value"": ""7"", ""count"": 207, ""fraction"": 0.000630837917320615}, {""value"": ""9"", ""count"": 18, ""fraction"": 5.485547107135783e-05}]","[{""value"": ""<MISSING>"", ""count"": 107694, ""fraction"": 0.9845948491026614}, {""value"": ""2.0"", ""count"": 1147, ""fraction"": 0.010486473637535541}, {""value"": ""1.0"", ""count"": 461, ""fraction"": 0.0042147030051472405}, {""value"": ""7.0"", ""count"": 68, ""fraction"": 0.0006216915495661873}, {""value"": ""9.0"", ""count"": 9, ""fraction"": 8.228270508964243e-05}]",1.0,9.0,
187,PCPSARE1,Has a doctor EVER recommended that you have a PSA test?,"Has a doctor, nurse, or other health professional EVER recommended that you have a PSA test?",binary,Two documented substantive responses,optional_module,17.3,[86],"[{""code"": ""7"", ""label"": ""Don’t know/Not Sure""}, {""code"": ""9"", ""label"": ""Refused""}, {""code"": ""BLANK"", ""label"": ""Not asked or Missing""}]",Not asked or Missing,contemporaneous,none,,include,,0.9851798802322215,0.9845948491026614,0.0005850311295600985,5,"[{""value"": ""<MISSING>"", ""count"": 323272, ""fraction"": 0.9851798802322215}, {""value"": ""1"", ""count"": 2532, ""fraction"": 0.0077163362640376675}, {""value"": ""2"", ""count"": 2138, ""fraction"": 0.006515610952809057}, {""value"": ""7"", ""count"": 169, ""fraction"": 0.0005150319228366374}, {""value"": ""9"", ""count"": 24, ""fraction"": 7.314062809514376e-05}]","[{""value"": ""<MISSING>"", ""count"": 107694, ""fraction"": 0.9845948491026614}, {""value"": ""1.0"", ""count"": 895, ""fraction"": 0.008182557895025554}, {""value"": ""2.0"", ""count"": 720, ""fraction"": 0.006582616407171395}, {""value"": ""7.0"", ""count"": 60, ""fraction"": 0.0005485513672642829}, {""value"": ""9.0"", ""count"": 10, ""fraction"": 9.142522787738048e-05}]",1.0,9.0,
188,PSATEST1,Ever Had PSA Test,Have you EVER HAD a PSA test?,categorical,A small set of documented response categories,optional_module,17.4,[86],"[{""code"": ""BLANK"", ""label"": ""Not asked or Missing""}]",Not asked or Missing,contemporaneous,none,,include,,0.9851798802322215,0.9845948491026614,0.0005850311295600985,5,"[{""value"": ""<MISSING>"", ""count"": 323272, ""fraction"": 0.9851798802322215}, {""value"": ""1"", ""count"": 2641, ""fraction"": 0.008048516616636445}, {""value"": ""2"", ""count"": 2009, ""fraction"": 0.00612248007679766}, {""value"": ""7"", ""count"": 193, ""fraction"": 0.0005881725509317811}, {""value"": ""9"", ""count"": 20, ""fraction"": 6.09505234126198e-05}]","[{""value"": ""<MISSING>"", ""count"": 107694, ""fraction"": 0.9845948491026614}, {""value"": ""1.0"", ""count"": 960, ""fraction"": 0.008776821876228526}, {""value"": ""2.0"", ""count"": 647, ""fraction"": 0.005915212243666517}, {""value"": ""7.0"", ""count"": 69, ""fraction"": 0.0006308340723539253}, {""value"": ""9.0"", ""count"": 9, ""fraction"": 8.228270508964243e-05}]",1.0,9.0,
189,PSATIME,Time Since Last PSA Test,How long has it been since you had your last PSA test?,ordinal,Documented categories follow a meaningful order,optional_module,17.5,[87],"[{""code"": ""7"", ""label"": ""Don’t know/Not Sure""}, {""code"": ""9"", ""label"": ""Refused""}, {""code"": ""BLANK"", ""label"": ""Not asked or Missing""}]",Not asked or Missing,contemporaneous,none,,include,,0.9919545309095342,0.9912231781237715,0.0007313527857627511,8,"[{""value"": ""<MISSING>"", ""count"": 325495, ""fraction"": 0.9919545309095342}, {""value"": ""1"", ""count"": 1679, ""fraction"": 0.005116796440489433}, {""value"": ""2"", ""count"": 367, ""fraction"": 0.0011184421046215734}, {""value"": ""5"", ""count"": 214, ""fraction"": 0.0006521706005150319}, {""value"": ""3"", ""count"": 168, ""fraction"": 0.0005119843966660064}, {""value"": ""4"", ""count"": 150, ""fraction"": 0.00045712892559464857}, {""value"": ""7"", ""count"": 59, ""fraction"": 0.00017980404406722842}, {""value"": ""9"", ""count"": 3, ""fraction"": 9.14257851189297e-06}]","[{""value"": ""<MISSING>"", ""count"": 108419, ""fraction"": 0.9912231781237715}, {""value"": ""1.0"", ""count"": 591, ""fraction"": 0.005403230967553186}, {""value"": ""2.0"", ""count"": 151, ""fraction"": 0.0013805209409484453}, {""value"": ""5.0"", ""count"": 77, ""fraction"": 0.0007039742546558297}, {""value"": ""3.0"", ""count"": 70, ""fraction"": 0.0006399765951416634}, {""value"": ""4.0"", ""count"": 54, ""fraction"": 0.0004936962305378546}, {""value"": ""7.0"", ""count"": 15, ""fraction"": 0.00013713784181607072}, {""value"": ""9.0"", ""count"": 2, ""fraction"": 1.8285045575476097e-05}]",1.0,9.0,
190,PCPSARS1,What was the MAIN reason you had this PSA test?,What was the MAIN reason you had this PSA test – was it …?,categorical,A small set of documented response categories,optional_module,17.6,[87],"[{""code"": ""7"", ""label"": ""Don’t know/Not Sure""}, {""code"": ""9"", ""label"": ""Refused""}, {""code"": ""BLANK"", ""label"": ""Not asked or Missing""}]",Not asked or Missing,contemporaneous,none,,include,,0.991963673488046,0.9912231781237715,0.0007404953642745626,8,"[{""value"": ""<MISSING>"", ""count"": 325498, ""fraction"": 0.991963673488046}, {""value"": ""1"", ""count"": 1958, ""fraction"": 0.005967056242095479}, {""value"": ""5"", ""count"": 223, ""fraction"": 0.0006795983360507108}, {""value"": ""2"", ""count"": 188, ""fraction"": 0.0005729349200786261}, {""value"": ""3"", ""count"": 128, ""fraction"": 0.00039008334984076676}, {""value"": ""4"", ""count"": 121, ""fraction"": 0.0003687506666463498}, {""value"": ""7"", ""count"": 14, ""fraction"": 4.266536638883386e-05}, {""value"": ""9"", ""count"": 5, ""fraction"": 1.523763085315495e-05}]","[{""value"": ""<MISSING>"", ""count"": 108419, ""fraction"": 0.9912231781237715}, {""value"": ""1.0"", ""count"": 708, ""fraction"": 0.0064729061337185385}, {""value"": ""5.0"", ""count"": 89, ""fraction"": 0.0008136845281086863}, {""value"": ""2.0"", ""count"": 65, ""fraction"": 0.0005942639812029732}, {""value"": ""3.0"", ""count"": 47, ""fraction"": 0.0004296985710236883}, {""value"": ""4.0"", ""count"": 44, ""fraction"": 0.0004022710026604741}, {""value"": ""7.0"", ""count"": 6, ""fraction"": 5.485513672642829e-05}, {""value"": ""9.0"", ""count"": 1, ""fraction"": 9.142522787738048e-06}]",1.0,9.0,
191,PCPSADE1,Why was PSA test done?,Which of the following best describes the decision to have the PSA test done?,categorical,A small set of documented response categories,optional_module,18.1,[88],"[{""code"": ""9"", ""label"": ""Refused""}, {""code"": ""BLANK"", ""label"": ""Not asked or Missing""}]",Not asked or Missing,contemporaneous,none,,include,,0.9981836744023039,0.9981257828285137,5.7891573790214146e-05,6,"[{""value"": ""<MISSING>"", ""count"": 327539, ""fraction"": 0.9981836744023039}, {""value"": ""2"", ""count"": 201, ""fraction"": 0.000612552760296829}, {""value"": ""3"", ""count"": 175, ""fraction"": 0.0005333170798604233}, {""value"": ""1"", ""count"": 149, ""fraction"": 0.0004540813994240176}, {""value"": ""4"", ""count"": 67, ""fraction"": 0.00020418425343227635}, {""value"": ""9"", ""count"": 4, ""fraction"": 1.2190104682523961e-05}]","[{""value"": ""<MISSING>"", ""count"": 109174, ""fraction"": 0.9981257828285137}, {""value"": ""3.0"", ""count"": 68, ""fraction"": 0.0006216915495661873}, {""value"": ""2.0"", ""count"": 65, ""fraction"": 0.0005942639812029732}, {""value"": ""1.0"", ""count"": 52, ""fraction"": 0.0004754111849623785}, {""value"": ""4.0"", ""count"": 17, ""fraction"": 0.00015542288739154683}, {""value"": ""9.0"", ""count"": 3, ""fraction"": 2.7427568363214145e-05}]",1.0,9.0,
192,PCDMDECN,Who made the decision with you to have PSA test?,Who made the decision with you? (Mark all that apply),categorical,A small set of documented response categories,optional_module,18.2,[88],"[{""code"": ""7"", ""label"": ""Don’t know/Not Sure""}, {""code"": ""9"", ""label"": ""Refused""}, {""code"": ""BLANK"", ""label"": ""Not asked or Missing""}]",Not asked or Missing,contemporaneous,none,,include,,0.9994544928154571,0.9993508808820706,0.00010361193338648267,9,"[{""value"": ""<MISSING>"", ""count"": 327956, ""fraction"": 0.9994544928154571}, {""value"": ""1"", ""count"": 143, ""fraction"": 0.00043579624240023163}, {""value"": ""2"", ""count"": 20, ""fraction"": 6.09505234126198e-05}, {""value"": ""4"", ""count"": 5, ""fraction"": 1.523763085315495e-05}, {""value"": ""12"", ""count"": 3, ""fraction"": 9.14257851189297e-06}, {""value"": ""9"", ""count"": 3, ""fraction"": 9.14257851189297e-06}, {""value"": ""21"", ""count"": 2, ""fraction"": 6.095052341261981e-06}, {""value"": ""3"", ""count"": 2, ""fraction"": 6.095052341261981e-06}, {""value"": ""7"", ""count"": 1, ""fraction"": 3.0475261706309903e-06}]","[{""value"": ""<MISSING>"", ""count"": 109308, ""fraction"": 0.9993508808820706}, {""value"": ""1.0"", ""count"": 62, ""fraction"": 0.000566836412839759}, {""value"": ""12.0"", ""count"": 4, ""fraction"": 3.6570091150952194e-05}, {""value"": ""14.0"", ""count"": 1, ""fraction"": 9.142522787738048e-06}, {""value"": ""7.0"", ""count"": 1, ""fraction"": 9.142522787738048e-06}, {""value"": ""13.0"", ""count"": 1, ""fraction"": 9.142522787738048e-06}, {""value"": ""2.0"", ""count"": 1, ""fraction"": 9.142522787738048e-06}, {""value"": ""9.0"", ""count"": 1, ""fraction"": 9.142522787738048e-06}]",1.0,21.0,
193,SCNTMNY1,Times Past 12 Months Worried/Stressed About Having Enough Money To Pay Your Rent/Mortgage?,How often in the past 12 months would you say you were worried or stressed about having enough money to pay your rent/mortgage? Would you say,ordinal,The documented responses have a natural order,optional_module,20.1,[89],"[{""code"": ""7"", ""label"": ""Don’t know/Not Sure""}, {""code"": ""9"", ""label"": ""Refused""}, {""code"": ""BLANK"", ""label"": ""Not asked or Missing""}]",Not asked or Missing,contemporaneous,none,,include,,0.842680604019687,0.8427760356192687,9.543159958169678e-05,9,"[{""value"": ""<MISSING>"", ""count"": 276513, ""fraction"": 0.842680604019687}, {""value"": ""5"", ""count"": 27999, ""fraction"": 0.0853276852514971}, {""value"": ""4"", ""count"": 8307, ""fraction"": 0.025315799899431637}, {""value"": ""3"", ""count"": 7783, ""fraction"": 0.023718896186020997}, {""value"": ""1"", ""count"": 4460, ""fraction"": 0.013591966721014218}, {""value"": ""2"", ""count"": 2132, ""fraction"": 0.006497325795785271}, {""value"": ""8"", ""count"": 753, ""fraction"": 0.002294787206485136}, {""value"": ""9"", ""count"": 103, ""fraction"": 0.000313895195574992}, {""value"": ""7"", ""count"": 85, ""fraction"": 0.0002590397245036342}]","[{""value"": ""<MISSING>"", ""count"": 92182, ""fraction"": 0.8427760356192687}, {""value"": ""5.0"", ""count"": 9233, ""fraction"": 0.0844129128991854}, {""value"": ""4.0"", ""count"": 2840, ""fraction"": 0.025964764717176056}, {""value"": ""3.0"", ""count"": 2577, ""fraction"": 0.023560281224000952}, {""value"": ""1.0"", ""count"": 1525, ""fraction"": 0.013942347251300525}, {""value"": ""2.0"", ""count"": 685, ""fraction"": 0.006262628109600563}, {""value"": ""8.0"", ""count"": 275, ""fraction"": 0.0025141937666279634}, {""value"": ""9.0"", ""count"": 33, ""fraction"": 0.0003017032519953556}, {""value"": ""7.0"", ""count"": 29, ""fraction"": 0.0002651331608444034}]",1.0,9.0,
194,SCNTMEL1,Times Past 12 Months Worried/Stressed About Having Enough Money To Buy Nutritious Meals?,How often in the past 12 months would you say you were worried or stressed about having enough money to buy nutritious meals? Would you say,ordinal,The documented responses have a natural order,optional_module,20.2,[89],"[{""code"": ""7"", ""label"": ""Don’t know/Not Sure""}, {""code"": ""9"", ""label"": ""Refused""}, {""code"": ""BLANK"", ""label"": ""Not asked or Missing""}]",Not asked or Missing,contemporaneous,none,,include,,0.8339311563838054,0.8343009169950356,0.00036976061123017434,9,"[{""value"": ""<MISSING>"", ""count"": 273642, ""fraction"": 0.8339311563838054}, {""value"": ""5"", ""count"": 36287, ""fraction"": 0.11058558215368675}, {""value"": ""4"", ""count"": 6632, ""fraction"": 0.02021119356362473}, {""value"": ""3"", ""count"": 6547, ""fraction"": 0.019952153839121092}, {""value"": ""1"", ""count"": 3007, ""fraction"": 0.009163911195087387}, {""value"": ""2"", ""count"": 1790, ""fraction"": 0.005455071845429473}, {""value"": ""9"", ""count"": 93, ""fraction"": 0.0002834199338686821}, {""value"": ""7"", ""count"": 87, ""fraction"": 0.0002651347768448962}, {""value"": ""8"", ""count"": 50, ""fraction"": 0.0001523763085315495}]","[{""value"": ""<MISSING>"", ""count"": 91255, ""fraction"": 0.8343009169950356}, {""value"": ""5.0"", ""count"": 12125, ""fraction"": 0.11085308880132384}, {""value"": ""4.0"", ""count"": 2149, ""fraction"": 0.019647281470849067}, {""value"": ""3.0"", ""count"": 2132, ""fraction"": 0.01949185858345752}, {""value"": ""1.0"", ""count"": 1031, ""fraction"": 0.009425940994157929}, {""value"": ""2.0"", ""count"": 603, ""fraction"": 0.005512941241006044}, {""value"": ""9.0"", ""count"": 30, ""fraction"": 0.00027427568363214144}, {""value"": ""7.0"", ""count"": 28, ""fraction"": 0.00025599063805666533}, {""value"": ""8.0"", ""count"": 26, ""fraction"": 0.00023770559248118925}]",1.0,9.0,
195,SCNTPAID,How Are You Generally Paid For The Work You Do,"At your main job or business, how are you generally paid for the work you do. Are you:",categorical,A small set of documented response categories,optional_module,20.3,[90],"[{""code"": ""7"", ""label"": ""Don’t know/Not Sure""}, {""code"": ""9"", ""label"": ""Refused""}, {""code"": ""BLANK"", ""label"": ""Not asked or Missing""}]",Not asked or Missing,contemporaneous,none,,include,,0.9208435552440306,0.9211823110469103,0.00033875580287967555,7,"[{""value"": ""<MISSING>"", ""count"": 302161, ""fraction"": 0.9208435552440306}, {""value"": ""2"", ""count"": 12240, ""fraction"": 0.03730172032852332}, {""value"": ""1"", ""count"": 9737, ""fraction"": 0.029673762323433953}, {""value"": ""3"", ""count"": 2223, ""fraction"": 0.006774650677312691}, {""value"": ""4"", ""count"": 1457, ""fraction"": 0.004440245630609353}, {""value"": ""9"", ""count"": 182, ""fraction"": 0.0005546497630548403}, {""value"": ""7"", ""count"": 135, ""fraction"": 0.0004114160330351837}]","[{""value"": ""<MISSING>"", ""count"": 100758, ""fraction"": 0.9211823110469103}, {""value"": ""2.0"", ""count"": 4027, ""fraction"": 0.03681693926622112}, {""value"": ""1.0"", ""count"": 3229, ""fraction"": 0.029521206081606157}, {""value"": ""3.0"", ""count"": 767, ""fraction"": 0.0070123149781950835}, {""value"": ""4.0"", ""count"": 501, ""fraction"": 0.004580403916656762}, {""value"": ""9.0"", ""count"": 64, ""fraction"": 0.0005851214584152351}, {""value"": ""7.0"", ""count"": 33, ""fraction"": 0.0003017032519953556}]",1.0,9.0,
196,SCNTWRK1,How Many Hours Per Week Do You Work,About how many hours do you work per week on all of your jobs and businesses combined?,count,"The variable records a number, duration, or frequency",optional_module,20.4,[90],"[{""code"": ""BLANK"", ""label"": ""Not asked or Missing""}]",Not asked or Missing,contemporaneous,none,,include,,0.9208770780319075,0.9212645937519999,0.00038751572009232405,94,"[{""value"": ""<MISSING>"", ""count"": 302172, ""fraction"": 0.9208770780319075}, {""value"": ""40"", ""count"": 8267, ""fraction"": 0.025193898852606398}, {""value"": ""50"", ""count"": 3343, ""fraction"": 0.0101878799884194}, {""value"": ""45"", ""count"": 1895, ""fraction"": 0.005775062093345726}, {""value"": ""60"", ""count"": 1801, ""fraction"": 0.005488594633306414}, {""value"": ""30"", ""count"": 1234, ""fraction"": 0.003760647294558642}, {""value"": ""20"", ""count"": 918, ""fraction"": 0.0027976290246392492}, {""value"": ""35"", ""count"": 813, ""fraction"": 0.0024776387767229953}, {""value"": ""55"", ""count"": 744, ""fraction"": 0.002267359470949457}, {""value"": ""25"", ""count"": 516, ""fraction"": 0.001572523504045591}]","[{""value"": ""<MISSING>"", ""count"": 100767, ""fraction"": 0.9212645937519999}, {""value"": ""40.0"", ""count"": 2728, ""fraction"": 0.024940802164949396}, {""value"": ""50.0"", ""count"": 1132, ""fraction"": 0.01034933579571947}, {""value"": ""60.0"", ""count"": 618, ""fraction"": 0.005650079082822114}, {""value"": ""45.0"", ""count"": 599, ""fraction"": 0.005476371149855091}, {""value"": ""30.0"", ""count"": 409, ""fraction"": 0.003739291820184862}, {""value"": ""20.0"", ""count"": 295, ""fraction"": 0.0026970442223827242}, {""value"": ""55.0"", ""count"": 266, ""fraction"": 0.002431911061538321}, {""value"": ""35.0"", ""count"": 238, ""fraction"": 0.0021759204234816556}, {""value"": ""25.0"", ""count"": 182, ""fraction"": 0.001663939147368325}]",1.0,99.0,
197,SCNTLPAD,How Were You Generally Paid For The Work You Did,"Thinking about the last time you worked, at your main job or business, how were you generally paid for the work you do? Were you:",categorical,A small set of documented response categories,optional_module,20.5,[91],"[{""code"": ""7"", ""label"": ""Don’t know/Not Sure""}, {""code"": ""9"", ""label"": ""Refused""}, {""code"": ""BLANK"", ""label"": ""Not asked or Missing""}]",Not asked or Missing,contemporaneous,none,,include,,0.9422189038048364,0.9416889896598067,0.0005299141450296752,7,"[{""value"": ""<MISSING>"", ""count"": 309175, ""fraction"": 0.9422189038048364}, {""value"": ""1"", ""count"": 8373, ""fraction"": 0.02551693662669328}, {""value"": ""2"", ""count"": 8030, ""fraction"": 0.024471635150166853}, {""value"": ""3"", ""count"": 1038, ""fraction"": 0.0031633321651149677}, {""value"": ""4"", ""count"": 998, ""fraction"": 0.0030414311182897285}, {""value"": ""7"", ""count"": 397, ""fraction"": 0.0012098678897405032}, {""value"": ""9"", ""count"": 124, ""fraction"": 0.0003778932451582428}]","[{""value"": ""<MISSING>"", ""count"": 103001, ""fraction"": 0.9416889896598067}, {""value"": ""1.0"", ""count"": 2830, ""fraction"": 0.025873339489298677}, {""value"": ""2.0"", ""count"": 2653, ""fraction"": 0.024255112955869042}, {""value"": ""4.0"", ""count"": 354, ""fraction"": 0.0032364530668592692}, {""value"": ""3.0"", ""count"": 349, ""fraction"": 0.0031907404529205787}, {""value"": ""7.0"", ""count"": 148, ""fraction"": 0.0013530933725852312}, {""value"": ""9.0"", ""count"": 44, ""fraction"": 0.0004022710026604741}]",1.0,9.0,
198,SCNTLWK1,How Many Hours Per Week Did You Work,"Thinking about the last time you worked, about how many hours did you work per week at all of your jobs and businesses combined?",count,"The variable records a number, duration, or frequency",optional_module,20.6,[91],"[{""code"": ""97"", ""label"": ""Don’t know/Not Sure""}, {""code"": ""99"", ""label"": ""Refused""}, {""code"": ""BLANK"", ""label"": ""Not asked or Missing""}]",Not asked or Missing,contemporaneous,none,,include,,0.9134776844896155,0.9135848746102999,0.00010719012068438616,93,"[{""value"": ""<MISSING>"", ""count"": 299744, ""fraction"": 0.9134776844896155}, {""value"": ""40"", ""count"": 11515, ""fraction"": 0.035092263854815856}, {""value"": ""50"", ""count"": 2325, ""fraction"": 0.007085498346717053}, {""value"": ""97"", ""count"": 1920, ""fraction"": 0.005851250247611501}, {""value"": ""60"", ""count"": 1591, ""fraction"": 0.004848614137473906}, {""value"": ""98"", ""count"": 1441, ""fraction"": 0.004391485211879257}, {""value"": ""30"", ""count"": 1152, ""fraction"": 0.003510750148566901}, {""value"": ""45"", ""count"": 1115, ""fraction"": 0.0033979916802535544}, {""value"": ""20"", ""count"": 1061, ""fraction"": 0.0032334252670394806}, {""value"": ""35"", ""count"": 598, ""fraction"": 0.0018224206500373323}]","[{""value"": ""<MISSING>"", ""count"": 99927, ""fraction"": 0.9135848746102999}, {""value"": ""40.0"", ""count"": 3935, ""fraction"": 0.035975827169749224}, {""value"": ""50.0"", ""count"": 724, ""fraction"": 0.006619186498322347}, {""value"": ""97.0"", ""count"": 584, ""fraction"": 0.00533923330803902}, {""value"": ""60.0"", ""count"": 536, ""fraction"": 0.004900392214227594}, {""value"": ""98.0"", ""count"": 455, ""fraction"": 0.004159847868420812}, {""value"": ""30.0"", ""count"": 369, ""fraction"": 0.00337359090867534}, {""value"": ""45.0"", ""count"": 335, ""fraction"": 0.003062745133892246}, {""value"": ""20.0"", ""count"": 334, ""fraction"": 0.003053602611104508}, {""value"": ""35.0"", ""count"": 224, ""fraction"": 0.0020479251044533226}]",1.0,99.0,
199,SXORIENT,Sexual orientation or gender identity,Do you consider yourself to be: (We ask this question in order to better understand the health and health care needs of people with different sexual orientations.),categorical,A small set of documented response categories,optional_module,21.1,[92],"[{""code"": ""7"", ""label"": ""Don’t know/Not Sure""}, {""code"": ""9"", ""label"": ""Refused""}, {""code"": ""BLANK"", ""label"": ""Not asked or Missing""}]",Not asked or Missing,contemporaneous,none,,include,,0.621463726819754,0.6209875753115315,0.00047615150822255536,7,"[{""value"": ""<MISSING>"", ""count"": 203924, ""fraction"": 0.621463726819754}, {""value"": ""1"", ""count"": 116927, ""fraction"": 0.3563380925533698}, {""value"": ""9"", ""count"": 2189, ""fraction"": 0.006671034787511238}, {""value"": ""2"", ""count"": 1700, ""fraction"": 0.005180794490072684}, {""value"": ""3"", ""count"": 1694, ""fraction"": 0.0051625093330488975}, {""value"": ""7"", ""count"": 1283, ""fraction"": 0.003909976076919561}, {""value"": ""4"", ""count"": 418, ""fraction"": 0.0012738659393237539}]","[{""value"": ""<MISSING>"", ""count"": 67923, ""fraction"": 0.6209875753115315}, {""value"": ""1.0"", ""count"": 39082, ""fraction"": 0.3573080755903784}, {""value"": ""9.0"", ""count"": 704, ""fraction"": 0.006436336042567586}, {""value"": ""3.0"", ""count"": 561, ""fraction"": 0.005128955283921045}, {""value"": ""2.0"", ""count"": 525, ""fraction"": 0.004799824463562475}, {""value"": ""7.0"", ""count"": 429, ""fraction"": 0.003922142275939623}, {""value"": ""4.0"", ""count"": 155, ""fraction"": 0.0014170910320993975}]",1.0,9.0,
200,TRNSGNDR,Do you consider yourself to be transgender?,"Do you consider yourself to be transgender? (If yes, ask “Do you consider yourself to be male-to-female, female-to-male, or gender non-conforming?)",categorical,A small set of documented response categories,optional_module,21.2,[92],"[{""code"": ""7"", ""label"": ""Don’t know/Not Sure""}, {""code"": ""9"", ""label"": ""Refused""}, {""code"": ""BLANK"", ""label"": ""Not asked or Missing""}]",Not asked or Missing,contemporaneous,none,,include,,0.6216648635470157,0.6212069958584372,0.0004578676885784727,7,"[{""value"": ""<MISSING>"", ""count"": 203990, ""fraction"": 0.6216648635470157}, {""value"": ""4"", ""count"": 121781, ""fraction"": 0.3711307845856126}, {""value"": ""9"", ""count"": 1116, ""fraction"": 0.0034010392064241853}, {""value"": ""7"", ""count"": 684, ""fraction"": 0.0020845079007115975}, {""value"": ""1"", ""count"": 277, ""fraction"": 0.0008441647492647843}, {""value"": ""2"", ""count"": 178, ""fraction"": 0.0005424596583723163}, {""value"": ""3"", ""count"": 109, ""fraction"": 0.00033218035259877793}]","[{""value"": ""<MISSING>"", ""count"": 67947, ""fraction"": 0.6212069958584372}, {""value"": ""4.0"", ""count"": 40651, ""fraction"": 0.3716526938443394}, {""value"": ""9.0"", ""count"": 374, ""fraction"": 0.00341930352261403}, {""value"": ""7.0"", ""count"": 229, ""fraction"": 0.002093637718392013}, {""value"": ""1.0"", ""count"": 79, ""fraction"": 0.0007222593002313058}, {""value"": ""2.0"", ""count"": 56, ""fraction"": 0.0005119812761133307}, {""value"": ""3.0"", ""count"": 43, ""fraction"": 0.0003931284798727361}]",1.0,9.0,
201,RCSGENDR,Gender of child,Is the child a boy or a girl?,binary,Two documented substantive responses,optional_module,22.2,[93],"[{""code"": ""9"", ""label"": ""Refused""}, {""code"": ""BLANK"", ""label"": ""Not asked or Missing""}]",Not asked or Missing,contemporaneous,none,,include,,0.8642418516769013,0.8649009407655949,0.0006590890886936096,4,"[{""value"": ""<MISSING>"", ""count"": 283588, ""fraction"": 0.8642418516769013}, {""value"": ""1"", ""count"": 21862, ""fraction"": 0.06662501714233471}, {""value"": ""2"", ""count"": 20572, ""fraction"": 0.06269370838222073}, {""value"": ""9"", ""count"": 2113, ""fraction"": 0.006439422798543283}]","[{""value"": ""<MISSING>"", ""count"": 94602, ""fraction"": 0.8649009407655949}, {""value"": ""1.0"", ""count"": 7318, ""fraction"": 0.06690498176066703}, {""value"": ""2.0"", ""count"": 6766, ""fraction"": 0.06185830918183564}, {""value"": ""9.0"", ""count"": 693, ""fraction"": 0.006335768291902468}]",1.0,9.0,
202,RCSRLTN2,Relationship to child,How are you related to the child?,categorical,A small set of documented response categories,optional_module,22.6,[93],"[{""code"": ""7"", ""label"": ""Don’t know/Not sure""}, {""code"": ""9"", ""label"": ""Refused""}, {""code"": ""BLANK"", ""label"": ""Not asked or Missing""}]",Not asked or Missing,contemporaneous,none,,include,,0.864714218233349,0.8652483566315289,0.0005341383981798398,9,"[{""value"": ""<MISSING>"", ""count"": 283743, ""fraction"": 0.864714218233349}, {""value"": ""1"", ""count"": 34779, ""fraction"": 0.10598991268837521}, {""value"": ""2"", ""count"": 3731, ""fraction"": 0.011370320142624225}, {""value"": ""4"", ""count"": 2029, ""fraction"": 0.006183430600210279}, {""value"": ""9"", ""count"": 1649, ""fraction"": 0.005025370655370503}, {""value"": ""5"", ""count"": 1015, ""fraction"": 0.0030932390631904553}, {""value"": ""6"", ""count"": 641, ""fraction"": 0.001953464275374465}, {""value"": ""3"", ""count"": 520, ""fraction"": 0.001584713608728115}, {""value"": ""7"", ""count"": 28, ""fraction"": 8.533073277766773e-05}]","[{""value"": ""<MISSING>"", ""count"": 94640, ""fraction"": 0.8652483566315289}, {""value"": ""1.0"", ""count"": 11549, ""fraction"": 0.10558699567558671}, {""value"": ""2.0"", ""count"": 1212, ""fraction"": 0.011080737618738516}, {""value"": ""4.0"", ""count"": 672, ""fraction"": 0.006143775313359969}, {""value"": ""9.0"", ""count"": 552, ""fraction"": 0.005046672578831402}, {""value"": ""5.0"", ""count"": 352, ""fraction"": 0.003218168021283793}, {""value"": ""6.0"", ""count"": 228, ""fraction"": 0.002084495195604275}, {""value"": ""3.0"", ""count"": 169, ""fraction"": 0.0015450863511277302}, {""value"": ""7.0"", ""count"": 5, ""fraction"": 4.571261393869024e-05}]",1.0,9.0,
203,CASTHDX2,Hlth pro ever said child has asthma,"Has a doctor, nurse or other health professional EVER said that the child has asthma?",categorical,A small set of documented response categories,optional_module,23.1,[94],"[{""code"": ""BLANK"", ""label"": ""Not asked or Missing""}]",Not asked or Missing,contemporaneous,none,,include,,0.8808752495162052,0.8814397644886129,0.0005645149724077259,5,"[{""value"": ""<MISSING>"", ""count"": 289046, ""fraction"": 0.8808752495162052}, {""value"": ""2"", ""count"": 32402, ""fraction"": 0.09874594298078535}, {""value"": ""1"", ""count"": 4816, ""fraction"": 0.01467688603775885}, {""value"": ""9"", ""count"": 1452, ""fraction"": 0.004425007999756198}, {""value"": ""7"", ""count"": 419, ""fraction"": 0.001276913465494385}]","[{""value"": ""<MISSING>"", ""count"": 96411, ""fraction"": 0.8814397644886129}, {""value"": ""2.0"", ""count"": 10715, ""fraction"": 0.09796213167061318}, {""value"": ""1.0"", ""count"": 1652, ""fraction"": 0.015103447645343255}, {""value"": ""9.0"", ""count"": 478, ""fraction"": 0.0043701258925387875}, {""value"": ""7.0"", ""count"": 123, ""fraction"": 0.00112453030289178}]",1.0,9.0,
204,CASTHNO2,Child still have asthma?,Does the child still have asthma?,binary,Two documented substantive responses,optional_module,23.2,[94],"[{""code"": ""7"", ""label"": ""Don’t know/Not Sure""}, {""code"": ""9"", ""label"": ""Refused""}, {""code"": ""BLANK"", ""label"": ""Not asked or Missing""}]",Not asked or Missing,contemporaneous,none,,include,,0.9853383515930944,0.9848965523546568,0.00044179923843756796,5,"[{""value"": ""<MISSING>"", ""count"": 323324, ""fraction"": 0.9853383515930944}, {""value"": ""1"", ""count"": 3154, ""fraction"": 0.009611897542170143}, {""value"": ""2"", ""count"": 1543, ""fraction"": 0.004702332881283618}, {""value"": ""7"", ""count"": 113, ""fraction"": 0.0003443704572813019}, {""value"": ""9"", ""count"": 1, ""fraction"": 3.0475261706309903e-06}]","[{""value"": ""<MISSING>"", ""count"": 107727, ""fraction"": 0.9848965523546568}, {""value"": ""1.0"", ""count"": 1080, ""fraction"": 0.009873924610757092}, {""value"": ""2.0"", ""count"": 530, ""fraction"": 0.004845537077501166}, {""value"": ""7.0"", ""count"": 41, ""fraction"": 0.00037484343429725997}, {""value"": ""9.0"", ""count"": 1, ""fraction"": 9.142522787738048e-06}]",1.0,9.0,
205,EMTSUPRT,How often get emotional support needed,How often do you get the social and emotional support you need?,ordinal,The documented responses have a natural order,optional_module,24.1,[94],"[{""code"": ""7"", ""label"": ""Don’t know/Not sure""}, {""code"": ""9"", ""label"": ""Refused""}, {""code"": ""BLANK"", ""label"": ""Not asked or Missing""}]",Not asked or Missing,contemporaneous,none,,include,,0.9540463528730553,0.9555947668199563,0.0015484139469009728,8,"[{""value"": ""<MISSING>"", ""count"": 313056, ""fraction"": 0.9540463528730553}, {""value"": ""1"", ""count"": 8097, ""fraction"": 0.024675819403599128}, {""value"": ""2"", ""count"": 4224, ""fraction"": 0.012872750544745303}, {""value"": ""3"", ""count"": 1551, ""fraction"": 0.004726713090648666}, {""value"": ""5"", ""count"": 509, ""fraction"": 0.001551190820851174}, {""value"": ""4"", ""count"": 433, ""fraction"": 0.0013195788318832188}, {""value"": ""7"", ""count"": 183, ""fraction"": 0.0005576972892254713}, {""value"": ""9"", ""count"": 82, ""fraction"": 0.0002498971459917412}]","[{""value"": ""<MISSING>"", ""count"": 104522, ""fraction"": 0.9555947668199563}, {""value"": ""1.0"", ""count"": 2603, ""fraction"": 0.02379798681648214}, {""value"": ""2.0"", ""count"": 1378, ""fraction"": 0.01259839640150303}, {""value"": ""3.0"", ""count"": 491, ""fraction"": 0.004488978688779382}, {""value"": ""5.0"", ""count"": 175, ""fraction"": 0.0015999414878541585}, {""value"": ""4.0"", ""count"": 152, ""fraction"": 0.0013896634637361833}, {""value"": ""7.0"", ""count"": 43, ""fraction"": 0.0003931284798727361}, {""value"": ""9.0"", ""count"": 15, ""fraction"": 0.00013713784181607072}]",1.0,9.0,
206,LSATISFY,Satisfaction with life,"In general, how satisfied are you with your life?",ordinal,The documented responses have a natural order,optional_module,24.2,[95],"[{""code"": ""7"", ""label"": ""Don’t know/Not sure""}, {""code"": ""9"", ""label"": ""Refused""}, {""code"": ""BLANK"", ""label"": ""Not asked or Missing""}]",Not asked or Missing,contemporaneous,none,,include,,0.9540768281347616,0.9556130518655318,0.0015362237307702253,7,"[{""value"": ""<MISSING>"", ""count"": 313066, ""fraction"": 0.9540768281347616}, {""value"": ""2"", ""count"": 7263, ""fraction"": 0.022134182577292882}, {""value"": ""1"", ""count"": 6861, ""fraction"": 0.020909077056699223}, {""value"": ""3"", ""count"": 609, ""fraction"": 0.001855943437914273}, {""value"": ""4"", ""count"": 174, ""fraction"": 0.0005302695536897924}, {""value"": ""7"", ""count"": 99, ""fraction"": 0.000301705090892468}, {""value"": ""9"", ""count"": 63, ""fraction"": 0.0001919941487497524}]","[{""value"": ""<MISSING>"", ""count"": 104524, ""fraction"": 0.9556130518655318}, {""value"": ""2.0"", ""count"": 2388, ""fraction"": 0.02183234441711846}, {""value"": ""1.0"", ""count"": 2170, ""fraction"": 0.019839274449391566}, {""value"": ""3.0"", ""count"": 204, ""fraction"": 0.0018650746486985619}, {""value"": ""4.0"", ""count"": 49, ""fraction"": 0.00044798361659916436}, {""value"": ""7.0"", ""count"": 26, ""fraction"": 0.00023770559248118925}, {""value"": ""9.0"", ""count"": 18, ""fraction"": 0.00016456541017928486}]",1.0,9.0,
207,ADPLEASR,Days had little pleasure doing things,"Over the last 2 weeks, how many days have you had little interest or pleasure in doing things?",count,"The variable records a number, duration, or frequency",optional_module,25.1,[95],"[{""code"": ""77"", ""label"": ""Don’t know/Not sure""}, {""code"": ""99"", ""label"": ""Refused""}, {""code"": ""BLANK"", ""label"": ""Not asked or Missing""}]",Not asked or Missing,contemporaneous,none,,include,,0.9538574062504762,0.9534554164876256,0.000401989762850663,18,"[{""value"": ""<MISSING>"", ""count"": 312994, ""fraction"": 0.9538574062504762}, {""value"": ""88"", ""count"": 10168, ""fraction"": 0.03098724610297591}, {""value"": ""2"", ""count"": 963, ""fraction"": 0.0029347677023176437}, {""value"": ""14"", ""count"": 816, ""fraction"": 0.002486781355234888}, {""value"": ""1"", ""count"": 607, ""fraction"": 0.001849848385573011}, {""value"": ""3"", ""count"": 499, ""fraction"": 0.0015207155591448643}, {""value"": ""77"", ""count"": 430, ""fraction"": 0.0013104362533713258}, {""value"": ""7"", ""count"": 341, ""fraction"": 0.0010392064241851677}, {""value"": ""4"", ""count"": 339, ""fraction"": 0.0010331113718439057}, {""value"": ""5"", ""count"": 335, ""fraction"": 0.0010209212671613817}]","[{""value"": ""<MISSING>"", ""count"": 104288, ""fraction"": 0.9534554164876256}, {""value"": ""88.0"", ""count"": 3383, ""fraction"": 0.03092915459091782}, {""value"": ""2.0"", ""count"": 390, ""fraction"": 0.003565583887217839}, {""value"": ""14.0"", ""count"": 306, ""fraction"": 0.002797611973047843}, {""value"": ""1.0"", ""count"": 211, ""fraction"": 0.0019290723082127281}, {""value"": ""77.0"", ""count"": 152, ""fraction"": 0.0013896634637361833}, {""value"": ""3.0"", ""count"": 127, ""fraction"": 0.0011611003940427322}, {""value"": ""7.0"", ""count"": 112, ""fraction"": 0.0010239625522266613}, {""value"": ""4.0"", ""count"": 101, ""fraction"": 0.0009233948015615429}, {""value"": ""5.0"", ""count"": 99, ""fraction"": 0.0009051097559860668}]",1.0,99.0,
208,ADDOWN,"Days felt down, depressed or hopeless","Over the last 2 weeks, how many days have you felt down, depressed or hopeless?",count,"The variable records a number, duration, or frequency",optional_module,25.2,[95],"[{""code"": ""77"", ""label"": ""Don’t know/Not sure""}, {""code"": ""99"", ""label"": ""Refused""}, {""code"": ""BLANK"", ""label"": ""Not asked or Missing""}]",Not asked or Missing,contemporaneous,none,,include,,0.9538970240906944,0.9534828440559888,0.0004141800347056135,18,"[{""value"": ""<MISSING>"", ""count"": 313007, ""fraction"": 0.9538970240906944}, {""value"": ""88"", ""count"": 11102, ""fraction"": 0.033833635546345255}, {""value"": ""2"", ""count"": 862, ""fraction"": 0.0026269675590839137}, {""value"": ""14"", ""count"": 726, ""fraction"": 0.002212503999878099}, {""value"": ""1"", ""count"": 658, ""fraction"": 0.0020052722202751915}, {""value"": ""3"", ""count"": 408, ""fraction"": 0.001243390677617444}, {""value"": ""7"", ""count"": 290, ""fraction"": 0.0008837825894829872}, {""value"": ""5"", ""count"": 277, ""fraction"": 0.0008441647492647843}, {""value"": ""4"", ""count"": 232, ""fraction"": 0.0007070260715863897}, {""value"": ""10"", ""count"": 192, ""fraction"": 0.0005851250247611501}]","[{""value"": ""<MISSING>"", ""count"": 104291, ""fraction"": 0.9534828440559888}, {""value"": ""88.0"", ""count"": 3725, ""fraction"": 0.034055897384324234}, {""value"": ""2.0"", ""count"": 279, ""fraction"": 0.0025507638577789153}, {""value"": ""14.0"", ""count"": 249, ""fraction"": 0.002276488174146774}, {""value"": ""1.0"", ""count"": 245, ""fraction"": 0.002239918082995822}, {""value"": ""3.0"", ""count"": 133, ""fraction"": 0.0012159555307691605}, {""value"": ""7.0"", ""count"": 96, ""fraction"": 0.0008776821876228527}, {""value"": ""5.0"", ""count"": 96, ""fraction"": 0.0008776821876228527}, {""value"": ""4.0"", ""count"": 75, ""fraction"": 0.0006856892090803537}, {""value"": ""10.0"", ""count"": 56, ""fraction"": 0.0005119812761133307}]",1.0,99.0,
209,ADSLEEP,Days had trouble with sleep,"Over the last 2 weeks, how many days have you had trouble falling asleep or staying asleep or sleeping too much?",count,"The variable records a number, duration, or frequency",optional_module,25.3,[96],"[{""code"": ""77"", ""label"": ""Don’t know/Not sure""}, {""code"": ""99"", ""label"": ""Refused""}, {""code"": ""BLANK"", ""label"": ""Not asked or Missing""}]",Not asked or Missing,contemporaneous,none,,include,,0.9539183567738888,0.953510271624352,0.00040808514953682984,18,"[{""value"": ""<MISSING>"", ""count"": 313014, ""fraction"": 0.9539183567738888}, {""value"": ""88"", ""count"": 8016, ""fraction"": 0.024428969783778016}, {""value"": ""14"", ""count"": 2367, ""fraction"": 0.007213494445883554}, {""value"": ""2"", ""count"": 1008, ""fraction"": 0.0030719063799960382}, {""value"": ""3"", ""count"": 694, ""fraction"": 0.002114983162417907}, {""value"": ""1"", ""count"": 569, ""fraction"": 0.0017340423910890334}, {""value"": ""4"", ""count"": 501, ""fraction"": 0.001526810611486126}, {""value"": ""5"", ""count"": 466, ""fraction"": 0.0014201471955140414}, {""value"": ""7"", ""count"": 418, ""fraction"": 0.0012738659393237539}, {""value"": ""10"", ""count"": 342, ""fraction"": 0.0010422539503557988}]","[{""value"": ""<MISSING>"", ""count"": 104294, ""fraction"": 0.953510271624352}, {""value"": ""88.0"", ""count"": 2679, ""fraction"": 0.024492818548350233}, {""value"": ""14.0"", ""count"": 779, ""fraction"": 0.00712202525164794}, {""value"": ""2.0"", ""count"": 350, ""fraction"": 0.003199882975708317}, {""value"": ""3.0"", ""count"": 247, ""fraction"": 0.002258203128571298}, {""value"": ""1.0"", ""count"": 184, ""fraction"": 0.0016822241929438009}, {""value"": ""4.0"", ""count"": 168, ""fraction"": 0.0015359438283399922}, {""value"": ""7.0"", ""count"": 164, ""fraction"": 0.0014993737371890399}, {""value"": ""5.0"", ""count"": 144, ""fraction"": 0.0013165232814342789}, {""value"": ""10.0"", ""count"": 130, ""fraction"": 0.0011885279624059464}]",1.0,99.0,
210,ADENERGY,Days were tired or had little energy,"Over the last 2 weeks, how many days have you felt tired or had little energy?",count,"The variable records a number, duration, or frequency",optional_module,25.4,[96],"[{""code"": ""77"", ""label"": ""Don’t know/Not sure""}, {""code"": ""99"", ""label"": ""Refused""}, {""code"": ""BLANK"", ""label"": ""Not asked or Missing""}]",Not asked or Missing,contemporaneous,none,,include,,0.9539305468785714,0.9535285566699275,0.00040199020864384316,18,"[{""value"": ""<MISSING>"", ""count"": 313018, ""fraction"": 0.9539305468785714}, {""value"": ""88"", ""count"": 5802, ""fraction"": 0.017681746842001005}, {""value"": ""14"", ""count"": 2615, ""fraction"": 0.00796928093620004}, {""value"": ""2"", ""count"": 1747, ""fraction"": 0.00532402822009234}, {""value"": ""3"", ""count"": 960, ""fraction"": 0.0029256251238057506}, {""value"": ""1"", ""count"": 896, ""fraction"": 0.002730583448885367}, {""value"": ""5"", ""count"": 653, ""fraction"": 0.0019900345894220367}, {""value"": ""4"", ""count"": 625, ""fraction"": 0.001904703856644369}, {""value"": ""7"", ""count"": 560, ""fraction"": 0.0017066146555533546}, {""value"": ""10"", ""count"": 436, ""fraction"": 0.0013287214103951117}]","[{""value"": ""<MISSING>"", ""count"": 104296, ""fraction"": 0.9535285566699275}, {""value"": ""88.0"", ""count"": 1912, ""fraction"": 0.01748050357015515}, {""value"": ""14.0"", ""count"": 845, ""fraction"": 0.007725431755638651}, {""value"": ""2.0"", ""count"": 613, ""fraction"": 0.005604366468883424}, {""value"": ""3.0"", ""count"": 355, ""fraction"": 0.003245595589647007}, {""value"": ""1.0"", ""count"": 284, ""fraction"": 0.002596476471717606}, {""value"": ""4.0"", ""count"": 223, ""fraction"": 0.002038782581665585}, {""value"": ""5.0"", ""count"": 214, ""fraction"": 0.0019564998765759425}, {""value"": ""7.0"", ""count"": 207, ""fraction"": 0.001892502217061776}, {""value"": ""10.0"", ""count"": 142, ""fraction"": 0.001298238235858803}]",1.0,99.0,
211,ADEAT1,Days ate too little or too much,"Over the last 2 weeks, how many days have you had a poor appetite or eaten too much?",count,"The variable records a number, duration, or frequency",optional_module,25.5,[96],"[{""code"": ""77"", ""label"": ""Don’t know/Not sure""}, {""code"": ""99"", ""label"": ""Refused""}, {""code"": ""BLANK"", ""label"": ""Not asked or Missing""}]",Not asked or Missing,contemporaneous,none,,include,,0.953957974614107,0.9535376991927152,0.0004202754213917803,18,"[{""value"": ""<MISSING>"", ""count"": 313027, ""fraction"": 0.953957974614107}, {""value"": ""88"", ""count"": 9684, ""fraction"": 0.02951224343639051}, {""value"": ""14"", ""count"": 1355, ""fraction"": 0.004129397961204992}, {""value"": ""2"", ""count"": 958, ""fraction"": 0.002919530071464489}, {""value"": ""3"", ""count"": 592, ""fraction"": 0.0018041354930135463}, {""value"": ""1"", ""count"": 585, ""fraction"": 0.0017828028098191293}, {""value"": ""5"", ""count"": 422, ""fraction"": 0.0012860560440062778}, {""value"": ""4"", ""count"": 372, ""fraction"": 0.0011336797354747285}, {""value"": ""7"", ""count"": 360, ""fraction"": 0.0010971094214271566}, {""value"": ""10"", ""count"": 241, ""fraction"": 0.0007344538071220687}]","[{""value"": ""<MISSING>"", ""count"": 104297, ""fraction"": 0.9535376991927152}, {""value"": ""88.0"", ""count"": 3195, ""fraction"": 0.029210360306823065}, {""value"": ""14.0"", ""count"": 451, ""fraction"": 0.004123277777269859}, {""value"": ""2.0"", ""count"": 315, ""fraction"": 0.0028798946781374854}, {""value"": ""1.0"", ""count"": 228, ""fraction"": 0.002084495195604275}, {""value"": ""3.0"", ""count"": 204, ""fraction"": 0.0018650746486985619}, {""value"": ""5.0"", ""count"": 143, ""fraction"": 0.001307380758646541}, {""value"": ""4.0"", ""count"": 132, ""fraction"": 0.0012068130079814223}, {""value"": ""7.0"", ""count"": 129, ""fraction"": 0.0011793854396182082}, {""value"": ""10.0"", ""count"": 89, ""fraction"": 0.0008136845281086863}]",1.0,99.0,
212,ADFAIL,Days felt like failure or let family down,"Over the last 2 weeks, how many days have you felt bad about yourself or that you were a failure or had let yourself or your family down?",count,"The variable records a number, duration, or frequency",optional_module,25.6,[97],"[{""code"": ""77"", ""label"": ""Don’t know/Not sure""}, {""code"": ""99"", ""label"": ""Refused""}, {""code"": ""BLANK"", ""label"": ""Not asked or Missing""}]",Not asked or Missing,contemporaneous,none,,include,,0.9539732122449601,0.9535559842382907,0.0004172280066694345,18,"[{""value"": ""<MISSING>"", ""count"": 313032, ""fraction"": 0.9539732122449601}, {""value"": ""88"", ""count"": 12362, ""fraction"": 0.0376735185213403}, {""value"": ""14"", ""count"": 689, ""fraction"": 0.0020997455315647524}, {""value"": ""2"", ""count"": 482, ""fraction"": 0.0014689076142441373}, {""value"": ""1"", ""count"": 432, ""fraction"": 0.0013165313057125877}, {""value"": ""3"", ""count"": 231, ""fraction"": 0.0007039785454157587}, {""value"": ""7"", ""count"": 161, ""fraction"": 0.0004906517134715895}, {""value"": ""5"", ""count"": 159, ""fraction"": 0.00048455666113032743}, {""value"": ""4"", ""count"": 138, ""fraction"": 0.00042055861154707667}, {""value"": ""10"", ""count"": 125, ""fraction"": 0.0003809407713288738}]","[{""value"": ""<MISSING>"", ""count"": 104299, ""fraction"": 0.9535559842382907}, {""value"": ""88.0"", ""count"": 4158, ""fraction"": 0.0380146097514148}, {""value"": ""14.0"", ""count"": 265, ""fraction"": 0.002422768538750583}, {""value"": ""2.0"", ""count"": 150, ""fraction"": 0.0013713784181607074}, {""value"": ""1.0"", ""count"": 129, ""fraction"": 0.0011793854396182082}, {""value"": ""3.0"", ""count"": 76, ""fraction"": 0.0006948317318680917}, {""value"": ""7.0"", ""count"": 60, ""fraction"": 0.0005485513672642829}, {""value"": ""5.0"", ""count"": 54, ""fraction"": 0.0004936962305378546}, {""value"": ""4.0"", ""count"": 44, ""fraction"": 0.0004022710026604741}, {""value"": ""10.0"", ""count"": 43, ""fraction"": 0.0003931284798727361}]",1.0,99.0,
213,ADTHINK,Days had trouble concentrating,"Over the last 2 weeks, how many days have you had trouble concentrating on things, such as reading the newspaper or watching the TV?",count,"The variable records a number, duration, or frequency",optional_module,25.7,[97],"[{""code"": ""77"", ""label"": ""Don’t know/Not sure""}, {""code"": ""99"", ""label"": ""Refused""}, {""code"": ""BLANK"", ""label"": ""Not asked or Missing""}]",Not asked or Missing,contemporaneous,none,,include,,0.9540097825590077,0.9535742692838662,0.00043551327514146365,18,"[{""value"": ""<MISSING>"", ""count"": 313044, ""fraction"": 0.9540097825590077}, {""value"": ""88"", ""count"": 12719, ""fraction"": 0.03876148536425557}, {""value"": ""14"", ""count"": 625, ""fraction"": 0.001904703856644369}, {""value"": ""2"", ""count"": 429, ""fraction"": 0.0013073887272006949}, {""value"": ""1"", ""count"": 225, ""fraction"": 0.0006856933883919728}, {""value"": ""3"", ""count"": 188, ""fraction"": 0.0005729349200786261}, {""value"": ""7"", ""count"": 180, ""fraction"": 0.0005485547107135783}, {""value"": ""5"", ""count"": 171, ""fraction"": 0.0005211269751778994}, {""value"": ""4"", ""count"": 159, ""fraction"": 0.00048455666113032743}, {""value"": ""77"", ""count"": 120, ""fraction"": 0.00036570314047571883}]","[{""value"": ""<MISSING>"", ""count"": 104301, ""fraction"": 0.9535742692838662}, {""value"": ""88.0"", ""count"": 4279, ""fraction"": 0.03912085500873111}, {""value"": ""14.0"", ""count"": 205, ""fraction"": 0.0018742171714862998}, {""value"": ""2.0"", ""count"": 136, ""fraction"": 0.0012433830991323746}, {""value"": ""3.0"", ""count"": 80, ""fraction"": 0.0007314018230190439}, {""value"": ""7.0"", ""count"": 70, ""fraction"": 0.0006399765951416634}, {""value"": ""1.0"", ""count"": 63, ""fraction"": 0.000575978935627497}, {""value"": ""5.0"", ""count"": 57, ""fraction"": 0.0005211237989010687}, {""value"": ""4.0"", ""count"": 55, ""fraction"": 0.0005028387533255927}, {""value"": ""77.0"", ""count"": 49, ""fraction"": 0.00044798361659916436}]",1.0,99.0,
214,ADMOVE,Days talked to move slower or faster than usual,"Over the last 2 weeks, how many days have you moved or spoken so slowly that other people could have noticed? Or the opposite – being so fidgety or restless that you were moving around a lot more than usual?",count,"The variable records a number, duration, or frequency",optional_module,25.8,[97],"[{""code"": ""77"", ""label"": ""Don’t know/Not sure""}, {""code"": ""99"", ""label"": ""Refused""}, {""code"": ""BLANK"", ""label"": ""Not asked or Missing""}]",Not asked or Missing,contemporaneous,none,,include,,0.9540433053468846,0.9536108393750171,0.0004324659718675239,18,"[{""value"": ""<MISSING>"", ""count"": 313055, ""fraction"": 0.9540433053468846}, {""value"": ""88"", ""count"": 13126, ""fraction"": 0.04000182851570238}, {""value"": ""14"", ""count"": 437, ""fraction"": 0.0013317689365657428}, {""value"": ""2"", ""count"": 292, ""fraction"": 0.0008898776418242492}, {""value"": ""77"", ""count"": 274, ""fraction"": 0.0008350221707528914}, {""value"": ""3"", ""count"": 186, ""fraction"": 0.0005668398677373642}, {""value"": ""1"", ""count"": 169, ""fraction"": 0.0005150319228366374}, {""value"": ""5"", ""count"": 142, ""fraction"": 0.00043274871622960064}, {""value"": ""7"", ""count"": 140, ""fraction"": 0.00042665366388833865}, {""value"": ""4"", ""count"": 108, ""fraction"": 0.00032913282642814694}]","[{""value"": ""<MISSING>"", ""count"": 104305, ""fraction"": 0.9536108393750171}, {""value"": ""88.0"", ""count"": 4412, ""fraction"": 0.04033681053950027}, {""value"": ""14.0"", ""count"": 129, ""fraction"": 0.0011793854396182082}, {""value"": ""77.0"", ""count"": 113, ""fraction"": 0.0010331050750143995}, {""value"": ""2.0"", ""count"": 82, ""fraction"": 0.0007496868685945199}, {""value"": ""3.0"", ""count"": 79, ""fraction"": 0.0007222593002313058}, {""value"": ""1.0"", ""count"": 60, ""fraction"": 0.0005485513672642829}, {""value"": ""7.0"", ""count"": 42, ""fraction"": 0.00038398595708499805}, {""value"": ""4.0"", ""count"": 40, ""fraction"": 0.00036570091150952194}, {""value"": ""5.0"", ""count"": 37, ""fraction"": 0.0003382733431463078}]",1.0,99.0,
215,MISTMNT,Receiving medicine or treatment from health pro for emotional problem,Are you now taking medicine or receiving treatment from a doctor or other health professional for any type of mental health condition or emotional problem?,binary,Two documented substantive responses,optional_module,25.9,[98],"[{""code"": ""7"", ""label"": ""Don’t know/Not sure""}, {""code"": ""9"", ""label"": ""Refused""}, {""code"": ""BLANK"", ""label"": ""Not asked or Missing""}]",Not asked or Missing,contemporaneous,none,,include,,0.9540798756609322,0.9536382669433804,0.0004416087175518335,5,"[{""value"": ""<MISSING>"", ""count"": 313067, ""fraction"": 0.9540798756609322}, {""value"": ""2"", ""count"": 12779, ""fraction"": 0.03894433693449342}, {""value"": ""1"", ""count"": 2225, ""fraction"": 0.006780745729653953}, {""value"": ""9"", ""count"": 32, ""fraction"": 9.752083746019169e-05}, {""value"": ""7"", ""count"": 32, ""fraction"": 9.752083746019169e-05}]","[{""value"": ""<MISSING>"", ""count"": 104308, ""fraction"": 0.9536382669433804}, {""value"": ""2.0"", ""count"": 4322, ""fraction"": 0.03951398348860385}, {""value"": ""1.0"", ""count"": 728, ""fraction"": 0.0066557565894733}, {""value"": ""9.0"", ""count"": 11, ""fraction"": 0.00010056775066511853}, {""value"": ""7.0"", ""count"": 10, ""fraction"": 9.142522787738048e-05}]",1.0,9.0,
216,ADANXEV,Ever told you had an anxiety disorder,"Has a doctor or other healthcare provider EVER told you that you had an anxiety disorder (including acute stress disorder, anxiety, generalized anxiety disorder, obsessive-compulsive disorder, panic disorder, phobia, posttraumatic stress disorder, or social anxiety disorder)?",binary,Two documented substantive responses,optional_module,25.10,[98],"[{""code"": ""7"", ""label"": ""Don’t know/Not sure""}, {""code"": ""9"", ""label"": ""Refused""}, {""code"": ""BLANK"", ""label"": ""Not asked or Missing""}]",Not asked or Missing,contemporaneous,none,,include,,0.9541012083441267,0.9536474094661681,0.00045379887795859997,5,"[{""value"": ""<MISSING>"", ""count"": 313074, ""fraction"": 0.9541012083441267}, {""value"": ""2"", ""count"": 12521, ""fraction"": 0.03815807518247063}, {""value"": ""1"", ""count"": 2443, ""fraction"": 0.007445106434851509}, {""value"": ""7"", ""count"": 71, ""fraction"": 0.00021637435811480032}, {""value"": ""9"", ""count"": 26, ""fraction"": 7.923568043640574e-05}]","[{""value"": ""<MISSING>"", ""count"": 104309, ""fraction"": 0.9536474094661681}, {""value"": ""2.0"", ""count"": 4235, ""fraction"": 0.03871858400607064}, {""value"": ""1.0"", ""count"": 807, ""fraction"": 0.007378015889704605}, {""value"": ""7.0"", ""count"": 17, ""fraction"": 0.00015542288739154683}, {""value"": ""9.0"", ""count"": 11, ""fraction"": 0.00010056775066511853}]",1.0,9.0,
217,QSTVER,Questionnaire Version Identifier,Questionnaire Version Identifier,survey_design,Survey administration or weighting variable,administrative,,[99],[],No documented blank category,contemporaneous,none,,include,,0.0,0.0,0.0,8,"[{""value"": ""10"", ""count"": 111488, ""fraction"": 0.33976259771130785}, {""value"": ""20"", ""count"": 83125, ""fraction"": 0.2533256129337011}, {""value"": ""11"", ""count"": 39034, ""fraction"": 0.11895713654441008}, {""value"": ""12"", ""count"": 35039, ""fraction"": 0.10678226949273927}, {""value"": ""21"", ""count"": 26538, ""fraction"": 0.08087524951620521}, {""value"": ""22"", ""count"": 25292, ""fraction"": 0.077078031907599}, {""value"": ""23"", ""count"": 4460, ""fraction"": 0.013591966721014218}, {""value"": ""13"", ""count"": 3159, ""fraction"": 0.009627135173023299}]","[{""value"": ""10"", ""count"": 37352, ""fraction"": 0.3414915111675916}, {""value"": ""20"", ""count"": 27385, ""fraction"": 0.25036798654220643}, {""value"": ""11"", ""count"": 13090, ""fraction"": 0.11967562329149105}, {""value"": ""12"", ""count"": 11844, ""fraction"": 0.10828403989796945}, {""value"": ""21"", ""count"": 8804, ""fraction"": 0.08049077062324578}, {""value"": ""22"", ""count"": 8447, ""fraction"": 0.0772268899880233}, {""value"": ""23"", ""count"": 1447, ""fraction"": 0.013229230473856957}, {""value"": ""13"", ""count"": 1010, ""fraction"": 0.00923394801561543}]",10.0,23.0,
218,QSTLANG,Language identifier,Language identifier,survey_design,Survey administration or weighting variable,administrative,,[99],"[{""code"": ""BLANK"", ""label"": ""Missing""}]",Missing,contemporaneous,none,,include,,4.266536638883386e-05,7.314018230190439e-05,3.0474815913070525e-05,4,"[{""value"": ""1"", ""count"": 315947, ""fraction"": 0.9628567510323495}, {""value"": ""2"", ""count"": 12167, ""fraction"": 0.03707925091806726}, {""value"": ""<MISSING>"", ""count"": 14, ""fraction"": 4.266536638883386e-05}, {""value"": ""3"", ""count"": 7, ""fraction"": 2.133268319441693e-05}]","[{""value"": ""1.0"", ""count"": 105317, ""fraction"": 0.9628630724362081}, {""value"": ""2.0"", ""count"": 4052, ""fraction"": 0.037045502335914575}, {""value"": ""<MISSING>"", ""count"": 8, ""fraction"": 7.314018230190439e-05}, {""value"": ""3.0"", ""count"": 2, ""fraction"": 1.8285045575476097e-05}]",1.0,3.0,
219,MSCODE,Metropolitan Status Code,Metropolitan Status Code,survey_design,Survey administration or weighting variable,survey_design,1.2,[100],[],"GU, PR, VI",contemporaneous,none,,include,,0.434083532692337,0.43053054059737245,0.003552992094964569,5,"[{""value"": ""<MISSING>"", ""count"": 142438, ""fraction"": 0.434083532692337}, {""value"": ""1"", ""count"": 82827, ""fraction"": 0.252417450134853}, {""value"": ""5"", ""count"": 56702, ""fraction"": 0.1728008289271184}, {""value"": ""2"", ""count"": 32751, ""fraction"": 0.09980952961433556}, {""value"": ""3"", ""count"": 13417, ""fraction"": 0.040888658631356}]","[{""value"": ""<MISSING>"", ""count"": 47091, ""fraction"": 0.43053054059737245}, {""value"": ""1.0"", ""count"": 27926, ""fraction"": 0.25531409137037275}, {""value"": ""5.0"", ""count"": 18934, ""fraction"": 0.1731045264630322}, {""value"": ""2.0"", ""count"": 10928, ""fraction"": 0.09990948902440139}, {""value"": ""3.0"", ""count"": 4500, ""fraction"": 0.041141352544821215}]",1.0,5.0,
220,_STSTR,Sample Design Stratification Variable,"Sample Design Stratification Variable (A five digit number that combines the values for _STATE (first two characters), _GEOSTR (third and fourth character), and _DENSTR2 (final character).)",survey_design,Survey administration or weighting variable,survey_design,1.3,[100],[],No documented blank category,contemporaneous,none,,include,,0.0,0.0,0.0,>256,[],[],11011.0,722019.0,
221,_STRWT,Stratum weight,Stratum weight (Number of records in a stratum (NRECSTR) divided by the number of records selected (NRECSEL).),survey_design,Survey administration or weighting variable,survey_design,1.4,[101],[],No documented blank category,contemporaneous,none,,include,,6.704557575388179e-05,3.6570091150952194e-05,3.0475484602929598e-05,>256,[],[],0.9452460365669324,1603.2865610007273,
222,_RAWRAKE,Raw weighting factor used in raking,"Raw weighting factor used in raking (Number of adults in the household (NUMADULT, maximum of 5) divided by the imputed number of phones (_IMPNPH, maximum of 3).)",survey_design,Survey administration or weighting variable,survey_design,1.7,[101],[],No documented blank category,contemporaneous,none,,include,,0.0,0.0,0.0,12,"[{""value"": ""1.0"", ""count"": 211708, ""fraction"": 0.6451856705319456}, {""value"": ""2.0"", ""count"": 91970, ""fraction"": 0.28028098191293216}, {""value"": ""3.0"", ""count"": 15743, ""fraction"": 0.04797720450424368}, {""value"": ""4.0"", ""count"": 5066, ""fraction"": 0.015438767580416598}, {""value"": ""5.0"", ""count"": 1525, ""fraction"": 0.0046474774102122605}, {""value"": ""0.5"", ""count"": 1020, ""fraction"": 0.00310847669404361}, {""value"": ""1.5"", ""count"": 442, ""fraction"": 0.0013470065674188977}, {""value"": ""0.6666666666666666"", ""count"": 401, ""fraction"": 0.0012220579944230271}, {""value"": ""0.3333333333333333"", ""count"": 158, ""fraction"": 0.00048150913495969644}, {""value"": ""2.5"", ""count"": 59, ""fraction"": 0.00017980404406722842}]","[{""value"": ""1.0"", ""count"": 70155, ""fraction"": 0.6413936861737628}, {""value"": ""2.0"", ""count"": 30937, ""fraction"": 0.28284222748425203}, {""value"": ""3.0"", ""count"": 5413, ""fraction"": 0.049488475850026054}, {""value"": ""4.0"", ""count"": 1673, ""fraction"": 0.015295440623885754}, {""value"": ""5.0"", ""count"": 492, ""fraction"": 0.00449812121156712}, {""value"": ""0.5"", ""count"": 331, ""fraction"": 0.003026175042741294}, {""value"": ""1.5"", ""count"": 170, ""fraction"": 0.0015542288739154681}, {""value"": ""0.6666666666666666"", ""count"": 139, ""fraction"": 0.0012708106674955888}, {""value"": ""0.3333333333333333"", ""count"": 41, ""fraction"": 0.00037484343429725997}, {""value"": ""2.5"", ""count"": 21, ""fraction"": 0.00019199297854249903}]",0.3333333333333333,5.0,
223,_WT2RAKE,Design weight use in raking,Design weight used in raking (Stratum weight (_STRWT) multiplied by the raw weighting factor (_RAWRAKE).),survey_design,Survey administration or weighting variable,survey_design,1.8,[101],[],No documented blank category,contemporaneous,none,,include,,0.0,0.0,0.0,>256,[],[],0.3627727202146234,3191.946865431815,
224,_CHISPNC,"Child Hispanic, Latino/a, or Spanish origin calculated variable","Child Hispanic, Latino/a, or Spanish origin calculated variable",survey_design,Survey administration or weighting variable,administrative,,[102],"[{""code"": ""9"", ""label"": ""Don’t know/Not Sure/Refused""}, {""code"": ""BLANK"", ""label"": ""Not asked or Missing""}]",Not asked or Missing,contemporaneous,none,,include,,0.27560607676718424,0.27605847557575036,0.00045239880856612347,4,"[{""value"": ""9"", ""count"": 191518, ""fraction"": 0.583656117146906}, {""value"": ""<MISSING>"", ""count"": 90436, ""fraction"": 0.27560607676718424}, {""value"": ""2"", ""count"": 38355, ""fraction"": 0.11688786627455164}, {""value"": ""1"", ""count"": 7826, ""fraction"": 0.02384993981135813}]","[{""value"": ""9.0"", ""count"": 63777, ""fraction"": 0.5830826758335695}, {""value"": ""<MISSING>"", ""count"": 30195, ""fraction"": 0.27605847557575036}, {""value"": ""2.0"", ""count"": 12731, ""fraction"": 0.1163934576106931}, {""value"": ""1.0"", ""count"": 2676, ""fraction"": 0.02446539097998702}]",1.0,9.0,
225,_CRACE1,Child Non-Hispanic Race including Multiracial,Child multiracial race categorization,survey_design,Survey administration or weighting variable,administrative,,[102],"[{""code"": ""77"", ""label"": ""Don’t know/Not sure""}, {""code"": ""99"", ""label"": ""Refused""}, {""code"": ""BLANK"", ""label"": ""Missing""}]",Missing,contemporaneous,none,,include,,0.851881085528822,0.8517082803828888,0.00017280514593320806,10,"[{""value"": ""<MISSING>"", ""count"": 279532, ""fraction"": 0.851881085528822}, {""value"": ""1"", ""count"": 34925, ""fraction"": 0.10643485150928733}, {""value"": ""2"", ""count"": 4330, ""fraction"": 0.013195788318832188}, {""value"": ""99"", ""count"": 2346, ""fraction"": 0.007149496396300303}, {""value"": ""7"", ""count"": 2313, ""fraction"": 0.00704892803266948}, {""value"": ""4"", ""count"": 1392, ""fraction"": 0.004242156429518339}, {""value"": ""3"", ""count"": 1316, ""fraction"": 0.004010544440550383}, {""value"": ""6"", ""count"": 1287, ""fraction"": 0.003922166181602084}, {""value"": ""77"", ""count"": 532, ""fraction"": 0.0016212839227756869}, {""value"": ""5"", ""count"": 162, ""fraction"": 0.0004936992396422205}]","[{""value"": ""<MISSING>"", ""count"": 93159, ""fraction"": 0.8517082803828888}, {""value"": ""1.0"", ""count"": 11705, ""fraction"": 0.10701322923047386}, {""value"": ""2.0"", ""count"": 1481, ""fraction"": 0.01354007624864005}, {""value"": ""99.0"", ""count"": 797, ""fraction"": 0.007286590661827225}, {""value"": ""7.0"", ""count"": 728, ""fraction"": 0.0066557565894733}, {""value"": ""6.0"", ""count"": 465, ""fraction"": 0.004251273096298192}, {""value"": ""4.0"", ""count"": 433, ""fraction"": 0.003958712367090575}, {""value"": ""3.0"", ""count"": 401, ""fraction"": 0.0036661516378829573}, {""value"": ""77.0"", ""count"": 158, ""fraction"": 0.0014445186004626116}, {""value"": ""5.0"", ""count"": 52, ""fraction"": 0.0004754111849623785}]",1.0,99.0,
226,_CPRACE,Preferred Child Race Categories,Preferred Child Race Categories,survey_design,Survey administration or weighting variable,administrative,,[103],"[{""code"": ""77"", ""label"": ""Don’t know/Not sure""}, {""code"": ""99"", ""label"": ""Refused""}, {""code"": ""BLANK"", ""label"": ""Missing""}]",Missing,contemporaneous,none,,include,,0.851881085528822,0.8517082803828888,0.00017280514593320806,10,"[{""value"": ""<MISSING>"", ""count"": 279532, ""fraction"": 0.851881085528822}, {""value"": ""1"", ""count"": 34925, ""fraction"": 0.10643485150928733}, {""value"": ""2"", ""count"": 4330, ""fraction"": 0.013195788318832188}, {""value"": ""99"", ""count"": 2346, ""fraction"": 0.007149496396300303}, {""value"": ""7"", ""count"": 2313, ""fraction"": 0.00704892803266948}, {""value"": ""4"", ""count"": 1392, ""fraction"": 0.004242156429518339}, {""value"": ""3"", ""count"": 1316, ""fraction"": 0.004010544440550383}, {""value"": ""6"", ""count"": 1287, ""fraction"": 0.003922166181602084}, {""value"": ""77"", ""count"": 532, ""fraction"": 0.0016212839227756869}, {""value"": ""5"", ""count"": 162, ""fraction"": 0.0004936992396422205}]","[{""value"": ""<MISSING>"", ""count"": 93159, ""fraction"": 0.8517082803828888}, {""value"": ""1.0"", ""count"": 11705, ""fraction"": 0.10701322923047386}, {""value"": ""2.0"", ""count"": 1481, ""fraction"": 0.01354007624864005}, {""value"": ""99.0"", ""count"": 797, ""fraction"": 0.007286590661827225}, {""value"": ""7.0"", ""count"": 728, ""fraction"": 0.0066557565894733}, {""value"": ""6.0"", ""count"": 465, ""fraction"": 0.004251273096298192}, {""value"": ""4.0"", ""count"": 433, ""fraction"": 0.003958712367090575}, {""value"": ""3.0"", ""count"": 401, ""fraction"": 0.0036661516378829573}, {""value"": ""77.0"", ""count"": 158, ""fraction"": 0.0014445186004626116}, {""value"": ""5.0"", ""count"": 52, ""fraction"": 0.0004754111849623785}]",1.0,99.0,_CRACE1
227,_CLLCPWT,Final child weight: Land-line and Cell-Phone data,Final child weight: Land-line and Cell-Phone data (Raking derived weight),survey_design,Survey administration or weighting variable,administrative,,[103],[],No documented blank category,contemporaneous,none,,include,,0.8642875645694608,0.8649466533795336,0.0006590888100728165,>256,[],[],7.8139298103000465,25755.013877099474,
228,_DUALUSE,Dual Phone Use Categories,Dual Phone Use Categories,survey_design,Survey administration or weighting variable,administrative,,[103],[],No documented blank category,contemporaneous,none,,include,,0.0,0.0,0.0,3,"[{""value"": ""1"", ""count"": 152576, ""fraction"": 0.464979353010194}, {""value"": ""9"", ""count"": 123084, ""fraction"": 0.3751017111859448}, {""value"": ""2"", ""count"": 52475, ""fraction"": 0.1599189358038612}]","[{""value"": ""1"", ""count"": 50959, ""fraction"": 0.4658938187403432}, {""value"": ""9"", ""count"": 41027, ""fraction"": 0.3750902824125289}, {""value"": ""2"", ""count"": 17393, ""fraction"": 0.15901589884712788}]",1.0,9.0,
229,_DUALCOR,Dual Phone Use Correction Factor,Dual phone use correction factor,survey_design,Survey administration or weighting variable,administrative,,[104],[],No documented blank category,contemporaneous,none,,include,,0.3751017111859448,0.3750902824125289,1.142877341592241e-05,107,"[{""value"": ""<MISSING>"", ""count"": 123084, ""fraction"": 0.3751017111859448}, {""value"": ""0.6697672819159405"", ""count"": 7124, ""fraction"": 0.021710576439575174}, {""value"": ""0.9205624789882658"", ""count"": 6943, ""fraction"": 0.021158974202690965}, {""value"": ""0.7660521096977839"", ""count"": 6282, ""fraction"": 0.01914455940390388}, {""value"": ""0.7326429102463186"", ""count"": 5459, ""fraction"": 0.016636445365474577}, {""value"": ""0.6883027625887338"", ""count"": 5189, ""fraction"": 0.015813613299404207}, {""value"": ""0.807906241674433"", ""count"": 5099, ""fraction"": 0.01553933594404742}, {""value"": ""0.753932761985053"", ""count"": 5020, ""fraction"": 0.01529858137656757}, {""value"": ""0.6057737580542046"", ""count"": 4966, ""fraction"": 0.015134014963353497}, {""value"": ""0.7209461236143051"", ""count"": 4902, ""fraction"": 0.014938973288433114}]","[{""value"": ""<MISSING>"", ""count"": 41027, ""fraction"": 0.3750902824125289}, {""value"": ""0.9205624789882658"", ""count"": 2359, ""fraction"": 0.021567211256274057}, {""value"": ""0.6697672819159405"", ""count"": 2330, ""fraction"": 0.021302078095429652}, {""value"": ""0.7660521096977839"", ""count"": 2074, ""fraction"": 0.018961592261768714}, {""value"": ""0.7326429102463186"", ""count"": 1816, ""fraction"": 0.016602821382532294}, {""value"": ""0.6883027625887338"", ""count"": 1788, ""fraction"": 0.01634683074447563}, {""value"": ""0.807906241674433"", ""count"": 1700, ""fraction"": 0.015542288739154681}, {""value"": ""0.753932761985053"", ""count"": 1676, ""fraction"": 0.015322868192248968}, {""value"": ""0.7209461236143051"", ""count"": 1662, ""fraction"": 0.015194872873220636}, {""value"": ""0.6057737580542046"", ""count"": 1619, ""fraction"": 0.0148017443933479}]",0.0794375210079174,0.9205624789882658,
230,_LLCPWT,Final weight: Land-line and cell-phone data,Final weight assigned to each respondent: Land-line and cell-phone data (Raking derived weight),survey_design,Survey administration or weighting variable,administrative,,[104],[],No documented blank category,contemporaneous,none,,include,,0.0,0.0,0.0,>256,[],[],1.4335054328182186,33134.939618228345,
231,_RFHLTH,Adults with good or better health,Adults with good or better health,binary,Two documented substantive responses,derived,1.1,[104],"[{""code"": ""9"", ""label"": ""Don’t know/Not Sure Or Refused/Missing""}]",No documented blank category,contemporaneous,none,,include,,0.0,0.0,0.0,3,"[{""value"": ""1"", ""count"": 266906, ""fraction"": 0.8134030200984351}, {""value"": ""2"", ""count"": 60341, ""fraction"": 0.1838907766620446}, {""value"": ""9"", ""count"": 888, ""fraction"": 0.0027062032395203193}]","[{""value"": ""1"", ""count"": 88957, ""fraction"": 0.8132913996288136}, {""value"": ""2"", ""count"": 20120, ""fraction"": 0.18394755848928954}, {""value"": ""9"", ""count"": 302, ""fraction"": 0.0027610418818968907}]",1.0,9.0,
232,_HCVU651,Respondents aged 18-64 with health care coverage,Respondents aged 18-64 who have any form of health care coverage,binary,Two documented substantive responses,derived,3.1,[105],"[{""code"": ""9"", ""label"": ""Don’t know/Not Sure, Refused or Missing""}]",No documented blank category,contemporaneous,none,,include,,0.0,0.0,0.0,3,"[{""value"": ""1"", ""count"": 188428, ""fraction"": 0.5742392612796562}, {""value"": ""9"", ""count"": 117708, ""fraction"": 0.3587182104926326}, {""value"": ""2"", ""count"": 21999, ""fraction"": 0.06704252822771116}]","[{""value"": ""1"", ""count"": 62753, ""fraction"": 0.5737207324989257}, {""value"": ""9"", ""count"": 39220, ""fraction"": 0.35856974373508627}, {""value"": ""2"", ""count"": 7406, ""fraction"": 0.06770952376598799}]",1.0,9.0,
233,_RFHYPE5,High Blood Pressure Calculated Variable,"Adults who have been told they have high blood pressure by a doctor, nurse, or other health professional",binary,Two documented substantive responses,derived,4.1,[105],"[{""code"": ""9"", ""label"": ""Don’t know/Not Sure/Refused/Missing""}]",No documented blank category,contemporaneous,none,,include,,0.0,0.0,0.0,3,"[{""value"": ""1"", ""count"": 195416, ""fraction"": 0.5955353741600256}, {""value"": ""2"", ""count"": 131801, ""fraction"": 0.40166699681533513}, {""value"": ""9"", ""count"": 918, ""fraction"": 0.0027976290246392492}]","[{""value"": ""1"", ""count"": 65124, ""fraction"": 0.5953976540286526}, {""value"": ""2"", ""count"": 43941, ""fraction"": 0.4017315938159976}, {""value"": ""9"", ""count"": 314, ""fraction"": 0.0028707521553497472}]",1.0,9.0,
234,_CHOLCHK,Cholesterol Checked Calculated Variable,Cholesterol check within past five years,categorical,A small set of documented response categories,derived,5.1,[105],"[{""code"": ""9"", ""label"": ""Don’t know/Not Sure Or Refused/Missing""}]",No documented blank category,contemporaneous,none,,include,,0.0,0.0,0.0,4,"[{""value"": ""1"", ""count"": 269908, ""fraction"": 0.8225516936626693}, {""value"": ""3"", ""count"": 36861, ""fraction"": 0.11233486217562894}, {""value"": ""9"", ""count"": 11245, ""fraction"": 0.03426943178874549}, {""value"": ""2"", ""count"": 10121, ""fraction"": 0.030844012372956253}]","[{""value"": ""1"", ""count"": 89868, ""fraction"": 0.821620237888443}, {""value"": ""3"", ""count"": 12456, ""fraction"": 0.11387926384406513}, {""value"": ""9"", ""count"": 3733, ""fraction"": 0.034129037566626136}, {""value"": ""2"", ""count"": 3322, ""fraction"": 0.030371460700865795}]",1.0,9.0,
235,_RFCHOL,High Cholesterol Calculated Variable,"Adults who have had their cholesterol checked and have been told by a doctor, nurse, or other health professional that it was high",binary,Two documented substantive responses,derived,5.2,[106],"[{""code"": ""9"", ""label"": ""Don’t know/Not Sure Or Refused/Missing""}, {""code"": ""BLANK"", ""label"": ""Missing""}]",Missing,contemporaneous,none,,include,,0.133484693799808,0.13530019473573537,0.001815500935927361,4,"[{""value"": ""1"", ""count"": 163056, ""fraction"": 0.49691742727840676}, {""value"": ""2"", ""count"": 118755, ""fraction"": 0.36190897039328324}, {""value"": ""<MISSING>"", ""count"": 43801, ""fraction"": 0.133484693799808}, {""value"": ""9"", ""count"": 2523, ""fraction"": 0.007688908528501988}]","[{""value"": ""1.0"", ""count"": 54432, ""fraction"": 0.49764580038215744}, {""value"": ""2.0"", ""count"": 39298, ""fraction"": 0.35928286051252983}, {""value"": ""<MISSING>"", ""count"": 14799, ""fraction"": 0.13530019473573537}, {""value"": ""9.0"", ""count"": 850, ""fraction"": 0.007771144369577341}]",1.0,9.0,
236,_LTASTH1,Lifetime Asthma Calculated Variable,Adults who have ever been told they have asthma,binary,Two documented substantive responses,derived,6.2,[106],"[{""code"": ""9"", ""label"": ""Don’t know/Not Sure Or Refused/Missing""}]",No documented blank category,contemporaneous,none,,include,,0.0,0.0,0.0,3,"[{""value"": ""1"", ""count"": 283169, ""fraction"": 0.8629649382114069}, {""value"": ""2"", ""count"": 43982, ""fraction"": 0.1340362960366922}, {""value"": ""9"", ""count"": 984, ""fraction"": 0.0029987657519008944}]","[{""value"": ""1"", ""count"": 94403, ""fraction"": 0.863081578730835}, {""value"": ""2"", ""count"": 14677, ""fraction"": 0.13418480695563134}, {""value"": ""9"", ""count"": 299, ""fraction"": 0.0027336143135336765}]",1.0,9.0,
237,_CASTHM1,Current Asthma Calculated Variable,Adults who have been told they currently have asthma,binary,Two documented substantive responses,derived,6.3,[107],"[{""code"": ""9"", ""label"": ""Don’t know/Not Sure Or Refused/Missing""}]",No documented blank category,contemporaneous,none,,include,,0.0,0.0,0.0,3,"[{""value"": ""1"", ""count"": 296253, ""fraction"": 0.9028387706279428}, {""value"": ""2"", ""count"": 29548, ""fraction"": 0.0900483032898045}, {""value"": ""9"", ""count"": 2334, ""fraction"": 0.007112926082252731}]","[{""value"": ""1"", ""count"": 98752, ""fraction"": 0.9028424103347078}, {""value"": ""2"", ""count"": 9917, ""fraction"": 0.09066639848599822}, {""value"": ""9"", ""count"": 710, ""fraction"": 0.006491191179294014}]",1.0,9.0,
238,_ASTHMS1,Computed Asthma Status,Computed asthma status,categorical,A small set of documented response categories,derived,6.4,[107],"[{""code"": ""9"", ""label"": ""Don’t know/Not Sure Or Refused/Missing""}]",No documented blank category,contemporaneous,none,,include,,0.0,0.0,0.0,4,"[{""value"": ""3"", ""count"": 283169, ""fraction"": 0.8629649382114069}, {""value"": ""1"", ""count"": 29548, ""fraction"": 0.0900483032898045}, {""value"": ""2"", ""count"": 13084, ""fraction"": 0.03987383241653588}, {""value"": ""9"", ""count"": 2334, ""fraction"": 0.007112926082252731}]","[{""value"": ""3"", ""count"": 94403, ""fraction"": 0.863081578730835}, {""value"": ""1"", ""count"": 9917, ""fraction"": 0.09066639848599822}, {""value"": ""2"", ""count"": 4349, ""fraction"": 0.039760831603872775}, {""value"": ""9"", ""count"": 710, ""fraction"": 0.006491191179294014}]",1.0,9.0,
239,_DRDXAR1,Respondents diagnosed with arthritis,Respondents who have had a doctor diagnose them as having some form of arthritis,binary,Two documented substantive responses,derived,6.5,[107],"[{""code"": ""BLANK"", ""label"": ""Don´t know/Not Sure/Refused/Missing""}]",Don´t know/Not Sure/Refused/Missing,contemporaneous,none,,include,,0.005738491779298155,0.005851214584152351,0.00011272280485419631,3,"[{""value"": ""2"", ""count"": 216696, ""fraction"": 0.6603867310710531}, {""value"": ""1"", ""count"": 109556, ""fraction"": 0.33387477714964875}, {""value"": ""<MISSING>"", ""count"": 1883, ""fraction"": 0.005738491779298155}]","[{""value"": ""2.0"", ""count"": 72290, ""fraction"": 0.6609129723255835}, {""value"": ""1.0"", ""count"": 36449, ""fraction"": 0.3332358130902641}, {""value"": ""<MISSING>"", ""count"": 640, ""fraction"": 0.005851214584152351}]",1.0,2.0,
240,_PRACE1,Computed Preferred Race,Preferred race category,categorical,A small set of documented response categories,derived,7.3,[108],"[{""code"": ""77"", ""label"": ""Don’t know/Not sure""}, {""code"": ""99"", ""label"": ""Refused""}]",No documented blank category,contemporaneous,none,,include,,0.0,0.0,0.0,10,"[{""value"": ""1"", ""count"": 270475, ""fraction"": 0.8242796410014172}, {""value"": ""2"", ""count"": 27150, ""fraction"": 0.08274033553263138}, {""value"": ""4"", ""count"": 8060, ""fraction"": 0.02456306093528578}, {""value"": ""6"", ""count"": 6578, ""fraction"": 0.020046627150410654}, {""value"": ""3"", ""count"": 6451, ""fraction"": 0.019659591326740517}, {""value"": ""99"", ""count"": 3916, ""fraction"": 0.011934112484190958}, {""value"": ""77"", ""count"": 2548, ""fraction"": 0.007765096682767763}, {""value"": ""5"", ""count"": 2110, ""fraction"": 0.00643028022003139}, {""value"": ""7"", ""count"": 842, ""fraction"": 0.002566017035671294}, {""value"": ""8"", ""count"": 5, ""fraction"": 1.523763085315495e-05}]","[{""value"": ""1"", ""count"": 89751, ""fraction"": 0.8205505627222776}, {""value"": ""2"", ""count"": 9310, ""fraction"": 0.08511688715384123}, {""value"": ""4"", ""count"": 2717, ""fraction"": 0.024840234414284276}, {""value"": ""6"", ""count"": 2254, ""fraction"": 0.020607246363561562}, {""value"": ""3"", ""count"": 2146, ""fraction"": 0.019619853902485853}, {""value"": ""99"", ""count"": 1300, ""fraction"": 0.011885279624059462}, {""value"": ""77"", ""count"": 858, ""fraction"": 0.007844284551879245}, {""value"": ""5"", ""count"": 756, ""fraction"": 0.006911747227529965}, {""value"": ""7"", ""count"": 285, ""fraction"": 0.0026056189945053436}, {""value"": ""8"", ""count"": 2, ""fraction"": 1.8285045575476097e-05}]",1.0,99.0,
241,_MRACE1,Calculated non-Hispanic Race including multiracial,Calculated multiracial race categorization,categorical,A small set of documented response categories,derived,7.4,[109],"[{""code"": ""77"", ""label"": ""Don’t know/Not sure""}, {""code"": ""99"", ""label"": ""Refused""}]",No documented blank category,contemporaneous,none,,include,,0.0,0.0,0.0,9,"[{""value"": ""1"", ""count"": 267486, ""fraction"": 0.815170585277401}, {""value"": ""2"", ""count"": 26446, ""fraction"": 0.08059487710850717}, {""value"": ""4"", ""count"": 7478, ""fraction"": 0.022789400703978547}, {""value"": ""7"", ""count"": 6735, ""fraction"": 0.02052508875919972}, {""value"": ""6"", ""count"": 6408, ""fraction"": 0.019528547701403387}, {""value"": ""3"", ""count"": 5861, ""fraction"": 0.017861550886068233}, {""value"": ""99"", ""count"": 3916, ""fraction"": 0.011934112484190958}, {""value"": ""77"", ""count"": 2548, ""fraction"": 0.007765096682767763}, {""value"": ""5"", ""count"": 1257, ""fraction"": 0.003830740396483155}]","[{""value"": ""1"", ""count"": 88758, ""fraction"": 0.8114720375940537}, {""value"": ""2"", ""count"": 9059, ""fraction"": 0.08282211393411898}, {""value"": ""4"", ""count"": 2529, ""fraction"": 0.023121440130189526}, {""value"": ""7"", ""count"": 2246, ""fraction"": 0.020534106181259656}, {""value"": ""6"", ""count"": 2194, ""fraction"": 0.02005869499629728}, {""value"": ""3"", ""count"": 1975, ""fraction"": 0.018056482505782647}, {""value"": ""99"", ""count"": 1300, ""fraction"": 0.011885279624059462}, {""value"": ""77"", ""count"": 858, ""fraction"": 0.007844284551879245}, {""value"": ""5"", ""count"": 460, ""fraction"": 0.004205560482359502}]",1.0,99.0,
242,_HISPANC,"Hispanic, Latino/a, or Spanish origin calculated variable","Hispanic, Latino/a, or Spanish origin calculated variable",binary,Two documented substantive responses,derived,7.6,[109],"[{""code"": ""9"", ""label"": ""Don´t Know, Refused or Missing""}]",No documented blank category,contemporaneous,none,,include,,0.0,0.0,0.0,3,"[{""value"": ""2"", ""count"": 298653, ""fraction"": 0.9101528334374571}, {""value"": ""1"", ""count"": 26481, ""fraction"": 0.08070154052447925}, {""value"": ""9"", ""count"": 3001, ""fraction"": 0.009145626038063601}]","[{""value"": ""2"", ""count"": 99372, ""fraction"": 0.9085107744631054}, {""value"": ""1"", ""count"": 9007, ""fraction"": 0.0823467027491566}, {""value"": ""9"", ""count"": 1000, ""fraction"": 0.009142522787738049}]",1.0,9.0,
243,_RACE,Computed Race-Ethnicity grouping,Race/ethnicity categories,categorical,A small set of documented response categories,derived,7.7,[110],"[{""code"": ""9"", ""label"": ""Don’t know/Not sure/Refused""}]",No documented blank category,contemporaneous,none,,include,,0.0,0.0,0.0,9,"[{""value"": ""1"", ""count"": 250352, ""fraction"": 0.7629542718698097}, {""value"": ""8"", ""count"": 26481, ""fraction"": 0.08070154052447925}, {""value"": ""2"", ""count"": 25299, ""fraction"": 0.07709936459079342}, {""value"": ""4"", ""count"": 7218, ""fraction"": 0.021997043899614488}, {""value"": ""7"", ""count"": 6031, ""fraction"": 0.018379630335075503}, {""value"": ""9"", ""count"": 5438, ""fraction"": 0.016572447315891324}, {""value"": ""3"", ""count"": 4852, ""fraction"": 0.014786596979901565}, {""value"": ""6"", ""count"": 1444, ""fraction"": 0.00440062779039115}, {""value"": ""5"", ""count"": 1020, ""fraction"": 0.00310847669404361}]","[{""value"": ""1"", ""count"": 82993, ""fraction"": 0.7587653937227439}, {""value"": ""8"", ""count"": 9007, ""fraction"": 0.0823467027491566}, {""value"": ""2"", ""count"": 8664, ""fraction"": 0.07921081743296245}, {""value"": ""4"", ""count"": 2438, ""fraction"": 0.02228947055650536}, {""value"": ""7"", ""count"": 2030, ""fraction"": 0.01855932125910824}, {""value"": ""9"", ""count"": 1797, ""fraction"": 0.016429113449565273}, {""value"": ""3"", ""count"": 1605, ""fraction"": 0.014673749074319568}, {""value"": ""6"", ""count"": 479, ""fraction"": 0.004379268415326525}, {""value"": ""5"", ""count"": 366, ""fraction"": 0.003346163340312126}]",1.0,9.0,
244,_RACEG21,Variable,White non-Hispanic race group,binary,Two documented substantive responses,derived,7.8,[110],"[{""code"": ""9"", ""label"": ""Don’t know/Not sure/Refused""}]",No documented blank category,contemporaneous,none,,include,,0.0,0.0,0.0,3,"[{""value"": ""1"", ""count"": 250352, ""fraction"": 0.7629542718698097}, {""value"": ""2"", ""count"": 72345, ""fraction"": 0.22047328081429898}, {""value"": ""9"", ""count"": 5438, ""fraction"": 0.016572447315891324}]","[{""value"": ""1"", ""count"": 82993, ""fraction"": 0.7587653937227439}, {""value"": ""2"", ""count"": 24589, ""fraction"": 0.22480549282769088}, {""value"": ""9"", ""count"": 1797, ""fraction"": 0.016429113449565273}]",1.0,9.0,
245,_RACEGR3,Computed Five level race/ethnicity category.,Five-level race/ethnicity category,categorical,A small set of documented response categories,derived,7.9,[111],"[{""code"": ""9"", ""label"": ""Don’t know/Not sure/Refused""}]",No documented blank category,contemporaneous,none,,include,,0.0,0.0,0.0,6,"[{""value"": ""1"", ""count"": 250352, ""fraction"": 0.7629542718698097}, {""value"": ""5"", ""count"": 26481, ""fraction"": 0.08070154052447925}, {""value"": ""2"", ""count"": 25299, ""fraction"": 0.07709936459079342}, {""value"": ""3"", ""count"": 14534, ""fraction"": 0.044292745363950815}, {""value"": ""4"", ""count"": 6031, ""fraction"": 0.018379630335075503}, {""value"": ""9"", ""count"": 5438, ""fraction"": 0.016572447315891324}]","[{""value"": ""1"", ""count"": 82993, ""fraction"": 0.7587653937227439}, {""value"": ""5"", ""count"": 9007, ""fraction"": 0.0823467027491566}, {""value"": ""2"", ""count"": 8664, ""fraction"": 0.07921081743296245}, {""value"": ""3"", ""count"": 4888, ""fraction"": 0.04468865138646358}, {""value"": ""4"", ""count"": 2030, ""fraction"": 0.01855932125910824}, {""value"": ""9"", ""count"": 1797, ""fraction"": 0.016429113449565273}]",1.0,9.0,
246,_RACE_G1,Computed race groups used for internet prevalence tables,Race groups used for internet prevalence tables,categorical,A small set of documented response categories,derived,7.10,[111],"[{""code"": ""BLANK"", ""label"": ""Don’t know/Not sure/Refused component question""}]",Don’t know/Not sure/Refused component question,contemporaneous,none,,include,,0.016572447315891324,0.016429113449565273,0.00014333386632605152,6,"[{""value"": ""1"", ""count"": 250352, ""fraction"": 0.7629542718698097}, {""value"": ""3"", ""count"": 26481, ""fraction"": 0.08070154052447925}, {""value"": ""2"", ""count"": 25299, ""fraction"": 0.07709936459079342}, {""value"": ""4"", ""count"": 14534, ""fraction"": 0.044292745363950815}, {""value"": ""5"", ""count"": 6031, ""fraction"": 0.018379630335075503}, {""value"": ""<MISSING>"", ""count"": 5438, ""fraction"": 0.016572447315891324}]","[{""value"": ""1.0"", ""count"": 82993, ""fraction"": 0.7587653937227439}, {""value"": ""3.0"", ""count"": 9007, ""fraction"": 0.0823467027491566}, {""value"": ""2.0"", ""count"": 8664, ""fraction"": 0.07921081743296245}, {""value"": ""4.0"", ""count"": 4888, ""fraction"": 0.04468865138646358}, {""value"": ""5.0"", ""count"": 2030, ""fraction"": 0.01855932125910824}, {""value"": ""<MISSING>"", ""count"": 1797, ""fraction"": 0.016429113449565273}]",1.0,5.0,
247,_AGEG5YR,Reported age in five-year age categories calculated variable,Fourteen-level age category,ordinal,The documented responses have a natural order,derived,7.11,[112],"[{""code"": ""14"", ""label"": ""Don’t know/Refused/Missing""}]",No documented blank category,contemporaneous,none,,include,,0.0,0.0,0.0,14,"[{""value"": ""9"", ""count"": 37210, ""fraction"": 0.11339844880917915}, {""value"": ""10"", ""count"": 36665, ""fraction"": 0.11173754704618526}, {""value"": ""8"", ""count"": 34379, ""fraction"": 0.10477090222012282}, {""value"": ""7"", ""count"": 29693, ""fraction"": 0.09049019458454599}, {""value"": ""11"", ""count"": 28190, ""fraction"": 0.08590976275008762}, {""value"": ""13"", ""count"": 27066, ""fraction"": 0.08248434333429838}, {""value"": ""6"", ""count"": 22539, ""fraction"": 0.0686881923598519}, {""value"": ""12"", ""count"": 20893, ""fraction"": 0.06367196428299328}, {""value"": ""5"", ""count"": 19296, ""fraction"": 0.05880506498849559}, {""value"": ""4"", ""count"": 18308, ""fraction"": 0.05579410913191217}]","[{""value"": ""9"", ""count"": 12204, ""fraction"": 0.11157534810155514}, {""value"": ""10"", ""count"": 12186, ""fraction"": 0.11141078269137586}, {""value"": ""8"", ""count"": 11494, ""fraction"": 0.10508415692226113}, {""value"": ""7"", ""count"": 9958, ""fraction"": 0.09104124192029549}, {""value"": ""11"", ""count"": 9697, ""fraction"": 0.08865504347269586}, {""value"": ""13"", ""count"": 8858, ""fraction"": 0.08098446685378363}, {""value"": ""6"", ""count"": 7555, ""fraction"": 0.06907175966136096}, {""value"": ""12"", ""count"": 6905, ""fraction"": 0.06312911984933123}, {""value"": ""5"", ""count"": 6514, ""fraction"": 0.05955439343932565}, {""value"": ""4"", ""count"": 6132, ""fraction"": 0.05606194973440971}]",1.0,14.0,
248,_AGE65YR,Reported age in two age groups calculated variable,Two-level age category,binary,Two documented substantive responses,derived,7.12,[112],"[{""code"": ""3"", ""label"": ""Don’t know/Refused/Missing""}]",No documented blank category,contemporaneous,none,,include,,0.0,0.0,0.0,3,"[{""value"": ""1"", ""count"": 211378, ""fraction"": 0.6441799868956375}, {""value"": ""2"", ""count"": 112814, ""fraction"": 0.3438036174135645}, {""value"": ""3"", ""count"": 3943, ""fraction"": 0.012016395690797994}]","[{""value"": ""1"", ""count"": 70476, ""fraction"": 0.6443284359886267}, {""value"": ""2"", ""count"": 37646, ""fraction"": 0.34417941286718656}, {""value"": ""3"", ""count"": 1257, ""fraction"": 0.011492151144186728}]",1.0,3.0,
249,_AGE80,Imputed Age value collapsed above 80,Imputed Age value collapsed above 80,continuous,The codebook documents a numeric value range,derived,7.13,[113],[],No documented blank category,contemporaneous,none,,include,,0.0,0.0,0.0,63,"[{""value"": ""80"", ""count"": 27070, ""fraction"": 0.0824965334389809}, {""value"": ""62"", ""count"": 8338, ""fraction"": 0.025410273210721198}, {""value"": ""60"", ""count"": 8006, ""fraction"": 0.02439849452207171}, {""value"": ""65"", ""count"": 7967, ""fraction"": 0.0242796410014171}, {""value"": ""68"", ""count"": 7884, ""fraction"": 0.024026696329254728}, {""value"": ""63"", ""count"": 7738, ""fraction"": 0.023581757508342602}, {""value"": ""67"", ""count"": 7632, ""fraction"": 0.02325871973425572}, {""value"": ""64"", ""count"": 7625, ""fraction"": 0.0232373870510613}, {""value"": ""66"", ""count"": 7403, ""fraction"": 0.02256083624118122}, {""value"": ""58"", ""count"": 7216, ""fraction"": 0.021990948847273227}]","[{""value"": ""80"", ""count"": 8858, ""fraction"": 0.08098446685378363}, {""value"": ""65"", ""count"": 2745, ""fraction"": 0.025096225052340944}, {""value"": ""62"", ""count"": 2683, ""fraction"": 0.024529388639501184}, {""value"": ""68"", ""count"": 2641, ""fraction"": 0.024145402682416186}, {""value"": ""63"", ""count"": 2600, ""fraction"": 0.023770559248118925}, {""value"": ""60"", ""count"": 2562, ""fraction"": 0.02342314338218488}, {""value"": ""64"", ""count"": 2548, ""fraction"": 0.023295148063156548}, {""value"": ""67"", ""count"": 2515, ""fraction"": 0.022993444811161192}, {""value"": ""59"", ""count"": 2418, ""fraction"": 0.022106620100750603}, {""value"": ""66"", ""count"": 2394, ""fraction"": 0.02188719955384489}]",18.0,80.0,
250,_AGE_G,Imputed age in six groups,Six-level imputed age category,ordinal,The documented responses have a natural order,derived,7.14,[113],[],No documented blank category,contemporaneous,none,,include,,0.0,0.0,0.0,6,"[{""value"": ""6"", ""count"": 113231, ""fraction"": 0.34507443582671765}, {""value"": ""5"", ""count"": 73512, ""fraction"": 0.22402974385542535}, {""value"": ""4"", ""count"": 53551, ""fraction"": 0.16319807396346017}, {""value"": ""3"", ""count"": 37845, ""fraction"": 0.11533362792752982}, {""value"": ""2"", ""count"": 31849, ""fraction"": 0.0970606610084264}, {""value"": ""1"", ""count"": 18147, ""fraction"": 0.05530345741844058}]","[{""value"": ""6"", ""count"": 37797, ""fraction"": 0.345559933808135}, {""value"": ""5"", ""count"": 24300, ""fraction"": 0.22216330374203458}, {""value"": ""4"", ""count"": 17920, ""fraction"": 0.16383400835626583}, {""value"": ""3"", ""count"": 12729, ""fraction"": 0.11637517256511762}, {""value"": ""2"", ""count"": 10692, ""fraction"": 0.09775185364649522}, {""value"": ""1"", ""count"": 5941, ""fraction"": 0.05431572788195175}]",1.0,6.0,
251,HTIN4,Computed Height in Inches,Reported height in inches,continuous,Measured or calculated continuous quantity,derived,7.15,[114],[],Documented value (label omitted),contemporaneous,none,,include,,0.03876758041659683,0.03867287139213194,9.470902446488683e-05,53,"[{""value"": ""64"", ""count"": 29461, ""fraction"": 0.0897831685129596}, {""value"": ""66"", ""count"": 29240, ""fraction"": 0.08910966522925015}, {""value"": ""65"", ""count"": 25968, ""fraction"": 0.07913815959894556}, {""value"": ""67"", ""count"": 25633, ""fraction"": 0.07811723833178418}, {""value"": ""63"", ""count"": 23697, ""fraction"": 0.07221722766544257}, {""value"": ""68"", ""count"": 23415, ""fraction"": 0.07135782528532464}, {""value"": ""62"", ""count"": 23067, ""fraction"": 0.07029728617794505}, {""value"": ""70"", ""count"": 21879, ""fraction"": 0.06667682508723544}, {""value"": ""69"", ""count"": 20511, ""fraction"": 0.06250780928581225}, {""value"": ""72"", ""count"": 20195, ""fraction"": 0.06154479101589285}]","[{""value"": ""66.0"", ""count"": 9770, ""fraction"": 0.08932244763620073}, {""value"": ""64.0"", ""count"": 9754, ""fraction"": 0.08917616727159693}, {""value"": ""65.0"", ""count"": 8645, ""fraction"": 0.07903710949999543}, {""value"": ""67.0"", ""count"": 8471, ""fraction"": 0.07744631053492901}, {""value"": ""68.0"", ""count"": 7900, ""fraction"": 0.07222593002313059}, {""value"": ""63.0"", ""count"": 7760, ""fraction"": 0.07094597683284726}, {""value"": ""62.0"", ""count"": 7712, ""fraction"": 0.07050713573903583}, {""value"": ""70.0"", ""count"": 7453, ""fraction"": 0.06813922233701168}, {""value"": ""69.0"", ""count"": 6975, ""fraction"": 0.06376909644447289}, {""value"": ""72.0"", ""count"": 6610, ""fraction"": 0.0604320756269485}]",36.0,95.0,
252,HTM4,Computed Height in Meters,Reported height in meters,continuous,Measured or calculated continuous quantity,derived,7.16,[114],[],Documented value (label omitted),contemporaneous,none,,include,,0.0346442775077331,0.0345770211832253,6.725632450779728e-05,104,"[{""value"": ""1.63"", ""count"": 29499, ""fraction"": 0.08989897450744358}, {""value"": ""1.68"", ""count"": 29283, ""fraction"": 0.08924070885458729}, {""value"": ""1.65"", ""count"": 26072, ""fraction"": 0.07945510232069118}, {""value"": ""1.7"", ""count"": 25751, ""fraction"": 0.07847684641991863}, {""value"": ""1.6"", ""count"": 23820, ""fraction"": 0.07259207338443019}, {""value"": ""1.73"", ""count"": 23439, ""fraction"": 0.07143096591341978}, {""value"": ""1.57"", ""count"": 23085, ""fraction"": 0.07035214164901642}, {""value"": ""1.78"", ""count"": 21908, ""fraction"": 0.06676520334618373}, {""value"": ""1.75"", ""count"": 20590, ""fraction"": 0.0627485638532921}, {""value"": ""1.83"", ""count"": 20200, ""fraction"": 0.06156002864674601}]","[{""value"": ""1.68"", ""count"": 9783, ""fraction"": 0.08944130043244133}, {""value"": ""1.63"", ""count"": 9765, ""fraction"": 0.08927673502226205}, {""value"": ""1.65"", ""count"": 8669, ""fraction"": 0.07925653004690114}, {""value"": ""1.7"", ""count"": 8505, ""fraction"": 0.0777571563097121}, {""value"": ""1.73"", ""count"": 7908, ""fraction"": 0.07229907020543248}, {""value"": ""1.6"", ""count"": 7803, ""fraction"": 0.07133910531271999}, {""value"": ""1.57"", ""count"": 7718, ""fraction"": 0.07056199087576226}, {""value"": ""1.78"", ""count"": 7465, ""fraction"": 0.06824893261046454}, {""value"": ""1.75"", ""count"": 7000, ""fraction"": 0.06399765951416633}, {""value"": ""1.83"", ""count"": 6614, ""fraction"": 0.06046864571809945}]",0.91,2.41,
253,WTKG3,Computed Weight in Kilograms,Reported weight in kilograms,continuous,Measured or calculated continuous quantity,derived,7.17,[114],"[{""code"": ""99999"", ""label"": ""Don’t know/Refused/Missing""}]",No documented blank category,contemporaneous,none,,include,,0.07011138708153657,0.06871520127263918,0.0013961858088973877,>256,[],[],22.68,289.85,
254,_BMI5,Computed body mass index,Body Mass Index (BMI),continuous,Measured or calculated continuous quantity,derived,7.18,[115],"[{""code"": ""BLANK"", ""label"": ""Don’t know/Refused/Missing""}]",Don’t know/Refused/Missing,contemporaneous,none,,include,,0.0825056760174928,0.08096618180820815,0.0015394942092846475,>256,[],[],12.02,97.65,
255,_BMI5CAT,Computed body mass index categories,Four-categories of Body Mass Index (BMI),categorical,A small set of documented response categories,derived,7.19,[115],"[{""code"": ""BLANK"", ""label"": ""Don’t know/Refused/Missing""}]",Don’t know/Refused/Missing,contemporaneous,none,,include,,0.0825056760174928,0.08096618180820815,0.0015394942092846475,5,"[{""value"": ""3"", ""count"": 109376, ""fraction"": 0.33332622243893517}, {""value"": ""2"", ""count"": 97813, ""fraction"": 0.29808767732792907}, {""value"": ""4"", ""count"": 88851, ""fraction"": 0.27077574778673413}, {""value"": ""<MISSING>"", ""count"": 27073, ""fraction"": 0.0825056760174928}, {""value"": ""1"", ""count"": 5022, ""fraction"": 0.015304676428908833}]","[{""value"": ""3.0"", ""count"": 36395, ""fraction"": 0.33274211685972627}, {""value"": ""2.0"", ""count"": 32665, ""fraction"": 0.2986405068614634}, {""value"": ""4.0"", ""count"": 29849, ""fraction"": 0.272895162691193}, {""value"": ""<MISSING>"", ""count"": 8856, ""fraction"": 0.08096618180820815}, {""value"": ""1.0"", ""count"": 1614, ""fraction"": 0.01475603177940921}]",1.0,4.0,
256,_RFBMI5,Overweight or obese calculated variable,Adults who have a body mass index greater than 25.00 (Overweight or Obese),binary,Two documented substantive responses,derived,7.20,[115],"[{""code"": ""9"", ""label"": ""Don’t know/Refused/Missing""}]",No documented blank category,contemporaneous,none,,include,,0.0,0.0,0.0,3,"[{""value"": ""2"", ""count"": 198227, ""fraction"": 0.6041019702256694}, {""value"": ""1"", ""count"": 102835, ""fraction"": 0.3133923537568379}, {""value"": ""9"", ""count"": 27073, ""fraction"": 0.0825056760174928}]","[{""value"": ""2"", ""count"": 66244, ""fraction"": 0.6056372795509193}, {""value"": ""1"", ""count"": 34279, ""fraction"": 0.3133965386408726}, {""value"": ""9"", ""count"": 8856, ""fraction"": 0.08096618180820815}]",1.0,9.0,
257,_CHLDCNT,Computed number of children in household,Number of children in household,count,"The variable records a number, duration, or frequency",derived,7.21,[116],"[{""code"": ""9"", ""label"": ""Don’t know/Not sure/Missing""}]",No documented blank category,contemporaneous,none,,include,,0.0,0.0,0.0,7,"[{""value"": ""1"", ""count"": 240617, ""fraction"": 0.733286604598717}, {""value"": ""2"", ""count"": 34419, ""fraction"": 0.10489280326694805}, {""value"": ""3"", ""count"": 30346, ""fraction"": 0.09248022917396803}, {""value"": ""4"", ""count"": 12905, ""fraction"": 0.03932832523199293}, {""value"": ""5"", ""count"": 4752, ""fraction"": 0.014481844362838467}, {""value"": ""9"", ""count"": 2727, ""fraction"": 0.00831060386731071}, {""value"": ""6"", ""count"": 2369, ""fraction"": 0.007219589498224816}]","[{""value"": ""1"", ""count"": 80124, ""fraction"": 0.7325354958447234}, {""value"": ""2"", ""count"": 11674, ""fraction"": 0.10672981102405397}, {""value"": ""3"", ""count"": 10083, ""fraction"": 0.09218405726876275}, {""value"": ""4"", ""count"": 4328, ""fraction"": 0.039568838625330276}, {""value"": ""5"", ""count"": 1576, ""fraction"": 0.014408615913475165}, {""value"": ""9"", ""count"": 840, ""fraction"": 0.007679719141699961}, {""value"": ""6"", ""count"": 754, ""fraction"": 0.006893462181954488}]",1.0,9.0,
258,_EDUCAG,Computed level of education completed categories,Level of education completed,ordinal,The documented responses have a natural order,derived,7.22,[116],"[{""code"": ""9"", ""label"": ""Don’t know/Not sure/Missing""}]",No documented blank category,contemporaneous,none,,include,,0.0,0.0,0.0,5,"[{""value"": ""4"", ""count"": 120704, ""fraction"": 0.36784859889984306}, {""value"": ""2"", ""count"": 91317, ""fraction"": 0.2782909473235101}, {""value"": ""3"", ""count"": 89628, ""fraction"": 0.2731436756213144}, {""value"": ""1"", ""count"": 25214, ""fraction"": 0.07684032486628979}, {""value"": ""9"", ""count"": 1272, ""fraction"": 0.0038764532890426195}]","[{""value"": ""4"", ""count"": 40131, ""fraction"": 0.36689858199471564}, {""value"": ""2"", ""count"": 30521, ""fraction"": 0.279038938004553}, {""value"": ""3"", ""count"": 29909, ""fraction"": 0.2734437140584573}, {""value"": ""1"", ""count"": 8367, ""fraction"": 0.07649548816500425}, {""value"": ""9"", ""count"": 451, ""fraction"": 0.004123277777269859}]",1.0,9.0,
259,_INCOMG,Computed income categories,Income categories,ordinal,The documented responses have a natural order,derived,7.23,[117],"[{""code"": ""9"", ""label"": ""Don’t know/Not sure/Missing""}]",No documented blank category,contemporaneous,none,,include,,0.0,0.0,0.0,6,"[{""value"": ""5"", ""count"": 129696, ""fraction"": 0.39525195422615694}, {""value"": ""9"", ""count"": 58594, ""fraction"": 0.17856674844195225}, {""value"": ""2"", ""count"": 43821, ""fraction"": 0.13354564432322064}, {""value"": ""4"", ""count"": 38827, ""fraction"": 0.11832629862708946}, {""value"": ""3"", ""count"": 29217, ""fraction"": 0.08903957212732565}, {""value"": ""1"", ""count"": 27980, ""fraction"": 0.0852697822542551}]","[{""value"": ""5"", ""count"": 43154, ""fraction"": 0.3945364283820477}, {""value"": ""9"", ""count"": 19622, ""fraction"": 0.179394582140996}, {""value"": ""2"", ""count"": 14652, ""fraction"": 0.13395624388593788}, {""value"": ""4"", ""count"": 12878, ""fraction"": 0.11773740846049059}, {""value"": ""3"", ""count"": 9625, ""fraction"": 0.08799678183197872}, {""value"": ""1"", ""count"": 9448, ""fraction"": 0.08637855529854908}]",1.0,9.0,
260,_SMOKER3,Computed Smoking Status,"Four-level smoker status: Everyday smoker, Someday smoker, Former smoker, Non-smoker",categorical,A small set of documented response categories,derived,8.1,[117],"[{""code"": ""9"", ""label"": ""Don’t know/Refused/Missing""}]",No documented blank category,contemporaneous,none,,include,,0.0,0.0,0.0,5,"[{""value"": ""4"", ""count"": 178357, ""fraction"": 0.5435476252152316}, {""value"": ""3"", ""count"": 90838, ""fraction"": 0.2768311822877779}, {""value"": ""1"", ""count"": 32444, ""fraction"": 0.09887393907995184}, {""value"": ""9"", ""count"": 13266, ""fraction"": 0.04042848217959072}, {""value"": ""2"", ""count"": 13230, ""fraction"": 0.040318771237448}]","[{""value"": ""4"", ""count"": 59456, ""fraction"": 0.5435778348677535}, {""value"": ""3"", ""count"": 30208, ""fraction"": 0.276177328371991}, {""value"": ""1"", ""count"": 10706, ""fraction"": 0.09787984896552354}, {""value"": ""2"", ""count"": 4590, ""fraction"": 0.04196417959571764}, {""value"": ""9"", ""count"": 4419, ""fraction"": 0.04040080819901443}]",1.0,9.0,
261,_RFSMOK3,Current Smoking Calculated Variable,Adults who are current smokers,binary,Two documented substantive responses,derived,8.2,[118],"[{""code"": ""9"", ""label"": ""Don’t know/Refused/Missing""}]",No documented blank category,contemporaneous,none,,include,,0.0,0.0,0.0,3,"[{""value"": ""1"", ""count"": 269195, ""fraction"": 0.8203788075030094}, {""value"": ""2"", ""count"": 45674, ""fraction"": 0.13919271031739985}, {""value"": ""9"", ""count"": 13266, ""fraction"": 0.04042848217959072}]","[{""value"": ""1"", ""count"": 89664, ""fraction"": 0.8197551632397444}, {""value"": ""2"", ""count"": 15296, ""fraction"": 0.1398440285612412}, {""value"": ""9"", ""count"": 4419, ""fraction"": 0.04040080819901443}]",1.0,9.0,
262,DRNKANY5,Drink any alcoholic beverages in past 30 days,Adults who reported having had at least one drink of alcohol in the past 30 days.,binary,Two documented substantive responses,derived,9.1,[118],"[{""code"": ""7"", ""label"": ""Don’t know/Not Sure""}, {""code"": ""9"", ""label"": ""Refused/Missing""}]",No documented blank category,contemporaneous,none,,include,,0.0,0.0,0.0,4,"[{""value"": ""1"", ""count"": 157605, ""fraction"": 0.48030536212229724}, {""value"": ""2"", ""count"": 154556, ""fraction"": 0.47101345482804335}, {""value"": ""9"", ""count"": 13668, ""fraction"": 0.041653587700184375}, {""value"": ""7"", ""count"": 2306, ""fraction"": 0.007027595349475064}]","[{""value"": ""1"", ""count"": 52531, ""fraction"": 0.4802658645626674}, {""value"": ""2"", ""count"": 51510, ""fraction"": 0.4709313487963869}, {""value"": ""9"", ""count"": 4596, ""fraction"": 0.04201903473244407}, {""value"": ""7"", ""count"": 742, ""fraction"": 0.006783751908501632}]",1.0,9.0,
263,DROCDY3_,Computed drink-occasions-per-day,Drink-occasions-per-day,continuous,The codebook documents a numeric value range,derived,9.2,[118],"[{""code"": ""900"", ""label"": ""Don’t know/Not Sure Or Refused/Missing""}]",No documented blank category,contemporaneous,none,,include,,0.0,0.0,0.0,36,"[{""value"": ""0"", ""count"": 154556, ""fraction"": 0.47101345482804335}, {""value"": ""3"", ""count"": 25249, ""fraction"": 0.07694698828226187}, {""value"": ""7"", ""count"": 18829, ""fraction"": 0.057381870266810915}, {""value"": ""100"", ""count"": 17300, ""fraction"": 0.05272220275191613}, {""value"": ""900"", ""count"": 15974, ""fraction"": 0.04868118304965944}, {""value"": ""14"", ""count"": 12398, ""fraction"": 0.03778322946348302}, {""value"": ""10"", ""count"": 10456, ""fraction"": 0.03186493364011764}, {""value"": ""29"", ""count"": 10058, ""fraction"": 0.0306520182242065}, {""value"": ""17"", ""count"": 8928, ""fraction"": 0.027208313651393482}, {""value"": ""13"", ""count"": 8773, ""fraction"": 0.02673594709494568}]","[{""value"": ""0"", ""count"": 51510, ""fraction"": 0.4709313487963869}, {""value"": ""3"", ""count"": 8449, ""fraction"": 0.07724517503359878}, {""value"": ""7"", ""count"": 6433, ""fraction"": 0.05881384909351887}, {""value"": ""100"", ""count"": 5723, ""fraction"": 0.05232265791422485}, {""value"": ""900"", ""count"": 5338, ""fraction"": 0.0488027866409457}, {""value"": ""14"", ""count"": 4090, ""fraction"": 0.03739291820184862}, {""value"": ""10"", ""count"": 3523, ""fraction"": 0.032209107781201146}, {""value"": ""29"", ""count"": 3376, ""fraction"": 0.03086515693140365}, {""value"": ""17"", ""count"": 2932, ""fraction"": 0.026805876813647957}, {""value"": ""13"", ""count"": 2910, ""fraction"": 0.02660474131231772}]",0.0,900.0,
264,_RFBING5,Binge Drinking Calculated Variable,"Binge drinkers (males having five or more drinks on one occasion, females having four or more drinks on one occasion)",binary,Two documented substantive responses,derived,9.3,[119],"[{""code"": ""9"", ""label"": ""Don’t know/Refused/Missing""}]",No documented blank category,contemporaneous,none,,include,,0.0,0.0,0.0,3,"[{""value"": ""1"", ""count"": 271566, ""fraction"": 0.8276044920535756}, {""value"": ""2"", ""count"": 37711, ""fraction"": 0.11492525942066527}, {""value"": ""9"", ""count"": 18858, ""fraction"": 0.057470248525759215}]","[{""value"": ""1"", ""count"": 90378, ""fraction"": 0.8262829245101894}, {""value"": ""2"", ""count"": 12642, ""fraction"": 0.11557977308258441}, {""value"": ""9"", ""count"": 6359, ""fraction"": 0.05813730240722625}]",1.0,9.0,
265,_DRNKWEK,Computed number of drinks of alcohol beverages per week,Calculated total number of alcoholic beverages consumed per week,count,"The variable records a number, duration, or frequency",derived,9.4,[119],"[{""code"": ""99900"", ""label"": ""Don’t know/Not sure/Refused/Missing""}]",No documented blank category,contemporaneous,none,,include,,0.0,0.0,0.0,237,"[{""value"": ""0"", ""count"": 154556, ""fraction"": 0.47101345482804335}, {""value"": ""99900"", ""count"": 18967, ""fraction"": 0.05780242887835799}, {""value"": ""23"", ""count"": 17670, ""fraction"": 0.0538497874350496}, {""value"": ""47"", ""count"": 13896, ""fraction"": 0.04234842366708824}, {""value"": ""93"", ""count"": 10118, ""fraction"": 0.03083486979444436}, {""value"": ""700"", ""count"": 9402, ""fraction"": 0.028652841056272572}, {""value"": ""1400"", ""count"": 6659, ""fraction"": 0.020293476770231765}, {""value"": ""200"", ""count"": 6628, ""fraction"": 0.020199003458942204}, {""value"": ""70"", ""count"": 6423, ""fraction"": 0.01957426059396285}, {""value"": ""100"", ""count"": 6194, ""fraction"": 0.018876377100888353}]","[{""value"": ""0"", ""count"": 51510, ""fraction"": 0.4709313487963869}, {""value"": ""99900"", ""count"": 6373, ""fraction"": 0.058265297726254585}, {""value"": ""23"", ""count"": 5993, ""fraction"": 0.05479113906691412}, {""value"": ""47"", ""count"": 4677, ""fraction"": 0.04275957907825085}, {""value"": ""93"", ""count"": 3397, ""fraction"": 0.03105714990994615}, {""value"": ""700"", ""count"": 3213, ""fraction"": 0.02937492571700235}, {""value"": ""1400"", ""count"": 2246, ""fraction"": 0.020534106181259656}, {""value"": ""200"", ""count"": 2204, ""fraction"": 0.02015012022417466}, {""value"": ""70"", ""count"": 2146, ""fraction"": 0.019619853902485853}, {""value"": ""100"", ""count"": 2007, ""fraction"": 0.018349043234990262}]",0.0,99900.0,
266,_RFDRHV5,Heavy Alcohol Consumption Calculated Variable,Heavy drinkers (adult men having more than 14 drinks per week and adult women having more than 7 drinks per week),binary,Two documented substantive responses,derived,9.5,[119],"[{""code"": ""9"", ""label"": ""Don’t know/Refused/Missing""}]",No documented blank category,contemporaneous,none,,include,,0.0,0.0,0.0,3,"[{""value"": ""1"", ""count"": 292733, ""fraction"": 0.8921114785073216}, {""value"": ""9"", ""count"": 18967, ""fraction"": 0.05780242887835799}, {""value"": ""2"", ""count"": 16435, ""fraction"": 0.05008609261432032}]","[{""value"": ""1"", ""count"": 97517, ""fraction"": 0.8915513946918513}, {""value"": ""9"", ""count"": 6373, ""fraction"": 0.058265297726254585}, {""value"": ""2"", ""count"": 5489, ""fraction"": 0.05018330758189415}]",1.0,9.0,
267,FTJUDA1_,Computed Fruit Juice intake in times per day,Fruit juice intake in times per day,count,"The variable records a number, duration, or frequency",derived,10.1,[120],"[{""code"": ""BLANK"", ""label"": ""Don’t know/Not Sure Or Refused/Missing""}]",Don’t know/Not Sure Or Refused/Missing,contemporaneous,none,,include,,0.08644612735611867,0.08778650380786074,0.0013403764517420647,98,"[{""value"": ""0.0"", ""count"": 123451, ""fraction"": 0.3762201532905664}, {""value"": ""1.0"", ""count"": 49247, ""fraction"": 0.1500815213250644}, {""value"": ""<MISSING>"", ""count"": 28366, ""fraction"": 0.08644612735611867}, {""value"": ""0.29"", ""count"": 13624, ""fraction"": 0.041519496548676614}, {""value"": ""0.07"", ""count"": 13362, ""fraction"": 0.04072104469197129}, {""value"": ""0.14"", ""count"": 12015, ""fraction"": 0.03661602694013135}, {""value"": ""0.43"", ""count"": 11621, ""fraction"": 0.03541530162890274}, {""value"": ""0.03"", ""count"": 10717, ""fraction"": 0.03266033797065232}, {""value"": ""0.1"", ""count"": 8294, ""fraction"": 0.025276182059213434}, {""value"": ""0.17"", ""count"": 7974, ""fraction"": 0.024300973684611517}]","[{""value"": ""0.0"", ""count"": 41031, ""fraction"": 0.3751268525036799}, {""value"": ""1.0"", ""count"": 16352, ""fraction"": 0.14949853262509258}, {""value"": ""<MISSING>"", ""count"": 9602, ""fraction"": 0.08778650380786074}, {""value"": ""0.29"", ""count"": 4562, ""fraction"": 0.04170818895766098}, {""value"": ""0.07"", ""count"": 4544, ""fraction"": 0.041543623547481694}, {""value"": ""0.14"", ""count"": 3927, ""fraction"": 0.035902686987447315}, {""value"": ""0.43"", ""count"": 3826, ""fraction"": 0.034979292185885774}, {""value"": ""0.03"", ""count"": 3496, ""fraction"": 0.03196225966593222}, {""value"": ""0.1"", ""count"": 2818, ""fraction"": 0.02576362921584582}, {""value"": ""0.17"", ""count"": 2672, ""fraction"": 0.024428820888836064}]",0.0,99.0,
268,FRUTDA1_,Computed Fruit intake in times per day,Fruit intake in times per day,count,"The variable records a number, duration, or frequency",derived,10.2,[120],"[{""code"": ""BLANK"", ""label"": ""Don’t know/Not Sure Or Refused/Missing""}]",Don’t know/Not Sure Or Refused/Missing,contemporaneous,none,,include,,0.08206073719658068,0.08324266998235492,0.0011819327857742479,122,"[{""value"": ""1.0"", ""count"": 89520, ""fraction"": 0.27281454279488626}, {""value"": ""2.0"", ""count"": 41210, ""fraction"": 0.12558855349170311}, {""value"": ""<MISSING>"", ""count"": 26927, ""fraction"": 0.08206073719658068}, {""value"": ""0.43"", ""count"": 19434, ""fraction"": 0.059225623600042666}, {""value"": ""0.29"", ""count"": 15470, ""fraction"": 0.04714522985966142}, {""value"": ""3.0"", ""count"": 15129, ""fraction"": 0.046106023435476255}, {""value"": ""0.0"", ""count"": 12035, ""fraction"": 0.03667697746354397}, {""value"": ""0.57"", ""count"": 11030, ""fraction"": 0.03361421366205982}, {""value"": ""0.67"", ""count"": 10774, ""fraction"": 0.03283404696237829}, {""value"": ""0.5"", ""count"": 9816, ""fraction"": 0.0299145168909138}]","[{""value"": ""1.0"", ""count"": 29732, ""fraction"": 0.27182548752502766}, {""value"": ""2.0"", ""count"": 13661, ""fraction"": 0.12489600380328948}, {""value"": ""<MISSING>"", ""count"": 9105, ""fraction"": 0.08324266998235492}, {""value"": ""0.43"", ""count"": 6476, ""fraction"": 0.0592069775733916}, {""value"": ""0.29"", ""count"": 5133, ""fraction"": 0.046928569469459405}, {""value"": ""3.0"", ""count"": 5100, ""fraction"": 0.04662686621746405}, {""value"": ""0.0"", ""count"": 3974, ""fraction"": 0.03633238555847101}, {""value"": ""0.57"", ""count"": 3711, ""fraction"": 0.033927902065295897}, {""value"": ""0.67"", ""count"": 3439, ""fraction"": 0.03144113586703115}, {""value"": ""0.5"", ""count"": 3335, ""fraction"": 0.030490313497106392}]",0.0,99.0,
269,BEANDAY_,Computed Bean intake in times per day,Bean intake in times per day,count,"The variable records a number, duration, or frequency",derived,10.3,[120],"[{""code"": ""BLANK"", ""label"": ""Don’t know/Not Sure Or Refused/Missing""}]",Don’t know/Not Sure Or Refused/Missing,contemporaneous,none,,include,,0.08954241394547975,0.09094981669241811,0.0014074027469383604,97,"[{""value"": ""0.0"", ""count"": 50956, ""fraction"": 0.15528974355067274}, {""value"": ""0.14"", ""count"": 31846, ""fraction"": 0.09705151842991451}, {""value"": ""0.29"", ""count"": 30505, ""fraction"": 0.09296478583509836}, {""value"": ""<MISSING>"", ""count"": 29382, ""fraction"": 0.08954241394547975}, {""value"": ""0.07"", ""count"": 24554, ""fraction"": 0.07482895759367333}, {""value"": ""0.43"", ""count"": 21624, ""fraction"": 0.06589970591372453}, {""value"": ""0.03"", ""count"": 15951, ""fraction"": 0.04861108994773493}, {""value"": ""0.17"", ""count"": 15907, ""fraction"": 0.04847699879622716}, {""value"": ""0.1"", ""count"": 15751, ""fraction"": 0.04800158471360873}, {""value"": ""1.0"", ""count"": 15731, ""fraction"": 0.04794063419019611}]","[{""value"": ""0.0"", ""count"": 17069, ""fraction"": 0.15605372146390076}, {""value"": ""0.14"", ""count"": 10579, ""fraction"": 0.09671874857148081}, {""value"": ""0.29"", ""count"": 10144, ""fraction"": 0.09274175115881476}, {""value"": ""<MISSING>"", ""count"": 9948, ""fraction"": 0.09094981669241811}, {""value"": ""0.07"", ""count"": 8135, ""fraction"": 0.07437442287824902}, {""value"": ""0.43"", ""count"": 7110, ""fraction"": 0.06500333702081752}, {""value"": ""0.17"", ""count"": 5343, ""fraction"": 0.048848499254884395}, {""value"": ""0.1"", ""count"": 5330, ""fraction"": 0.0487296464586438}, {""value"": ""1.0"", ""count"": 5212, ""fraction"": 0.047650828769690706}, {""value"": ""0.03"", ""count"": 5134, ""fraction"": 0.04693771199224714}]",0.0,99.0,
270,GRENDAY_,Computed Dark Green Vegetable intake in times per day,Dark green vegetable intake in times per day,count,"The variable records a number, duration, or frequency",derived,10.4,[120],"[{""code"": ""BLANK"", ""label"": ""Don’t know/Not Sure Or Refused/Missing""}]",Don’t know/Not Sure Or Refused/Missing,contemporaneous,none,,include,,0.08500464747741021,0.08684482396072372,0.0018401764833135131,103,"[{""value"": ""1.0"", ""count"": 50667, ""fraction"": 0.1544090084873604}, {""value"": ""0.43"", ""count"": 28567, ""fraction"": 0.0870586801164155}, {""value"": ""<MISSING>"", ""count"": 27893, ""fraction"": 0.08500464747741021}, {""value"": ""0.29"", ""count"": 26615, ""fraction"": 0.08110990903134381}, {""value"": ""0.0"", ""count"": 23287, ""fraction"": 0.07096774193548387}, {""value"": ""0.14"", ""count"": 19799, ""fraction"": 0.06033797065232298}, {""value"": ""0.57"", ""count"": 16478, ""fraction"": 0.050217136239657456}, {""value"": ""0.67"", ""count"": 13694, ""fraction"": 0.04173282338062078}, {""value"": ""2.0"", ""count"": 13098, ""fraction"": 0.03991649778292471}, {""value"": ""0.5"", ""count"": 12678, ""fraction"": 0.038636536791259696}]","[{""value"": ""1.0"", ""count"": 16779, ""fraction"": 0.1534023898554567}, {""value"": ""0.43"", ""count"": 9581, ""fraction"": 0.08759451082931824}, {""value"": ""<MISSING>"", ""count"": 9499, ""fraction"": 0.08684482396072372}, {""value"": ""0.29"", ""count"": 8757, ""fraction"": 0.08006107205222208}, {""value"": ""0.0"", ""count"": 7694, ""fraction"": 0.07034257032885655}, {""value"": ""0.14"", ""count"": 6623, ""fraction"": 0.06055092842318909}, {""value"": ""0.57"", ""count"": 5486, ""fraction"": 0.05015588001353093}, {""value"": ""0.67"", ""count"": 4497, ""fraction"": 0.041113924976458}, {""value"": ""2.0"", ""count"": 4320, ""fraction"": 0.03949569844302837}, {""value"": ""0.33"", ""count"": 4193, ""fraction"": 0.03833459804898564}]",0.0,99.0,
271,ORNGDAY_,Computed Orange-Colored Vegetable intake in times per day,Orange-colored vegetable intake in times per day,count,"The variable records a number, duration, or frequency",derived,10.5,[121],"[{""code"": ""BLANK"", ""label"": ""Don’t know/Not Sure Or Refused/Missing""}]",Don’t know/Not Sure Or Refused/Missing,contemporaneous,none,,include,,0.08825026284913222,0.08901160186141764,0.0007613390122854224,93,"[{""value"": ""0.0"", ""count"": 44094, ""fraction"": 0.1343776189678029}, {""value"": ""0.14"", ""count"": 37359, ""fraction"": 0.11385253020860317}, {""value"": ""0.29"", ""count"": 31473, ""fraction"": 0.09591479116826916}, {""value"": ""<MISSING>"", ""count"": 28958, ""fraction"": 0.08825026284913222}, {""value"": ""0.07"", ""count"": 23358, ""fraction"": 0.07118411629359866}, {""value"": ""0.43"", ""count"": 21629, ""fraction"": 0.06591494354457769}, {""value"": ""1.0"", ""count"": 19574, ""fraction"": 0.059652277263931006}, {""value"": ""0.17"", ""count"": 16825, ""fraction"": 0.05127462782086641}, {""value"": ""0.03"", ""count"": 15891, ""fraction"": 0.04842823837749707}, {""value"": ""0.33"", ""count"": 14620, ""fraction"": 0.044554832614625076}]","[{""value"": ""0.0"", ""count"": 14769, ""fraction"": 0.13502591905210323}, {""value"": ""0.14"", ""count"": 12539, ""fraction"": 0.1146380932354474}, {""value"": ""0.29"", ""count"": 10410, ""fraction"": 0.09517366222035309}, {""value"": ""<MISSING>"", ""count"": 9736, ""fraction"": 0.08901160186141764}, {""value"": ""0.07"", ""count"": 7845, ""fraction"": 0.07172309126980499}, {""value"": ""0.43"", ""count"": 7085, ""fraction"": 0.06477477395112408}, {""value"": ""1.0"", ""count"": 6391, ""fraction"": 0.05842986313643387}, {""value"": ""0.17"", ""count"": 5615, ""fraction"": 0.05133526545314914}, {""value"": ""0.03"", ""count"": 5307, ""fraction"": 0.048519368434525825}, {""value"": ""0.33"", ""count"": 4950, ""fraction"": 0.04525548779930334}]",0.0,99.0,
272,VEGEDA1_,Computed Other Vegetable intake in times per day,Other vegetable intake in times per day,count,"The variable records a number, duration, or frequency",derived,10.6,[121],"[{""code"": ""BLANK"", ""label"": ""Don’t know/Not Sure Or Refused/Missing""}]",Don’t know/Not Sure Or Refused/Missing,contemporaneous,none,,include,,0.09323296813811388,0.0938297113705556,0.0005967432324417155,118,"[{""value"": ""1.0"", ""count"": 89571, ""fraction"": 0.27296996662958845}, {""value"": ""<MISSING>"", ""count"": 30593, ""fraction"": 0.09323296813811388}, {""value"": ""0.43"", ""count"": 24335, ""fraction"": 0.07416154936230515}, {""value"": ""2.0"", ""count"": 24007, ""fraction"": 0.07316196077833818}, {""value"": ""0.29"", ""count"": 19548, ""fraction"": 0.0595730415834946}, {""value"": ""0.67"", ""count"": 16494, ""fraction"": 0.05026589665838756}, {""value"": ""0.57"", ""count"": 15806, ""fraction"": 0.048169198652993434}, {""value"": ""0.71"", ""count"": 13054, ""fraction"": 0.039782406631416946}, {""value"": ""0.5"", ""count"": 12592, ""fraction"": 0.03837444954058543}, {""value"": ""0.14"", ""count"": 11104, ""fraction"": 0.033839730598686515}]","[{""value"": ""1.0"", ""count"": 30070, ""fraction"": 0.27491566022728314}, {""value"": ""<MISSING>"", ""count"": 10263, ""fraction"": 0.0938297113705556}, {""value"": ""2.0"", ""count"": 8084, ""fraction"": 0.07390815421607438}, {""value"": ""0.43"", ""count"": 8045, ""fraction"": 0.0735515958273526}, {""value"": ""0.29"", ""count"": 6426, ""fraction"": 0.0587498514340047}, {""value"": ""0.57"", ""count"": 5419, ""fraction"": 0.04954333098675248}, {""value"": ""0.67"", ""count"": 5410, ""fraction"": 0.04946104828166284}, {""value"": ""0.5"", ""count"": 4222, ""fraction"": 0.03859973120983004}, {""value"": ""0.71"", ""count"": 4076, ""fraction"": 0.03726492288282029}, {""value"": ""0.33"", ""count"": 3666, ""fraction"": 0.033516488539847684}]",0.0,99.0,
273,_MISFRTN,The number of missing fruit responses,The number of missing fruit responses,count,"The variable records a number, duration, or frequency",derived,10.7,[121],"[{""code"": ""0"", ""label"": ""No missing fruit responses""}, {""code"": ""1 - 2"", ""label"": ""Has 1 or 2 missing fruit responses""}]",No documented blank category,contemporaneous,none,,include,,0.0,0.0,0.0,3,"[{""value"": ""0"", ""count"": 296020, ""fraction"": 0.9021286970301857}, {""value"": ""2"", ""count"": 23178, ""fraction"": 0.07063556158288509}, {""value"": ""1"", ""count"": 8937, ""fraction"": 0.02723574138692916}]","[{""value"": ""0"", ""count"": 98476, ""fraction"": 0.9003190740452921}, {""value"": ""2"", ""count"": 7804, ""fraction"": 0.07134824783550774}, {""value"": ""1"", ""count"": 3099, ""fraction"": 0.028332678119200212}]",0.0,2.0,
274,_MISVEGN,The number of missing vegetable responses,The number of missing vegetable responses,count,"The variable records a number, duration, or frequency",derived,10.8,[122],"[{""code"": ""0"", ""label"": ""No missing vegetable responses""}, {""code"": ""1 - 4"", ""label"": ""Has 1, 2, 3, or 4 missing vegetable responses""}]",No documented blank category,contemporaneous,none,,include,,0.0,0.0,0.0,5,"[{""value"": ""0"", ""count"": 290530, ""fraction"": 0.8853977783534216}, {""value"": ""4"", ""count"": 24512, ""fraction"": 0.07470096149450683}, {""value"": ""1"", ""count"": 8976, ""fraction"": 0.027354594907583768}, {""value"": ""2"", ""count"": 2549, ""fraction"": 0.007768144208938395}, {""value"": ""3"", ""count"": 1568, ""fraction"": 0.004778521035549392}]","[{""value"": ""0"", ""count"": 96692, ""fraction"": 0.8840088133919674}, {""value"": ""4"", ""count"": 8255, ""fraction"": 0.07547152561277759}, {""value"": ""1"", ""count"": 2995, ""fraction"": 0.027381855749275454}, {""value"": ""2"", ""count"": 880, ""fraction"": 0.008045420053209483}, {""value"": ""3"", ""count"": 557, ""fraction"": 0.005092385192770093}]",0.0,4.0,
275,_FRTRESP,Missing any fruit responses,Missing any fruit responses,categorical,A small set of documented response categories,derived,10.9,[122],"[{""code"": ""0"", ""label"": ""Not Included - Missing Fruit Responses""}, {""code"": ""1"", ""label"": ""Included - Not Missing Fruit Responses""}]",No documented blank category,contemporaneous,none,,include,,0.0,0.0,0.0,2,"[{""value"": ""1"", ""count"": 296020, ""fraction"": 0.9021286970301857}, {""value"": ""0"", ""count"": 32115, ""fraction"": 0.09787130296981425}]","[{""value"": ""1"", ""count"": 98476, ""fraction"": 0.9003190740452921}, {""value"": ""0"", ""count"": 10903, ""fraction"": 0.09968092595470794}]",0.0,1.0,
276,_VEGRESP,Missing any vegetable responses,Missing any vegetable responses,categorical,A small set of documented response categories,derived,10.10,[122],"[{""code"": ""0"", ""label"": ""Not Included - Missing Vegetable Responses""}, {""code"": ""1"", ""label"": ""Included - Not Missing Vegetable Responses""}]",No documented blank category,contemporaneous,none,,include,,0.0,0.0,0.0,2,"[{""value"": ""1"", ""count"": 290530, ""fraction"": 0.8853977783534216}, {""value"": ""0"", ""count"": 37605, ""fraction"": 0.11460222164657839}]","[{""value"": ""1"", ""count"": 96692, ""fraction"": 0.8840088133919674}, {""value"": ""0"", ""count"": 12687, ""fraction"": 0.11599118660803262}]",0.0,1.0,
277,_FRUTSUM,Total fruits consumed per day,Total fruits consumed per day,continuous,The codebook documents a numeric value range,derived,10.11,[122],"[{""code"": ""BLANK"", ""label"": ""Not asked or Missing""}]",Not asked or Missing,contemporaneous,none,,include,,0.09787130296981425,0.09968092595470794,0.0018096229848936912,>256,[],[],0.0,150.0,
278,_VEGESUM,Total vegetables consumed per day,Total vegetables consumed per day,continuous,The codebook documents a numeric value range,derived,10.12,[123],"[{""code"": ""BLANK"", ""label"": ""Not asked or Missing""}]",Not asked or Missing,contemporaneous,none,,include,,0.11460222164657839,0.11599118660803262,0.0013889649614542282,>256,[],[],0.0,199.29,
279,_FRTLT1,Consume Fruit 1 or more times per day,Consume Fruit 1 or more times per day,binary,Two documented substantive responses,derived,10.13,[123],"[{""code"": ""9"", ""label"": ""Don´t know, refused or missing values""}]",No documented blank category,contemporaneous,none,,include,,0.0,0.0,0.0,3,"[{""value"": ""1"", ""count"": 184582, ""fraction"": 0.5625184756274094}, {""value"": ""2"", ""count"": 111438, ""fraction"": 0.3396102214027763}, {""value"": ""9"", ""count"": 32115, ""fraction"": 0.09787130296981425}]","[{""value"": ""1"", ""count"": 61342, ""fraction"": 0.5608206328454274}, {""value"": ""2"", ""count"": 37134, ""fraction"": 0.33949844119986466}, {""value"": ""9"", ""count"": 10903, ""fraction"": 0.09968092595470794}]",1.0,9.0,
280,_VEGLT1,Consume Vegetables 1 or more times per day,Consume Vegetables 1 or more times per day,binary,Two documented substantive responses,derived,10.14,[123],"[{""code"": ""9"", ""label"": ""Don´t know, refused or missing values""}]",No documented blank category,contemporaneous,none,,include,,0.0,0.0,0.0,3,"[{""value"": ""1"", ""count"": 230599, ""fraction"": 0.7027564874213358}, {""value"": ""2"", ""count"": 59931, ""fraction"": 0.1826412909320859}, {""value"": ""9"", ""count"": 37605, ""fraction"": 0.11460222164657839}]","[{""value"": ""1"", ""count"": 76691, ""fraction"": 0.7011492151144186}, {""value"": ""2"", ""count"": 20001, ""fraction"": 0.18285959827754872}, {""value"": ""9"", ""count"": 12687, ""fraction"": 0.11599118660803262}]",1.0,9.0,
281,_FRT16,Reported consuming Fruit >16 per day,Reported consuming Fruit >16 per day,binary,Two documented substantive responses,derived,10.15,[124],[],No documented blank category,contemporaneous,none,,include,,0.0,0.0,0.0,2,"[{""value"": ""1"", ""count"": 328065, ""fraction"": 0.9997866731680558}, {""value"": ""0"", ""count"": 70, ""fraction"": 0.00021332683194416933}]","[{""value"": ""1"", ""count"": 109360, ""fraction"": 0.999826292067033}, {""value"": ""0"", ""count"": 19, ""fraction"": 0.00017370793296702291}]",0.0,1.0,
282,_VEG23,Reported consuming Vegetables >23 per day,Reported consuming Vegetables >23 per day,binary,Two documented substantive responses,derived,10.16,[124],[],No documented blank category,contemporaneous,none,,include,,0.0,0.0,0.0,2,"[{""value"": ""1"", ""count"": 328096, ""fraction"": 0.9998811464793453}, {""value"": ""0"", ""count"": 39, ""fraction"": 0.00011885352065460863}]","[{""value"": ""1"", ""count"": 109371, ""fraction"": 0.9999268598176981}, {""value"": ""0"", ""count"": 8, ""fraction"": 7.314018230190439e-05}]",0.0,1.0,
283,_FRUITEX,Fruit Exclusion from analyses,Fruit Exclusion from analyses,categorical,A small set of documented response categories,derived,10.17,[124],"[{""code"": ""0"", ""label"": ""No missing values and in accepted range""}, {""code"": ""1"", ""label"": ""Missing Fruit responses""}]",No documented blank category,contemporaneous,none,,include,,0.0,0.0,0.0,3,"[{""value"": ""0"", ""count"": 295950, ""fraction"": 0.9019153701982415}, {""value"": ""1"", ""count"": 32115, ""fraction"": 0.09787130296981425}, {""value"": ""2"", ""count"": 70, ""fraction"": 0.00021332683194416933}]","[{""value"": ""0"", ""count"": 98457, ""fraction"": 0.900145366112325}, {""value"": ""1"", ""count"": 10903, ""fraction"": 0.09968092595470794}, {""value"": ""2"", ""count"": 19, ""fraction"": 0.00017370793296702291}]",0.0,2.0,
284,_VEGETEX,Vegetable Exclusion from analyses,Vegetable Exclusion from analyses,categorical,A small set of documented response categories,derived,10.18,[125],"[{""code"": ""0"", ""label"": ""No missing values and in accepted range""}, {""code"": ""1"", ""label"": ""Missing Vegetable responses""}]",No documented blank category,contemporaneous,none,,include,,0.0,0.0,0.0,3,"[{""value"": ""0"", ""count"": 290491, ""fraction"": 0.885278924832767}, {""value"": ""1"", ""count"": 37605, ""fraction"": 0.11460222164657839}, {""value"": ""2"", ""count"": 39, ""fraction"": 0.00011885352065460863}]","[{""value"": ""0"", ""count"": 96684, ""fraction"": 0.8839356732096655}, {""value"": ""1"", ""count"": 12687, ""fraction"": 0.11599118660803262}, {""value"": ""2"", ""count"": 8, ""fraction"": 7.314018230190439e-05}]",0.0,2.0,
285,_TOTINDA,Leisure Time Physical Activity Calculated Variable,Adults who reported doing physical activity or exercise during the past 30 days other than their regular job,binary,Two documented substantive responses,derived,11.1,[125],"[{""code"": ""9"", ""label"": ""Don’t know/Refused/Missing""}]",No documented blank category,contemporaneous,none,,include,,0.0,0.0,0.0,3,"[{""value"": ""1"", ""count"": 220487, ""fraction"": 0.6719399027839151}, {""value"": ""2"", ""count"": 79581, ""fraction"": 0.24252518018498484}, {""value"": ""9"", ""count"": 28067, ""fraction"": 0.0855349170311}]","[{""value"": ""1"", ""count"": 73472, ""fraction"": 0.6717194342606899}, {""value"": ""2"", ""count"": 26474, ""fraction"": 0.24203914828257708}, {""value"": ""9"", ""count"": 9433, ""fraction"": 0.08624141745673301}]",1.0,9.0,
286,METVL11_,Activity MET Value for First Activity,Activity MET Value for First Activity,continuous,Measured or calculated continuous quantity,derived,11.2,[125],"[{""code"": ""BLANK"", ""label"": ""Not asked or Missing""}]",Not asked or Missing,contemporaneous,none,,include,,0.3313483779541957,0.33148959123780614,0.00014121328361044183,30,"[{""value"": ""3.5"", ""count"": 123659, ""fraction"": 0.37685403873405765}, {""value"": ""<MISSING>"", ""count"": 108727, ""fraction"": 0.3313483779541957}, {""value"": ""6.0"", ""count"": 19148, ""fraction"": 0.058354031115242205}, {""value"": ""5.0"", ""count"": 16238, ""fraction"": 0.04948572995870602}, {""value"": ""0.0"", ""count"": 10969, ""fraction"": 0.03342831456565133}, {""value"": ""6.8"", ""count"": 10423, ""fraction"": 0.03176436527648681}, {""value"": ""4.5"", ""count"": 8931, ""fraction"": 0.027217456229905373}, {""value"": ""7.3"", ""count"": 6099, ""fraction"": 0.018586862114678408}, {""value"": ""3.8"", ""count"": 4129, ""fraction"": 0.012583235558535358}, {""value"": ""7.0"", ""count"": 3697, ""fraction"": 0.01126670425282277}]","[{""value"": ""3.5"", ""count"": 40911, ""fraction"": 0.3740297497691513}, {""value"": ""<MISSING>"", ""count"": 36258, ""fraction"": 0.33148959123780614}, {""value"": ""6.0"", ""count"": 6429, ""fraction"": 0.05877727900236791}, {""value"": ""5.0"", ""count"": 5519, ""fraction"": 0.05045758326552629}, {""value"": ""0.0"", ""count"": 3684, ""fraction"": 0.03368105395002697}, {""value"": ""6.8"", ""count"": 3511, ""fraction"": 0.03209939750774829}, {""value"": ""4.5"", ""count"": 2984, ""fraction"": 0.027281287998610338}, {""value"": ""7.3"", ""count"": 2078, ""fraction"": 0.018998162352919665}, {""value"": ""3.8"", ""count"": 1425, ""fraction"": 0.01302809497252672}, {""value"": ""7.0"", ""count"": 1238, ""fraction"": 0.011318443211219704}]",0.0,12.8,
287,METVL21_,Activity MET Value for Second Activity,Activity MET Value for Second Activity,continuous,Measured or calculated continuous quantity,derived,11.3,[126],"[{""code"": ""BLANK"", ""label"": ""Not asked or Missing""}]",Not asked or Missing,contemporaneous,none,,include,,0.34261812973318906,0.342314338218488,0.00030379151470105725,30,"[{""value"": ""<MISSING>"", ""count"": 112425, ""fraction"": 0.34261812973318906}, {""value"": ""0.0"", ""count"": 86896, ""fraction"": 0.2648178341231505}, {""value"": ""3.5"", ""count"": 34685, ""fraction"": 0.1057034452283359}, {""value"": ""5.0"", ""count"": 13488, ""fraction"": 0.0411050329894708}, {""value"": ""6.0"", ""count"": 12347, ""fraction"": 0.03762780562878084}, {""value"": ""4.5"", ""count"": 11281, ""fraction"": 0.0343791427308882}, {""value"": ""3.3"", ""count"": 10838, ""fraction"": 0.03302908863729867}, {""value"": ""6.8"", ""count"": 10371, ""fraction"": 0.031605893915614}, {""value"": ""4.0"", ""count"": 7669, ""fraction"": 0.023371478202569063}, {""value"": ""3.8"", ""count"": 5156, ""fraction"": 0.015713044935773385}]","[{""value"": ""<MISSING>"", ""count"": 37442, ""fraction"": 0.342314338218488}, {""value"": ""0.0"", ""count"": 29061, ""fraction"": 0.2656908547344554}, {""value"": ""3.5"", ""count"": 11779, ""fraction"": 0.10768977591676647}, {""value"": ""5.0"", ""count"": 4497, ""fraction"": 0.041113924976458}, {""value"": ""6.0"", ""count"": 4050, ""fraction"": 0.037027217290339094}, {""value"": ""4.5"", ""count"": 3691, ""fraction"": 0.03374505160954114}, {""value"": ""3.3"", ""count"": 3588, ""fraction"": 0.03280337176240412}, {""value"": ""6.8"", ""count"": 3517, ""fraction"": 0.03215425264447472}, {""value"": ""4.0"", ""count"": 2436, ""fraction"": 0.022271185510929888}, {""value"": ""3.8"", ""count"": 1655, ""fraction"": 0.01513087521370647}]",0.0,12.8,
288,MAXVO2_,Estimated Age-Gender Specific Maximum Oxygen Consumption,Estimated Age-Gender Specific Maximum Oxygen Consumption,continuous,Measured or calculated continuous quantity,derived,11.4,[126],"[{""code"": ""99900"", ""label"": ""Don’t know/Not Sure/Refused/Missing""}]",No documented blank category,contemporaneous,none,,include,,0.0,0.0,0.0,163,"[{""value"": ""22.84"", ""count"": 4529, ""fraction"": 0.013802246026787755}, {""value"": ""25.8"", ""count"": 4523, ""fraction"": 0.013783960869763969}, {""value"": ""25.06"", ""count"": 4515, ""fraction"": 0.013759580660398922}, {""value"": ""23.95"", ""count"": 4478, ""fraction"": 0.013646822192085574}, {""value"": ""23.21"", ""count"": 4478, ""fraction"": 0.013646822192085574}, {""value"": ""23.58"", ""count"": 4194, ""fraction"": 0.012781324759626374}, {""value"": ""24.69"", ""count"": 4186, ""fraction"": 0.012756944550261325}, {""value"": ""26.54"", ""count"": 4177, ""fraction"": 0.012729516814725646}, {""value"": ""26.17"", ""count"": 4122, ""fraction"": 0.012561902875340942}, {""value"": ""24.32"", ""count"": 4094, ""fraction"": 0.012476572142563274}]","[{""value"": ""23.95"", ""count"": 1541, ""fraction"": 0.014088627615904332}, {""value"": ""22.84"", ""count"": 1521, ""fraction"": 0.013905777160149572}, {""value"": ""23.21"", ""count"": 1466, ""fraction"": 0.013402938406823979}, {""value"": ""25.06"", ""count"": 1434, ""fraction"": 0.013110377677616362}, {""value"": ""25.8"", ""count"": 1434, ""fraction"": 0.013110377677616362}, {""value"": ""23.58"", ""count"": 1389, ""fraction"": 0.01269896415216815}, {""value"": ""24.32"", ""count"": 1388, ""fraction"": 0.012689821629380411}, {""value"": ""24.69"", ""count"": 1371, ""fraction"": 0.012534398741988865}, {""value"": ""26.17"", ""count"": 1371, ""fraction"": 0.012534398741988865}, {""value"": ""26.91"", ""count"": 1307, ""fraction"": 0.01194927728357363}]",5.55,999.0,
289,FC60_,Estimated Functional Capacity,Estimated Functional Capacity,continuous,Measured or calculated continuous quantity,derived,11.5,[126],"[{""code"": ""99900"", ""label"": ""Don’t know/Not Sure/Refused/Missing""}]",No documented blank category,contemporaneous,none,,include,,0.0,0.0,0.0,156,"[{""value"": ""3.92"", ""count"": 4529, ""fraction"": 0.013802246026787755}, {""value"": ""4.42"", ""count"": 4523, ""fraction"": 0.013783960869763969}, {""value"": ""4.3"", ""count"": 4515, ""fraction"": 0.013759580660398922}, {""value"": ""4.11"", ""count"": 4478, ""fraction"": 0.013646822192085574}, {""value"": ""3.98"", ""count"": 4478, ""fraction"": 0.013646822192085574}, {""value"": ""4.04"", ""count"": 4194, ""fraction"": 0.012781324759626374}, {""value"": ""4.23"", ""count"": 4186, ""fraction"": 0.012756944550261325}, {""value"": ""4.55"", ""count"": 4177, ""fraction"": 0.012729516814725646}, {""value"": ""4.49"", ""count"": 4122, ""fraction"": 0.012561902875340942}, {""value"": ""4.17"", ""count"": 4094, ""fraction"": 0.012476572142563274}]","[{""value"": ""4.11"", ""count"": 1541, ""fraction"": 0.014088627615904332}, {""value"": ""3.92"", ""count"": 1521, ""fraction"": 0.013905777160149572}, {""value"": ""3.98"", ""count"": 1466, ""fraction"": 0.013402938406823979}, {""value"": ""4.3"", ""count"": 1434, ""fraction"": 0.013110377677616362}, {""value"": ""4.42"", ""count"": 1434, ""fraction"": 0.013110377677616362}, {""value"": ""4.04"", ""count"": 1389, ""fraction"": 0.01269896415216815}, {""value"": ""4.17"", ""count"": 1388, ""fraction"": 0.012689821629380411}, {""value"": ""4.23"", ""count"": 1371, ""fraction"": 0.012534398741988865}, {""value"": ""4.49"", ""count"": 1371, ""fraction"": 0.012534398741988865}, {""value"": ""4.61"", ""count"": 1307, ""fraction"": 0.01194927728357363}]",0.95,999.0,
290,ACTIN11_,Estimated Activity Intensity for First Activity,Estimated Activity Intensity for First Activity,categorical,A small set of documented response categories,derived,11.6,[127],"[{""code"": ""BLANK"", ""label"": ""Not asked or Missing""}]",Not asked or Missing,contemporaneous,none,,include,,0.33849482682432536,0.33811792025891624,0.0003769065654091186,4,"[{""value"": ""1"", ""count"": 134506, ""fraction"": 0.409910555106892}, {""value"": ""<MISSING>"", ""count"": 111072, ""fraction"": 0.33849482682432536}, {""value"": ""2"", ""count"": 71632, ""fraction"": 0.2183003946546391}, {""value"": ""0"", ""count"": 10925, ""fraction"": 0.03329422341414357}]","[{""value"": ""1.0"", ""count"": 44670, ""fraction"": 0.40839649292825864}, {""value"": ""<MISSING>"", ""count"": 36983, ""fraction"": 0.33811792025891624}, {""value"": ""2.0"", ""count"": 24049, ""fraction"": 0.21986853052231234}, {""value"": ""0.0"", ""count"": 3677, ""fraction"": 0.0336170562905128}]",0.0,2.0,
291,ACTIN21_,Estimated Activity Intensity for Second Activity,Estimated Activity Intensity for Second Activity,categorical,A small set of documented response categories,derived,11.7,[127],"[{""code"": ""BLANK"", ""label"": ""Not asked or Missing""}]",Not asked or Missing,contemporaneous,none,,include,,0.3495451567190333,0.3486958191243292,0.0008493375947041248,4,"[{""value"": ""<MISSING>"", ""count"": 114698, ""fraction"": 0.3495451567190333}, {""value"": ""0"", ""count"": 86078, ""fraction"": 0.2623249577155744}, {""value"": ""1"", ""count"": 68178, ""fraction"": 0.20777423926127966}, {""value"": ""2"", ""count"": 59181, ""fraction"": 0.18035564630411263}]","[{""value"": ""<MISSING>"", ""count"": 38140, ""fraction"": 0.3486958191243292}, {""value"": ""0.0"", ""count"": 28771, ""fraction"": 0.26303952312601137}, {""value"": ""1.0"", ""count"": 22914, ""fraction"": 0.20949176715822965}, {""value"": ""2.0"", ""count"": 19554, ""fraction"": 0.1787728905914298}]",0.0,2.0,
292,PADUR1_,Minutes of First Activity,Minutes of First Activity,count,"The variable records a number, duration, or frequency",derived,11.8,[127],"[{""code"": ""BLANK"", ""label"": ""Not asked or Missing""}]",Not asked or Missing,contemporaneous,none,,include,,0.34678714553461226,0.34666617906545133,0.00012096646916093245,193,"[{""value"": ""<MISSING>"", ""count"": 113793, ""fraction"": 0.34678714553461226}, {""value"": ""30"", ""count"": 54327, ""fraction"": 0.16556295427186982}, {""value"": ""60"", ""count"": 48404, ""fraction"": 0.14751245676322244}, {""value"": ""45"", ""count"": 21205, ""fraction"": 0.06462279244823015}, {""value"": ""20"", ""count"": 15638, ""fraction"": 0.04765721425632743}, {""value"": ""120"", ""count"": 14821, ""fraction"": 0.04516738537492191}, {""value"": ""90"", ""count"": 9617, ""fraction"": 0.029308059182958233}, {""value"": ""15"", ""count"": 8865, ""fraction"": 0.02701631950264373}, {""value"": ""40"", ""count"": 6876, ""fraction"": 0.02095478994925869}, {""value"": ""180"", ""count"": 6002, ""fraction"": 0.018291252076127203}]","[{""value"": ""<MISSING>"", ""count"": 37918, ""fraction"": 0.34666617906545133}, {""value"": ""30.0"", ""count"": 18013, ""fraction"": 0.16468426297552546}, {""value"": ""60.0"", ""count"": 16188, ""fraction"": 0.14799915888790352}, {""value"": ""45.0"", ""count"": 6996, ""fraction"": 0.06396108942301539}, {""value"": ""20.0"", ""count"": 5235, ""fraction"": 0.047861106793808686}, {""value"": ""120.0"", ""count"": 5077, ""fraction"": 0.04641658819334607}, {""value"": ""90.0"", ""count"": 3194, ""fraction"": 0.029201217784035328}, {""value"": ""15.0"", ""count"": 2838, ""fraction"": 0.025946479671600582}, {""value"": ""40.0"", ""count"": 2335, ""fraction"": 0.021347790709368344}, {""value"": ""180.0"", ""count"": 2061, ""fraction"": 0.018842739465528117}]",1.0,599.0,
293,PADUR2_,Minutes of Second Activity,Minutes of Second Activity,count,"The variable records a number, duration, or frequency",derived,11.9,[128],"[{""code"": ""BLANK"", ""label"": ""Not asked or Missing""}]",Not asked or Missing,contemporaneous,none,,include,,0.562704374723818,0.5638193803198055,0.0011150055959875393,167,"[{""value"": ""<MISSING>"", ""count"": 184643, ""fraction"": 0.562704374723818}, {""value"": ""30"", ""count"": 32009, ""fraction"": 0.09754826519572737}, {""value"": ""60"", ""count"": 31535, ""fraction"": 0.09610373779084828}, {""value"": ""120"", ""count"": 13671, ""fraction"": 0.04166273027869627}, {""value"": ""20"", ""count"": 11237, ""fraction"": 0.03424505157938044}, {""value"": ""45"", ""count"": 10069, ""fraction"": 0.030685541012083442}, {""value"": ""15"", ""count"": 7728, ""fraction"": 0.023551282246636294}, {""value"": ""90"", ""count"": 5844, ""fraction"": 0.01780974294116751}, {""value"": ""180"", ""count"": 5807, ""fraction"": 0.01769698447285416}, {""value"": ""240"", ""count"": 4344, ""fraction"": 0.013238453685221021}]","[{""value"": ""<MISSING>"", ""count"": 61670, ""fraction"": 0.5638193803198055}, {""value"": ""60.0"", ""count"": 10637, ""fraction"": 0.09724901489316962}, {""value"": ""30.0"", ""count"": 10505, ""fraction"": 0.0960422018851882}, {""value"": ""120.0"", ""count"": 4531, ""fraction"": 0.0414247707512411}, {""value"": ""20.0"", ""count"": 3777, ""fraction"": 0.03453130856928661}, {""value"": ""45.0"", ""count"": 3354, ""fraction"": 0.030664021430073414}, {""value"": ""15.0"", ""count"": 2566, ""fraction"": 0.023459713473335832}, {""value"": ""180.0"", ""count"": 2020, ""fraction"": 0.01846789603123086}, {""value"": ""90.0"", ""count"": 1896, ""fraction"": 0.01733422320555134}, {""value"": ""240.0"", ""count"": 1439, ""fraction"": 0.013156090291555051}]",1.0,599.0,
294,PAFREQ1_,Physical Activity Frequency per Week for First Activity,Physical Activity Frequency per Week for First Activity,continuous,The codebook documents a numeric value range,derived,11.10,[128],"[{""code"": ""99000"", ""label"": ""Don’t know/Not Sure/Refused""}, {""code"": ""BLANK"", ""label"": ""Not asked or Missing""}]",Not asked or Missing,contemporaneous,none,,include,,0.3390586191658921,0.3388767496502985,0.000181869515593569,111,"[{""value"": ""<MISSING>"", ""count"": 111257, ""fraction"": 0.3390586191658921}, {""value"": ""3.0"", ""count"": 38814, ""fraction"": 0.11828668078687125}, {""value"": ""7.0"", ""count"": 38247, ""fraction"": 0.11655873344812348}, {""value"": ""2.0"", ""count"": 25866, ""fraction"": 0.07882731192954119}, {""value"": ""5.0"", ""count"": 21314, ""fraction"": 0.06495497280082893}, {""value"": ""4.0"", ""count"": 19403, ""fraction"": 0.059131150288753105}, {""value"": ""1.0"", ""count"": 12360, ""fraction"": 0.03766742346899904}, {""value"": ""6.0"", ""count"": 7129, ""fraction"": 0.02172581407042833}, {""value"": ""4.667"", ""count"": 6906, ""fraction"": 0.021046215734377618}, {""value"": ""3.5"", ""count"": 5554, ""fraction"": 0.01692596035168452}]","[{""value"": ""<MISSING>"", ""count"": 37066, ""fraction"": 0.3388767496502985}, {""value"": ""3.0"", ""count"": 13020, ""fraction"": 0.11903564669634939}, {""value"": ""7.0"", ""count"": 12880, ""fraction"": 0.11775569350606606}, {""value"": ""2.0"", ""count"": 8466, ""fraction"": 0.07740059792099031}, {""value"": ""5.0"", ""count"": 7158, ""fraction"": 0.06544217811462895}, {""value"": ""4.0"", ""count"": 6556, ""fraction"": 0.05993837939641065}, {""value"": ""1.0"", ""count"": 4032, ""fraction"": 0.03686265188015981}, {""value"": ""6.0"", ""count"": 2398, ""fraction"": 0.02192376964499584}, {""value"": ""4.667"", ""count"": 2231, ""fraction"": 0.020396968339443586}, {""value"": ""3.5"", ""count"": 1871, ""fraction"": 0.01710566013585789}]",0.233,99.0,
295,PAFREQ2_,Physical Activity Frequency per Week for Second Activity,Physical Activity Frequency per Week for Second Activity,continuous,The codebook documents a numeric value range,derived,11.11,[128],"[{""code"": ""99000"", ""label"": ""Don’t know/Not Sure/Refused""}, {""code"": ""BLANK"", ""label"": ""Not asked or Missing""}]",Not asked or Missing,contemporaneous,none,,include,,0.5574321544486264,0.5583887217838891,0.0009565673352627257,95,"[{""value"": ""<MISSING>"", ""count"": 182913, ""fraction"": 0.5574321544486264}, {""value"": ""2.0"", ""count"": 25727, ""fraction"": 0.07840370579182349}, {""value"": ""3.0"", ""count"": 21386, ""fraction"": 0.06517439468511436}, {""value"": ""1.0"", ""count"": 18530, ""fraction"": 0.05647065994179225}, {""value"": ""7.0"", ""count"": 17828, ""fraction"": 0.0543312965700093}, {""value"": ""4.0"", ""count"": 7718, ""fraction"": 0.023520806984929983}, {""value"": ""5.0"", ""count"": 7664, ""fraction"": 0.02335624057171591}, {""value"": ""0.467"", ""count"": 6031, ""fraction"": 0.018379630335075503}, {""value"": ""0.933"", ""count"": 5579, ""fraction"": 0.017002148505950294}, {""value"": ""0.7"", ""count"": 4501, ""fraction"": 0.013716915294010087}]","[{""value"": ""<MISSING>"", ""count"": 61076, ""fraction"": 0.5583887217838891}, {""value"": ""2.0"", ""count"": 8492, ""fraction"": 0.07763830351347151}, {""value"": ""3.0"", ""count"": 7199, ""fraction"": 0.06581702154892621}, {""value"": ""1.0"", ""count"": 6176, ""fraction"": 0.056464220737070185}, {""value"": ""7.0"", ""count"": 6002, ""fraction"": 0.054873421772003765}, {""value"": ""4.0"", ""count"": 2505, ""fraction"": 0.022902019583283813}, {""value"": ""5.0"", ""count"": 2446, ""fraction"": 0.022362610738807267}, {""value"": ""0.467"", ""count"": 2004, ""fraction"": 0.018321615666627048}, {""value"": ""0.933"", ""count"": 1831, ""fraction"": 0.016739959224348365}, {""value"": ""0.7"", ""count"": 1482, ""fraction"": 0.013549218771427788}]",0.233,99.0,
296,_MINAC11,Minutes of Physical Activity per week for First Activity,Minutes of Physical Activity per week for First Activity,count,"The variable records a number, duration, or frequency",derived,11.12,[129],"[{""code"": ""BLANK"", ""label"": ""Not asked or Missing""}]",Not asked or Missing,contemporaneous,none,,include,,0.3509287336004998,0.35038718584006073,0.0005415477604390762,>256,[],[],0.0,53460.0,
297,_MINAC21,Minutes of Physical Activity per week for Second Activity,Minutes of Physical Activity per week for Second Activity,count,"The variable records a number, duration, or frequency",derived,11.13,[129],"[{""code"": ""BLANK"", ""label"": ""Not asked or Missing""}]",Not asked or Missing,contemporaneous,none,,include,,0.3560150547792829,0.35568070653416106,0.00033434824512185157,>256,[],[],0.0,47520.0,
298,STRFREQ_,Strength Activity Frequency per Week,Strength Activity Frequency per Week,continuous,The codebook documents a numeric value range,derived,11.14,[129],"[{""code"": ""99000"", ""label"": ""Don’t know/Not Sure/Refused""}, {""code"": ""BLANK"", ""label"": ""Not asked or Missing""}]",Not asked or Missing,contemporaneous,none,,include,,0.09903241044082466,0.09995520163834008,0.0009227911975154268,97,"[{""value"": ""0.0"", ""count"": 181546, ""fraction"": 0.5532661861733738}, {""value"": ""<MISSING>"", ""count"": 32496, ""fraction"": 0.09903241044082466}, {""value"": ""3.0"", ""count"": 20356, ""fraction"": 0.06203544272936444}, {""value"": ""2.0"", ""count"": 18061, ""fraction"": 0.055041370167766314}, {""value"": ""7.0"", ""count"": 11645, ""fraction"": 0.03548844225699788}, {""value"": ""1.0"", ""count"": 11368, ""fraction"": 0.0346442775077331}, {""value"": ""5.0"", ""count"": 7746, ""fraction"": 0.02360613771770765}, {""value"": ""4.0"", ""count"": 7527, ""fraction"": 0.022938729486339463}, {""value"": ""0.467"", ""count"": 5047, ""fraction"": 0.015380864583174609}, {""value"": ""1.167"", ""count"": 3342, ""fraction"": 0.01018483246224877}]","[{""value"": ""0.0"", ""count"": 60430, ""fraction"": 0.5524826520630103}, {""value"": ""<MISSING>"", ""count"": 10933, ""fraction"": 0.09995520163834008}, {""value"": ""3.0"", ""count"": 6870, ""fraction"": 0.06280913155176039}, {""value"": ""2.0"", ""count"": 5973, ""fraction"": 0.054608288611159364}, {""value"": ""7.0"", ""count"": 3880, ""fraction"": 0.03547298841642363}, {""value"": ""1.0"", ""count"": 3806, ""fraction"": 0.034796441730131016}, {""value"": ""5.0"", ""count"": 2634, ""fraction"": 0.02408140502290202}, {""value"": ""4.0"", ""count"": 2528, ""fraction"": 0.023112297607401786}, {""value"": ""0.467"", ""count"": 1617, ""fraction"": 0.014783459347772424}, {""value"": ""2.333"", ""count"": 1098, ""fraction"": 0.010038490020936377}]",0.0,99.0,
299,PAMISS1_,Missing Physical Activity Data,Missing Physical Activity Data,categorical,A small set of documented response categories,derived,11.15,[130],"[{""code"": ""0"", ""label"": ""Not Missing Physical Activity Data""}, {""code"": ""1"", ""label"": ""Missing Physical Activity Data""}, {""code"": ""9"", ""label"": ""Don’t know/Not Sure/Refused""}]",No documented blank category,contemporaneous,none,,include,,0.0,0.0,0.0,3,"[{""value"": ""0"", ""count"": 284216, ""fraction"": 0.8661556981120575}, {""value"": ""9"", ""count"": 28067, ""fraction"": 0.0855349170311}, {""value"": ""1"", ""count"": 15852, ""fraction"": 0.048309384856842455}]","[{""value"": ""0"", ""count"": 94817, ""fraction"": 0.8668665831649586}, {""value"": ""9"", ""count"": 9433, ""fraction"": 0.08624141745673301}, {""value"": ""1"", ""count"": 5129, ""fraction"": 0.04689199937830845}]",0.0,9.0,
300,PAMIN11_,Minutes of Physical Activity per week for First Activity,Minutes of Physical Activity per week for First Activity,count,"The variable records a number, duration, or frequency",derived,11.16,[130],"[{""code"": ""BLANK"", ""label"": ""Not asked or Missing""}]",Not asked or Missing,contemporaneous,none,,include,,0.35764243375439986,0.35661324385851034,0.0010291898958895151,>256,[],[],0.0,53460.0,
301,PAMIN21_,Minutes of Physical Activity per week for Second Activity,Minutes of Physical Activity per week for Second Activity,count,"The variable records a number, duration, or frequency",derived,11.17,[130],"[{""code"": ""BLANK"", ""label"": ""Not asked or Missing""}]",Not asked or Missing,contemporaneous,none,,include,,0.36266780440977037,0.36183362437030875,0.0008341800394616183,>256,[],[],0.0,47520.0,
302,PA1MIN_,Minutes of total Physical Activity per week,Minutes of total Physical Activity per week,count,"The variable records a number, duration, or frequency",derived,11.18,[131],"[{""code"": ""BLANK"", ""label"": ""Not asked or Missing""}]",Not asked or Missing,contemporaneous,none,,include,,0.3439407560912429,0.3432743031112005,0.0006664529800424202,>256,[],[],0.0,54000.0,
303,PAVIG11_,Minutes of Vigorous Physical Activity per week for First Activity,Minutes of Vigorous Physical Activity per week for First Activity,count,"The variable records a number, duration, or frequency",derived,11.19,[131],"[{""code"": ""BLANK"", ""label"": ""Not asked or Missing""}]",Not asked or Missing,contemporaneous,none,,include,,0.34676276532524725,0.34593477724243227,0.0008279880828149788,>256,[],[],0.0,14250.0,
304,PAVIG21_,Minutes of Vigorous Physical Activity per week for Second Activity,Minutes of Vigorous Physical Activity per week for Second Activity,count,"The variable records a number, duration, or frequency",derived,11.20,[131],"[{""code"": ""BLANK"", ""label"": ""Not asked or Missing""}]",Not asked or Missing,contemporaneous,none,,include,,0.35659713227787343,0.35601897987730735,0.0005781524005660788,>256,[],[],0.0,19200.0,
305,PA1VIGM_,Minutes of total Vigorous Physical Activity per week,Minutes of total Vigorous Physical Activity per week,count,"The variable records a number, duration, or frequency",derived,11.21,[131],"[{""code"": ""BLANK"", ""label"": ""Not asked or Missing""}]",Not asked or Missing,contemporaneous,none,,include,,0.3406920931933503,0.3399921374304025,0.0006999557629477904,>256,[],[],0.0,19200.0,
306,_PACAT1,Physical Activity Categories,Physical Activity Categories,categorical,A small set of documented response categories,derived,11.22,[132],"[{""code"": ""9"", ""label"": ""Don’t know/Not Sure/Refused/Missing""}]",No documented blank category,contemporaneous,none,,include,,0.0,0.0,0.0,5,"[{""value"": ""1"", ""count"": 97683, ""fraction"": 0.29769149892574703}, {""value"": ""4"", ""count"": 82968, ""fraction"": 0.252847151324912}, {""value"": ""3"", ""count"": 53074, ""fraction"": 0.16174440398006917}, {""value"": ""2"", ""count"": 53066, ""fraction"": 0.16172002377070413}, {""value"": ""9"", ""count"": 41344, ""fraction"": 0.12599692199856766}]","[{""value"": ""1"", ""count"": 32817, ""fraction"": 0.3000301703251995}, {""value"": ""4"", ""count"": 27642, ""fraction"": 0.25271761489865513}, {""value"": ""3"", ""count"": 17609, ""fraction"": 0.1609906837692793}, {""value"": ""2"", ""count"": 17559, ""fraction"": 0.16053355762989238}, {""value"": ""9"", ""count"": 13752, ""fraction"": 0.12572797337697364}]",1.0,9.0,
307,_PAINDX1,Physical Activity Index,Physical Activity Index,binary,Two documented substantive responses,derived,11.23,[132],"[{""code"": ""9"", ""label"": ""Don’t know/Not Sure/Refused/Missing""}]",No documented blank category,contemporaneous,none,,include,,0.0,0.0,0.0,3,"[{""value"": ""1"", ""count"": 152679, ""fraction"": 0.46529324820576895}, {""value"": ""2"", ""count"": 136042, ""fraction"": 0.4145915553049812}, {""value"": ""9"", ""count"": 39414, ""fraction"": 0.12011519648924986}]","[{""value"": ""1"", ""count"": 51040, ""fraction"": 0.46663436308615}, {""value"": ""2"", ""count"": 45251, ""fraction"": 0.4137082986679344}, {""value"": ""9"", ""count"": 13088, ""fraction"": 0.11965733824591558}]",1.0,9.0,
308,_PA150R2,150 Minute Physical Activity Calculated Variable,Adults that participated in 150 minutes (or vigorous equivalent minutes) of physical activity per week.,ordinal,Documented categories follow a meaningful order,derived,11.24,[132],"[{""code"": ""9"", ""label"": ""Don’t know/Not Sure/Refused/Missing""}]",No documented blank category,contemporaneous,none,,include,,0.0,0.0,0.0,4,"[{""value"": ""1"", ""count"": 152679, ""fraction"": 0.46529324820576895}, {""value"": ""3"", ""count"": 82968, ""fraction"": 0.252847151324912}, {""value"": ""2"", ""count"": 53074, ""fraction"": 0.16174440398006917}, {""value"": ""9"", ""count"": 39414, ""fraction"": 0.12011519648924986}]","[{""value"": ""1"", ""count"": 51040, ""fraction"": 0.46663436308615}, {""value"": ""3"", ""count"": 27642, ""fraction"": 0.25271761489865513}, {""value"": ""2"", ""count"": 17609, ""fraction"": 0.1609906837692793}, {""value"": ""9"", ""count"": 13088, ""fraction"": 0.11965733824591558}]",1.0,9.0,
309,_PA300R2,300 Minute Physical Activity Calculated Variable,Adults that participated in 300 minutes (or vigorous equivalent minutes) of physical activity per week.,ordinal,Documented categories follow a meaningful order,derived,11.25,[133],"[{""code"": ""9"", ""label"": ""Don’t know/Not Sure/Refused/Missing""}]",No documented blank category,contemporaneous,none,,include,,0.0,0.0,0.0,4,"[{""value"": ""2"", ""count"": 106140, ""fraction"": 0.32346442775077333}, {""value"": ""1"", ""count"": 97683, ""fraction"": 0.29769149892574703}, {""value"": ""3"", ""count"": 82968, ""fraction"": 0.252847151324912}, {""value"": ""9"", ""count"": 41344, ""fraction"": 0.12599692199856766}]","[{""value"": ""2"", ""count"": 35168, ""fraction"": 0.3215242413991717}, {""value"": ""1"", ""count"": 32817, ""fraction"": 0.3000301703251995}, {""value"": ""3"", ""count"": 27642, ""fraction"": 0.25271761489865513}, {""value"": ""9"", ""count"": 13752, ""fraction"": 0.12572797337697364}]",1.0,9.0,
310,_PA30021,300 Minute Physical Activity 2-Level Calculated Variable,Adults that participated in 300 minutes (or vigorous equivalent minutes) of physical activity per week (2-levels).,binary,Two documented substantive responses,derived,11.26,[133],"[{""code"": ""9"", ""label"": ""Don’t know/Not Sure/Refused/Missing""}]",No documented blank category,contemporaneous,none,,include,,0.0,0.0,0.0,3,"[{""value"": ""2"", ""count"": 189108, ""fraction"": 0.5763115790756853}, {""value"": ""1"", ""count"": 97683, ""fraction"": 0.29769149892574703}, {""value"": ""9"", ""count"": 41344, ""fraction"": 0.12599692199856766}]","[{""value"": ""2"", ""count"": 62810, ""fraction"": 0.5742418562978269}, {""value"": ""1"", ""count"": 32817, ""fraction"": 0.3000301703251995}, {""value"": ""9"", ""count"": 13752, ""fraction"": 0.12572797337697364}]",1.0,9.0,
311,_PASTRNG,Muscle Strengthening Recommendation,Muscle Strengthening Recommendation,binary,Two documented substantive responses,derived,11.27,[133],"[{""code"": ""9"", ""label"": ""Don’t know/Not Sure/Refused/Missing""}]",No documented blank category,contemporaneous,none,,include,,0.0,0.0,0.0,3,"[{""value"": ""2"", ""count"": 213965, ""fraction"": 0.6520639370990599}, {""value"": ""1"", ""count"": 81674, ""fraction"": 0.2489036524601155}, {""value"": ""9"", ""count"": 32496, ""fraction"": 0.09903241044082466}]","[{""value"": ""2"", ""count"": 71165, ""fraction"": 0.6506276341893782}, {""value"": ""1"", ""count"": 27281, ""fraction"": 0.24941716417228169}, {""value"": ""9"", ""count"": 10933, ""fraction"": 0.09995520163834008}]",1.0,9.0,
312,_PAREC1,Aerobic and Strengthening Guideline,Aerobic and Strengthening Guideline,categorical,A small set of documented response categories,derived,11.28,[134],"[{""code"": ""9"", ""label"": ""Don’t know/Not Sure/Refused/Missing""}]",No documented blank category,contemporaneous,none,,include,,0.0,0.0,0.0,5,"[{""value"": ""4"", ""count"": 111586, ""fraction"": 0.3400612552760297}, {""value"": ""2"", ""count"": 95014, ""fraction"": 0.2895576515763329}, {""value"": ""1"", ""count"": 55751, ""fraction"": 0.16990263153884835}, {""value"": ""9"", ""count"": 42541, ""fraction"": 0.12964481082481297}, {""value"": ""3"", ""count"": 23243, ""fraction"": 0.0708336507839761}]","[{""value"": ""4"", ""count"": 36987, ""fraction"": 0.33815449035006717}, {""value"": ""2"", ""count"": 31813, ""fraction"": 0.29085107744631056}, {""value"": ""1"", ""count"": 18570, ""fraction"": 0.16977664816829555}, {""value"": ""9"", ""count"": 14140, ""fraction"": 0.129275272218616}, {""value"": ""3"", ""count"": 7869, ""fraction"": 0.0719425118167107}]",1.0,9.0,
313,_PASTAE1,Aerobic and Strengthening (2-level),Aerobic and Strengthening (2-level),binary,Two documented substantive responses,derived,11.29,[134],"[{""code"": ""9"", ""label"": ""Don’t know/Not Sure/Refused/Missing""}]",No documented blank category,contemporaneous,none,,include,,0.0,0.0,0.0,3,"[{""value"": ""2"", ""count"": 229843, ""fraction"": 0.7004525576363387}, {""value"": ""1"", ""count"": 55751, ""fraction"": 0.16990263153884835}, {""value"": ""9"", ""count"": 42541, ""fraction"": 0.12964481082481297}]","[{""value"": ""2"", ""count"": 76669, ""fraction"": 0.7009480796130885}, {""value"": ""1"", ""count"": 18570, ""fraction"": 0.16977664816829555}, {""value"": ""9"", ""count"": 14140, ""fraction"": 0.129275272218616}]",1.0,9.0,
314,_LMTACT1,Limited usual activities,Limited usual activities,ordinal,The documented responses have a natural order,derived,12.1,[134],"[{""code"": ""9"", ""label"": ""Don´t know, refused or missing usual activities limited""}, {""code"": ""BLANK"", ""label"": ""Don´t know, refused or missing arthritis or not asked""}]","Don´t know, refused or missing arthritis or not asked",contemporaneous,none,,include,,0.005738491779298155,0.005851214584152351,0.00011272280485419631,5,"[{""value"": ""3"", ""count"": 216696, ""fraction"": 0.6603867310710531}, {""value"": ""2"", ""count"": 50389, ""fraction"": 0.15356179621192498}, {""value"": ""1"", ""count"": 49614, ""fraction"": 0.15119996342968595}, {""value"": ""9"", ""count"": 9553, ""fraction"": 0.02911301750803785}, {""value"": ""<MISSING>"", ""count"": 1883, ""fraction"": 0.005738491779298155}]","[{""value"": ""3.0"", ""count"": 72290, ""fraction"": 0.6609129723255835}, {""value"": ""2.0"", ""count"": 16843, ""fraction"": 0.15398751131387195}, {""value"": ""1.0"", ""count"": 16398, ""fraction"": 0.1499190886733285}, {""value"": ""9.0"", ""count"": 3208, ""fraction"": 0.029329213103063658}, {""value"": ""<MISSING>"", ""count"": 640, ""fraction"": 0.005851214584152351}]",1.0,9.0,
315,_LMTWRK1,Limited work activities,Limited work activities,ordinal,The documented responses have a natural order,derived,12.2,[135],"[{""code"": ""9"", ""label"": ""Don´t know, refused or missing work limited""}, {""code"": ""BLANK"", ""label"": ""Don´t know, refused or missing arthritis or not asked""}]","Don´t know, refused or missing arthritis or not asked",contemporaneous,none,,include,,0.005738491779298155,0.005851214584152351,0.00011272280485419631,5,"[{""value"": ""3"", ""count"": 216696, ""fraction"": 0.6603867310710531}, {""value"": ""2"", ""count"": 66880, ""fraction"": 0.20381855029180063}, {""value"": ""1"", ""count"": 31221, ""fraction"": 0.09514681457327015}, {""value"": ""9"", ""count"": 11455, ""fraction"": 0.034909412284577994}, {""value"": ""<MISSING>"", ""count"": 1883, ""fraction"": 0.005738491779298155}]","[{""value"": ""3.0"", ""count"": 72290, ""fraction"": 0.6609129723255835}, {""value"": ""2.0"", ""count"": 22144, ""fraction"": 0.20245202461167133}, {""value"": ""1.0"", ""count"": 10437, ""fraction"": 0.09542051033562202}, {""value"": ""9.0"", ""count"": 3868, ""fraction"": 0.03536327814297077}, {""value"": ""<MISSING>"", ""count"": 640, ""fraction"": 0.005851214584152351}]",1.0,9.0,
316,_LMTSCL1,Limited social activities,Limited social activities,ordinal,The documented responses have a natural order,derived,12.3,[135],"[{""code"": ""9"", ""label"": ""Don´t know, refused or missing social activities limited""}, {""code"": ""BLANK"", ""label"": ""Don´t know, refused or missing arthritis or not asked""}]","Don´t know, refused or missing arthritis or not asked",contemporaneous,none,,include,,0.005738491779298155,0.005851214584152351,0.00011272280485419631,6,"[{""value"": ""4"", ""count"": 216696, ""fraction"": 0.6603867310710531}, {""value"": ""3"", ""count"": 57646, ""fraction"": 0.17567769363219407}, {""value"": ""2"", ""count"": 24028, ""fraction"": 0.07322595882792143}, {""value"": ""1"", ""count"": 18377, ""fraction"": 0.05600438843768571}, {""value"": ""9"", ""count"": 9505, ""fraction"": 0.028966736251847564}, {""value"": ""<MISSING>"", ""count"": 1883, ""fraction"": 0.005738491779298155}]","[{""value"": ""4.0"", ""count"": 72290, ""fraction"": 0.6609129723255835}, {""value"": ""3.0"", ""count"": 19241, ""fraction"": 0.1759112809588678}, {""value"": ""2.0"", ""count"": 7934, ""fraction"": 0.07253677579791368}, {""value"": ""1.0"", ""count"": 6029, ""fraction"": 0.05512026988727269}, {""value"": ""9.0"", ""count"": 3245, ""fraction"": 0.029667486446209968}, {""value"": ""<MISSING>"", ""count"": 640, ""fraction"": 0.005851214584152351}]",1.0,9.0,
317,_RFSEAT2,Always or Nearly Always Wear Seat Belts,Always or Nearly Always Wear Seat Belts Calculated Variable,binary,Two documented substantive responses,derived,13.1,[135],"[{""code"": ""9"", ""label"": ""Don’t know/Not Sure Or Refused/Missing""}]",No documented blank category,contemporaneous,none,,include,,0.0,0.0,0.0,3,"[{""value"": ""1"", ""count"": 280427, ""fraction"": 0.8546086214515367}, {""value"": ""9"", ""count"": 31643, ""fraction"": 0.09643287061727643}, {""value"": ""2"", ""count"": 16065, ""fraction"": 0.04895850793118686}]","[{""value"": ""1"", ""count"": 93442, ""fraction"": 0.8542956143318188}, {""value"": ""9"", ""count"": 10596, ""fraction"": 0.09687417145887237}, {""value"": ""2"", ""count"": 5341, ""fraction"": 0.048830214209308914}]",1.0,9.0,
318,_RFSEAT3,Always Wear Seat Belts,Always Wear Seat Belts Calculated Variable,binary,Two documented substantive responses,derived,13.2,[136],"[{""code"": ""9"", ""label"": ""Don’t know/Not Sure Or Refused/Missing""}]",No documented blank category,contemporaneous,none,,include,,0.0,0.0,0.0,3,"[{""value"": ""1"", ""count"": 260093, ""fraction"": 0.7926402242979261}, {""value"": ""2"", ""count"": 36399, ""fraction"": 0.11092690508479741}, {""value"": ""9"", ""count"": 31643, ""fraction"": 0.09643287061727643}]","[{""value"": ""1"", ""count"": 86458, ""fraction"": 0.7904442351822561}, {""value"": ""2"", ""count"": 12325, ""fraction"": 0.11268159335887144}, {""value"": ""9"", ""count"": 10596, ""fraction"": 0.09687417145887237}]",1.0,9.0,
319,_FLSHOT6,Flu Shot Calculated Variable,Adults aged 65+ who have had a flu shot within the past year,binary,Two documented substantive responses,derived,14.1,[136],"[{""code"": ""9"", ""label"": ""Don’t know/Not Sure Or Refused/Missing""}]",Age Less Than 65,contemporaneous,none,,include,,0.6441799868956375,0.6443284359886267,0.00014844909298916686,4,"[{""value"": ""<MISSING>"", ""count"": 211378, ""fraction"": 0.6441799868956375}, {""value"": ""1"", ""count"": 64053, ""fraction"": 0.19520319380742682}, {""value"": ""2"", ""count"": 38718, ""fraction"": 0.11799411827449069}, {""value"": ""9"", ""count"": 13986, ""fraction"": 0.04262270102244503}]","[{""value"": ""<MISSING>"", ""count"": 70476, ""fraction"": 0.6443284359886267}, {""value"": ""1.0"", ""count"": 21425, ""fraction"": 0.1958785507272877}, {""value"": ""2.0"", ""count"": 12935, ""fraction"": 0.11825853225939166}, {""value"": ""9.0"", ""count"": 4543, ""fraction"": 0.04153448102469395}]",1.0,9.0,
320,_PNEUMO2,Pneumonia Vaccination Calculated Variable,Adults aged 65+ who have ever had a pneumonia vaccination,binary,Two documented substantive responses,derived,14.2,[136],"[{""code"": ""9"", ""label"": ""Don’t know/Not Sure Or Refused/Missing""}]",Age Less Than 65,contemporaneous,none,,include,,0.6441799868956375,0.6443284359886267,0.00014844909298916686,4,"[{""value"": ""<MISSING>"", ""count"": 211378, ""fraction"": 0.6441799868956375}, {""value"": ""1"", ""count"": 72988, ""fraction"": 0.22243284014201473}, {""value"": ""2"", ""count"": 26557, ""fraction"": 0.08093315251344721}, {""value"": ""9"", ""count"": 17212, ""fraction"": 0.05245402044890061}]","[{""value"": ""<MISSING>"", ""count"": 70476, ""fraction"": 0.6443284359886267}, {""value"": ""1.0"", ""count"": 24378, ""fraction"": 0.22287642051947815}, {""value"": ""2.0"", ""count"": 8866, ""fraction"": 0.08105760703608554}, {""value"": ""9.0"", ""count"": 5659, ""fraction"": 0.05173753645580961}]",1.0,9.0,
321,_AIDTST3,Ever been tested for HIV calculated variable,Adults who have ever been tested for HIV,binary,Two documented substantive responses,derived,15.1,[137],"[{""code"": ""9"", ""label"": ""Don’t know/Not Sure/Refused""}, {""code"": ""BLANK"", ""label"": ""Not asked or missing""}]",Not asked or missing,contemporaneous,none,,include,,0.09776463955384217,0.09829126249097175,0.0005266229371295866,4,"[{""value"": ""2"", ""count"": 200565, ""fraction"": 0.6112270864126046}, {""value"": ""1"", ""count"": 84787, ""fraction"": 0.25839060142928977}, {""value"": ""<MISSING>"", ""count"": 32080, ""fraction"": 0.09776463955384217}, {""value"": ""9"", ""count"": 10703, ""fraction"": 0.03261767260426349}]","[{""value"": ""2.0"", ""count"": 66836, ""fraction"": 0.6110496530412602}, {""value"": ""1.0"", ""count"": 28211, ""fraction"": 0.2579197103648781}, {""value"": ""<MISSING>"", ""count"": 10751, ""fraction"": 0.09829126249097175}, {""value"": ""9.0"", ""count"": 3581, ""fraction"": 0.03273937410288995}]",1.0,9.0,
