variant,feature,target_type,source_kind,metric,n_unknown_refused,n_structural_blank,n_observed_scored,imputer,baseline,delta,bal,bal_base,bal_delta,bal_folds_better,macro,macro_base,macro_delta,macro_folds_better,acc_folds_better,recommendation,reason
direct,ADANXEV,binary,optional_module,classification,80,250483,11945,0.8183278845914089,0.8391994199035153,-0.020871535312106393,0.615347872879671,0.5,0.11534787287967097,3,0.626452919774848,0.4562841946545752,0.17016872512027276,3,0,Lasciare NaN nel modello ad albero,Non supera la moda/mediana in modo abbastanza convincente per giustificare la sostituzione
direct,ADDEPEV2,binary,core_survey,classification,1156,0,261352,0.7991633967119208,0.8113234596345213,-0.012160062922600523,0.6195021810785699,0.5,0.11950218107856991,3,0.6317299177896997,0.4479172698263582,0.18381264796334146,3,0,Lasciare NaN nel modello ad albero,Non supera la moda/mediana in modo abbastanza convincente per giustificare la sostituzione
direct,ADDOWN,count,optional_module,classification,141,250430,11937,0.7123810906009863,0.7425644602451403,-0.030183369644154023,0.09555029478068762,0.06825396825396825,0.027296326526719372,3,0.08052788232459075,0.0581664555215222,0.022361426803068553,3,0,Lasciare NaN nel modello ad albero,Non supera la moda/mediana in modo abbastanza convincente per giustificare la sostituzione
direct,ADEAT1,count,optional_module,classification,201,250444,11863,0.6237945675192313,0.6502196682879918,-0.02642510076876048,0.08698624780303399,0.06666666666666667,0.020319581136367323,3,0.07344850653443712,0.05253497883031274,0.020913527704124378,3,0,Lasciare NaN nel modello ad albero,Non supera la moda/mediana in modo abbastanza convincente per giustificare la sostituzione
direct,ADENERGY,count,optional_module,classification,228,250438,11842,0.42912782995781446,0.3936830787365768,0.035444751221237636,0.09541045524640612,0.06666666666666667,0.028743788579739457,3,0.07324646506972218,0.03766340392523498,0.035583061144487206,3,3,Lasciare NaN nel modello ad albero,Non supera la moda/mediana in modo abbastanza convincente per giustificare la sostituzione
direct,ADFAIL,count,optional_module,classification,140,250448,11920,0.7959718731986722,0.8295281723873954,-0.03355629918872316,0.09413293860307326,0.06825396825396825,0.02587897034910501,3,0.08296386711562091,0.06189465551312278,0.021069211602498132,3,0,Lasciare NaN nel modello ad albero,Non supera la moda/mediana in modo abbastanza convincente per giustificare la sostituzione
direct,ADMOVE,count,optional_module,classification,247,250468,11793,0.8508949708955106,0.8887955457122881,-0.037900574816777555,0.09623443940220844,0.07380952380952381,0.022424915592684627,3,0.08620899926563692,0.06944325474344176,0.01676574452219516,3,0,Lasciare NaN nel modello ad albero,Non supera la moda/mediana in modo abbastanza convincente per giustificare la sostituzione
direct,ADPLEASR,count,optional_module,classification,414,250417,11677,0.670715919494636,0.6966410094591872,-0.025925089964551118,0.09530985335207143,0.06666666666666667,0.028643186685404762,3,0.08181664376702864,0.05474642146761668,0.027070222299411965,3,0,Lasciare NaN nel modello ad albero,Non supera la moda/mediana in modo abbastanza convincente per giustificare la sostituzione
direct,ADSLEEP,count,optional_module,classification,178,250435,11895,0.5395742963742453,0.5386053150154615,0.0009689813587837603,0.09199320261196865,0.06666666666666667,0.025326535945301987,3,0.08045368828880282,0.046672774492691256,0.03378091379611157,3,2,Lasciare NaN nel modello ad albero,Non supera la moda/mediana in modo abbastanza convincente per giustificare la sostituzione
direct,ADTHINK,count,optional_module,classification,124,250459,11925,0.8174392664507523,0.8515342610168276,-0.03409499456607534,0.09151112631483599,0.06984126984126983,0.02166985647356616,3,0.08167639540401493,0.06424266847381963,0.017433726930195306,3,0,Lasciare NaN nel modello ad albero,Non supera la moda/mediana in modo abbastanza convincente per giustificare la sostituzione
direct,ALCDAY5,count,core_survey,classification,3382,9491,249635,0.45785233173914736,0.4948425888107038,-0.036990257071556454,0.03798471559681596,0.02678994784257942,0.011194767754236539,3,0.03221502723166648,0.017736463191549725,0.014478564040116753,3,0,Lasciare NaN nel modello ad albero,Non supera la moda/mediana in modo abbastanza convincente per giustificare la sostituzione
direct,ARTHDIS2,binary,core_survey,classification,2351,181607,78550,0.7288993005620864,0.6810520930663578,0.04784720749572857,0.6680991698782144,0.5,0.16809916987821438,3,0.6741549464525516,0.40513373419144566,0.2690212122611059,3,3,Set esteso: testare come secondo challenger,"Accuratezza, balanced accuracy e macro-F1 superiori in ciascuno dei 3 fold; effetto da verificare su F1 malattia"
direct,ARTHEDU,binary,optional_module,classification,59,250850,11599,0.869433255491527,0.8697750563936909,-0.00034180090216395786,0.5000828922388351,0.5,8.289223883506391e-05,1,0.46572516042900464,0.4651734774202505,0.0005516830087541336,1,0,Lasciare NaN nel modello ad albero,Non supera la moda/mediana in modo abbastanza convincente per giustificare la sostituzione
direct,ARTHEXER,binary,optional_module,classification,151,250843,11514,0.5992224640737043,0.577849829532855,0.021372634540849256,0.5796898081318802,0.5,0.0796898081318802,3,0.5795468760374314,0.36622025180284073,0.21332662423459064,3,3,Lasciare NaN nel modello ad albero,Non supera la moda/mediana in modo abbastanza convincente per giustificare la sostituzione
direct,ARTHSOCL,ordinal,core_survey,classification,688,181733,80087,0.6205923936677176,0.5762191484186793,0.044373245249038296,0.520989055145254,0.3333333333333333,0.18765572181192064,3,0.4995205499951931,0.24370957762525727,0.2558109723699358,3,3,Lasciare NaN nel modello ad albero,Non supera la moda/mediana in modo abbastanza convincente per giustificare la sostituzione
direct,ARTHWGT,binary,optional_module,classification,86,250840,11582,0.7420971322584978,0.6367902034871352,0.1053069287713626,0.7289899717430184,0.5,0.22898997174301838,3,0.7252559422710997,0.38904577257206524,0.33621016969903444,3,3,Lasciare NaN nel modello ad albero,Non supera la moda/mediana in modo abbastanza convincente per giustificare la sostituzione
direct,ARTTODAY,categorical,optional_module,classification,81,250831,11596,0.4832440669773101,0.433189941231821,0.05005412574548912,0.4468896780991451,0.25,0.1968896780991451,3,0.4473612770366982,0.15111610826103486,0.2962451687756633,3,3,Lasciare NaN nel modello ad albero,Non supera la moda/mediana in modo abbastanza convincente per giustificare la sostituzione
direct,ASACTLIM,ordinal,optional_module,classification,22,262103,383,0.7356114645588331,0.7432459353511985,-0.007634470792365455,0.0861413632085075,0.06747109100050276,0.01867027220800474,1,0.0770932602475768,0.057621868557493953,0.01947139169008285,1,0,Lasciare NaN nel modello ad albero,Non supera la moda/mediana in modo abbastanza convincente per giustificare la sostituzione
direct,ASDRVIST,count,optional_module,classification,5,262318,185,0.4909833919273348,0.5784809057960127,-0.08749751386867793,0.12978874390164716,0.13888888888888887,-0.00910014498724171,1,0.11831860269360268,0.10233682983682985,0.01598177285677284,2,0,Lasciare NaN nel modello ad albero,Non supera la moda/mediana in modo abbastanza convincente per giustificare la sostituzione
direct,ASERVIST,count,optional_module,classification,4,262318,186,0.6334793911812641,0.6832476159862853,-0.04976822480502119,0.20568934963671806,0.18888888888888888,0.016800460747829177,3,0.19766313932980598,0.15299152502692326,0.04467161430288272,3,0,Lasciare NaN nel modello ad albero,Non supera la moda/mediana in modo abbastanza convincente per giustificare la sostituzione
direct,ASINHALR,ordinal,optional_module,classification,7,262105,396,0.45691018342820994,0.4754901960784314,-0.018580012650221467,0.1683383893258008,0.15079365079365079,0.017544738532150023,3,0.15324836322075797,0.09701459034792369,0.05623377287283428,3,1,Lasciare NaN nel modello ad albero,Non supera la moda/mediana in modo abbastanza convincente per giustificare la sostituzione
direct,ASNOSLEP,ordinal,optional_module,classification,10,262227,271,0.43801185590515274,0.476953944368445,-0.03894208846329228,0.24845887239010978,0.16666666666666666,0.08179220572344312,3,0.23284894636114348,0.10762353335969992,0.12522541300144358,3,0,Lasciare NaN nel modello ad albero,Non supera la moda/mediana in modo abbastanza convincente per giustificare la sostituzione
direct,ASRCHKUP,count,optional_module,classification,10,262103,395,0.3137308702165907,0.36779861693748767,-0.05406774672089698,0.09496065112996592,0.0914141414141414,0.003546509715824514,2,0.08747467057688675,0.049293129035922,0.03818154154096475,3,0,Lasciare NaN nel modello ad albero,Non supera la moda/mediana in modo abbastanza convincente per giustificare la sostituzione
direct,ASTHMA3,categorical,core_survey,classification,807,0,261701,0.847260682867334,0.8655679497448586,-0.018307266877524597,0.5486378678566388,0.5,0.04863786785663882,3,0.5567614894324896,0.4639701499811322,0.09279133945135742,3,0,Lasciare NaN nel modello ad albero,Non supera la moda/mediana in modo abbastanza convincente per giustificare la sostituzione
direct,ASTHMAGE,count,optional_module,classification,55,261875,578,0.3217837696876504,0.36565038000218814,-0.04386661031453776,0.02425545357795796,0.02074607620826108,0.0035093773696968783,3,0.016072439189468855,0.011120780278906723,0.004951658910562132,3,0,Lasciare NaN nel modello ad albero,Non supera la moda/mediana in modo abbastanza convincente per giustificare la sostituzione
direct,ASTHMED3,count,optional_module,classification,12,262105,391,0.4726644166654596,0.3477923673778795,0.12487204928758011,0.3496774367945523,0.25,0.09967743679455232,3,0.3375995002205771,0.12898267725853932,0.2086168229620378,3,3,Lasciare NaN nel modello ad albero,Non supera la moda/mediana in modo abbastanza convincente per giustificare la sostituzione
direct,ASTHNOW,binary,core_survey,classification,1068,227327,34113,0.6583686894272843,0.6920670092969345,-0.03369831986965022,0.594971082270232,0.5,0.09497108227023199,3,0.5957106619120919,0.40900073240841767,0.1867099295036742,3,0,Lasciare NaN nel modello ad albero,Non supera la moda/mediana in modo abbastanza convincente per giustificare la sostituzione
direct,ASYMPTOM,ordinal,optional_module,classification,10,262104,394,0.2658624055682879,0.3121587018645842,-0.046296296296296335,0.19614220846132724,0.16666666666666666,0.02947554179466058,3,0.19230234072901906,0.07915787114333915,0.1131444695856799,3,0,Lasciare NaN nel modello ad albero,Non supera la moda/mediana in modo abbastanza convincente per giustificare la sostituzione
direct,AVEDRNK2,count,core_survey,classification,2092,136701,123715,0.46612143851603416,0.4696944556214089,-0.0035730171053747206,0.04185335074350396,0.03015873015873016,0.011694620584773798,3,0.041257827654770256,0.01927091861480667,0.021986909039963587,3,0,Lasciare NaN nel modello ad albero,Non supera la moda/mediana in modo abbastanza convincente per giustificare la sostituzione
direct,BLDSUGAR,ordinal,optional_module,classification,305,245106,17097,0.24418924392755811,0.25971796116161566,-0.015528717234057549,0.022873544056992327,0.0178723468953354,0.005001197161656926,3,0.019245635873503423,0.00736988131994615,0.011875754553557272,3,0,Lasciare NaN nel modello ad albero,Non supera la moda/mediana in modo abbastanza convincente per giustificare la sostituzione
direct,BLIND,binary,core_survey,classification,974,6666,254868,0.8978567077108952,0.9511277444610743,-0.05327103675017908,0.6503773533351811,0.5,0.1503773533351811,3,0.6048880945612752,0.4874758128388658,0.11741228172240942,3,0,Lasciare NaN nel modello ad albero,Non supera la moda/mediana in modo abbastanza convincente per giustificare la sostituzione
direct,BLOODCHO,categorical,core_survey,classification,5592,0,256916,0.875519663695513,0.8855501500162504,-0.01003048632073733,0.7083714384287306,0.5,0.20837143842873063,3,0.7020742550481137,0.4696507411505233,0.23242351389759042,3,0,Lasciare NaN nel modello ad albero,Non supera la moda/mediana in modo abbastanza convincente per giustificare la sostituzione
direct,BPHIGH4,categorical,core_survey,classification,757,0,261751,0.7059114169194008,0.5796308533514599,0.12628056356794093,0.3627846391756397,0.25,0.11278463917563969,3,0.36494611238946706,0.18347031845489747,0.18147579393456958,3,3,Set esteso: testare come secondo challenger,"Accuratezza, balanced accuracy e macro-F1 superiori in ciascuno dei 3 fold; effetto da verificare su F1 malattia"
direct,BPMEDS,binary,core_survey,classification,169,157027,105312,0.8312258355141605,0.837197804063227,-0.005971968549066453,0.6553529392375453,0.5,0.15535293923754534,3,0.6665447528499551,0.45569267085703724,0.21085208199291783,3,0,Lasciare NaN nel modello ad albero,Non supera la moda/mediana in modo abbastanza convincente per giustificare la sostituzione
direct,CASTHDX2,categorical,optional_module,classification,1490,231327,29691,0.8511070250641702,0.8702001166477041,-0.019093091583533894,0.5207138881177796,0.5,0.020713888117779633,3,0.5168231178536242,0.4652977077076861,0.051525410145938144,3,0,Lasciare NaN nel modello ad albero,Non supera la moda/mediana in modo abbastanza convincente per giustificare la sostituzione
direct,CASTHNO2,binary,optional_module,classification,96,258659,3753,0.6499121433094689,0.6733690541122299,-0.023456910802761022,0.511469322016395,0.5,0.011469322016394945,3,0.475368105833585,0.40239938256063695,0.07296872327294807,3,0,Lasciare NaN nel modello ad albero,Non supera la moda/mediana in modo abbastanza convincente per giustificare la sostituzione
direct,CDDISCUS,binary,optional_module,classification,74,254822,7612,0.6301453647194705,0.5538781891555908,0.07626717556387963,0.6180333364252949,0.5,0.1180333364252949,3,0.6178820840827973,0.3564359783963997,0.26144610568639765,3,3,Lasciare NaN nel modello ad albero,Non supera la moda/mediana in modo abbastanza convincente per giustificare la sostituzione
direct,CDHELP,ordinal,optional_module,classification,20,260056,2432,0.3885148543788965,0.4148960145772776,-0.026381160198381104,0.24276769459812067,0.20000000000000004,0.04276769459812063,3,0.231704630300392,0.11723039447585887,0.11447423582453314,3,0,Lasciare NaN nel modello ad albero,Non supera la moda/mediana in modo abbastanza convincente per giustificare la sostituzione
direct,CDHOUSE,ordinal,optional_module,classification,187,254790,7531,0.5197909519283798,0.48935925017180715,0.030431701756572616,0.28080648040837813,0.20000000000000004,0.0808064804083781,3,0.2530013522203376,0.1314105440893418,0.12159080813099579,3,3,Lasciare NaN nel modello ad albero,Non supera la moda/mediana in modo abbastanza convincente per giustificare la sostituzione
direct,CDSOCIAL,ordinal,optional_module,classification,144,254814,7550,0.5122443159415518,0.5186771889204717,-0.0064328729789198125,0.30206062411002516,0.20000000000000004,0.10206062411002512,3,0.26829637647939086,0.13660499206665092,0.13169138441273995,3,0,Lasciare NaN nel modello ad albero,Non supera la moda/mediana in modo abbastanza convincente per giustificare la sostituzione
direct,CHCCOPD1,binary,core_survey,classification,1240,0,261268,0.8697813265757105,0.920395826617761,-0.05061450004205048,0.6878066458702518,0.5,0.18780664587025175,3,0.6465225134962752,0.4792737461921348,0.1672487673041404,3,0,Lasciare NaN nel modello ad albero,Non supera la moda/mediana in modo abbastanza convincente per giustificare la sostituzione
direct,CHCKIDNY,binary,core_survey,classification,790,0,261718,0.9208574864571469,0.9650425387751497,-0.04418505231800274,0.6050427447469172,0.5,0.10504274474691722,3,0.5741876647408374,0.4911051632158241,0.08308250152501329,3,0,Lasciare NaN nel modello ad albero,Non supera la moda/mediana in modo abbastanza convincente per giustificare la sostituzione
direct,CHCOCNCR,binary,core_survey,classification,546,0,261962,0.8393392762062558,0.9012948262894889,-0.06195555008323306,0.5739711824205932,0.5,0.0739711824205932,3,0.5702401220392951,0.47404261804045095,0.09619750399884414,3,0,Lasciare NaN nel modello ad albero,Non supera la moda/mediana in modo abbastanza convincente per giustificare la sostituzione
direct,CHCSCNCR,binary,core_survey,classification,658,1,261849,0.8636274972680655,0.9049071669785335,-0.041279669710467926,0.5783752738279858,0.5,0.07837527382798581,3,0.5824177808125682,0.47503980423736986,0.10737797657519838,3,0,Lasciare NaN nel modello ad albero,Non supera la moda/mediana in modo abbastanza convincente per giustificare la sostituzione
direct,CHECKUP1,ordinal,core_survey,classification,3567,1,258940,0.7145516557262686,0.7472194516266838,-0.03266779590041524,0.24197809161855557,0.20000000000000004,0.041978091618555535,3,0.2453351940520672,0.17106481052519792,0.07427038352686927,3,0,Lasciare NaN nel modello ad albero,Non supera la moda/mediana in modo abbastanza convincente per giustificare la sostituzione
direct,CHILDREN,count,core_survey,classification,2188,3,260317,0.7103536027522933,0.7396405638315041,-0.029286961079210805,0.0985796947331578,0.06143790849673203,0.037141786236425764,3,0.09178507751312313,0.052241988913560584,0.03954308859956255,3,0,Lasciare NaN nel modello ad albero,Non supera la moda/mediana in modo abbastanza convincente per giustificare la sostituzione
direct,CHKHEMO3,ordinal,optional_module,classification,1154,245108,16246,0.2865608458429452,0.2897284015870916,-0.0031675557441463997,0.05542452927887572,0.03816091954022988,0.017263609738645838,3,0.04506143969330529,0.017148337976493316,0.027913101716811974,3,1,Lasciare NaN nel modello ad albero,Non supera la moda/mediana in modo abbastanza convincente per giustificare la sostituzione
direct,CHOLCHK,ordinal,core_survey,classification,3448,34996,224064,0.7362256814194875,0.7786304960772595,-0.042404814657772016,0.2877214060705345,0.25,0.03772140607053448,3,0.28208538954177453,0.21888482336211332,0.06320056617966122,3,0,Lasciare NaN nel modello ad albero,Non supera la moda/mediana in modo abbastanza convincente per giustificare la sostituzione
direct,CIMEMLOS,categorical,optional_module,classification,485,193126,68897,0.8522504473975303,0.893372726159078,-0.041122278761547726,0.43315399477266325,0.3333333333333333,0.09982066143932994,3,0.42848592595634855,0.3145604550286251,0.11392547092772343,3,0,Lasciare NaN nel modello ad albero,Non supera la moda/mediana in modo abbastanza convincente per giustificare la sostituzione
direct,CPDEMO1,binary,core_survey,classification,767,111642,150099,0.7733173176699805,0.8129678527782449,-0.03965053510826444,0.6620580375840158,0.5,0.16205803758401582,3,0.6509010278836461,0.4484171847174622,0.2024838431661839,3,0,Lasciare NaN nel modello ad albero,Non supera la moda/mediana in modo abbastanza convincente per giustificare la sostituzione
direct,CRGVEXPT,binary,optional_module,classification,3704,212514,46290,0.8344971927153844,0.8344971927153844,0.0,0.5,0.5,0.0,0,0.45488983091317925,0.45488983091317925,0.0,0,0,Lasciare NaN nel modello ad albero,Non supera la moda/mediana in modo abbastanza convincente per giustificare la sostituzione
direct,CRGVHOUS,binary,optional_module,classification,78,248295,14135,0.7721439489867862,0.7785742268914531,-0.006430277904666881,0.5215127211163479,0.5,0.021512721116347944,3,0.49538323584286603,0.4377432797489844,0.05763995609388162,3,0,Lasciare NaN nel modello ad albero,Non supera la moda/mediana in modo abbastanza convincente per giustificare la sostituzione
direct,CRGVHRS1,ordinal,optional_module,classification,840,248249,13419,0.5484932868558982,0.5781783048783996,-0.029685018022501453,0.28908796635073186,0.25,0.03908796635073186,3,0.25469546123339454,0.18317313404872912,0.07152232718466542,3,0,Lasciare NaN nel modello ad albero,Non supera la moda/mediana in modo abbastanza convincente per giustificare la sostituzione
direct,CRGVLNG1,ordinal,optional_module,classification,193,248229,14086,0.2806045652565103,0.2973000416214373,-0.01669547636492702,0.22028187001305077,0.20000000000000004,0.020281870013050735,3,0.1840338619539378,0.09165398955610315,0.09237987239783466,3,0,Lasciare NaN nel modello ad albero,Non supera la moda/mediana in modo abbastanza convincente per giustificare la sostituzione
direct,CRGVMST2,categorical,optional_module,classification,444,248334,13730,0.8275097133190824,0.8283893982270971,-0.0008796849080147107,0.1668817171520317,0.16666666666666666,0.00021505048536504812,2,0.15183539404345398,0.15102337322295653,0.0008120208204974444,2,1,Lasciare NaN nel modello ad albero,Non supera la moda/mediana in modo abbastanza convincente per giustificare la sostituzione
direct,CRGVPERS,binary,optional_module,classification,81,248287,14140,0.5625117089768757,0.5067364483779276,0.055775260598948107,0.5623535993194388,0.5,0.062353599319438846,3,0.5620991089326834,0.33630363859608153,0.2257954703366019,3,3,Lasciare NaN nel modello ad albero,Non supera la moda/mediana in modo abbastanza convincente per giustificare la sostituzione
direct,CRGVPRB1,categorical,optional_module,classification,674,248266,13568,0.4575194177116379,0.4703488003795481,-0.012829382667910227,0.07848764544640142,0.07692307692307693,0.0015645685233244971,3,0.05553246052253569,0.049212426306994135,0.006320034215541552,3,0,Lasciare NaN nel modello ad albero,Non supera la moda/mediana in modo abbastanza convincente per giustificare la sostituzione
direct,CRGVREL1,categorical,optional_module,classification,98,248216,14194,0.30510011360884987,0.22443117757424136,0.08066893603460851,0.1994335132340023,0.06666666666666667,0.13276684656733562,3,0.15971004709239953,0.02443832070139341,0.13527172639100613,3,3,Lasciare NaN nel modello ad albero,Non supera la moda/mediana in modo abbastanza convincente per giustificare la sostituzione
direct,CVDASPRN,binary,optional_module,classification,17,251205,11286,0.7181466665101351,0.7055328509344726,0.012613815575662546,0.683163294956895,0.5,0.18316329495689498,3,0.6745470301037506,0.4136681758235959,0.2608788542801547,3,3,Lasciare NaN nel modello ad albero,Non supera la moda/mediana in modo abbastanza convincente per giustificare la sostituzione
direct,CVDSTRK3,binary,core_survey,classification,571,0,261937,0.9002469985906387,0.9596429790555049,-0.05939598046486616,0.6368833464794964,0.5,0.1368833464794964,3,0.583812093309989,0.48970295756783383,0.09410913574215513,3,0,Lasciare NaN nel modello ad albero,Non supera la moda/mediana in modo abbastanza convincente per giustificare la sostituzione
direct,DECIDE,binary,core_survey,classification,1660,7022,253826,0.8723850913542166,0.9034495915374249,-0.031064500183208277,0.6796687656740672,0.5,0.1796687656740672,3,0.6643539575047961,0.474637551449945,0.18971640605485107,3,0,Lasciare NaN nel modello ad albero,Non supera la moda/mediana in modo abbastanza convincente per giustificare la sostituzione
direct,DIABAGE2,count,core_survey,classification,2209,228639,31660,0.09608300722885212,0.09144904418332071,0.004633963045531403,0.02985139554716416,0.010753517087258246,0.019097878459905914,3,0.02667080017950808,0.001802016214559479,0.024868783964948602,3,3,Lasciare NaN nel modello ad albero,Non supera la moda/mediana in modo abbastanza convincente per giustificare la sostituzione
direct,DIABEDU,binary,optional_module,classification,74,245109,17325,0.5948945501710948,0.5598027658475352,0.03509178432355964,0.5785891664223448,0.5,0.07858916642234481,3,0.5770283660508241,0.3588894575294809,0.21813890852134316,3,3,Lasciare NaN nel modello ad albero,Non supera la moda/mediana in modo abbastanza convincente per giustificare la sostituzione
direct,DIABETE3,categorical,core_survey,classification,363,4,262141,0.8068673984853767,0.8453580901766768,-0.03849069169130015,0.3508622007998103,0.25,0.10086220079981029,3,0.3390799891246255,0.22904986203913555,0.11003012708548995,3,0,Lasciare NaN nel modello ad albero,Non supera la moda/mediana in modo abbastanza convincente per giustificare la sostituzione
direct,DIABEYE,binary,optional_module,classification,210,245109,17189,0.8031108631052574,0.8210864405785604,-0.017975577473303028,0.528100092295456,0.5,0.02810009229545596,3,0.5209867952710486,0.45087594865692177,0.07011084661412686,3,0,Lasciare NaN nel modello ad albero,Non supera la moda/mediana in modo abbastanza convincente per giustificare la sostituzione
direct,DIFFALON,binary,core_survey,classification,1117,7954,253437,0.8877746607793334,0.9224302717747245,-0.03465561099539105,0.7466346058548595,0.5,0.24663460585485952,3,0.6911894477376058,0.4798249817250271,0.21136446601257874,3,0,Lasciare NaN nel modello ad albero,Non supera la moda/mediana in modo abbastanza convincente per giustificare la sostituzione
direct,DIFFDRES,binary,core_survey,classification,678,7590,254240,0.915198132938167,0.956572568132101,-0.04137443519393402,0.7370047541150938,0.5,0.2370047541150938,3,0.6557544310986249,0.48890215722835073,0.16685227387027413,3,0,Lasciare NaN nel modello ad albero,Non supera la moda/mediana in modo abbastanza convincente per giustificare la sostituzione
direct,DIFFWALK,binary,core_survey,classification,1304,7364,253840,0.8439883753257486,0.8271937754655537,0.016794599860194825,0.7756315561282482,0.5,0.2756315561282482,3,0.7505464682132058,0.45271252773153803,0.2978339404816678,3,3,Lasciare NaN nel modello ad albero,Non supera la moda/mediana in modo abbastanza convincente per giustificare la sostituzione
direct,DOCTDIAB,count,optional_module,classification,614,245108,16786,0.2550976316348783,0.25955390857563637,-0.004456276940758064,0.039358560716685816,0.030657619841680566,0.00870094087500525,3,0.031715755289746135,0.012633312273945131,0.019082443015801004,3,1,Lasciare NaN nel modello ad albero,Non supera la moda/mediana in modo abbastanza convincente per giustificare la sostituzione
direct,DRADVISE,binary,optional_module,classification,151,238058,24299,0.7195451418448208,0.6975247883569202,0.022020353487900546,0.677303529338752,0.5,0.17730352933875204,3,0.6737608414537489,0.4109022053162003,0.2628586361375486,3,3,Lasciare NaN nel modello ad albero,Non supera la moda/mediana in modo abbastanza convincente per giustificare la sostituzione
direct,DRNK3GE5,count,core_survey,classification,1744,136940,123824,0.728293594108167,0.7565023399579224,-0.028208745849755412,0.034261745610064495,0.029131652661064423,0.005130092949000072,3,0.031825752249366596,0.025093673669471073,0.006732078579895523,3,0,Lasciare NaN nel modello ad albero,Non supera la moda/mediana in modo abbastanza convincente per giustificare la sostituzione
direct,EDUCA,ordinal,core_survey,classification,1034,0,261474,0.45168548879938203,0.3689964021644987,0.08268908663488334,0.2825972683206331,0.16666666666666666,0.11593060165396643,3,0.2741262277226635,0.08984582517573209,0.1842804025469314,3,3,Set esteso: testare come secondo challenger,"Accuratezza, balanced accuracy e macro-F1 superiori in ciascuno dei 3 fold; effetto da verificare su F1 malattia"
direct,EMPLOY1,categorical,core_survey,classification,2250,0,260258,0.6107129948463823,0.41164163826936995,0.19907135657701236,0.3703030761001007,0.125,0.24530307610010071,3,0.3327813418492665,0.0729012016522886,0.2598801401969779,3,3,Set principale: imputare nel prossimo challenger,Guadagno ampio e coerente; numerose nonrisposte per INCOME2/PNEUVAC3
direct,EMTSUPRT,ordinal,optional_module,classification,197,250475,11836,0.5099466478717738,0.5438766660544482,-0.03393001818267438,0.2668777589701575,0.20000000000000004,0.06687775897015744,3,0.2541338755817176,0.14090889799063855,0.11322497759107908,3,0,Lasciare NaN nel modello ad albero,Non supera la moda/mediana in modo abbastanza convincente per giustificare la sostituzione
direct,EXERANY2,binary,core_survey,classification,1481,21097,239930,0.7126339377385008,0.7338813723566672,-0.02124743461816636,0.619788233042262,0.5,0.11978823304226205,3,0.6226087211264147,0.4232583257256406,0.19935039540077415,3,0,Lasciare NaN nel modello ad albero,Non supera la moda/mediana in modo abbastanza convincente per giustificare la sostituzione
direct,EXERHMM1,count,core_survey,classification,3540,87835,171133,0.24537774082836186,0.25324720374276083,-0.007869462914398967,0.009223141119486902,0.007198219668243649,0.0020249214512432527,3,0.007394683079561935,0.00290879742026908,0.004485885659292855,3,0,Lasciare NaN nel modello ad albero,Non supera la moda/mediana in modo abbastanza convincente per giustificare la sostituzione
direct,EXERHMM2,count,core_survey,classification,2625,145298,114585,0.21817721396290243,0.2233346631788212,-0.0051574492159187635,0.00961455428622879,0.008548674021819802,0.0010658802644089877,3,0.007465309900580706,0.0031210955278045543,0.004344214372776152,3,0,Lasciare NaN nel modello ad albero,Non supera la moda/mediana in modo abbastanza convincente per giustificare la sostituzione
direct,EXEROFT1,count,core_survey,classification,1701,87622,173185,0.18378355554111758,0.17954563620607158,0.004237919335045998,0.014302830956385765,0.01172551167235788,0.0025773192840278843,3,0.00862069915585948,0.0035699661687334503,0.005050732987126031,3,3,Lasciare NaN nel modello ad albero,Non supera la moda/mediana in modo abbastanza convincente per giustificare la sostituzione
direct,EXEROFT2,count,core_survey,classification,1325,145189,115994,0.1743625767924757,0.17717294081203205,-0.002810364019556366,0.015649685533086433,0.01246944521798323,0.003180240315103203,3,0.009805187197177372,0.0037538112976072974,0.006051375899570074,3,0,Lasciare NaN nel modello ad albero,Non supera la moda/mediana in modo abbastanza convincente per giustificare la sostituzione
direct,EXRACT11,categorical,core_survey,classification,710,86575,175223,0.5135236271065963,0.5483407163350732,-0.03481708922847693,0.024516859343443425,0.013333333333333334,0.01118352601011009,3,0.019487117639254994,0.009443923174601949,0.010043194464653045,3,0,Lasciare NaN nel modello ad albero,Non supera la moda/mediana in modo abbastanza convincente per giustificare la sostituzione
direct,EXRACT21,categorical,core_survey,classification,2223,88065,172220,0.2569798366731144,0.31761412165959674,-0.06063428498648232,0.026562776312467205,0.013157894736842105,0.0134048815756251,3,0.02012277938424813,0.006343469677596296,0.013779309706651834,3,0,Lasciare NaN nel modello ad albero,Non supera la moda/mediana in modo abbastanza convincente per giustificare la sostituzione
direct,EYEEXAM,categorical,optional_module,classification,272,245108,17128,0.48876698484773246,0.5109210637794575,-0.022154078931724996,0.22192866870591546,0.20000000000000004,0.02192866870591542,3,0.18438522793962195,0.13525542572164365,0.0491298022179783,3,0,Lasciare NaN nel modello ad albero,Non supera la moda/mediana in modo abbastanza convincente per giustificare la sostituzione
direct,FEETCHK,count,optional_module,classification,507,245272,16729,0.24250898278066138,0.2258464416821769,0.016662541098484474,0.03976098052995312,0.032706374085684435,0.007054606444268682,3,0.03565855471716333,0.012048845066969032,0.0236097096501943,3,3,Lasciare NaN nel modello ad albero,Non supera la moda/mediana in modo abbastanza convincente per giustificare la sostituzione
direct,FEETCHK2,ordinal,optional_module,classification,513,245108,16887,0.5205959175252052,0.5323917499399166,-0.011795832414711382,0.023212344518604933,0.021470677245753234,0.0017416672728516984,3,0.018885482330149337,0.014916440882178162,0.003969041447971175,3,0,Lasciare NaN nel modello ad albero,Non supera la moda/mediana in modo abbastanza convincente per giustificare la sostituzione
direct,FLUSHOT6,categorical,core_survey,classification,1795,24612,236101,0.6211321874929664,0.518513334100103,0.10261885339286336,0.6193191523819445,0.5,0.11931915238194446,3,0.6191618561437376,0.341460542212446,0.27770131393129166,3,3,Set esteso: testare come secondo challenger,"Accuratezza, balanced accuracy e macro-F1 superiori in ciascuno dei 3 fold; effetto da verificare su F1 malattia"
direct,FRUIT1,count,core_survey,classification,4262,17366,240880,0.23382122823744642,0.25131097876386216,-0.017489750526415743,0.013203060624303374,0.00995020964360587,0.003252850980697504,3,0.008645168968878887,0.003996440153022554,0.0046487288158563326,3,0,Lasciare NaN nel modello ad albero,Non supera la moda/mediana in modo abbastanza convincente per giustificare la sostituzione
direct,FRUITJU1,count,core_survey,classification,6152,16700,239656,0.40502239201097384,0.41177759620114984,-0.006755204190176001,0.013213070744574248,0.011962708218997744,0.0012503625255765038,3,0.0096751954869667,0.0069790591771321546,0.002696136309834546,3,0,Lasciare NaN nel modello ad albero,Non supera la moda/mediana in modo abbastanza convincente per giustificare la sostituzione
direct,FVBEANS,count,core_survey,classification,5511,18089,238908,0.1684325339884385,0.17114080368576853,-0.00270826969733004,0.016023272114952452,0.012346933654521731,0.003676338460430721,3,0.010794982041047273,0.0036086663958344567,0.007186315645212816,3,0,Lasciare NaN nel modello ad albero,Non supera la moda/mediana in modo abbastanza convincente per giustificare la sostituzione
direct,FVGREEN,count,core_survey,classification,3811,18626,240071,0.1468860120830017,0.1405428586203907,0.006343153462610995,0.01614601886741528,0.011034255599472992,0.005111763267942288,3,0.009854252479733315,0.0027200321828394192,0.007134220296893895,3,3,Lasciare NaN nel modello ad albero,Non supera la moda/mediana in modo abbastanza convincente per giustificare la sostituzione
direct,FVORANG,count,core_survey,classification,4166,19119,239223,0.1637259081762563,0.1478203038036043,0.015905604372651982,0.017029666283840433,0.012575735038921116,0.004453931244919317,3,0.011745021755904033,0.0032394429811856613,0.008505578774718373,3,3,Lasciare NaN nel modello ad albero,Non supera la moda/mediana in modo abbastanza convincente per giustificare la sostituzione
direct,GENHLTH,ordinal,core_survey,classification,709,2,261797,0.3993972748146028,0.33070664863084775,0.06869062618375504,0.37173931274464006,0.20000000000000004,0.17173931274464002,3,0.37482769937052596,0.09940762064480557,0.2754200787257204,3,3,Set esteso: testare come secondo challenger,"Accuratezza, balanced accuracy e macro-F1 superiori in ciascuno dei 3 fold; effetto da verificare su F1 malattia"
direct,HADHYST2,binary,optional_module,classification,69,249085,13354,0.7106870469008753,0.7192185838190944,-0.008531536918219174,0.6637483734372892,0.5,0.1637483734372892,3,0.656220471941269,0.4183340254789349,0.2378864464623341,3,1,Lasciare NaN nel modello ad albero,Non supera la moda/mediana in modo abbastanza convincente per giustificare la sostituzione
direct,HADSGCO1,binary,optional_module,classification,470,239138,22900,0.9593952875322511,0.9594831339766663,-8.784644441517386e-05,0.499954412837345,0.5,-4.558716265501417e-05,0,0.48963734716126445,0.489660135924636,-2.2788763371528464e-05,0,0,Lasciare NaN nel modello ad albero,Non supera la moda/mediana in modo abbastanza convincente per giustificare la sostituzione
direct,HAREHAB1,binary,optional_module,classification,13,261888,607,0.588802508595609,0.6038355745099961,-0.015033065914387134,0.5694264799498779,0.5,0.06942647994987794,3,0.5690219846348162,0.3763600778287543,0.19266190680606193,3,1,Lasciare NaN nel modello ad albero,Non supera la moda/mediana in modo abbastanza convincente per giustificare la sostituzione
direct,HAVARTH3,binary,core_survey,classification,1500,1,261007,0.7216395823685032,0.6640401541917097,0.05759942817679353,0.697787980156621,0.5,0.19778798015662102,3,0.6937743192709885,0.3990522596601948,0.29472205961079373,3,3,Set esteso: testare come secondo challenger,"Accuratezza, balanced accuracy e macro-F1 superiori in ciascuno dei 3 fold; effetto da verificare su F1 malattia"
direct,HIVTST6,categorical,core_survey,classification,8540,25801,228167,0.6990076616284763,0.7026677749561504,-0.0036601133276741304,0.6596230393041881,0.5,0.15962303930418809,3,0.6528686092624953,0.41268488045434076,0.24018372880815458,3,0,Non sostituire con classe dura,"Accuratezza leggermente peggiore della moda; metriche minoritarie migliori, quindi al massimo testare probabilità/flag separatamente"
direct,HLTHPLN1,binary,core_survey,classification,1039,0,261469,0.9049866641219856,0.9269511609986516,-0.021964496876666018,0.6211957815972018,0.5,0.12119578159720179,3,0.6282792543176211,0.48104547632661393,0.14723377799100718,3,0,Lasciare NaN nel modello ad albero,Non supera la moda/mediana in modo abbastanza convincente per giustificare la sostituzione
direct,HOWLONG,ordinal,optional_module,classification,103,251442,10963,0.6037048920660699,0.6215697026540048,-0.017864810587934876,0.22229995855882165,0.20000000000000004,0.02229995855882161,3,0.1941116320423005,0.15331136162128012,0.040800270421020385,3,0,Lasciare NaN nel modello ad albero,Non supera la moda/mediana in modo abbastanza convincente per giustificare la sostituzione
direct,HPLSTTST,ordinal,optional_module,classification,224,258392,3892,0.45337677115939573,0.46289510349992274,-0.009518332340527014,0.2487585358743527,0.20000000000000004,0.048758535874352665,3,0.2128829816536034,0.12656028705396236,0.08632269459964104,3,0,Lasciare NaN nel modello ad albero,Non supera la moda/mediana in modo abbastanza convincente per giustificare la sostituzione
direct,HPVADSHT,count,optional_module,classification,139,261635,734,0.5936657559198543,0.6303825136612021,-0.03671675774134786,0.3673898479091782,0.3333333333333333,0.03405651457584491,3,0.35026209559229277,0.2576722299583594,0.09258986563393334,3,0,Lasciare NaN nel modello ad albero,Non supera la moda/mediana in modo abbastanza convincente per giustificare la sostituzione
direct,HPVADVC2,categorical,optional_module,classification,623,256118,5767,0.836287925468698,0.8470864206419279,-0.010798495173229838,0.48509080628463436,0.3333333333333333,0.15175747295130104,3,0.48958550884165586,0.30573475857017707,0.1838507502714788,3,0,Lasciare NaN nel modello ad albero,Non supera la moda/mediana in modo abbastanza convincente per giustificare la sostituzione
direct,HPVTEST,count,optional_module,classification,3894,248961,9653,0.6761949816286569,0.573499022634683,0.10269595899397388,0.6808260557550069,0.5,0.18082605575500688,3,0.6746459215067467,0.36446540653837073,0.310180514968376,3,3,Set esteso: testare come secondo challenger,"Accuratezza, balanced accuracy e macro-F1 superiori in ciascuno dei 3 fold; effetto da verificare su F1 malattia"
direct,HTM4,continuous,derived,MAE,0,9096,253412,0.03265602762500445,0.08617599805196126,-0.05351997042695681,,,,,,,,,,Set principale: imputare nel prossimo challenger,MAE circa 62-67% inferiore alla mediana; derivare poi _BMI5 in modo coerente
direct,IMFVPLAC,categorical,core_survey,classification,389,148959,113160,0.407462447699436,0.3807521792151647,0.026710268484271327,0.18103032752938383,0.0909090909090909,0.09012123662029294,3,0.14211786987243902,0.05013725639483998,0.09198061347759903,3,3,Lasciare NaN nel modello ad albero,Non supera la moda/mediana in modo abbastanza convincente per giustificare la sostituzione
direct,INCOME2,ordinal,core_survey,classification,45073,1947,215488,0.3723123915874014,0.32008613729625696,0.05222625429114447,0.26318281662209614,0.125,0.13818281662209614,3,0.244515680865849,0.0606182562813217,0.1838974245845273,3,3,Set principale: imputare nel prossimo challenger,Guadagno ampio e coerente; numerose nonrisposte per INCOME2/PNEUVAC3
direct,INSULIN,binary,optional_module,classification,19,245105,17384,0.6584678204824893,0.6710971881586215,-0.012629367676132208,0.5463468654661608,0.5,0.04634686546616085,3,0.5352171521367128,0.40158718497816853,0.1336299671585443,3,0,Lasciare NaN nel modello ad albero,Non supera la moda/mediana in modo abbastanza convincente per giustificare la sostituzione
direct,INTERNET,binary,core_survey,classification,826,2561,259121,0.8185677109927392,0.7910402464791387,0.02752746451360044,0.7647734952978319,0.5,0.2647734952978319,3,0.7448175495502761,0.44166493528649053,0.3031526142637856,3,3,Lasciare NaN nel modello ad albero,Non supera la moda/mediana in modo abbastanza convincente per giustificare la sostituzione
direct,JOINPAIN,count,core_survey,classification,1571,183244,77693,0.1936940631552118,0.16092706640390456,0.03276699675130723,0.16514310381262892,0.0909090909090909,0.07423401290353802,3,0.14687525746812016,0.025203517068889306,0.12167174039923086,3,3,Set esteso: testare come secondo challenger,"Accuratezza, balanced accuracy e macro-F1 superiori in ciascuno dei 3 fold; effetto da verificare su F1 malattia"
direct,LASTPAP2,ordinal,optional_module,classification,313,249855,12340,0.4643692263104331,0.4137822275142598,0.05058699879617329,0.2908819453876008,0.20000000000000004,0.09088194538760078,3,0.23554088565639877,0.11705857645523725,0.11848230920116153,3,3,Lasciare NaN nel modello ad albero,Non supera la moda/mediana in modo abbastanza convincente per giustificare la sostituzione
direct,LASTSIG3,ordinal,optional_module,classification,317,239140,23051,0.2323939122675791,0.21560431481990225,0.016789597447676857,0.19892195451052486,0.16666666666666666,0.0322552878438582,3,0.17317394812294243,0.05912102413245162,0.1140529239904908,3,3,Lasciare NaN nel modello ad albero,Non supera la moda/mediana in modo abbastanza convincente per giustificare la sostituzione
direct,LASTSMK2,ordinal,core_survey,classification,499,190004,72005,0.671279300457203,0.6680838683606201,0.0031954320965829064,0.1772422093624119,0.125,0.05224220936241189,3,0.1665872959146165,0.1001271549434617,0.0664601409711548,3,3,Lasciare NaN nel modello ad albero,Non supera la moda/mediana in modo abbastanza convincente per giustificare la sostituzione
direct,LENGEXAM,ordinal,optional_module,classification,28,259537,2943,0.587366424491463,0.620700673304766,-0.033334248813302936,0.22575119398421584,0.20000000000000004,0.025751193984215798,3,0.1994205611135356,0.1531617422536363,0.0462588188598993,3,0,Lasciare NaN nel modello ad albero,Non supera la moda/mediana in modo abbastanza convincente per giustificare la sostituzione
direct,LMTJOIN3,binary,core_survey,classification,1010,181504,79994,0.654745660264485,0.5045265352060607,0.15021912505842427,0.6542263325414891,0.5,0.1542263325414891,3,0.6532013051203155,0.33533672989245256,0.31786457522786293,3,3,Set esteso: testare come secondo challenger,"Accuratezza, balanced accuracy e macro-F1 superiori in ciascuno dei 3 fold; effetto da verificare su F1 malattia"
direct,LONGWTCH,count,optional_module,classification,850,247495,14163,0.13265731793486848,0.1218483151835993,0.010809002751269184,0.015981987954580324,0.009703296063358955,0.006278691891221369,3,0.01272624642675609,0.002105750504775111,0.01062049592198098,3,3,Lasciare NaN nel modello ad albero,Non supera la moda/mediana in modo abbastanza convincente per giustificare la sostituzione
direct,LSATISFY,ordinal,optional_module,classification,133,250484,11891,0.587199976178049,0.486784438909964,0.100415537268085,0.38731344341684676,0.25,0.13731344341684676,3,0.38958248928321604,0.16368465248745354,0.2258978367957625,3,3,Lasciare NaN nel modello ad albero,Non supera la moda/mediana in modo abbastanza convincente per giustificare la sostituzione
direct,LSTBLDS3,ordinal,optional_module,classification,345,250762,11401,0.3751430671594,0.35513541231090046,0.020007654848499534,0.22999691048878187,0.20000000000000004,0.029996910488781836,3,0.18005786200675966,0.10481518691853076,0.0752426750882289,3,3,Lasciare NaN nel modello ad albero,Non supera la moda/mediana in modo abbastanza convincente per giustificare la sostituzione
direct,MARITAL,categorical,core_survey,classification,1801,0,260707,0.5949973962946101,0.5328358159476304,0.06216158034697972,0.36315968463703224,0.16666666666666666,0.19649301797036559,3,0.35733472728848475,0.11587142099798213,0.2414633062905026,3,3,Set esteso: testare come secondo challenger,"Accuratezza, balanced accuracy e macro-F1 superiori in ciascuno dei 3 fold; effetto da verificare su F1 malattia"
direct,MAXDRNKS,count,core_survey,classification,3854,137191,121463,0.30272871436493654,0.2837708916175697,0.018957822747366848,0.036669481386537646,0.023113246283977994,0.013556235102559652,3,0.03465057806248983,0.010216515828168,0.024434062234321825,3,3,Lasciare NaN nel modello ad albero,Non supera la moda/mediana in modo abbastanza convincente per giustificare la sostituzione
direct,MEDCOST,binary,core_survey,classification,666,1,261841,0.8691839749373697,0.901772312122692,-0.03258833718532239,0.5983552037200857,0.5,0.09835520372008566,3,0.6049326350465816,0.4741746372021363,0.13075799784444525,3,0,Lasciare NaN nel modello ad albero,Non supera la moda/mediana in modo abbastanza convincente per giustificare la sostituzione
direct,MENTHLTH,count,core_survey,classification,4299,0,258209,0.6764563109883737,0.6953132898846252,-0.018856978896251486,0.04397651355032375,0.03225806451612903,0.011718449034194715,3,0.03665573247873249,0.026460517402878404,0.010195215075854084,3,0,Lasciare NaN nel modello ad albero,Non supera la moda/mediana in modo abbastanza convincente per giustificare la sostituzione
direct,MISTMNT,binary,optional_module,classification,50,250479,11979,0.8286703165227173,0.8528004709758759,-0.02413015445315858,0.6146767478000875,0.5,0.11467674780008752,3,0.624958544808833,0.4602746272419143,0.16468391756691864,3,0,Lasciare NaN nel modello ad albero,Non supera la moda/mediana in modo abbastanza convincente per giustificare la sostituzione
direct,NUMHHOL2,categorical,core_survey,classification,579,111642,150287,0.9474284711850359,0.9474284638909952,7.2940407047639155e-09,0.5001205535989386,0.5,0.00012055359893858864,2,0.4867569610345163,0.48650214260152563,0.00025481843299068885,2,1,Lasciare NaN nel modello ad albero,Non supera la moda/mediana in modo abbastanza convincente per giustificare la sostituzione
direct,NUMPHON2,count,core_survey,classification,174,254607,7727,0.5353061883195545,0.5199159276759432,0.015390260643611264,0.19134132078980895,0.16666666666666666,0.024674654123142292,3,0.18510293220653026,0.11401104952725115,0.07109188267927911,3,3,Lasciare NaN nel modello ad albero,Non supera la moda/mediana in modo abbastanza convincente per giustificare la sostituzione
direct,PCPSAAD2,binary,optional_module,classification,164,258652,3692,0.6765274948624378,0.6039971691934425,0.07253032566899531,0.6518690805824054,0.5,0.15186908058240545,3,0.6540062502988208,0.37653820039873104,0.2774680499000897,3,3,Lasciare NaN nel modello ad albero,Non supera la moda/mediana in modo abbastanza convincente per giustificare la sostituzione
direct,PCPSADE1,categorical,optional_module,classification,4,262040,464,0.3050246792836068,0.3345505616448719,-0.029525882361265077,0.2619939688657652,0.25,0.011993968865765203,2,0.2550041941503824,0.12531692616740983,0.12968726798297256,3,0,Lasciare NaN nel modello ad albero,Non supera la moda/mediana in modo abbastanza convincente per giustificare la sostituzione
direct,PCPSADI1,binary,optional_module,classification,183,258657,3668,0.6978377982416447,0.7116400621927842,-0.013802263951139482,0.5207814142599622,0.5,0.02078141425996216,3,0.4896314897986979,0.415757324123783,0.0738741656749149,3,0,Lasciare NaN nel modello ad albero,Non supera la moda/mediana in modo abbastanza convincente per giustificare la sostituzione
direct,PCPSARE1,binary,optional_module,classification,153,258660,3695,0.6668668735938645,0.5399244313330492,0.1269424422608153,0.6624417373924539,0.5,0.16244173739245393,3,0.6626824617709745,0.3506143456502609,0.31206811612071356,3,3,Lasciare NaN nel modello ad albero,Non supera la moda/mediana in modo abbastanza convincente per giustificare la sostituzione
direct,PCPSARS1,categorical,optional_module,classification,17,260431,2060,0.7237742957590343,0.7489555957668143,-0.02518130000777996,0.20873632336520584,0.20000000000000004,0.0087363233652058,2,0.19582798984408956,0.17128257083489765,0.02454541900919191,3,0,Lasciare NaN nel modello ad albero,Non supera la moda/mediana in modo abbastanza convincente per giustificare la sostituzione
direct,PDIABTST,binary,optional_module,classification,2243,213372,46893,0.6747919266505695,0.6444974129802309,0.03029451367033864,0.6114135876674482,0.5,0.11141358766744824,3,0.6142824253678982,0.3919093718978324,0.2223730534700658,3,3,Set esteso: testare come secondo challenger,"Accuratezza, balanced accuracy e macro-F1 superiori in ciascuno dei 3 fold; effetto da verificare su F1 malattia"
direct,PERSDOC2,categorical,core_survey,classification,1060,0,261448,0.7568618645430031,0.7767702580864153,-0.01990839354341223,0.43684816237016527,0.3333333333333333,0.10351482903683196,3,0.4218907133038004,0.2914538407974691,0.1304368725063313,3,0,Lasciare NaN nel modello ad albero,Non supera la moda/mediana in modo abbastanza convincente per giustificare la sostituzione
direct,PHYSHLTH,count,core_survey,classification,5684,1,256823,0.6471193071354495,0.6366512077755151,0.010468099359934424,0.05252890304599045,0.03225806451612903,0.020270838529861418,3,0.04165581778033378,0.025096457395742077,0.016559360384591704,3,3,Lasciare NaN nel modello ad albero,Non supera la moda/mediana in modo abbastanza convincente per giustificare la sostituzione
direct,PNEUVAC3,binary,core_survey,classification,21380,24950,216178,0.7367804892344315,0.5677696513037824,0.16901083793064908,0.7299599665690585,0.5,0.22995996656905848,3,0.7307788794912566,0.36215045637582377,0.36862842311543287,3,3,Set principale: imputare nel prossimo challenger,Guadagno ampio e coerente; numerose nonrisposte per INCOME2/PNEUVAC3
direct,POORHLTH,count,core_survey,classification,2845,128022,131641,0.5632791798266651,0.5680737710843095,-0.004794591257644365,0.049635021153142916,0.03225806451612903,0.017376956637013885,3,0.03737831987035448,0.02337248815287642,0.014005831717478063,3,0,Lasciare NaN nel modello ad albero,Non supera la moda/mediana in modo abbastanza convincente per giustificare la sostituzione
direct,PREDIAB1,categorical,optional_module,classification,179,213371,48958,0.8767734902393296,0.8844508890722377,-0.007677398832908078,0.454076916899415,0.3333333333333333,0.12074358356608167,3,0.4789717071462016,0.3128935637433161,0.16607814340288546,3,0,Lasciare NaN nel modello ad albero,Non supera la moda/mediana in modo abbastanza convincente per giustificare la sostituzione
direct,PREGNANT,binary,core_survey,classification,291,223949,38268,0.9658255512574337,0.9614937707721958,0.004331780485237968,0.6262363306334429,0.5,0.12623633063344286,3,0.6749855746385576,0.49018408245894735,0.18480149217961023,3,3,Lasciare NaN nel modello ad albero,Non supera la moda/mediana in modo abbastanza convincente per giustificare la sostituzione
direct,PSATIME,ordinal,optional_module,classification,46,260429,2033,0.6168192719897466,0.6433501345718623,-0.026530862582115677,0.22273880915012712,0.20000000000000004,0.022738809150127076,3,0.21026052764383887,0.15658042399816938,0.0536801036456695,3,0,Lasciare NaN nel modello ad albero,Non supera la moda/mediana in modo abbastanza convincente per giustificare la sostituzione
direct,QLACTLM2,binary,core_survey,classification,1758,5566,255184,0.7866517371618841,0.7530638888830451,0.03358784827883898,0.7158611979013679,0.5,0.21586119790136793,3,0.7146945432943665,0.4295698975814098,0.28512464571295676,3,3,Set esteso: testare come secondo challenger,"Accuratezza, balanced accuracy e macro-F1 superiori in ciascuno dei 3 fold; effetto da verificare su F1 malattia"
direct,RCSGENDR,binary,optional_module,classification,1700,226893,33915,0.5103699957098358,0.5178221610429024,-0.007452165333066585,0.5029125408341099,0.5,0.0029125408341098558,2,0.48349869737954504,0.34116064805243934,0.1423380493271057,3,0,Lasciare NaN nel modello ad albero,Non supera la moda/mediana in modo abbastanza convincente per giustificare la sostituzione
direct,RCSRLTN2,categorical,optional_module,classification,1354,227025,34129,0.8469037189769861,0.8145258301460997,0.03237788883088644,0.4229102042014874,0.16666666666666666,0.25624353753482076,3,0.3894445251918504,0.14963040536942337,0.23981411982242704,3,3,Set esteso: testare come secondo challenger,"Accuratezza, balanced accuracy e macro-F1 superiori in ciascuno dei 3 fold; effetto da verificare su F1 malattia"
direct,RDUCHART,binary,optional_module,classification,96,259184,3228,0.8565223514805287,0.8517280136713629,0.004794337809165827,0.6075296596317373,0.5,0.10752965963173733,3,0.6313817944480148,0.45995670092686086,0.17142509352115393,3,2,Lasciare NaN nel modello ad albero,Non supera la moda/mediana in modo abbastanza convincente per giustificare la sostituzione
direct,RDUCSTRK,binary,optional_module,classification,244,259185,3079,0.7233152948285877,0.7199829267916914,0.003332368036896294,0.563575675929529,0.5,0.06357567592952895,3,0.5578523151868771,0.41859627915081193,0.13925603603606512,3,2,Lasciare NaN nel modello ad albero,Non supera la moda/mediana in modo abbastanza convincente per giustificare la sostituzione
direct,RENTHOM1,categorical,core_survey,classification,1815,0,260693,0.7723375818854752,0.7229461546694721,0.04939142721600309,0.5605308667532403,0.3333333333333333,0.22719753341990695,3,0.5749502987125045,0.2797324875165825,0.295217811195922,3,3,Set esteso: testare come secondo challenger,"Accuratezza, balanced accuracy e macro-F1 superiori in ciascuno dei 3 fold; effetto da verificare su F1 malattia"
direct,RLIVPAIN,binary,optional_module,classification,18,259185,3305,0.7827030631584672,0.790373787803059,-0.007670724644591842,0.5773130131396725,0.5,0.07731301313967254,3,0.5861984095687803,0.44145442844688115,0.14474398112189918,3,1,Lasciare NaN nel modello ad albero,Non supera la moda/mediana in modo abbastanza convincente per giustificare la sostituzione
direct,SCNTLPAD,categorical,optional_module,classification,417,247313,14778,0.6199626855493278,0.4530896576346162,0.16687302791471154,0.3493891887527408,0.25,0.09938918875274078,3,0.3294764156696439,0.15590465196573836,0.17357176370390556,3,3,Lasciare NaN nel modello ad albero,Non supera la moda/mediana in modo abbastanza convincente per giustificare la sostituzione
direct,SCNTLWK1,count,optional_module,classification,1669,239786,21053,0.3885832593903132,0.438924525409389,-0.05034126601907579,0.02056712505005243,0.012503859215807349,0.008063265834245081,3,0.018621011643118048,0.007627705888435989,0.010993305754682058,3,0,Lasciare NaN nel modello ad albero,Non supera la moda/mediana in modo abbastanza convincente per giustificare la sostituzione
direct,SCNTMEL1,ordinal,optional_module,classification,148,218871,43489,0.6502144928959142,0.6681715043936435,-0.017957011497729325,0.27028168428941673,0.16666666666666666,0.10361501762275008,3,0.25386970165558553,0.13351275706627172,0.12035694458931381,3,0,Lasciare NaN nel modello ad albero,Non supera la moda/mediana in modo abbastanza convincente per giustificare la sostituzione
direct,SCNTMNY1,ordinal,optional_module,classification,157,221141,41210,0.52726591349619,0.5445273404683645,-0.017261426972174476,0.2850555626332167,0.16666666666666666,0.11838889596655003,3,0.26049952890009775,0.11751588690660238,0.1429836419934954,3,0,Lasciare NaN nel modello ad albero,Non supera la moda/mediana in modo abbastanza convincente per giustificare la sostituzione
direct,SCNTPAID,categorical,optional_module,classification,254,241701,20553,0.6314912387257267,0.47326537413437775,0.1582258645913489,0.4760933940029773,0.25,0.2260933940029773,3,0.48836887633613696,0.1606176259882094,0.32775125034792757,3,3,Lasciare NaN nel modello ad albero,Non supera la moda/mediana in modo abbastanza convincente per giustificare la sostituzione
direct,SEATBELT,ordinal,core_survey,classification,1385,24065,237058,0.8631180717257991,0.8752288209310913,-0.012110749205292204,0.18211562569218365,0.16666666666666666,0.01544895902551699,3,0.17287356652922406,0.15557724849148413,0.017296318037739927,3,0,Lasciare NaN nel modello ad albero,Non supera la moda/mediana in modo abbastanza convincente per giustificare la sostituzione
direct,SHINGLE2,binary,optional_module,classification,264,245817,16427,0.7102764245564807,0.7134226739256372,-0.0031462493691565285,0.6427858209071954,0.5,0.14278582090719538,3,0.6435989687849288,0.41636389950847247,0.22723506927645637,3,1,Lasciare NaN nel modello ad albero,Non supera la moda/mediana in modo abbastanza convincente per giustificare la sostituzione
direct,SMOKDAY2,ordinal,core_survey,classification,198,153250,109060,0.6810576509747573,0.6653353046754149,0.015722346299342438,0.4544662680659308,0.3333333333333333,0.12113293473259751,3,0.4478582498969652,0.26634599530483044,0.18151225459213477,3,3,Lasciare NaN nel modello ad albero,Non supera la moda/mediana in modo abbastanza convincente per giustificare la sostituzione
direct,SMOKE100,categorical,core_survey,classification,1944,8496,252068,0.6215156961984141,0.5663187404164144,0.05519695578199968,0.6104328288440583,0.5,0.11043282884405825,3,0.610985438357397,0.36156013108927043,0.24942530726812662,3,3,Set esteso: testare come secondo challenger,"Accuratezza, balanced accuracy e macro-F1 superiori in ciascuno dei 3 fold; effetto da verificare su F1 malattia"
direct,STREHAB1,binary,optional_module,classification,2,262101,405,0.6104847145238822,0.6253073731653903,-0.014822658641508113,0.5544336348618905,0.5,0.054433634861890456,3,0.551300157111018,0.3846514003898702,0.16664875672114776,3,1,Lasciare NaN nel modello ad albero,Non supera la moda/mediana in modo abbastanza convincente per giustificare la sostituzione
direct,STRENGTH,count,core_survey,classification,3075,23053,236380,0.583643817485845,0.6146607121694744,-0.031016894683629337,0.015746835849475577,0.012599504664322572,0.0031473311851530055,3,0.01429556746590867,0.009593193333068887,0.004702374132839783,3,0,Lasciare NaN nel modello ad albero,Non supera la moda/mediana in modo abbastanza convincente per giustificare la sostituzione
direct,SXORIENT,categorical,optional_module,classification,2785,163287,96436,0.9642992885244324,0.9684872598127677,-0.004187971288335368,0.25680239119616943,0.25,0.006802391196169433,3,0.25805594062823,0.24599784157934126,0.012058099048888743,3,0,Lasciare NaN nel modello ad albero,Non supera la moda/mediana in modo abbastanza convincente per giustificare la sostituzione
direct,TETANUS,categorical,optional_module,classification,8347,238357,15804,0.621833467449702,0.6491269586564546,-0.027293491206752618,0.42272748419867306,0.3333333333333333,0.08939415086533975,3,0.4007096448494553,0.26240887541650876,0.13830076943294656,3,0,Lasciare NaN nel modello ad albero,Non supera la moda/mediana in modo abbastanza convincente per giustificare la sostituzione
direct,TOLDHI2,binary,core_survey,classification,2062,34996,225450,0.663844924893895,0.5794849299541002,0.08435999493979485,0.6563045365930559,0.5,0.15630453659305588,3,0.6559194747927729,0.36688194797211565,0.28903752682065725,3,3,Set esteso: testare come secondo challenger,"Accuratezza, balanced accuracy e macro-F1 superiori in ciascuno dei 3 fold; effetto da verificare su F1 malattia"
direct,TRNSGNDR,categorical,optional_module,classification,1435,163341,97732,0.9951704930532035,0.9953954549924305,-0.000224961939227053,0.24994350157675904,0.25,-5.649842324095822e-05,0,0.2493948501587704,0.24942310336493598,-2.825320616559046e-05,0,0,Lasciare NaN nel modello ad albero,Non supera la moda/mediana in modo abbastanza convincente per giustificare la sostituzione
direct,USEEQUIP,binary,core_survey,classification,612,6221,255675,0.8537518180772854,0.8840830517192501,-0.03033123364196466,0.7480771547087467,0.5,0.2480771547087467,3,0.7032007876470617,0.4692377675185429,0.23396302012851883,3,0,Lasciare NaN nel modello ad albero,Non supera la moda/mediana in modo abbastanza convincente per giustificare la sostituzione
direct,USENOW3,ordinal,core_survey,classification,1145,8868,252495,0.9589814451324523,0.9680073946755487,-0.009025949543096434,0.35711132215926616,0.3333333333333333,0.02377798882593285,3,0.36031170694065445,0.3279145284382672,0.03239717850238727,3,0,Lasciare NaN nel modello ad albero,Non supera la moda/mediana in modo abbastanza convincente per giustificare la sostituzione
direct,VEGETAB1,count,core_survey,classification,4837,19721,237950,0.21389433767618812,0.2312894544564186,-0.01739511678023048,0.013046986502994752,0.009974887655300026,0.0030720988476947257,3,0.00794147694986016,0.0037468536610750455,0.004194623288785115,3,0,Lasciare NaN nel modello ad albero,Non supera la moda/mediana in modo abbastanza convincente per giustificare la sostituzione
direct,VETERAN3,binary,core_survey,classification,493,0,262015,0.8546609645787245,0.8685457886756156,-0.013884824096891069,0.7472856129429309,0.5,0.24728561294293094,3,0.717728635438229,0.46482425838171326,0.2529043770565157,3,0,Lasciare NaN nel modello ad albero,Non supera la moda/mediana in modo abbastanza convincente per giustificare la sostituzione
direct,VICTRCT4,categorical,optional_module,classification,6,260607,1895,0.6616907187134269,0.6258009932316072,0.03588972548181968,0.5564481277781819,0.3333333333333333,0.22311479444484855,3,0.542835813929464,0.2566084560075559,0.2862273579219081,3,3,Lasciare NaN nel modello ad albero,Non supera la moda/mediana in modo abbastanza convincente per giustificare la sostituzione
direct,VIDFCLT2,ordinal,optional_module,classification,1,260595,1912,0.720272988786197,0.7805612731459903,-0.060288284359793276,0.16853962949141954,0.15079365079365079,0.017745978697768755,2,0.16947771545944143,0.13228969731877563,0.0371880181406658,3,0,Lasciare NaN nel modello ad albero,Non supera la moda/mediana in modo abbastanza convincente per giustificare la sostituzione
direct,VIEYEXM2,categorical,optional_module,classification,41,260988,1479,0.4364003196556567,0.4477588985615049,-0.011358578905848238,0.25027543244430817,0.18888888888888888,0.06138654355541928,3,0.2370994969108049,0.11670505768843024,0.12039443922237465,3,0,Lasciare NaN nel modello ad albero,Non supera la moda/mediana in modo abbastanza convincente per giustificare la sostituzione
direct,VIGLUMA2,binary,optional_module,classification,9,260607,1892,0.9006200377150712,0.93224736713818,-0.03162732942310886,0.5268922899690375,0.5,0.026892289969037475,3,0.531447875530448,0.48246254056460186,0.04898533496584617,3,0,Lasciare NaN nel modello ad albero,Non supera la moda/mediana in modo abbastanza convincente per giustificare la sostituzione
direct,VIINSUR2,categorical,optional_module,classification,51,260606,1851,0.6201571252693235,0.5678166982939284,0.052340426975395093,0.5404775886180584,0.4444444444444444,0.09603314417361397,3,0.5400754928825331,0.3203450870854126,0.2197304057971205,3,3,Lasciare NaN nel modello ad albero,Non supera la moda/mediana in modo abbastanza convincente per giustificare la sostituzione
direct,VIMACDG2,binary,optional_module,classification,19,260608,1881,0.9221520360598209,0.9380299104031803,-0.01587787434335941,0.525875434857046,0.5,0.02587543485704602,3,0.5290410699715222,0.48400157835724134,0.04503949161428089,3,0,Lasciare NaN nel modello ad albero,Non supera la moda/mediana in modo abbastanza convincente per giustificare la sostituzione
direct,VINOCRE2,categorical,optional_module,classification,13,261848,647,0.4572421679857956,0.40955557561835204,0.04768659236744355,0.19103977107104672,0.13095238095238096,0.06008739011866576,3,0.1796825683757193,0.07610303896546589,0.10357952941025342,3,2,Lasciare NaN nel modello ad albero,Non supera la moda/mediana in modo abbastanza convincente per giustificare la sostituzione
direct,VIPRFVS2,categorical,optional_module,classification,19,260601,1888,0.4439506885167724,0.4991050252037657,-0.05515433668699332,0.22564120644357855,0.20000000000000004,0.025641206443578507,3,0.21166075819855626,0.13314220697115636,0.0785185512273999,3,0,Lasciare NaN nel modello ad albero,Non supera la moda/mediana in modo abbastanza convincente per giustificare la sostituzione
direct,VIREDIF3,ordinal,optional_module,classification,10,260601,1897,0.5327495348642209,0.5850682016094574,-0.05231866674523644,0.19893278347846088,0.16666666666666666,0.032266116811794227,3,0.1884308870978425,0.12301632460644223,0.06541456249140028,3,0,Lasciare NaN nel modello ad albero,Non supera la moda/mediana in modo abbastanza convincente per giustificare la sostituzione
direct,WHRTST10,categorical,core_survey,classification,1345,194840,66323,0.4304710566404446,0.4690391135904312,-0.03856805694998661,0.16265552372105704,0.1111111111111111,0.05154441260994594,3,0.14850768061952382,0.07095175725373752,0.0775559233657863,3,0,Lasciare NaN nel modello ad albero,Non supera la moda/mediana in modo abbastanza convincente per giustificare la sostituzione
direct,WTKG3,continuous,derived,MAE,0,18364,244144,5.195597489674886,15.797302881876627,-10.60170539220174,,,,,,,,,,Set principale: imputare nel prossimo challenger,MAE circa 62-67% inferiore alla mediana; derivare poi _BMI5 in modo coerente
direct,_BMI5,continuous,derived,MAE,0,21655,240853,1.4920230706532795,4.637009620666504,-3.1449865500132246,,,,,,,,,,Derivare da HTM4 e WTKG3,"MAE migliore della mediana, ma _BMI5 è derivata: usare la formula BRFSS per evitare incoerenza tra altezza, peso e BMI"
direct,_FRUTSUM,continuous,derived,MAE,0,25821,236687,0.825546125570933,0.8006561795870463,0.02488994598388672,,,,,,,,,,Lasciare NaN nel modello ad albero,Non supera la moda/mediana in modo abbastanza convincente per giustificare la sostituzione
direct,_VEGESUM,continuous,derived,MAE,0,30202,232306,0.9137445290883383,0.922646164894104,-0.00890163580576575,,,,,,,,,,Lasciare NaN nel modello ad albero,Non supera la moda/mediana in modo abbastanza convincente per giustificare la sostituzione
all,ADANXEV,binary,optional_module,classification,80,250483,11945,0.8183278845914089,0.8391994199035153,-0.020871535312106393,0.615347872879671,0.5,0.11534787287967097,3,0.626452919774848,0.4562841946545752,0.17016872512027276,3,0,Non includere nel set proposto,Variabile aggiunta dal set derived/administrative esteso; blank spesso strutturale o derivabile
all,ADDEPEV2,binary,core_survey,classification,1156,0,261352,0.7991633967119208,0.8113234596345213,-0.012160062922600523,0.6195021810785699,0.5,0.11950218107856991,3,0.6317299177896997,0.4479172698263582,0.18381264796334146,3,0,Non includere nel set proposto,Variabile aggiunta dal set derived/administrative esteso; blank spesso strutturale o derivabile
all,ADDOWN,count,optional_module,classification,141,250430,11937,0.7123810906009863,0.7425644602451403,-0.030183369644154023,0.09555029478068762,0.06825396825396825,0.027296326526719372,3,0.08052788232459075,0.0581664555215222,0.022361426803068553,3,0,Non includere nel set proposto,Variabile aggiunta dal set derived/administrative esteso; blank spesso strutturale o derivabile
all,ADEAT1,count,optional_module,classification,201,250444,11863,0.6237945675192313,0.6502196682879918,-0.02642510076876048,0.08698624780303399,0.06666666666666667,0.020319581136367323,3,0.07344850653443712,0.05253497883031274,0.020913527704124378,3,0,Non includere nel set proposto,Variabile aggiunta dal set derived/administrative esteso; blank spesso strutturale o derivabile
all,ADENERGY,count,optional_module,classification,228,250438,11842,0.42912782995781446,0.3936830787365768,0.035444751221237636,0.09541045524640612,0.06666666666666667,0.028743788579739457,3,0.07324646506972218,0.03766340392523498,0.035583061144487206,3,3,Non includere nel set proposto,Variabile aggiunta dal set derived/administrative esteso; blank spesso strutturale o derivabile
all,ADFAIL,count,optional_module,classification,140,250448,11920,0.7959718731986722,0.8295281723873954,-0.03355629918872316,0.09413293860307326,0.06825396825396825,0.02587897034910501,3,0.08296386711562091,0.06189465551312278,0.021069211602498132,3,0,Non includere nel set proposto,Variabile aggiunta dal set derived/administrative esteso; blank spesso strutturale o derivabile
all,ADMOVE,count,optional_module,classification,247,250468,11793,0.8508949708955106,0.8887955457122881,-0.037900574816777555,0.09623443940220844,0.07380952380952381,0.022424915592684627,3,0.08620899926563692,0.06944325474344176,0.01676574452219516,3,0,Non includere nel set proposto,Variabile aggiunta dal set derived/administrative esteso; blank spesso strutturale o derivabile
all,ADPLEASR,count,optional_module,classification,414,250417,11677,0.670715919494636,0.6966410094591872,-0.025925089964551118,0.09530985335207143,0.06666666666666667,0.028643186685404762,3,0.08181664376702864,0.05474642146761668,0.027070222299411965,3,0,Non includere nel set proposto,Variabile aggiunta dal set derived/administrative esteso; blank spesso strutturale o derivabile
all,ADSLEEP,count,optional_module,classification,178,250435,11895,0.5395742963742453,0.5386053150154615,0.0009689813587837603,0.09199320261196865,0.06666666666666667,0.025326535945301987,3,0.08045368828880282,0.046672774492691256,0.03378091379611157,3,2,Non includere nel set proposto,Variabile aggiunta dal set derived/administrative esteso; blank spesso strutturale o derivabile
all,ADTHINK,count,optional_module,classification,124,250459,11925,0.8174392664507523,0.8515342610168276,-0.03409499456607534,0.09151112631483599,0.06984126984126983,0.02166985647356616,3,0.08167639540401493,0.06424266847381963,0.017433726930195306,3,0,Non includere nel set proposto,Variabile aggiunta dal set derived/administrative esteso; blank spesso strutturale o derivabile
all,ALCDAY5,count,core_survey,classification,3382,9491,249635,0.45785233173914736,0.4948425888107038,-0.036990257071556454,0.03798471559681596,0.02678994784257942,0.011194767754236539,3,0.03221502723166648,0.017736463191549725,0.014478564040116753,3,0,Non includere nel set proposto,Variabile aggiunta dal set derived/administrative esteso; blank spesso strutturale o derivabile
all,ARTHDIS2,binary,core_survey,classification,2351,181607,78550,0.7288993005620864,0.6810520930663578,0.04784720749572857,0.6680991698782144,0.5,0.16809916987821438,3,0.6741549464525516,0.40513373419144566,0.2690212122611059,3,3,Non includere nel set proposto,Variabile aggiunta dal set derived/administrative esteso; blank spesso strutturale o derivabile
all,ARTHEDU,binary,optional_module,classification,59,250850,11599,0.869433255491527,0.8697750563936909,-0.00034180090216395786,0.5000828922388351,0.5,8.289223883506391e-05,1,0.46572516042900464,0.4651734774202505,0.0005516830087541336,1,0,Non includere nel set proposto,Variabile aggiunta dal set derived/administrative esteso; blank spesso strutturale o derivabile
all,ARTHEXER,binary,optional_module,classification,151,250843,11514,0.5992224640737043,0.577849829532855,0.021372634540849256,0.5796898081318802,0.5,0.0796898081318802,3,0.5795468760374314,0.36622025180284073,0.21332662423459064,3,3,Non includere nel set proposto,Variabile aggiunta dal set derived/administrative esteso; blank spesso strutturale o derivabile
all,ARTHSOCL,ordinal,core_survey,classification,688,181733,80087,0.6205923936677176,0.5762191484186793,0.044373245249038296,0.520989055145254,0.3333333333333333,0.18765572181192064,3,0.4995205499951931,0.24370957762525727,0.2558109723699358,3,3,Non includere nel set proposto,Variabile aggiunta dal set derived/administrative esteso; blank spesso strutturale o derivabile
all,ARTHWGT,binary,optional_module,classification,86,250840,11582,0.7420971322584978,0.6367902034871352,0.1053069287713626,0.7289899717430184,0.5,0.22898997174301838,3,0.7252559422710997,0.38904577257206524,0.33621016969903444,3,3,Non includere nel set proposto,Variabile aggiunta dal set derived/administrative esteso; blank spesso strutturale o derivabile
all,ARTTODAY,categorical,optional_module,classification,81,250831,11596,0.4832440669773101,0.433189941231821,0.05005412574548912,0.4468896780991451,0.25,0.1968896780991451,3,0.4473612770366982,0.15111610826103486,0.2962451687756633,3,3,Non includere nel set proposto,Variabile aggiunta dal set derived/administrative esteso; blank spesso strutturale o derivabile
all,ASACTLIM,ordinal,optional_module,classification,22,262103,383,0.7356114645588331,0.7432459353511985,-0.007634470792365455,0.0861413632085075,0.06747109100050276,0.01867027220800474,1,0.0770932602475768,0.057621868557493953,0.01947139169008285,1,0,Non includere nel set proposto,Variabile aggiunta dal set derived/administrative esteso; blank spesso strutturale o derivabile
all,ASDRVIST,count,optional_module,classification,5,262318,185,0.4909833919273348,0.5784809057960127,-0.08749751386867793,0.12978874390164716,0.13888888888888887,-0.00910014498724171,1,0.11831860269360268,0.10233682983682985,0.01598177285677284,2,0,Non includere nel set proposto,Variabile aggiunta dal set derived/administrative esteso; blank spesso strutturale o derivabile
all,ASERVIST,count,optional_module,classification,4,262318,186,0.6334793911812641,0.6832476159862853,-0.04976822480502119,0.20568934963671806,0.18888888888888888,0.016800460747829177,3,0.19766313932980598,0.15299152502692326,0.04467161430288272,3,0,Non includere nel set proposto,Variabile aggiunta dal set derived/administrative esteso; blank spesso strutturale o derivabile
all,ASINHALR,ordinal,optional_module,classification,7,262105,396,0.45691018342820994,0.4754901960784314,-0.018580012650221467,0.1683383893258008,0.15079365079365079,0.017544738532150023,3,0.15324836322075797,0.09701459034792369,0.05623377287283428,3,1,Non includere nel set proposto,Variabile aggiunta dal set derived/administrative esteso; blank spesso strutturale o derivabile
all,ASNOSLEP,ordinal,optional_module,classification,10,262227,271,0.43801185590515274,0.476953944368445,-0.03894208846329228,0.24845887239010978,0.16666666666666666,0.08179220572344312,3,0.23284894636114348,0.10762353335969992,0.12522541300144358,3,0,Non includere nel set proposto,Variabile aggiunta dal set derived/administrative esteso; blank spesso strutturale o derivabile
all,ASRCHKUP,count,optional_module,classification,10,262103,395,0.3137308702165907,0.36779861693748767,-0.05406774672089698,0.09496065112996592,0.0914141414141414,0.003546509715824514,2,0.08747467057688675,0.049293129035922,0.03818154154096475,3,0,Non includere nel set proposto,Variabile aggiunta dal set derived/administrative esteso; blank spesso strutturale o derivabile
all,ASTHMA3,categorical,core_survey,classification,807,0,261701,0.847260682867334,0.8655679497448586,-0.018307266877524597,0.5486378678566388,0.5,0.04863786785663882,3,0.5567614894324896,0.4639701499811322,0.09279133945135742,3,0,Non includere nel set proposto,Variabile aggiunta dal set derived/administrative esteso; blank spesso strutturale o derivabile
all,ASTHMAGE,count,optional_module,classification,55,261875,578,0.3217837696876504,0.36565038000218814,-0.04386661031453776,0.02425545357795796,0.02074607620826108,0.0035093773696968783,3,0.016072439189468855,0.011120780278906723,0.004951658910562132,3,0,Non includere nel set proposto,Variabile aggiunta dal set derived/administrative esteso; blank spesso strutturale o derivabile
all,ASTHMED3,count,optional_module,classification,12,262105,391,0.4726644166654596,0.3477923673778795,0.12487204928758011,0.3496774367945523,0.25,0.09967743679455232,3,0.3375995002205771,0.12898267725853932,0.2086168229620378,3,3,Non includere nel set proposto,Variabile aggiunta dal set derived/administrative esteso; blank spesso strutturale o derivabile
all,ASTHNOW,binary,core_survey,classification,1068,227327,34113,0.6583686894272843,0.6920670092969345,-0.03369831986965022,0.594971082270232,0.5,0.09497108227023199,3,0.5957106619120919,0.40900073240841767,0.1867099295036742,3,0,Non includere nel set proposto,Variabile aggiunta dal set derived/administrative esteso; blank spesso strutturale o derivabile
all,ASYMPTOM,ordinal,optional_module,classification,10,262104,394,0.2658624055682879,0.3121587018645842,-0.046296296296296335,0.19614220846132724,0.16666666666666666,0.02947554179466058,3,0.19230234072901906,0.07915787114333915,0.1131444695856799,3,0,Non includere nel set proposto,Variabile aggiunta dal set derived/administrative esteso; blank spesso strutturale o derivabile
all,AVEDRNK2,count,core_survey,classification,2092,136701,123715,0.46612143851603416,0.4696944556214089,-0.0035730171053747206,0.04185335074350396,0.03015873015873016,0.011694620584773798,3,0.041257827654770256,0.01927091861480667,0.021986909039963587,3,0,Non includere nel set proposto,Variabile aggiunta dal set derived/administrative esteso; blank spesso strutturale o derivabile
all,BLDSUGAR,ordinal,optional_module,classification,305,245106,17097,0.24418924392755811,0.25971796116161566,-0.015528717234057549,0.022873544056992327,0.0178723468953354,0.005001197161656926,3,0.019245635873503423,0.00736988131994615,0.011875754553557272,3,0,Non includere nel set proposto,Variabile aggiunta dal set derived/administrative esteso; blank spesso strutturale o derivabile
all,BLIND,binary,core_survey,classification,974,6666,254868,0.8978567077108952,0.9511277444610743,-0.05327103675017908,0.6503773533351811,0.5,0.1503773533351811,3,0.6048880945612752,0.4874758128388658,0.11741228172240942,3,0,Non includere nel set proposto,Variabile aggiunta dal set derived/administrative esteso; blank spesso strutturale o derivabile
all,BLOODCHO,categorical,core_survey,classification,5592,0,256916,0.875519663695513,0.8855501500162504,-0.01003048632073733,0.7083714384287306,0.5,0.20837143842873063,3,0.7020742550481137,0.4696507411505233,0.23242351389759042,3,0,Non includere nel set proposto,Variabile aggiunta dal set derived/administrative esteso; blank spesso strutturale o derivabile
all,BPHIGH4,categorical,core_survey,classification,757,0,261751,0.7059114169194008,0.5796308533514599,0.12628056356794093,0.3627846391756397,0.25,0.11278463917563969,3,0.36494611238946706,0.18347031845489747,0.18147579393456958,3,3,Non includere nel set proposto,Variabile aggiunta dal set derived/administrative esteso; blank spesso strutturale o derivabile
all,BPMEDS,binary,core_survey,classification,169,157027,105312,0.8312258355141605,0.837197804063227,-0.005971968549066453,0.6553529392375453,0.5,0.15535293923754534,3,0.6665447528499551,0.45569267085703724,0.21085208199291783,3,0,Non includere nel set proposto,Variabile aggiunta dal set derived/administrative esteso; blank spesso strutturale o derivabile
all,CASTHDX2,categorical,optional_module,classification,1490,231327,29691,0.8511070250641702,0.8702001166477041,-0.019093091583533894,0.5207138881177796,0.5,0.020713888117779633,3,0.5168231178536242,0.4652977077076861,0.051525410145938144,3,0,Non includere nel set proposto,Variabile aggiunta dal set derived/administrative esteso; blank spesso strutturale o derivabile
all,CASTHNO2,binary,optional_module,classification,96,258659,3753,0.6499121433094689,0.6733690541122299,-0.023456910802761022,0.511469322016395,0.5,0.011469322016394945,3,0.475368105833585,0.40239938256063695,0.07296872327294807,3,0,Non includere nel set proposto,Variabile aggiunta dal set derived/administrative esteso; blank spesso strutturale o derivabile
all,CDDISCUS,binary,optional_module,classification,74,254822,7612,0.6301453647194705,0.5538781891555908,0.07626717556387963,0.6180333364252949,0.5,0.1180333364252949,3,0.6178820840827973,0.3564359783963997,0.26144610568639765,3,3,Non includere nel set proposto,Variabile aggiunta dal set derived/administrative esteso; blank spesso strutturale o derivabile
all,CDHELP,ordinal,optional_module,classification,20,260056,2432,0.3885148543788965,0.4148960145772776,-0.026381160198381104,0.24276769459812067,0.20000000000000004,0.04276769459812063,3,0.231704630300392,0.11723039447585887,0.11447423582453314,3,0,Non includere nel set proposto,Variabile aggiunta dal set derived/administrative esteso; blank spesso strutturale o derivabile
all,CDHOUSE,ordinal,optional_module,classification,187,254790,7531,0.5197909519283798,0.48935925017180715,0.030431701756572616,0.28080648040837813,0.20000000000000004,0.0808064804083781,3,0.2530013522203376,0.1314105440893418,0.12159080813099579,3,3,Non includere nel set proposto,Variabile aggiunta dal set derived/administrative esteso; blank spesso strutturale o derivabile
all,CDSOCIAL,ordinal,optional_module,classification,144,254814,7550,0.5122443159415518,0.5186771889204717,-0.0064328729789198125,0.30206062411002516,0.20000000000000004,0.10206062411002512,3,0.26829637647939086,0.13660499206665092,0.13169138441273995,3,0,Non includere nel set proposto,Variabile aggiunta dal set derived/administrative esteso; blank spesso strutturale o derivabile
all,CHCCOPD1,binary,core_survey,classification,1240,0,261268,0.8697813265757105,0.920395826617761,-0.05061450004205048,0.6878066458702518,0.5,0.18780664587025175,3,0.6465225134962752,0.4792737461921348,0.1672487673041404,3,0,Non includere nel set proposto,Variabile aggiunta dal set derived/administrative esteso; blank spesso strutturale o derivabile
all,CHCKIDNY,binary,core_survey,classification,790,0,261718,0.9208574864571469,0.9650425387751497,-0.04418505231800274,0.6050427447469172,0.5,0.10504274474691722,3,0.5741876647408374,0.4911051632158241,0.08308250152501329,3,0,Non includere nel set proposto,Variabile aggiunta dal set derived/administrative esteso; blank spesso strutturale o derivabile
all,CHCOCNCR,binary,core_survey,classification,546,0,261962,0.8393392762062558,0.9012948262894889,-0.06195555008323306,0.5739711824205932,0.5,0.0739711824205932,3,0.5702401220392951,0.47404261804045095,0.09619750399884414,3,0,Non includere nel set proposto,Variabile aggiunta dal set derived/administrative esteso; blank spesso strutturale o derivabile
all,CHCSCNCR,binary,core_survey,classification,658,1,261849,0.8636274972680655,0.9049071669785335,-0.041279669710467926,0.5783752738279858,0.5,0.07837527382798581,3,0.5824177808125682,0.47503980423736986,0.10737797657519838,3,0,Non includere nel set proposto,Variabile aggiunta dal set derived/administrative esteso; blank spesso strutturale o derivabile
all,CHECKUP1,ordinal,core_survey,classification,3567,1,258940,0.7145516557262686,0.7472194516266838,-0.03266779590041524,0.24197809161855557,0.20000000000000004,0.041978091618555535,3,0.2453351940520672,0.17106481052519792,0.07427038352686927,3,0,Non includere nel set proposto,Variabile aggiunta dal set derived/administrative esteso; blank spesso strutturale o derivabile
all,CHILDREN,count,core_survey,classification,2188,3,260317,0.7103536027522933,0.7396405638315041,-0.029286961079210805,0.0985796947331578,0.06143790849673203,0.037141786236425764,3,0.09178507751312313,0.052241988913560584,0.03954308859956255,3,0,Non includere nel set proposto,Variabile aggiunta dal set derived/administrative esteso; blank spesso strutturale o derivabile
all,CHKHEMO3,ordinal,optional_module,classification,1154,245108,16246,0.2865608458429452,0.2897284015870916,-0.0031675557441463997,0.05542452927887572,0.03816091954022988,0.017263609738645838,3,0.04506143969330529,0.017148337976493316,0.027913101716811974,3,1,Non includere nel set proposto,Variabile aggiunta dal set derived/administrative esteso; blank spesso strutturale o derivabile
all,CHOLCHK,ordinal,core_survey,classification,3448,34996,224064,0.7362256814194875,0.7786304960772595,-0.042404814657772016,0.2877214060705345,0.25,0.03772140607053448,3,0.28208538954177453,0.21888482336211332,0.06320056617966122,3,0,Non includere nel set proposto,Variabile aggiunta dal set derived/administrative esteso; blank spesso strutturale o derivabile
all,CIMEMLOS,categorical,optional_module,classification,485,193126,68897,0.8522504473975303,0.893372726159078,-0.041122278761547726,0.43315399477266325,0.3333333333333333,0.09982066143932994,3,0.42848592595634855,0.3145604550286251,0.11392547092772343,3,0,Non includere nel set proposto,Variabile aggiunta dal set derived/administrative esteso; blank spesso strutturale o derivabile
all,CPDEMO1,binary,core_survey,classification,767,111642,150099,0.7733173176699805,0.8129678527782449,-0.03965053510826444,0.6620580375840158,0.5,0.16205803758401582,3,0.6509010278836461,0.4484171847174622,0.2024838431661839,3,0,Non includere nel set proposto,Variabile aggiunta dal set derived/administrative esteso; blank spesso strutturale o derivabile
all,CRGVEXPT,binary,optional_module,classification,3704,212514,46290,0.8344971927153844,0.8344971927153844,0.0,0.5,0.5,0.0,0,0.45488983091317925,0.45488983091317925,0.0,0,0,Non includere nel set proposto,Variabile aggiunta dal set derived/administrative esteso; blank spesso strutturale o derivabile
all,CRGVHOUS,binary,optional_module,classification,78,248295,14135,0.7721439489867862,0.7785742268914531,-0.006430277904666881,0.5215127211163479,0.5,0.021512721116347944,3,0.49538323584286603,0.4377432797489844,0.05763995609388162,3,0,Non includere nel set proposto,Variabile aggiunta dal set derived/administrative esteso; blank spesso strutturale o derivabile
all,CRGVHRS1,ordinal,optional_module,classification,840,248249,13419,0.5484932868558982,0.5781783048783996,-0.029685018022501453,0.28908796635073186,0.25,0.03908796635073186,3,0.25469546123339454,0.18317313404872912,0.07152232718466542,3,0,Non includere nel set proposto,Variabile aggiunta dal set derived/administrative esteso; blank spesso strutturale o derivabile
all,CRGVLNG1,ordinal,optional_module,classification,193,248229,14086,0.2806045652565103,0.2973000416214373,-0.01669547636492702,0.22028187001305077,0.20000000000000004,0.020281870013050735,3,0.1840338619539378,0.09165398955610315,0.09237987239783466,3,0,Non includere nel set proposto,Variabile aggiunta dal set derived/administrative esteso; blank spesso strutturale o derivabile
all,CRGVMST2,categorical,optional_module,classification,444,248334,13730,0.8275097133190824,0.8283893982270971,-0.0008796849080147107,0.1668817171520317,0.16666666666666666,0.00021505048536504812,2,0.15183539404345398,0.15102337322295653,0.0008120208204974444,2,1,Non includere nel set proposto,Variabile aggiunta dal set derived/administrative esteso; blank spesso strutturale o derivabile
all,CRGVPERS,binary,optional_module,classification,81,248287,14140,0.5625117089768757,0.5067364483779276,0.055775260598948107,0.5623535993194388,0.5,0.062353599319438846,3,0.5620991089326834,0.33630363859608153,0.2257954703366019,3,3,Non includere nel set proposto,Variabile aggiunta dal set derived/administrative esteso; blank spesso strutturale o derivabile
all,CRGVPRB1,categorical,optional_module,classification,674,248266,13568,0.4575194177116379,0.4703488003795481,-0.012829382667910227,0.07848764544640142,0.07692307692307693,0.0015645685233244971,3,0.05553246052253569,0.049212426306994135,0.006320034215541552,3,0,Non includere nel set proposto,Variabile aggiunta dal set derived/administrative esteso; blank spesso strutturale o derivabile
all,CRGVREL1,categorical,optional_module,classification,98,248216,14194,0.30510011360884987,0.22443117757424136,0.08066893603460851,0.1994335132340023,0.06666666666666667,0.13276684656733562,3,0.15971004709239953,0.02443832070139341,0.13527172639100613,3,3,Non includere nel set proposto,Variabile aggiunta dal set derived/administrative esteso; blank spesso strutturale o derivabile
all,CVDASPRN,binary,optional_module,classification,17,251205,11286,0.7181466665101351,0.7055328509344726,0.012613815575662546,0.683163294956895,0.5,0.18316329495689498,3,0.6745470301037506,0.4136681758235959,0.2608788542801547,3,3,Non includere nel set proposto,Variabile aggiunta dal set derived/administrative esteso; blank spesso strutturale o derivabile
all,CVDSTRK3,binary,core_survey,classification,571,0,261937,0.9002469985906387,0.9596429790555049,-0.05939598046486616,0.6368833464794964,0.5,0.1368833464794964,3,0.583812093309989,0.48970295756783383,0.09410913574215513,3,0,Non includere nel set proposto,Variabile aggiunta dal set derived/administrative esteso; blank spesso strutturale o derivabile
all,DECIDE,binary,core_survey,classification,1660,7022,253826,0.8723850913542166,0.9034495915374249,-0.031064500183208277,0.6796687656740672,0.5,0.1796687656740672,3,0.6643539575047961,0.474637551449945,0.18971640605485107,3,0,Non includere nel set proposto,Variabile aggiunta dal set derived/administrative esteso; blank spesso strutturale o derivabile
all,DIABAGE2,count,core_survey,classification,2209,228639,31660,0.09608300722885212,0.09144904418332071,0.004633963045531403,0.02985139554716416,0.010753517087258246,0.019097878459905914,3,0.02667080017950808,0.001802016214559479,0.024868783964948602,3,3,Non includere nel set proposto,Variabile aggiunta dal set derived/administrative esteso; blank spesso strutturale o derivabile
all,DIABEDU,binary,optional_module,classification,74,245109,17325,0.5948945501710948,0.5598027658475352,0.03509178432355964,0.5785891664223448,0.5,0.07858916642234481,3,0.5770283660508241,0.3588894575294809,0.21813890852134316,3,3,Non includere nel set proposto,Variabile aggiunta dal set derived/administrative esteso; blank spesso strutturale o derivabile
all,DIABETE3,categorical,core_survey,classification,363,4,262141,0.8068673984853767,0.8453580901766768,-0.03849069169130015,0.3508622007998103,0.25,0.10086220079981029,3,0.3390799891246255,0.22904986203913555,0.11003012708548995,3,0,Non includere nel set proposto,Variabile aggiunta dal set derived/administrative esteso; blank spesso strutturale o derivabile
all,DIABEYE,binary,optional_module,classification,210,245109,17189,0.8031108631052574,0.8210864405785604,-0.017975577473303028,0.528100092295456,0.5,0.02810009229545596,3,0.5209867952710486,0.45087594865692177,0.07011084661412686,3,0,Non includere nel set proposto,Variabile aggiunta dal set derived/administrative esteso; blank spesso strutturale o derivabile
all,DIFFALON,binary,core_survey,classification,1117,7954,253437,0.8877746607793334,0.9224302717747245,-0.03465561099539105,0.7466346058548595,0.5,0.24663460585485952,3,0.6911894477376058,0.4798249817250271,0.21136446601257874,3,0,Non includere nel set proposto,Variabile aggiunta dal set derived/administrative esteso; blank spesso strutturale o derivabile
all,DIFFDRES,binary,core_survey,classification,678,7590,254240,0.915198132938167,0.956572568132101,-0.04137443519393402,0.7370047541150938,0.5,0.2370047541150938,3,0.6557544310986249,0.48890215722835073,0.16685227387027413,3,0,Non includere nel set proposto,Variabile aggiunta dal set derived/administrative esteso; blank spesso strutturale o derivabile
all,DIFFWALK,binary,core_survey,classification,1304,7364,253840,0.8439883753257486,0.8271937754655537,0.016794599860194825,0.7756315561282482,0.5,0.2756315561282482,3,0.7505464682132058,0.45271252773153803,0.2978339404816678,3,3,Non includere nel set proposto,Variabile aggiunta dal set derived/administrative esteso; blank spesso strutturale o derivabile
all,DOCTDIAB,count,optional_module,classification,614,245108,16786,0.2550976316348783,0.25955390857563637,-0.004456276940758064,0.039358560716685816,0.030657619841680566,0.00870094087500525,3,0.031715755289746135,0.012633312273945131,0.019082443015801004,3,1,Non includere nel set proposto,Variabile aggiunta dal set derived/administrative esteso; blank spesso strutturale o derivabile
all,DRADVISE,binary,optional_module,classification,151,238058,24299,0.7195451418448208,0.6975247883569202,0.022020353487900546,0.677303529338752,0.5,0.17730352933875204,3,0.6737608414537489,0.4109022053162003,0.2628586361375486,3,3,Non includere nel set proposto,Variabile aggiunta dal set derived/administrative esteso; blank spesso strutturale o derivabile
all,DRNK3GE5,count,core_survey,classification,1744,136940,123824,0.728293594108167,0.7565023399579224,-0.028208745849755412,0.034261745610064495,0.029131652661064423,0.005130092949000072,3,0.031825752249366596,0.025093673669471073,0.006732078579895523,3,0,Non includere nel set proposto,Variabile aggiunta dal set derived/administrative esteso; blank spesso strutturale o derivabile
all,DRNKANY5,binary,derived,classification,1869,0,249635,0.6596387199764084,0.5051574111892961,0.1544813087871123,0.6592506353604684,0.5,0.15925063536046835,3,0.6589265398807792,0.33561701535538785,0.32330952452539136,3,3,Non includere nel set proposto,Variabile aggiunta dal set derived/administrative esteso; blank spesso strutturale o derivabile
all,EDUCA,ordinal,core_survey,classification,1034,0,261474,0.45168548879938203,0.3689964021644987,0.08268908663488334,0.2825972683206331,0.16666666666666666,0.11593060165396643,3,0.2741262277226635,0.08984582517573209,0.1842804025469314,3,3,Non includere nel set proposto,Variabile aggiunta dal set derived/administrative esteso; blank spesso strutturale o derivabile
all,EMPLOY1,categorical,core_survey,classification,2250,0,260258,0.6107129948463823,0.41164163826936995,0.19907135657701236,0.3703030761001007,0.125,0.24530307610010071,3,0.3327813418492665,0.0729012016522886,0.2598801401969779,3,3,Non includere nel set proposto,Variabile aggiunta dal set derived/administrative esteso; blank spesso strutturale o derivabile
all,EMTSUPRT,ordinal,optional_module,classification,197,250475,11836,0.5099466478717738,0.5438766660544482,-0.03393001818267438,0.2668777589701575,0.20000000000000004,0.06687775897015744,3,0.2541338755817176,0.14090889799063855,0.11322497759107908,3,0,Non includere nel set proposto,Variabile aggiunta dal set derived/administrative esteso; blank spesso strutturale o derivabile
all,EXERANY2,binary,core_survey,classification,1481,21097,239930,0.7126339377385008,0.7338813723566672,-0.02124743461816636,0.619788233042262,0.5,0.11978823304226205,3,0.6226087211264147,0.4232583257256406,0.19935039540077415,3,0,Non includere nel set proposto,Variabile aggiunta dal set derived/administrative esteso; blank spesso strutturale o derivabile
all,EXERHMM1,count,core_survey,classification,3540,87835,171133,0.24537774082836186,0.25324720374276083,-0.007869462914398967,0.009223141119486902,0.007198219668243649,0.0020249214512432527,3,0.007394683079561935,0.00290879742026908,0.004485885659292855,3,0,Non includere nel set proposto,Variabile aggiunta dal set derived/administrative esteso; blank spesso strutturale o derivabile
all,EXERHMM2,count,core_survey,classification,2625,145298,114585,0.21817721396290243,0.2233346631788212,-0.0051574492159187635,0.00961455428622879,0.008548674021819802,0.0010658802644089877,3,0.007465309900580706,0.0031210955278045543,0.004344214372776152,3,0,Non includere nel set proposto,Variabile aggiunta dal set derived/administrative esteso; blank spesso strutturale o derivabile
all,EXEROFT1,count,core_survey,classification,1701,87622,173185,0.18378355554111758,0.17954563620607158,0.004237919335045998,0.014302830956385765,0.01172551167235788,0.0025773192840278843,3,0.00862069915585948,0.0035699661687334503,0.005050732987126031,3,3,Non includere nel set proposto,Variabile aggiunta dal set derived/administrative esteso; blank spesso strutturale o derivabile
all,EXEROFT2,count,core_survey,classification,1325,145189,115994,0.1743625767924757,0.17717294081203205,-0.002810364019556366,0.015649685533086433,0.01246944521798323,0.003180240315103203,3,0.009805187197177372,0.0037538112976072974,0.006051375899570074,3,0,Non includere nel set proposto,Variabile aggiunta dal set derived/administrative esteso; blank spesso strutturale o derivabile
all,EXRACT11,categorical,core_survey,classification,710,86575,175223,0.5135236271065963,0.5483407163350732,-0.03481708922847693,0.024516859343443425,0.013333333333333334,0.01118352601011009,3,0.019487117639254994,0.009443923174601949,0.010043194464653045,3,0,Non includere nel set proposto,Variabile aggiunta dal set derived/administrative esteso; blank spesso strutturale o derivabile
all,EXRACT21,categorical,core_survey,classification,2223,88065,172220,0.2569798366731144,0.31761412165959674,-0.06063428498648232,0.026562776312467205,0.013157894736842105,0.0134048815756251,3,0.02012277938424813,0.006343469677596296,0.013779309706651834,3,0,Non includere nel set proposto,Variabile aggiunta dal set derived/administrative esteso; blank spesso strutturale o derivabile
all,EYEEXAM,categorical,optional_module,classification,272,245108,17128,0.48876698484773246,0.5109210637794575,-0.022154078931724996,0.22192866870591546,0.20000000000000004,0.02192866870591542,3,0.18438522793962195,0.13525542572164365,0.0491298022179783,3,0,Non includere nel set proposto,Variabile aggiunta dal set derived/administrative esteso; blank spesso strutturale o derivabile
all,FEETCHK,count,optional_module,classification,507,245272,16729,0.24250898278066138,0.2258464416821769,0.016662541098484474,0.03976098052995312,0.032706374085684435,0.007054606444268682,3,0.03565855471716333,0.012048845066969032,0.0236097096501943,3,3,Non includere nel set proposto,Variabile aggiunta dal set derived/administrative esteso; blank spesso strutturale o derivabile
all,FEETCHK2,ordinal,optional_module,classification,513,245108,16887,0.5205959175252052,0.5323917499399166,-0.011795832414711382,0.023212344518604933,0.021470677245753234,0.0017416672728516984,3,0.018885482330149337,0.014916440882178162,0.003969041447971175,3,0,Non includere nel set proposto,Variabile aggiunta dal set derived/administrative esteso; blank spesso strutturale o derivabile
all,FLUSHOT6,categorical,core_survey,classification,1795,24612,236101,0.6211321874929664,0.518513334100103,0.10261885339286336,0.6193191523819445,0.5,0.11931915238194446,3,0.6191618561437376,0.341460542212446,0.27770131393129166,3,3,Non includere nel set proposto,Variabile aggiunta dal set derived/administrative esteso; blank spesso strutturale o derivabile
all,FRUIT1,count,core_survey,classification,4262,17366,240880,0.23382122823744642,0.25131097876386216,-0.017489750526415743,0.013203060624303374,0.00995020964360587,0.003252850980697504,3,0.008645168968878887,0.003996440153022554,0.0046487288158563326,3,0,Non includere nel set proposto,Variabile aggiunta dal set derived/administrative esteso; blank spesso strutturale o derivabile
all,FRUITJU1,count,core_survey,classification,6152,16700,239656,0.40502239201097384,0.41177759620114984,-0.006755204190176001,0.013213070744574248,0.011962708218997744,0.0012503625255765038,3,0.0096751954869667,0.0069790591771321546,0.002696136309834546,3,0,Non includere nel set proposto,Variabile aggiunta dal set derived/administrative esteso; blank spesso strutturale o derivabile
all,FVBEANS,count,core_survey,classification,5511,18089,238908,0.1684325339884385,0.17114080368576853,-0.00270826969733004,0.016023272114952452,0.012346933654521731,0.003676338460430721,3,0.010794982041047273,0.0036086663958344567,0.007186315645212816,3,0,Non includere nel set proposto,Variabile aggiunta dal set derived/administrative esteso; blank spesso strutturale o derivabile
all,FVGREEN,count,core_survey,classification,3811,18626,240071,0.1468860120830017,0.1405428586203907,0.006343153462610995,0.01614601886741528,0.011034255599472992,0.005111763267942288,3,0.009854252479733315,0.0027200321828394192,0.007134220296893895,3,3,Non includere nel set proposto,Variabile aggiunta dal set derived/administrative esteso; blank spesso strutturale o derivabile
all,FVORANG,count,core_survey,classification,4166,19119,239223,0.1637259081762563,0.1478203038036043,0.015905604372651982,0.017029666283840433,0.012575735038921116,0.004453931244919317,3,0.011745021755904033,0.0032394429811856613,0.008505578774718373,3,3,Non includere nel set proposto,Variabile aggiunta dal set derived/administrative esteso; blank spesso strutturale o derivabile
all,GENHLTH,ordinal,core_survey,classification,709,2,261797,0.3993972748146028,0.33070664863084775,0.06869062618375504,0.37173931274464006,0.20000000000000004,0.17173931274464002,3,0.37482769937052596,0.09940762064480557,0.2754200787257204,3,3,Non includere nel set proposto,Variabile aggiunta dal set derived/administrative esteso; blank spesso strutturale o derivabile
all,HADHYST2,binary,optional_module,classification,69,249085,13354,0.7106870469008753,0.7192185838190944,-0.008531536918219174,0.6637483734372892,0.5,0.1637483734372892,3,0.656220471941269,0.4183340254789349,0.2378864464623341,3,1,Non includere nel set proposto,Variabile aggiunta dal set derived/administrative esteso; blank spesso strutturale o derivabile
all,HADSGCO1,binary,optional_module,classification,470,239138,22900,0.9593952875322511,0.9594831339766663,-8.784644441517386e-05,0.499954412837345,0.5,-4.558716265501417e-05,0,0.48963734716126445,0.489660135924636,-2.2788763371528464e-05,0,0,Non includere nel set proposto,Variabile aggiunta dal set derived/administrative esteso; blank spesso strutturale o derivabile
all,HAREHAB1,binary,optional_module,classification,13,261888,607,0.588802508595609,0.6038355745099961,-0.015033065914387134,0.5694264799498779,0.5,0.06942647994987794,3,0.5690219846348162,0.3763600778287543,0.19266190680606193,3,1,Non includere nel set proposto,Variabile aggiunta dal set derived/administrative esteso; blank spesso strutturale o derivabile
all,HAVARTH3,binary,core_survey,classification,1500,1,261007,0.7216395823685032,0.6640401541917097,0.05759942817679353,0.697787980156621,0.5,0.19778798015662102,3,0.6937743192709885,0.3990522596601948,0.29472205961079373,3,3,Non includere nel set proposto,Variabile aggiunta dal set derived/administrative esteso; blank spesso strutturale o derivabile
all,HHADULT,count,administrative,classification,337,153915,108256,0.5875629856929452,0.5082398681444199,0.07932311754852528,0.09344674009489828,0.05675954592363261,0.036687194171265675,3,0.0918066062866238,0.03825190598294362,0.053554700303680175,3,3,Non includere nel set proposto,Variabile aggiunta dal set derived/administrative esteso; blank spesso strutturale o derivabile
all,HIVTST6,categorical,core_survey,classification,8540,25801,228167,0.6990076616284763,0.7026677749561504,-0.0036601133276741304,0.6596230393041881,0.5,0.15962303930418809,3,0.6528686092624953,0.41268488045434076,0.24018372880815458,3,0,Non includere nel set proposto,Variabile aggiunta dal set derived/administrative esteso; blank spesso strutturale o derivabile
all,HLTHPLN1,binary,core_survey,classification,1039,0,261469,0.9049866641219856,0.9269511609986516,-0.021964496876666018,0.6211957815972018,0.5,0.12119578159720179,3,0.6282792543176211,0.48104547632661393,0.14723377799100718,3,0,Non includere nel set proposto,Variabile aggiunta dal set derived/administrative esteso; blank spesso strutturale o derivabile
all,HOWLONG,ordinal,optional_module,classification,103,251442,10963,0.6037048920660699,0.6215697026540048,-0.017864810587934876,0.22229995855882165,0.20000000000000004,0.02229995855882161,3,0.1941116320423005,0.15331136162128012,0.040800270421020385,3,0,Non includere nel set proposto,Variabile aggiunta dal set derived/administrative esteso; blank spesso strutturale o derivabile
all,HPLSTTST,ordinal,optional_module,classification,224,258392,3892,0.45337677115939573,0.46289510349992274,-0.009518332340527014,0.2487585358743527,0.20000000000000004,0.048758535874352665,3,0.2128829816536034,0.12656028705396236,0.08632269459964104,3,0,Non includere nel set proposto,Variabile aggiunta dal set derived/administrative esteso; blank spesso strutturale o derivabile
all,HPVADSHT,count,optional_module,classification,139,261635,734,0.5936657559198543,0.6303825136612021,-0.03671675774134786,0.3673898479091782,0.3333333333333333,0.03405651457584491,3,0.35026209559229277,0.2576722299583594,0.09258986563393334,3,0,Non includere nel set proposto,Variabile aggiunta dal set derived/administrative esteso; blank spesso strutturale o derivabile
all,HPVADVC2,categorical,optional_module,classification,623,256118,5767,0.836287925468698,0.8470864206419279,-0.010798495173229838,0.48509080628463436,0.3333333333333333,0.15175747295130104,3,0.48958550884165586,0.30573475857017707,0.1838507502714788,3,0,Non includere nel set proposto,Variabile aggiunta dal set derived/administrative esteso; blank spesso strutturale o derivabile
all,HPVTEST,count,optional_module,classification,3894,248961,9653,0.6761949816286569,0.573499022634683,0.10269595899397388,0.6808260557550069,0.5,0.18082605575500688,3,0.6746459215067467,0.36446540653837073,0.310180514968376,3,3,Non includere nel set proposto,Variabile aggiunta dal set derived/administrative esteso; blank spesso strutturale o derivabile
all,HTM4,continuous,derived,MAE,0,9096,253412,0.03265602762500445,0.08617599805196126,-0.05351997042695681,,,,,,,,,,Non includere nel set proposto,Variabile aggiunta dal set derived/administrative esteso; blank spesso strutturale o derivabile
all,IMFVPLAC,categorical,core_survey,classification,389,148959,113160,0.407462447699436,0.3807521792151647,0.026710268484271327,0.18103032752938383,0.0909090909090909,0.09012123662029294,3,0.14211786987243902,0.05013725639483998,0.09198061347759903,3,3,Non includere nel set proposto,Variabile aggiunta dal set derived/administrative esteso; blank spesso strutturale o derivabile
all,INCOME2,ordinal,core_survey,classification,45073,1947,215488,0.3723123915874014,0.32008613729625696,0.05222625429114447,0.26318281662209614,0.125,0.13818281662209614,3,0.244515680865849,0.0606182562813217,0.1838974245845273,3,3,Non includere nel set proposto,Variabile aggiunta dal set derived/administrative esteso; blank spesso strutturale o derivabile
all,INSULIN,binary,optional_module,classification,19,245105,17384,0.6584678204824893,0.6710971881586215,-0.012629367676132208,0.5463468654661608,0.5,0.04634686546616085,3,0.5352171521367128,0.40158718497816853,0.1336299671585443,3,0,Non includere nel set proposto,Variabile aggiunta dal set derived/administrative esteso; blank spesso strutturale o derivabile
all,INTERNET,binary,core_survey,classification,826,2561,259121,0.8185677109927392,0.7910402464791387,0.02752746451360044,0.7647734952978319,0.5,0.2647734952978319,3,0.7448175495502761,0.44166493528649053,0.3031526142637856,3,3,Non includere nel set proposto,Variabile aggiunta dal set derived/administrative esteso; blank spesso strutturale o derivabile
all,JOINPAIN,count,core_survey,classification,1571,183244,77693,0.1936940631552118,0.16092706640390456,0.03276699675130723,0.16514310381262892,0.0909090909090909,0.07423401290353802,3,0.14687525746812016,0.025203517068889306,0.12167174039923086,3,3,Non includere nel set proposto,Variabile aggiunta dal set derived/administrative esteso; blank spesso strutturale o derivabile
all,LANDLINE,binary,administrative,classification,200,151324,110984,0.6835158173732198,0.622204060277196,0.06131175709602377,0.660637581391705,0.5,0.16063758139170503,3,0.6614837398776827,0.3835531312064666,0.2779306086712161,3,3,Non includere nel set proposto,Variabile aggiunta dal set derived/administrative esteso; blank spesso strutturale o derivabile
all,LASTPAP2,ordinal,optional_module,classification,313,249855,12340,0.4643692263104331,0.4137822275142598,0.05058699879617329,0.2908819453876008,0.20000000000000004,0.09088194538760078,3,0.23554088565639877,0.11705857645523725,0.11848230920116153,3,3,Non includere nel set proposto,Variabile aggiunta dal set derived/administrative esteso; blank spesso strutturale o derivabile
all,LASTSIG3,ordinal,optional_module,classification,317,239140,23051,0.2323939122675791,0.21560431481990225,0.016789597447676857,0.19892195451052486,0.16666666666666666,0.0322552878438582,3,0.17317394812294243,0.05912102413245162,0.1140529239904908,3,3,Non includere nel set proposto,Variabile aggiunta dal set derived/administrative esteso; blank spesso strutturale o derivabile
all,LASTSMK2,ordinal,core_survey,classification,499,190004,72005,0.671279300457203,0.6680838683606201,0.0031954320965829064,0.1772422093624119,0.125,0.05224220936241189,3,0.1665872959146165,0.1001271549434617,0.0664601409711548,3,3,Non includere nel set proposto,Variabile aggiunta dal set derived/administrative esteso; blank spesso strutturale o derivabile
all,LENGEXAM,ordinal,optional_module,classification,28,259537,2943,0.587366424491463,0.620700673304766,-0.033334248813302936,0.22575119398421584,0.20000000000000004,0.025751193984215798,3,0.1994205611135356,0.1531617422536363,0.0462588188598993,3,0,Non includere nel set proposto,Variabile aggiunta dal set derived/administrative esteso; blank spesso strutturale o derivabile
all,LMTJOIN3,binary,core_survey,classification,1010,181504,79994,0.654745660264485,0.5045265352060607,0.15021912505842427,0.6542263325414891,0.5,0.1542263325414891,3,0.6532013051203155,0.33533672989245256,0.31786457522786293,3,3,Non includere nel set proposto,Variabile aggiunta dal set derived/administrative esteso; blank spesso strutturale o derivabile
all,LONGWTCH,count,optional_module,classification,850,247495,14163,0.13265731793486848,0.1218483151835993,0.010809002751269184,0.015981987954580324,0.009703296063358955,0.006278691891221369,3,0.01272624642675609,0.002105750504775111,0.01062049592198098,3,3,Non includere nel set proposto,Variabile aggiunta dal set derived/administrative esteso; blank spesso strutturale o derivabile
all,LSATISFY,ordinal,optional_module,classification,133,250484,11891,0.587199976178049,0.486784438909964,0.100415537268085,0.38731344341684676,0.25,0.13731344341684676,3,0.38958248928321604,0.16368465248745354,0.2258978367957625,3,3,Non includere nel set proposto,Variabile aggiunta dal set derived/administrative esteso; blank spesso strutturale o derivabile
all,LSTBLDS3,ordinal,optional_module,classification,345,250762,11401,0.3751430671594,0.35513541231090046,0.020007654848499534,0.22999691048878187,0.20000000000000004,0.029996910488781836,3,0.18005786200675966,0.10481518691853076,0.0752426750882289,3,3,Non includere nel set proposto,Variabile aggiunta dal set derived/administrative esteso; blank spesso strutturale o derivabile
all,MARITAL,categorical,core_survey,classification,1801,0,260707,0.5949973962946101,0.5328358159476304,0.06216158034697972,0.36315968463703224,0.16666666666666666,0.19649301797036559,3,0.35733472728848475,0.11587142099798213,0.2414633062905026,3,3,Non includere nel set proposto,Variabile aggiunta dal set derived/administrative esteso; blank spesso strutturale o derivabile
all,MAXDRNKS,count,core_survey,classification,3854,137191,121463,0.30272871436493654,0.2837708916175697,0.018957822747366848,0.036669481386537646,0.023113246283977994,0.013556235102559652,3,0.03465057806248983,0.010216515828168,0.024434062234321825,3,3,Non includere nel set proposto,Variabile aggiunta dal set derived/administrative esteso; blank spesso strutturale o derivabile
all,MEDCOST,binary,core_survey,classification,666,1,261841,0.8691839749373697,0.901772312122692,-0.03258833718532239,0.5983552037200857,0.5,0.09835520372008566,3,0.6049326350465816,0.4741746372021363,0.13075799784444525,3,0,Non includere nel set proposto,Variabile aggiunta dal set derived/administrative esteso; blank spesso strutturale o derivabile
all,MENTHLTH,count,core_survey,classification,4299,0,258209,0.6764563109883737,0.6953132898846252,-0.018856978896251486,0.04397651355032375,0.03225806451612903,0.011718449034194715,3,0.03665573247873249,0.026460517402878404,0.010195215075854084,3,0,Non includere nel set proposto,Variabile aggiunta dal set derived/administrative esteso; blank spesso strutturale o derivabile
all,MISTMNT,binary,optional_module,classification,50,250479,11979,0.8286703165227173,0.8528004709758759,-0.02413015445315858,0.6146767478000875,0.5,0.11467674780008752,3,0.624958544808833,0.4602746272419143,0.16468391756691864,3,0,Non includere nel set proposto,Variabile aggiunta dal set derived/administrative esteso; blank spesso strutturale o derivabile
all,NUMHHOL2,categorical,core_survey,classification,579,111642,150287,0.9474284711850359,0.9474284638909952,7.2940407047639155e-09,0.5001205535989386,0.5,0.00012055359893858864,2,0.4867569610345163,0.48650214260152563,0.00025481843299068885,2,1,Non includere nel set proposto,Variabile aggiunta dal set derived/administrative esteso; blank spesso strutturale o derivabile
all,NUMPHON2,count,core_survey,classification,174,254607,7727,0.5353061883195545,0.5199159276759432,0.015390260643611264,0.19134132078980895,0.16666666666666666,0.024674654123142292,3,0.18510293220653026,0.11401104952725115,0.07109188267927911,3,3,Non includere nel set proposto,Variabile aggiunta dal set derived/administrative esteso; blank spesso strutturale o derivabile
all,PAFREQ1_,continuous,derived,MAE,0,89323,173185,1.940259536107381,1.935895323753357,0.004364212354024177,,,,,,,,,,Non includere nel set proposto,Variabile aggiunta dal set derived/administrative esteso; blank spesso strutturale o derivabile
all,PAFREQ2_,continuous,derived,MAE,0,146514,115994,1.8692576885223389,1.803054412206014,0.06620327631632494,,,,,,,,,,Non includere nel set proposto,Variabile aggiunta dal set derived/administrative esteso; blank spesso strutturale o derivabile
all,PAMISS1_,categorical,derived,classification,22578,0,227174,1.0,1.0,0.0,1.0,1.0,0.0,0,1.0,1.0,0.0,0,0,Non includere nel set proposto,Variabile aggiunta dal set derived/administrative esteso; blank spesso strutturale o derivabile
all,PCPSAAD2,binary,optional_module,classification,164,258652,3692,0.6765274948624378,0.6039971691934425,0.07253032566899531,0.6518690805824054,0.5,0.15186908058240545,3,0.6540062502988208,0.37653820039873104,0.2774680499000897,3,3,Non includere nel set proposto,Variabile aggiunta dal set derived/administrative esteso; blank spesso strutturale o derivabile
all,PCPSADE1,categorical,optional_module,classification,4,262040,464,0.3050246792836068,0.3345505616448719,-0.029525882361265077,0.2619939688657652,0.25,0.011993968865765203,2,0.2550041941503824,0.12531692616740983,0.12968726798297256,3,0,Non includere nel set proposto,Variabile aggiunta dal set derived/administrative esteso; blank spesso strutturale o derivabile
all,PCPSADI1,binary,optional_module,classification,183,258657,3668,0.6978377982416447,0.7116400621927842,-0.013802263951139482,0.5207814142599622,0.5,0.02078141425996216,3,0.4896314897986979,0.415757324123783,0.0738741656749149,3,0,Non includere nel set proposto,Variabile aggiunta dal set derived/administrative esteso; blank spesso strutturale o derivabile
all,PCPSARE1,binary,optional_module,classification,153,258660,3695,0.6668668735938645,0.5399244313330492,0.1269424422608153,0.6624417373924539,0.5,0.16244173739245393,3,0.6626824617709745,0.3506143456502609,0.31206811612071356,3,3,Non includere nel set proposto,Variabile aggiunta dal set derived/administrative esteso; blank spesso strutturale o derivabile
all,PCPSARS1,categorical,optional_module,classification,17,260431,2060,0.7237742957590343,0.7489555957668143,-0.02518130000777996,0.20873632336520584,0.20000000000000004,0.0087363233652058,2,0.19582798984408956,0.17128257083489765,0.02454541900919191,3,0,Non includere nel set proposto,Variabile aggiunta dal set derived/administrative esteso; blank spesso strutturale o derivabile
all,PDIABTST,binary,optional_module,classification,2243,213372,46893,0.6747919266505695,0.6444974129802309,0.03029451367033864,0.6114135876674482,0.5,0.11141358766744824,3,0.6142824253678982,0.3919093718978324,0.2223730534700658,3,3,Non includere nel set proposto,Variabile aggiunta dal set derived/administrative esteso; blank spesso strutturale o derivabile
all,PERSDOC2,categorical,core_survey,classification,1060,0,261448,0.7568618645430031,0.7767702580864153,-0.01990839354341223,0.43684816237016527,0.3333333333333333,0.10351482903683196,3,0.4218907133038004,0.2914538407974691,0.1304368725063313,3,0,Non includere nel set proposto,Variabile aggiunta dal set derived/administrative esteso; blank spesso strutturale o derivabile
all,PHYSHLTH,count,core_survey,classification,5684,1,256823,0.6471193071354495,0.6366512077755151,0.010468099359934424,0.05252890304599045,0.03225806451612903,0.020270838529861418,3,0.04165581778033378,0.025096457395742077,0.016559360384591704,3,3,Non includere nel set proposto,Variabile aggiunta dal set derived/administrative esteso; blank spesso strutturale o derivabile
all,PNEUVAC3,binary,core_survey,classification,21380,24950,216178,0.7367804892344315,0.5677696513037824,0.16901083793064908,0.7299599665690585,0.5,0.22995996656905848,3,0.7307788794912566,0.36215045637582377,0.36862842311543287,3,3,Non includere nel set proposto,Variabile aggiunta dal set derived/administrative esteso; blank spesso strutturale o derivabile
all,POORHLTH,count,core_survey,classification,2845,128022,131641,0.5632791798266651,0.5680737710843095,-0.004794591257644365,0.049635021153142916,0.03225806451612903,0.017376956637013885,3,0.03737831987035448,0.02337248815287642,0.014005831717478063,3,0,Non includere nel set proposto,Variabile aggiunta dal set derived/administrative esteso; blank spesso strutturale o derivabile
all,PREDIAB1,categorical,optional_module,classification,179,213371,48958,0.8767734902393296,0.8844508890722377,-0.007677398832908078,0.454076916899415,0.3333333333333333,0.12074358356608167,3,0.4789717071462016,0.3128935637433161,0.16607814340288546,3,0,Non includere nel set proposto,Variabile aggiunta dal set derived/administrative esteso; blank spesso strutturale o derivabile
all,PREGNANT,binary,core_survey,classification,291,223949,38268,0.9658255512574337,0.9614937707721958,0.004331780485237968,0.6262363306334429,0.5,0.12623633063344286,3,0.6749855746385576,0.49018408245894735,0.18480149217961023,3,3,Non includere nel set proposto,Variabile aggiunta dal set derived/administrative esteso; blank spesso strutturale o derivabile
all,PSATIME,ordinal,optional_module,classification,46,260429,2033,0.6168192719897466,0.6433501345718623,-0.026530862582115677,0.22273880915012712,0.20000000000000004,0.022738809150127076,3,0.21026052764383887,0.15658042399816938,0.0536801036456695,3,0,Non includere nel set proposto,Variabile aggiunta dal set derived/administrative esteso; blank spesso strutturale o derivabile
all,QLACTLM2,binary,core_survey,classification,1758,5566,255184,0.7866517371618841,0.7530638888830451,0.03358784827883898,0.7158611979013679,0.5,0.21586119790136793,3,0.7146945432943665,0.4295698975814098,0.28512464571295676,3,3,Non includere nel set proposto,Variabile aggiunta dal set derived/administrative esteso; blank spesso strutturale o derivabile
all,RCSGENDR,binary,optional_module,classification,1700,226893,33915,0.5103699957098358,0.5178221610429024,-0.007452165333066585,0.5029125408341099,0.5,0.0029125408341098558,2,0.48349869737954504,0.34116064805243934,0.1423380493271057,3,0,Non includere nel set proposto,Variabile aggiunta dal set derived/administrative esteso; blank spesso strutturale o derivabile
all,RCSRLTN2,categorical,optional_module,classification,1354,227025,34129,0.8469037189769861,0.8145258301460997,0.03237788883088644,0.4229102042014874,0.16666666666666666,0.25624353753482076,3,0.3894445251918504,0.14963040536942337,0.23981411982242704,3,3,Non includere nel set proposto,Variabile aggiunta dal set derived/administrative esteso; blank spesso strutturale o derivabile
all,RDUCHART,binary,optional_module,classification,96,259184,3228,0.8565223514805287,0.8517280136713629,0.004794337809165827,0.6075296596317373,0.5,0.10752965963173733,3,0.6313817944480148,0.45995670092686086,0.17142509352115393,3,2,Non includere nel set proposto,Variabile aggiunta dal set derived/administrative esteso; blank spesso strutturale o derivabile
all,RDUCSTRK,binary,optional_module,classification,244,259185,3079,0.7233152948285877,0.7199829267916914,0.003332368036896294,0.563575675929529,0.5,0.06357567592952895,3,0.5578523151868771,0.41859627915081193,0.13925603603606512,3,2,Non includere nel set proposto,Variabile aggiunta dal set derived/administrative esteso; blank spesso strutturale o derivabile
all,RENTHOM1,categorical,core_survey,classification,1815,0,260693,0.7723375818854752,0.7229461546694721,0.04939142721600309,0.5605308667532403,0.3333333333333333,0.22719753341990695,3,0.5749502987125045,0.2797324875165825,0.295217811195922,3,3,Non includere nel set proposto,Variabile aggiunta dal set derived/administrative esteso; blank spesso strutturale o derivabile
all,RLIVPAIN,binary,optional_module,classification,18,259185,3305,0.7827030631584672,0.790373787803059,-0.007670724644591842,0.5773130131396725,0.5,0.07731301313967254,3,0.5861984095687803,0.44145442844688115,0.14474398112189918,3,1,Non includere nel set proposto,Variabile aggiunta dal set derived/administrative esteso; blank spesso strutturale o derivabile
all,SCNTLPAD,categorical,optional_module,classification,417,247313,14778,0.6199626855493278,0.4530896576346162,0.16687302791471154,0.3493891887527408,0.25,0.09938918875274078,3,0.3294764156696439,0.15590465196573836,0.17357176370390556,3,3,Non includere nel set proposto,Variabile aggiunta dal set derived/administrative esteso; blank spesso strutturale o derivabile
all,SCNTLWK1,count,optional_module,classification,1669,239786,21053,0.3885832593903132,0.438924525409389,-0.05034126601907579,0.02056712505005243,0.012503859215807349,0.008063265834245081,3,0.018621011643118048,0.007627705888435989,0.010993305754682058,3,0,Non includere nel set proposto,Variabile aggiunta dal set derived/administrative esteso; blank spesso strutturale o derivabile
all,SCNTMEL1,ordinal,optional_module,classification,148,218871,43489,0.6502144928959142,0.6681715043936435,-0.017957011497729325,0.27028168428941673,0.16666666666666666,0.10361501762275008,3,0.25386970165558553,0.13351275706627172,0.12035694458931381,3,0,Non includere nel set proposto,Variabile aggiunta dal set derived/administrative esteso; blank spesso strutturale o derivabile
all,SCNTMNY1,ordinal,optional_module,classification,157,221141,41210,0.52726591349619,0.5445273404683645,-0.017261426972174476,0.2850555626332167,0.16666666666666666,0.11838889596655003,3,0.26049952890009775,0.11751588690660238,0.1429836419934954,3,0,Non includere nel set proposto,Variabile aggiunta dal set derived/administrative esteso; blank spesso strutturale o derivabile
all,SCNTPAID,categorical,optional_module,classification,254,241701,20553,0.6314912387257267,0.47326537413437775,0.1582258645913489,0.4760933940029773,0.25,0.2260933940029773,3,0.48836887633613696,0.1606176259882094,0.32775125034792757,3,3,Non includere nel set proposto,Variabile aggiunta dal set derived/administrative esteso; blank spesso strutturale o derivabile
all,SEATBELT,ordinal,core_survey,classification,1385,24065,237058,0.8631180717257991,0.8752288209310913,-0.012110749205292204,0.18211562569218365,0.16666666666666666,0.01544895902551699,3,0.17287356652922406,0.15557724849148413,0.017296318037739927,3,0,Non includere nel set proposto,Variabile aggiunta dal set derived/administrative esteso; blank spesso strutturale o derivabile
all,SHINGLE2,binary,optional_module,classification,264,245817,16427,0.7102764245564807,0.7134226739256372,-0.0031462493691565285,0.6427858209071954,0.5,0.14278582090719538,3,0.6435989687849288,0.41636389950847247,0.22723506927645637,3,1,Non includere nel set proposto,Variabile aggiunta dal set derived/administrative esteso; blank spesso strutturale o derivabile
all,SMOKDAY2,ordinal,core_survey,classification,198,153250,109060,0.6810576509747573,0.6653353046754149,0.015722346299342438,0.4544662680659308,0.3333333333333333,0.12113293473259751,3,0.4478582498969652,0.26634599530483044,0.18151225459213477,3,3,Non includere nel set proposto,Variabile aggiunta dal set derived/administrative esteso; blank spesso strutturale o derivabile
all,SMOKE100,categorical,core_survey,classification,1944,8496,252068,0.6215156961984141,0.5663187404164144,0.05519695578199968,0.6104328288440583,0.5,0.11043282884405825,3,0.610985438357397,0.36156013108927043,0.24942530726812662,3,3,Non includere nel set proposto,Variabile aggiunta dal set derived/administrative esteso; blank spesso strutturale o derivabile
all,STREHAB1,binary,optional_module,classification,2,262101,405,0.6104847145238822,0.6253073731653903,-0.014822658641508113,0.5544336348618905,0.5,0.054433634861890456,3,0.551300157111018,0.3846514003898702,0.16664875672114776,3,1,Non includere nel set proposto,Variabile aggiunta dal set derived/administrative esteso; blank spesso strutturale o derivabile
all,STRENGTH,count,core_survey,classification,3075,23053,236380,0.583643817485845,0.6146607121694744,-0.031016894683629337,0.015746835849475577,0.012599504664322572,0.0031473311851530055,3,0.01429556746590867,0.009593193333068887,0.004702374132839783,3,0,Non includere nel set proposto,Variabile aggiunta dal set derived/administrative esteso; blank spesso strutturale o derivabile
all,STRFREQ_,continuous,derived,MAE,0,26128,236380,1.4099800984064739,1.201359232266744,0.20862086613972997,,,,,,,,,,Non includere nel set proposto,Variabile aggiunta dal set derived/administrative esteso; blank spesso strutturale o derivabile
all,SXORIENT,categorical,optional_module,classification,2785,163287,96436,0.9642992885244324,0.9684872598127677,-0.004187971288335368,0.25680239119616943,0.25,0.006802391196169433,3,0.25805594062823,0.24599784157934126,0.012058099048888743,3,0,Non includere nel set proposto,Variabile aggiunta dal set derived/administrative esteso; blank spesso strutturale o derivabile
all,TETANUS,categorical,optional_module,classification,8347,238357,15804,0.621833467449702,0.6491269586564546,-0.027293491206752618,0.42272748419867306,0.3333333333333333,0.08939415086533975,3,0.4007096448494553,0.26240887541650876,0.13830076943294656,3,0,Non includere nel set proposto,Variabile aggiunta dal set derived/administrative esteso; blank spesso strutturale o derivabile
all,TOLDHI2,binary,core_survey,classification,2062,34996,225450,0.663844924893895,0.5794849299541002,0.08435999493979485,0.6563045365930559,0.5,0.15630453659305588,3,0.6559194747927729,0.36688194797211565,0.28903752682065725,3,3,Non includere nel set proposto,Variabile aggiunta dal set derived/administrative esteso; blank spesso strutturale o derivabile
all,TRNSGNDR,categorical,optional_module,classification,1435,163341,97732,0.9951704930532035,0.9953954549924305,-0.000224961939227053,0.24994350157675904,0.25,-5.649842324095822e-05,0,0.2493948501587704,0.24942310336493598,-2.825320616559046e-05,0,0,Non includere nel set proposto,Variabile aggiunta dal set derived/administrative esteso; blank spesso strutturale o derivabile
all,USEEQUIP,binary,core_survey,classification,612,6221,255675,0.8537518180772854,0.8840830517192501,-0.03033123364196466,0.7480771547087467,0.5,0.2480771547087467,3,0.7032007876470617,0.4692377675185429,0.23396302012851883,3,0,Non includere nel set proposto,Variabile aggiunta dal set derived/administrative esteso; blank spesso strutturale o derivabile
all,USENOW3,ordinal,core_survey,classification,1145,8868,252495,0.9589814451324523,0.9680073946755487,-0.009025949543096434,0.35711132215926616,0.3333333333333333,0.02377798882593285,3,0.36031170694065445,0.3279145284382672,0.03239717850238727,3,0,Non includere nel set proposto,Variabile aggiunta dal set derived/administrative esteso; blank spesso strutturale o derivabile
all,VEGETAB1,count,core_survey,classification,4837,19721,237950,0.21389433767618812,0.2312894544564186,-0.01739511678023048,0.013046986502994752,0.009974887655300026,0.0030720988476947257,3,0.00794147694986016,0.0037468536610750455,0.004194623288785115,3,0,Non includere nel set proposto,Variabile aggiunta dal set derived/administrative esteso; blank spesso strutturale o derivabile
all,VETERAN3,binary,core_survey,classification,493,0,262015,0.8546609645787245,0.8685457886756156,-0.013884824096891069,0.7472856129429309,0.5,0.24728561294293094,3,0.717728635438229,0.46482425838171326,0.2529043770565157,3,0,Non includere nel set proposto,Variabile aggiunta dal set derived/administrative esteso; blank spesso strutturale o derivabile
all,VICTRCT4,categorical,optional_module,classification,6,260607,1895,0.6616907187134269,0.6258009932316072,0.03588972548181968,0.5564481277781819,0.3333333333333333,0.22311479444484855,3,0.542835813929464,0.2566084560075559,0.2862273579219081,3,3,Non includere nel set proposto,Variabile aggiunta dal set derived/administrative esteso; blank spesso strutturale o derivabile
all,VIDFCLT2,ordinal,optional_module,classification,1,260595,1912,0.720272988786197,0.7805612731459903,-0.060288284359793276,0.16853962949141954,0.15079365079365079,0.017745978697768755,2,0.16947771545944143,0.13228969731877563,0.0371880181406658,3,0,Non includere nel set proposto,Variabile aggiunta dal set derived/administrative esteso; blank spesso strutturale o derivabile
all,VIEYEXM2,categorical,optional_module,classification,41,260988,1479,0.4364003196556567,0.4477588985615049,-0.011358578905848238,0.25027543244430817,0.18888888888888888,0.06138654355541928,3,0.2370994969108049,0.11670505768843024,0.12039443922237465,3,0,Non includere nel set proposto,Variabile aggiunta dal set derived/administrative esteso; blank spesso strutturale o derivabile
all,VIGLUMA2,binary,optional_module,classification,9,260607,1892,0.9006200377150712,0.93224736713818,-0.03162732942310886,0.5268922899690375,0.5,0.026892289969037475,3,0.531447875530448,0.48246254056460186,0.04898533496584617,3,0,Non includere nel set proposto,Variabile aggiunta dal set derived/administrative esteso; blank spesso strutturale o derivabile
all,VIINSUR2,categorical,optional_module,classification,51,260606,1851,0.6201571252693235,0.5678166982939284,0.052340426975395093,0.5404775886180584,0.4444444444444444,0.09603314417361397,3,0.5400754928825331,0.3203450870854126,0.2197304057971205,3,3,Non includere nel set proposto,Variabile aggiunta dal set derived/administrative esteso; blank spesso strutturale o derivabile
all,VIMACDG2,binary,optional_module,classification,19,260608,1881,0.9221520360598209,0.9380299104031803,-0.01587787434335941,0.525875434857046,0.5,0.02587543485704602,3,0.5290410699715222,0.48400157835724134,0.04503949161428089,3,0,Non includere nel set proposto,Variabile aggiunta dal set derived/administrative esteso; blank spesso strutturale o derivabile
all,VINOCRE2,categorical,optional_module,classification,13,261848,647,0.4572421679857956,0.40955557561835204,0.04768659236744355,0.19103977107104672,0.13095238095238096,0.06008739011866576,3,0.1796825683757193,0.07610303896546589,0.10357952941025342,3,2,Non includere nel set proposto,Variabile aggiunta dal set derived/administrative esteso; blank spesso strutturale o derivabile
all,VIPRFVS2,categorical,optional_module,classification,19,260601,1888,0.4439506885167724,0.4991050252037657,-0.05515433668699332,0.22564120644357855,0.20000000000000004,0.025641206443578507,3,0.21166075819855626,0.13314220697115636,0.0785185512273999,3,0,Non includere nel set proposto,Variabile aggiunta dal set derived/administrative esteso; blank spesso strutturale o derivabile
all,VIREDIF3,ordinal,optional_module,classification,10,260601,1897,0.5327495348642209,0.5850682016094574,-0.05231866674523644,0.19893278347846088,0.16666666666666666,0.032266116811794227,3,0.1884308870978425,0.12301632460644223,0.06541456249140028,3,0,Non includere nel set proposto,Variabile aggiunta dal set derived/administrative esteso; blank spesso strutturale o derivabile
all,WHRTST10,categorical,core_survey,classification,1345,194840,66323,0.4304710566404446,0.4690391135904312,-0.03856805694998661,0.16265552372105704,0.1111111111111111,0.05154441260994594,3,0.14850768061952382,0.07095175725373752,0.0775559233657863,3,0,Non includere nel set proposto,Variabile aggiunta dal set derived/administrative esteso; blank spesso strutturale o derivabile
all,WTKG3,continuous,derived,MAE,0,18364,244144,5.195597489674886,15.797302881876627,-10.60170539220174,,,,,,,,,,Non includere nel set proposto,Variabile aggiunta dal set derived/administrative esteso; blank spesso strutturale o derivabile
all,_AIDTST3,binary,derived,classification,8540,25801,228167,0.6990076616284763,0.7026677749561504,-0.0036601133276741304,0.6596230393041881,0.5,0.15962303930418809,3,0.6528686092624953,0.41268488045434076,0.24018372880815458,3,0,Non includere nel set proposto,Variabile aggiunta dal set derived/administrative esteso; blank spesso strutturale o derivabile
all,_BMI5,continuous,derived,MAE,0,21655,240853,1.4920230706532795,4.637009620666504,-3.1449865500132246,,,,,,,,,,Non includere nel set proposto,Variabile aggiunta dal set derived/administrative esteso; blank spesso strutturale o derivabile
all,_FRUTSUM,continuous,derived,MAE,0,25821,236687,0.825546125570933,0.8006561795870463,0.02488994598388672,,,,,,,,,,Non includere nel set proposto,Variabile aggiunta dal set derived/administrative esteso; blank spesso strutturale o derivabile
all,_MRACE1,categorical,derived,classification,5180,0,257328,0.7971266372429424,0.831720387202033,-0.03459374995909059,0.21023163663151864,0.14285714285714285,0.0673744937743758,3,0.21843954963439258,0.12973278554853904,0.08870676408585354,3,0,Non includere nel set proposto,Variabile aggiunta dal set derived/administrative esteso; blank spesso strutturale o derivabile
all,_PRACE1,categorical,derived,classification,5180,0,257328,0.8059636228183308,0.8409032556277825,-0.03493963280945167,0.18481558730032796,0.125,0.05981558730032796,3,0.19520775787896424,0.11419702674753414,0.0810107311314301,3,0,Non includere nel set proposto,Variabile aggiunta dal set derived/administrative esteso; blank spesso strutturale o derivabile
all,_RACE,categorical,derived,classification,4366,0,258142,0.7583928943697055,0.7757518736068052,-0.017358979237099725,0.20829130885316094,0.125,0.08329130885316094,3,0.21358434677489865,0.10921441813532617,0.10436992863957248,3,0,Non includere nel set proposto,Variabile aggiunta dal set derived/administrative esteso; blank spesso strutturale o derivabile
all,_RACEG21,binary,derived,classification,4366,0,258142,0.7849440523243425,0.7757518736068052,0.009192178717537303,0.6475872172228637,0.5,0.14758721722286372,3,0.6599853416272654,0.4368576725413047,0.2231276690859607,3,3,Non includere nel set proposto,Variabile aggiunta dal set derived/administrative esteso; blank spesso strutturale o derivabile
all,_RACEGR3,categorical,derived,classification,4366,0,258142,0.7652262895442618,0.7757518736068052,-0.010525584062543447,0.307799688074566,0.20000000000000004,0.10779968807456594,3,0.3188699857190431,0.17474306901652184,0.14412691670252128,3,0,Non includere nel set proposto,Variabile aggiunta dal set derived/administrative esteso; blank spesso strutturale o derivabile
all,_VEGESUM,continuous,derived,MAE,0,30202,232306,0.9137445290883383,0.922646164894104,-0.00890163580576575,,,,,,,,,,Non includere nel set proposto,Variabile aggiunta dal set derived/administrative esteso; blank spesso strutturale o derivabile
