position,name,title,semantic_type,source_kind,train_missing_fraction,test_missing_fraction,missing_fraction_difference,train_unique_count,train_min,train_max,train_mean,train_std,test_mean,test_std,train_test_standardized_mean_difference,train_test_tvd,train_test_tvd_basis,constant_including_missing,constant_when_present,exact_duplicate_of,codebook_validation_available,codebook_validation_status,codebook_outside_count_train,codebook_outside_fraction_train,unexpected_nonblank_count_train,unexpected_nonblank_fraction_train,unexpected_values_preview,positive_missing_fraction_development,negative_missing_fraction_development,missing_target_gap,positive_mean_development,negative_mean_development,target_standardized_mean_difference,target_tvd,target_tvd_basis,max_supported_positive_rate_lift
1,_STATE,State FIPS Code,categorical,core_survey,0.0,0.0,0.0,53,1.0,72.0,29.973651088728726,16.031752874847626,29.955439343932564,16.045765104329718,0.0011354833045652023,0.00936498877115858,exact_values,False,False,,True,checked,0,0.0,0,0.0,[],0.0,0.0,0.0,30.216609145815358,29.937754880331596,0.01738642953915907,0.09202729174619623,exact_values,0.055453827287124655
2,FMONTH,File Month,categorical,core_survey,0.0,0.0,0.0,12,1.0,12.0,6.360689959925031,3.4872572080057043,6.3528008118560235,3.486280248217296,0.002262595717342368,0.004966911057407063,exact_values,False,False,,True,checked,0,0.0,0,0.0,[],0.0,0.0,0.0,6.468032786885246,6.354484222489638,0.032544333570423065,0.02017277727651804,exact_values,0.007852717351938154
3,IDATE,Interview Date,date,core_survey,0.0,0.0,0.0,>256,1012016.0,12312015.0,6563638.198147104,3489242.3515081434,6559985.567604384,3486577.752008691,0.0010472260528644752,0.011700000000000009,sample_quantile_bins,False,False,,False,not_machine_checkable,0,0.0,0,0.0,[],0.0,0.0,0.0,6652286.372476272,6558115.2728305925,0.027040499941808377,0.02563708217471325,sample_quantile_bins,0.01777813619173678
4,IMONTH,Interview Month,categorical,core_survey,0.0,0.0,0.0,12,1.0,12.0,6.41666082557484,3.4927336701079947,6.4129677543221275,3.489710634541519,0.0010578160728417685,0.004955670102255345,exact_values,False,False,,True,checked,0,0.0,0,0.0,[],0.0,0.0,0.0,6.511949956859362,6.410520290145741,0.029096766191246626,0.014903939832220443,exact_values,0.004658531304415514
5,IDAY,Interview Day,categorical,core_survey,0.0,0.0,0.0,31,1.0,31.0,14.496234781416186,8.334482351952463,14.500278846945026,8.336235132538182,-0.00048516994067580085,0.007390198443764135,exact_values,False,False,,True,checked,0,0.0,0,0.0,[],0.0,0.0,0.0,13.83213977566868,14.557995721353121,-0.0872383483378539,0.039166949598651885,exact_values,0.015363552155982271
6,IYEAR,Interview Year,categorical,core_survey,0.0,0.0,0.0,2,2015.0,2016.0,2015.0247581026101,0.15538706310787098,2015.0248128068458,0.1555542730399948,-0.000351862048812543,5.470423571487561e-05,exact_values,False,False,,True,checked,0,0.0,0,0.0,[],0.0,0.0,0.0,2015.0178602243313,2015.025471319695,-0.05229556580632402,0.007611095363826309,exact_values,0.024707600747950004
7,DISPCODE,Final Disposition,survey_design,core_survey,0.0,0.0,0.0,2,1100.0,1200.0,1115.0148566900818,35.72169855402145,1114.9818520922663,35.689344587875624,0.0009243554771363635,0.00033004597815487757,exact_values,False,False,,True,checked,0,0.0,0,0.0,[],0.0,0.0,0.0,1113.0155306298534,1115.2539610910549,-0.06428580825146588,0.022384304612016334,exact_values,0.01196870372592243
8,SEQNO,Annual Sequence Number,identifier,core_survey,0.0,0.0,0.0,>256,2015000001.0,2015023235.0,2015005197.3278103,4118.376379108641,2015005174.521837,4104.116957397779,0.005547207656937392,0.004649999999999994,sample_quantile_bins,False,False,,False,not_machine_checkable,0,0.0,0,0.0,[],0.0,0.0,0.0,2015004532.6216135,2015005266.8000944,-0.18578152013060678,0.07666352120197696,sample_quantile_bins,0.02427193896729095
9,_PSU,Primary Sampling Unit,identifier,core_survey,0.0,0.0,0.0,>256,2015000001.0,2015023235.0,2015005197.3278103,4118.376379108641,2015005174.521837,4104.116957397779,0.005547207656937392,0.004649999999999994,sample_quantile_bins,False,False,SEQNO,False,not_machine_checkable,0,0.0,0,0.0,[],0.0,0.0,0.0,2015004532.6216135,2015005266.8000944,-0.18578152013060678,0.07666352120197696,sample_quantile_bins,0.02427193896729095
10,CTELENUM,Correct telephone number?,categorical,administrative,0.4248708610785195,0.4213148776273325,0.003555983451187017,2,1.0,1.0,1.0,0.0,1.0,0.0,0.0,0.003555983451187017,exact_values,False,True,,True,checked,0,0.0,0,0.0,[],0.2992234685073339,0.4375,0.1382765314926661,1.0,1.0,0.0,0.13827653149266608,exact_values,0.026174914347534314
11,PVTRESD1,Private Residence?,binary,administrative,0.4248708610785195,0.4213148776273325,0.003555983451187017,3,1.0,2.0,1.000169563374311,0.013020546170318987,1.0002053842264913,0.014329760772987912,-0.0026164154604434928,0.0035559834511870174,exact_values,False,False,,True,checked,0,0.0,0,0.0,[],0.2992234685073339,0.4375,0.1382765314926661,1.0003078059591233,1.0001337077149353,0.011719058094818604,0.1382765314926661,exact_values,0.026174914347534314
12,COLGHOUS,Do you live in college housing?,categorical,administrative,0.9999024791625398,0.9998811472037594,2.1331958780401727e-05,2,1.0,1.0,1.0,0.0,1.0,0.0,0.0,2.133195878040233e-05,exact_values,False,True,,True,checked,0,0.0,0,0.0,[],0.9997842968075927,0.999924789410349,0.0001404926027562814,1.0,1.0,0.0,0.0001404926027562531,exact_values,1.1311322063126128e-05
13,STATERES,Resident of State,categorical,administrative,0.42487390860469015,0.4213240201501202,0.0035498884545699383,2,1.0,1.0,1.0,0.0,1.0,0.0,0.0,0.0035498884545698828,exact_values,False,True,,True,checked,0,0.0,0,0.0,[],0.2992234685073339,0.4375,0.1382765314926661,1.0,1.0,0.0,0.13827653149266608,exact_values,0.026174914347534314
14,CELLFON3,Cellular Telephone,binary,administrative,0.4248708610785195,0.4213057351045447,0.003565125973974792,3,1.0,2.0,1.5446322594319628,0.4980039773114242,1.546234418692829,0.4978577894621479,-0.003217633806335447,0.0035651259739747643,exact_values,False,False,,True,checked,0,0.0,0,0.0,[],0.2992234685073339,0.4375,0.1382765314926661,1.5634695887712386,1.5416722378214556,0.043848218178126036,0.1382765314926661,exact_values,0.026174914347534314
15,LADULT,Are you 18 years of age or older?,binary,administrative,0.9999024791625398,0.9998811472037594,2.1331958780401727e-05,3,1.0,2.0,1.65625,0.47495887979908324,1.4615384615384615,0.49851851526214347,0.399915893018648,3.0474871637224837e-05,exact_values,False,False,,True,checked,0,0.0,0,0.0,[],0.9997842968075927,0.999924789410349,0.0001404926027562814,1.4,1.6666666666666667,-0.5547001962252295,0.0001404926027562531,exact_values,1.1311322063126128e-05
16,NUMADULT,Number of Adults in Household,count,administrative,0.4249257165495909,0.42137887528684664,0.003546841262744238,17,1.0,20.0,1.7938866572691334,0.800040233219479,1.796157310117082,0.7925216663887257,-0.0028515407085937636,0.004319302286972693,exact_values,False,False,,True,checked,0,0.0,0,0.0,[],0.29935289042277824,0.4375501403931007,0.13819724997032246,1.650083122960409,1.8111358740063888,-0.2074144422673457,0.15060959513211625,exact_values,0.04474476155005004
17,NUMMEN,Number of Adult men in Household,count,administrative,0.4252030414311183,0.42161658087932785,0.00358646055179046,13,0.0,18.0,0.8015704280238162,0.6208866096669464,0.8043722238907418,0.6176066510986372,-0.004524507528958193,0.003965383802228285,exact_values,False,False,,True,checked,0,0.0,0,0.0,[],0.2994823123382226,0.43784262601952134,0.13836031368129875,0.7588372952334032,0.8064293147019473,-0.07839006374657331,0.14222554169794493,exact_values,0.026170145617267528
18,NUMWOMEN,Number of Adult women in Household,count,administrative,0.4252060889572889,0.42161658087932785,0.0035895080779610455,12,0.0,10.0,0.9919357404167329,0.5259943245749353,0.9913693628187092,0.5215021194763788,0.001081382935631857,0.003949156789004457,exact_values,False,False,,True,checked,0,0.0,0,0.0,[],0.2994823123382226,0.43784262601952134,0.13836031368129875,0.8911811799482695,1.0042961201129776,-0.21220205219005112,0.14556182317679608,exact_values,0.08057498105942938
19,CTELNUM1,Correct Phone Number?,categorical,administrative,0.5751291389214805,0.5786851223726676,0.003555983451187017,2,1.0,1.0,1.0,0.0,1.0,0.0,0.0,0.003555983451187017,exact_values,False,True,,True,checked,0,0.0,0,0.0,[],0.700776531492666,0.5625,0.13827653149266605,1.0,1.0,0.0,0.13827653149266608,exact_values,0.026174914347534314
20,CELLFON2,Is this a cellular telephone?,binary,administrative,0.5751291389214805,0.5786851223726676,0.003555983451187017,2,1.0,1.0,1.0,0.0,1.00002169997613,0.004658272774442568,-0.0065879354928684965,0.0035651259739747734,exact_values,False,True,CTELNUM1,True,checked,0,0.0,0,0.0,[],0.700776531492666,0.5625,0.13827653149266605,1.0,1.0,0.0,0.13827653149266608,exact_values,0.026174914347534314
21,CADULT,Are you 18 years of age or older?,binary,administrative,0.5751321864476511,0.5786851223726676,0.003552935925016487,3,1.0,2.0,1.5045260877673692,0.4999795141098506,1.504828244688931,0.49997668750975127,-0.0006043403122480099,0.0035529359250164455,exact_values,False,False,,True,checked,0,0.0,0,0.0,[],0.700776531492666,0.5625041783660917,0.13827235312657438,1.3804786620530565,1.510949811374815,-0.264784460516439,0.13827235312657438,exact_values,0.04129291478562509
22,PVTRESD2,Do you live in a private residence?,binary,administrative,0.5751291389214805,0.5786851223726676,0.003555983451187017,3,1.0,2.0,1.005752609116666,0.07562748577744084,1.0056853937460668,0.07518690074753154,0.0008913616973514736,0.0035559834511870473,exact_values,False,False,,True,checked,0,0.0,0,0.0,[],0.700776531492666,0.5625,0.13827653149266605,1.0007208765859286,1.006102802131683,-0.09239500216486408,0.13827653149266605,exact_values,0.08053809563875344
23,CCLGHOUS,Do you live in college housing?,categorical,administrative,0.9975589315373246,0.9976046590296126,4.572749228803907e-05,2,1.0,1.0,1.0,0.0,1.0,0.0,0.0,4.572749228804688e-05,exact_values,False,True,,True,checked,0,0.0,0,0.0,[],0.9997842968075927,0.9973342024334804,0.002450094374112366,1.0,1.0,0.0,0.0024500943741123534,exact_values,0.08052602102731445
24,CSTATE,Are you a resident of [STATE]?,binary,administrative,0.5751260913953099,0.5786851223726676,0.003559030977357658,3,1.0,2.0,1.0669220175589602,0.2498868966648679,1.0657509276739796,0.24784620873434896,0.004705654615144181,0.0035590309773576422,exact_values,False,False,,True,checked,0,0.0,0,0.0,[],0.700776531492666,0.5624958216339083,0.13828070985875773,1.0445501730103806,1.0687060081942945,-0.10465461806829109,0.1382807098587578,exact_values,0.04711854420466869
25,LANDLINE,Do you also have a landline telephone?,binary,administrative,0.5768570862602282,0.5802576362921584,0.003400550031930183,5,1.0,9.0,1.6324253860336484,0.5540287405180865,1.6324628084772712,0.5581784535003745,-6.72935462947942e-05,0.003519400654928759,exact_values,False,False,,True,checked,0,0.0,0,0.0,[],0.7015530629853322,0.5643384810803583,0.13721458190497382,1.551315409077768,1.639240020716245,-0.15826090335911444,0.1372908271719918,exact_values,0.034171305462051195
26,HHADULT,Number of Adults in Household,count,administrative,0.5867828789979734,0.5908081075892082,0.004025228591234775,26,1.0,99.0,2.433192468526672,5.208631608614403,2.374555935384409,4.70223569114741,0.011817359611276416,0.004226000046660901,exact_values,False,False,,True,checked,0,0.0,0,0.0,[],0.7071182053494391,0.5746256183981816,0.13249258695125754,2.3169833554278982,2.4376448862520137,-0.022435677025734426,0.13259765104732132,exact_values,0.044306989498774034
27,GENHLTH,General Health,ordinal,core_survey,6.095052341261981e-06,0.0,6.095052341261981e-06,8,1.0,9.0,2.572008911020836,1.1146728377341086,2.5705848471827317,1.112015841081011,0.0012790857005114057,0.003648090742720675,exact_values,False,False,,True,checked,0,0.0,0,0.0,[],0.0,8.356732183446986e-06,8.356732183446986e-06,3.442579810181191,2.487464796971495,0.8702866916580912,0.33519640728869715,exact_values,0.2298696784491185
28,PHYSHLTH,Number of Days Physical Health Not Good,count,core_survey,3.0475261706309903e-06,0.0,3.0475261706309903e-06,34,1.0,99.0,60.72481364320674,37.052342748112224,60.75247533804478,37.0553390176311,-0.00074652705782581,0.003731838129360372,exact_values,False,False,,True,checked,0,0.0,0,0.0,[],0.0,4.178366091723493e-06,4.178366091723493e-06,49.04797238999137,61.88969067426575,-0.3510714451866898,0.2592075801891543,exact_values,0.15124165544170848
29,MENTHLTH,Number of Days Mental Health Not Good,count,core_survey,0.0,0.0,0.0,33,1.0,99.0,64.72927301263199,35.83196694284093,64.63620073323032,35.879450272555005,0.002595744516358437,0.0026445408400285813,exact_values,False,False,,True,checked,0,0.0,0,0.0,[],0.0,0.0,0.0,63.91225194132873,64.86888287204172,-0.026969421191703338,0.07879923074225313,exact_values,0.0654438075895266
30,POORHLTH,Poor Physical or Mental Health,count,core_survey,0.4871775336370701,0.4876895930663107,0.0005120594292405967,34,1.0,99.0,55.78358639132372,38.09618661558281,55.894085944749804,38.06557800687007,-0.0029017065203300664,0.0031522106268272363,exact_values,False,False,,True,checked,0,0.0,0,0.0,[],0.3426660914581536,0.5017340219280653,0.1590679304699117,49.93003872153311,56.535400716148565,-0.1773689690543838,0.17975503541062515,exact_values,0.15211243697798776
31,HLTHPLN1,Have any health care coverage,binary,core_survey,0.0,0.0,0.0,4,1.0,9.0,1.1000015237630854,0.5047100143997876,1.1008420263487506,0.5085839417171245,-0.0016589390239948373,0.0008040904724936619,exact_values,False,False,,True,checked,0,0.0,0,0.0,[],0.0,0.0,0.0,1.0578084555651424,1.103815683914962,-0.10033695707690972,0.037396938202924467,exact_values,0.03971568335947797
32,PERSDOC2,Multiple Health Care Professionals,categorical,core_survey,0.0,0.0,0.0,5,1.0,9.0,1.3940085635485395,0.8300903548496196,1.3956426736393641,0.8325426295835733,-0.0019656873509424403,0.0009921092878932844,exact_values,False,False,,True,checked,0,0.0,0,0.0,[],0.0,0.0,0.0,1.2806729939603105,1.405447753710389,-0.1620454275038473,0.09572336191032907,exact_values,0.06917592064844973
33,MEDCOST,Could Not See Doctor Because of Cost,binary,core_survey,3.0475261706309903e-06,0.0,3.0475261706309903e-06,5,1.0,9.0,1.915866688608922,0.4076406863531665,1.9155779445780268,0.4106220763478635,0.0007057442363514838,0.0008313611773607282,exact_values,False,False,,True,checked,0,0.0,0,0.0,[],0.0,4.178366091723493e-06,4.178366091723493e-06,1.9076358930112165,1.9165117182766676,-0.02003167899230806,0.021249146012631757,exact_values,0.07147236529619262
34,CHECKUP1,Length of time since last routine checkup,ordinal,core_survey,3.0475261706309903e-06,0.0,3.0475261706309903e-06,8,1.0,9.0,1.5737534056208744,1.2451672855830722,1.5705117070004297,1.2439080874835038,0.0026047408935115654,0.0016216582219242962,exact_values,False,False,,True,checked,0,0.0,0,0.0,[],0.0,4.178366091723493e-06,4.178366091723493e-06,1.3653149266609146,1.5942914923932527,-0.19191833711450076,0.12505941355380917,exact_values,0.04490083075860336
35,BPHIGH4,Ever Told Blood Pressure High,categorical,core_survey,3.0475261706309903e-06,0.0,3.0475261706309903e-06,7,1.0,9.0,2.212148085842979,1.032623124547512,2.2120333884932206,1.0346156881993072,0.00011096666313621052,0.000597383168636806,exact_values,False,False,,True,checked,0,0.0,0,0.0,[],0.0,0.0,0.0,1.537230371009491,2.2776942104559432,-0.7525408130901623,0.3736076883839606,exact_values,0.0745898244288034
36,BPMEDS,Currently Taking Blood Pressure Medication,binary,core_survey,0.5983330031846649,0.5982684061840025,6.459700066241414e-05,5,1.0,9.0,1.1725631823734266,0.4472562021188207,1.1743474204046336,0.4533072451020729,-0.003962403229458387,0.00044758273702865244,exact_values,False,False,,True,checked,0,0.0,0,0.0,[],0.25875754961173425,0.6310544524669074,0.37229690285517314,1.0879990687929229,1.1892546914461093,-0.23892025782002893,0.3839735614047778,exact_values,0.09174261712775185
37,BLOODCHO,Ever Had Blood Cholesterol Checked,categorical,core_survey,0.0,0.0,0.0,4,1.0,9.0,1.2399104027305834,0.9086492781299317,1.2433191014728604,0.9157664127415173,-0.0037367282275966333,0.0018155009359273947,exact_values,False,False,,True,checked,0,0.0,0,0.0,[],0.0,0.0,0.0,1.0911561691113028,1.255001504211793,-0.2050188226126473,0.10486928974900211,exact_values,0.06691042339912069
38,CHOLCHK,How Long since Cholesterol Checked,ordinal,core_survey,0.133484693799808,0.13530019473573537,0.001815500935927361,7,1.0,9.0,1.4496402118635126,1.034399574165647,1.4461936984563333,1.0250673932088805,0.003346961207290389,0.0020894168086911967,exact_values,False,False,,True,checked,0,0.0,0,0.0,[],0.03770491803278689,0.142574207781789,0.10486928974900211,1.225320541558325,1.4741381830940616,-0.2570195747090874,0.22351053830795253,exact_values,0.06332778801885863
39,TOLDHI2,Ever Told Blood Cholesterol High,binary,core_survey,0.133484693799808,0.13530019473573537,0.001815500935927361,5,1.0,9.0,1.629027833463462,0.7278245767316905,1.632226686403045,0.7337682677763835,-0.004377178640464528,0.00274500341135124,exact_values,False,False,,True,checked,0,0.0,0,0.0,[],0.03770491803278689,0.142574207781789,0.10486928974900211,1.380928898054335,1.6580996657017826,-0.365797197331678,0.32913522689530106,exact_values,0.07235401274586474
40,CVDSTRK3,Ever Diagnosed with a Stroke,binary,core_survey,0.0,0.0,0.0,4,1.0,9.0,1.9706188001889466,0.31222341704314227,1.970999917717295,0.3145480709414207,-0.0012161207531583222,8.557848237048356e-05,exact_values,False,False,,True,checked,0,0.0,0,0.0,[],0.0,0.0,0.0,1.8687230371009491,1.9806082029683112,-0.2445954884755726,0.14835162484291653,exact_values,0.28451034051993923
41,ASTHMA3,Ever Told Had Asthma,categorical,core_survey,0.0,0.0,0.0,4,1.0,9.0,1.881158669450074,0.444179939567826,1.8797758253412447,0.4377008583177393,0.00313604013810084,0.0003108634393402481,exact_values,False,False,,True,checked,0,0.0,0,0.0,[],0.0,0.0,0.0,1.8376617773943054,1.8858261465436557,-0.09851715444380625,0.060792894104066623,exact_values,0.059512839231673983
42,ASTHNOW,Still Have Asthma,binary,core_survey,0.8659637039633078,0.8658151930443687,0.00014851091893908208,5,1.0,9.0,1.483197671774817,1.0911682099367002,1.4658308918716358,1.0528098972376636,0.01619792758728528,0.0006180951961937066,exact_values,False,False,,True,checked,0,0.0,0,0.0,[],0.8125539257981018,0.8711559031956144,0.058601977397512606,1.3762945914844649,1.4974704890387858,-0.11418051793995117,0.058601977397512585,exact_values,0.05118454391284609
43,CHCSCNCR,Ever told) you had skin cancer?,binary,core_survey,3.0475261706309903e-06,0.0,3.0475261706309903e-06,5,1.0,9.0,1.917981678216826,0.3909149826465587,1.9189698205322776,0.3831209270376126,-0.0025530914313139697,0.001954044530999668,exact_values,False,False,,True,checked,0,0.0,0,0.0,[],0.0,4.178366091723493e-06,4.178366091723493e-06,1.8459879206212253,1.9248893772954994,-0.17774203500227814,0.0882026879749926,exact_values,0.07350515812162971
44,CHCOCNCR,Ever told) you had any other types of cancer?,binary,core_survey,0.0,0.0,0.0,4,1.0,9.0,1.9117284044676734,0.38155075024369023,1.9144625567979228,0.38212790791355966,-0.007160476517728555,0.0022679481409220302,exact_values,False,False,,True,checked,0,0.0,0,0.0,[],0.0,0.0,0.0,1.839257981018119,1.9194202099211124,-0.1806801440009084,0.09163611159852711,exact_values,0.07768153576334409
45,CHCCOPD1,"Ever told) you have chronic obstructive pulmonary disease, emphysema or chronic bronchitis?",binary,core_survey,0.0,0.0,0.0,4,1.0,9.0,1.9440443719810443,0.44477622565800723,1.9446237394746706,0.4401019230645802,-0.0013094670973445583,0.0014572229276467476,exact_values,False,False,,True,checked,0,0.0,0,0.0,[],0.0,0.0,0.0,1.8232959447799828,1.9563778580024067,-0.22613361149794348,0.1854904488968306,exact_values,0.1796083052036591
46,HAVARTH3,Told Have Arthritis,binary,core_survey,3.0475261706309903e-06,0.0,3.0475261706309903e-06,5,1.0,9.0,1.6953683556108174,0.6255109897727366,1.6965870962433374,0.6279003300541417,-0.0019446743441328541,0.0006420133130040914,exact_values,False,False,,True,checked,0,0.0,0,0.0,[],0.0,4.178366091723493e-06,4.178366091723493e-06,1.4506471095772218,1.7187446464460758,-0.41224376296252657,0.27808358586671383,exact_values,0.0665879939810788
47,ADDEPEV2,Ever told you had a depressive disorder,binary,core_survey,0.0,0.0,0.0,4,1.0,9.0,1.8350130281743795,0.5442099697709961,1.835160314137083,0.5441911923489605,-0.00027064646346870003,0.0002395798465699249,exact_values,False,False,,True,checked,0,0.0,0,0.0,[],0.0,0.0,0.0,1.765918895599655,1.842947753710389,-0.13020770320390201,0.09377014989107844,exact_values,0.056625465437851116
48,CHCKIDNY,Ever told) you have kidney disease?,binary,core_survey,0.0,0.0,0.0,4,1.0,9.0,1.9803007908330412,0.3377889938059881,1.9796761718428584,0.3375388488978392,0.0018498243603675317,0.0004843390583053962,exact_values,False,False,,True,checked,0,0.0,0,0.0,[],0.0,0.0,0.0,1.9270060396893873,1.9858311605829657,-0.1298147898460151,0.091059070228391,exact_values,0.19817732586133924
49,DIABETE3,Ever told) you have diabetes,categorical,core_survey,1.523763085315495e-05,1.8285045575476097e-05,3.0474147223211463e-06,7,1.0,9.0,2.758083686343827,0.7134391833411553,2.755679896139042,0.7137315384155083,0.0033686091197149873,0.0009073232030057847,exact_values,False,False,,True,checked,0,0.0,0,0.0,[],4.3140638481449525e-05,1.2535098275170477e-05,3.060554020627905e-05,2.390180767073644,2.792796406560117,-0.47517410058568954,0.2254751123104428,exact_values,0.1320569277888674
50,DIABAGE2,Age When Told Diabetic,count,core_survey,0.8713334450759596,0.870587589939568,0.0007458551363915822,99,1.0,99.0,54.47468024632875,18.216466393695864,54.58050158954433,18.354276845442858,-0.005787172067330125,0.004065009452468156,exact_values,False,False,,True,checked,0,0.0,0,0.0,[],0.6779982743744607,0.8896702433480412,0.21167196897358054,56.02157020364416,54.04374171558417,0.10819383968015304,0.21176117907246997,exact_values,0.17882121687719993
51,SEX,Respondents Sex,binary,core_survey,0.0,0.0,0.0,2,1.0,2.0,1.5770551754613193,0.49402682106807244,1.5757778001261669,0.4942243670723234,0.0025851227399697266,0.0012773753351524308,exact_values,False,False,,True,checked,0,0.0,0,0.0,[],0.0,0.0,0.0,1.4653149266609147,1.5870896844497928,-0.24571837884563305,0.12177475778887817,exact_values,0.02313973112117633
52,MARITAL,Marital Status,categorical,core_survey,0.0,0.0,0.0,7,1.0,9.0,2.262047632834047,1.686380510778527,2.256850035198713,1.6876144798501056,0.003080975106460117,0.00420504706785812,exact_values,False,False,,True,checked,0,0.0,0,0.0,[],0.0,0.0,0.0,2.0991803278688526,2.276394738601417,-0.1149151536807638,0.17303295575036046,exact_values,0.08536085055428165
53,EDUCA,Education Level,ordinal,core_survey,0.0,0.0,0.0,7,1.0,9.0,4.923705182318253,1.0727778993002466,4.92356850949451,1.0740722751498728,0.00012732402151616843,0.00155678739276458,exact_values,False,False,,True,checked,0,0.0,0,0.0,[],0.0,0.0,0.0,4.633865401207938,4.950544858938361,-0.2869361617850604,0.11794965506524395,exact_values,0.07359689451333164
54,RENTHOM1,Own or Rent Home,categorical,core_survey,0.0,0.0,0.0,5,1.0,9.0,1.3744160177975528,0.8206661870679121,1.373097212444802,0.8241528787193799,0.0016035835395210856,0.001677807997942064,exact_values,False,False,,True,checked,0,0.0,0,0.0,[],0.0,0.0,0.0,1.3447368421052632,1.3763872175424523,-0.03948835899539907,0.018785821467783036,exact_values,0.013933839747101537
55,NUMHHOL2,Household Telephones,categorical,core_survey,0.4248708610785195,0.4213148776273325,0.003555983451187017,5,1.0,9.0,1.972339974565494,0.4645418658430932,1.9712778058645095,0.4460920187063737,0.0023323330783393097,0.004281487262476643,exact_values,False,False,,True,checked,0,0.0,0,0.0,[],0.2992234685073339,0.4375,0.1382765314926661,1.9710662398424033,1.9729167595192465,-0.003939304973110909,0.13827653149266605,exact_values,0.026174914347534314
56,NUMPHON2,Residential Phones,count,core_survey,0.9698599661724595,0.9703965112133042,0.0005365450408446604,9,1.0,9.0,1.7203235591506572,1.1851121872297992,1.7442865966646077,1.2552876799241899,-0.019630501173691545,0.0007254846421802777,exact_values,False,False,,True,checked,0,0.0,0,0.0,[],0.961518550474547,0.97071383206311,0.009195281588562976,1.7264573991031391,1.7127978313596803,0.011693123134695907,0.009195281588562998,exact_values,0.04631331382135166
57,CPDEMO1,Do you have a cell phone for personal use?,binary,core_survey,0.4248708610785195,0.4213148776273325,0.003555983451187017,5,1.0,9.0,1.2257524374735058,0.664917687958966,1.226854777553084,0.6517601810187573,-0.0016743427838562135,0.0037327566863300716,exact_values,False,False,,True,checked,0,0.0,0,0.0,[],0.2992234685073339,0.4375,0.1382765314926661,1.2985102191578428,1.216636211020487,0.12307709068589844,0.13827653149266608,exact_values,0.06440693786197103
58,VETERAN3,Are You A Veteran,binary,core_survey,3.0475261706309903e-06,4.571261393869024e-05,4.266508776805925e-05,5,1.0,9.0,1.8816093425247002,0.4475131958072919,1.8801726187210854,0.43182778383391607,0.00326720878640126,0.0008053510086021234,exact_values,False,False,,True,checked,0,0.0,0,0.0,[],0.0,0.0,0.0,1.7488352027610008,1.893994852252975,-0.30392780160119337,0.14331892889391415,exact_values,0.08772789175278355
59,EMPLOY1,Employment Status,categorical,core_survey,0.0,0.0,0.0,9,1.0,9.0,3.928124095265668,2.8705354573594812,3.92433648140868,2.865606830828746,0.0013206131468035806,0.0038460462615640184,exact_values,False,False,,True,checked,0,0.0,0,0.0,[],0.0,0.0,0.0,5.835720448662641,3.7430471988233722,0.7884909631172762,0.37949731999094155,exact_values,0.12103495755813078
60,CHILDREN,Number of Children in Household,count,core_survey,9.14257851189297e-06,9.142522787738048e-06,5.572415492160012e-11,26,1.0,99.0,65.85873368034815,37.73525363831591,65.72979026860978,37.800680783225296,0.0034140932883311545,0.00218721977754771,exact_values,False,False,,True,checked,0,0.0,0,0.0,[],0.0,1.2535098275170477e-05,1.2535098275170477e-05,79.77687661777394,64.53308262822522,0.46783192626531817,0.18300741284685412,exact_values,0.06323588945716994
61,INCOME2,Income Level,ordinal,core_survey,0.007530437167629177,0.007186022911162106,0.000344414256467071,11,1.0,99.0,20.134767736071534,31.740629227913455,20.237280487692576,31.863454642111346,-0.003223458439864818,0.0037979883015308684,exact_values,False,False,,True,checked,0,0.0,0,0.0,[],0.005263157894736842,0.007625518117395373,0.0023623602226585314,20.576546101136266,20.160427447232244,0.012892581676554386,0.16280636544475813,exact_values,0.07530913640070937
62,INTERNET,Internet use in the past 30 days?,binary,core_survey,0.009773416429213587,0.009544793790398522,0.0002286226388150646,5,1.0,9.0,1.23096501378767,0.571640813211794,1.23132874878848,0.56629268660378,-0.0006392833741587805,0.0012817395673797478,exact_values,False,False,,True,checked,0,0.0,0,0.0,[],0.007635893011216566,0.009961224762668806,0.0023253317514522398,1.4341172890492544,1.2120669862921196,0.3614841594828313,0.213591294047261,exact_values,0.08282783723241406
63,WEIGHT2,Reported Weight in Pounds,continuous,core_survey,0.012025538269309887,0.011894422146847201,0.0001311161224626864,>256,50.0,9999.0,735.0221660821311,2200.879000702593,719.2617739040322,2171.8304641686204,0.007208365683785845,0.010449999999999994,sample_quantile_bins,False,False,,True,checked,1,3.084620391191558e-06,1,3.084620391191558e-06,"[[""2099"", 1]]",0.009404659188955996,0.012305288140125685,0.0029006289511696887,565.7962721017333,749.4922181375141,-0.09001822136184018,0.08201274426915436,sample_quantile_bins,0.02770878402279202
64,HEIGHT3,Reported Height in Feet and Inches,continuous,core_survey,0.013430447833970774,0.013073807586465409,0.00035664024750536524,143,205.0,9999.0,739.0984530222903,1371.2135137455202,740.9773689427415,1376.8119209893553,-0.001367463341212116,0.006406232098767608,exact_values,False,False,,True,checked,0,0.0,0,0.0,[],0.010526315789473684,0.013767716272228907,0.003241400482755223,674.9881409138472,745.5710133752484,-0.05524001460651886,0.07126099396977051,exact_values,0.06075453297955195
65,PREGNANT,Pregnancy Status,binary,core_survey,0.8522803114571746,0.8518362757019172,0.00044403575525742145,5,1.0,9.0,2.0091392969136823,0.5758048553658166,2.0062939651980747,0.5606143172082559,0.005007091785024025,0.0004988976903307601,exact_values,False,False,,True,checked,0,0.0,0,0.0,[],0.978127696289905,0.8410048134777377,0.13712288281216733,2.067061143984221,2.007226952591191,0.09283004196920566,0.1371228828121674,exact_values,0.08151781027842915
66,QLACTLM2,Activity Limitation Due to Health Problems,binary,core_survey,0.021128498940984657,0.020735241682589892,0.00039325725839476494,5,1.0,9.0,1.7941513440140473,0.6643370697935879,1.8009448142581062,0.6871621928702282,-0.010051802156957805,0.001948952569171164,exact_values,False,False,,True,checked,0,0.0,0,0.0,[],0.017773943054357203,0.02153529883674288,0.003761355782385678,1.5547259311314126,1.8178192284369743,-0.3671768847213701,0.2762719263636197,exact_values,0.09173728553948025
67,USEEQUIP,Health Problems Requiring Special Equipment,binary,core_survey,0.023596995139195758,0.023176295266915954,0.000420699872279804,5,1.0,9.0,1.899107967739519,0.4532353814220004,1.9010894388079818,0.45855845052189864,-0.004346239759923092,0.0013996409572612997,exact_values,False,False,,True,checked,0,0.0,0,0.0,[],0.019628990509059533,0.024092458884877658,0.004463468375818125,1.706050605060506,1.9185698015944375,-0.41372545802609706,0.2120703053392755,exact_values,0.1507909548158466
68,BLIND,Blind or Difficulty seeing,binary,core_survey,0.025273134533042804,0.02469395404968047,0.0005791804833623349,5,1.0,9.0,1.9737776777283784,0.43344823078776595,1.9742214889667973,0.4352258284221445,-0.0010218108955597784,0.000786712170367043,exact_values,False,False,,True,checked,0,0.0,0,0.0,[],0.02070750647109577,0.025847372643401523,0.005139866172305753,1.912863436123348,1.980183750675554,-0.13678995152853327,0.07931153447657467,exact_values,0.1308694128283177
69,DECIDE,Difficulty Concentrating or Remembering,binary,core_survey,0.026598808417267285,0.025973907239963796,0.0006249011773034885,5,1.0,9.0,1.940621213686613,0.5572532158630509,1.940762920272579,0.5611790719172034,-0.0002534006117884373,0.0008008834637915829,exact_values,False,False,,True,checked,0,0.0,0,0.0,[],0.022174288179465058,0.02719280652493649,0.005018518345471432,1.862834201005912,1.9488531913065887,-0.13916224036537492,0.10431000012574751,exact_values,0.0871580018382762
70,DIFFWALK,Difficulty Walking or Climbing Stairs,binary,core_survey,0.02788181693510293,0.027427568363214146,0.0004542485718887837,5,1.0,9.0,1.8574138049945765,0.5725385951556904,1.8575000705026368,0.5708923881817758,-0.0001508887198504019,0.0011287861516377255,exact_values,False,False,,True,checked,0,0.0,0,0.0,[],0.023295944779982744,0.028513170209921113,0.005217225429938369,1.6134717314487632,1.881464404913464,-0.41714553994764936,0.2805608104187267,exact_values,0.1335832591957083
71,DIFFDRES,Difficulty Dressing or Bathing,binary,core_survey,0.0287442668413915,0.028378390733138904,0.0003658761082525955,5,1.0,9.0,1.9730595570170346,0.387505838186835,1.9749800047047754,0.387191685587388,-0.004957928664808399,0.002072743138503599,exact_values,False,False,,True,checked,0,0.0,0,0.0,[],0.024201898188093183,0.02936973525872443,0.005167837070631245,1.9016755824749105,1.9805380135084525,-0.18003518722666464,0.0834796612280275,exact_values,0.15741842553782104
72,DIFFALON,Difficulty Doing Errands Alone,binary,core_survey,0.030054703094762825,0.02978633924245056,0.00026836385231226306,5,1.0,9.0,1.9481482877906702,0.4841101224866028,1.9490487273960857,0.48590450555735715,-0.0018565453319095012,0.0008539562912849108,exact_values,False,False,,True,checked,0,0.0,0,0.0,[],0.02545297670405522,0.0307694878994518,0.00531651119539658,1.843559096945551,1.9594419823765756,-0.20836698345100071,0.12934347896860704,exact_values,0.13617526782949824
73,SMOKE100,Smoked at Least 100 Cigarettes,categorical,core_survey,0.03212397336462127,0.03198054471150769,0.0001434286531135781,5,1.0,9.0,1.6138812446078956,0.7434748891616141,1.6140478461669232,0.7435690304777668,-0.0002240707977665305,0.0001983037948116138,exact_values,False,False,,True,checked,0,0.0,0,0.0,[],0.0274374460742019,0.03284195748094665,0.00540451140674475,1.4431334279630943,1.631486857794598,-0.25574624175968513,0.18224548869131524,exact_values,0.03509136298113469
74,SMOKDAY2,Frequency of Days Now Smoking,ordinal,core_survey,0.5832325110091883,0.5832198136753856,1.269733380271365e-05,6,1.0,9.0,2.438488987686098,0.8858293759978455,2.4398403053502093,0.885902809739413,-0.001525419782774382,0.0017215927790170378,exact_values,False,False,,True,checked,0,0.0,0,0.0,[],0.41824849007765313,0.599825344297366,0.18157685421971287,2.5412680756395996,2.424169651154292,0.1333826084349794,0.18157685421971284,exact_values,0.04586090931925106
75,STOPSMK2,Stopped Smoking in past 12 months,categorical,core_survey,0.8609566184649611,0.8602839667577872,0.0006726517071738991,5,1.0,9.0,1.453041095890411,0.6057195978238116,1.4430048422981285,0.6043108031167586,0.016588420889863478,0.0019468758970896604,exact_values,False,False,,True,checked,0,0.0,0,0.0,[],0.8399482312338222,0.8631501537638722,0.023201922530049934,1.3951482479784367,1.457437713727406,-0.10895454853428711,0.023522407174947496,exact_values,0.021304197949316192
76,LASTSMK2,Interval Since Last Smoked,ordinal,core_survey,0.7233882395965076,0.7239598094698251,0.0005715698733175234,11,1.0,99.0,6.752969173479056,6.339940260364293,6.705660252376378,5.949904034422832,0.007694989960911913,0.001640977786435894,exact_values,False,False,,True,checked,0,0.0,0,0.0,[],0.5804141501294219,0.7376905334937826,0.15727638336436067,6.888134896154637,6.732055815731626,0.025430835016366306,0.15855095518530402,exact_values,0.061079490374244774
77,USENOW3,Use of Smokeless Tobacco Products,ordinal,core_survey,0.03354412056013531,0.03343420583475804,0.00010991472537726782,6,1.0,9.0,2.977097575742287,0.490682397530482,2.9776962221675713,0.4931513680463379,-0.0012169627861204606,0.0005362537149627657,exact_values,False,False,,True,checked,0,0.0,0,0.0,[],0.028861087144089734,0.03425842358604091,0.00539733644195118,2.972680023099818,2.977350310865361,-0.009762702003342843,0.008250052981249404,exact_values,0.014262708094876439
78,ALCDAY5,Days in past 30 had alcoholic beverage,count,core_survey,0.0358541453974736,0.03594839960138601,9.425420391240974e-05,41,101.0,999.0,534.9395865600404,355.888046872891,535.0380285830796,355.8958434568305,-0.00027660649354588855,0.005200132025624273,exact_values,False,False,,True,checked,0,0.0,0,0.0,[],0.031363244176013806,0.036619200427864686,0.0052559562518508796,634.9219258005612,524.9998221751878,0.31564587802782956,0.15885754126509646,exact_values,0.04892774501194017
79,AVEDRNK2,Avg alcoholic drinks per day in past 30,count,core_survey,0.5208405077178601,0.5209226633997385,8.215568187841527e-05,49,1.0,99.0,3.469372698420775,10.487893142283745,3.517833629129215,10.615321725336887,-0.004592669652802918,0.0032571306290263015,exact_values,False,False,,True,checked,0,0.0,0,0.0,[],0.6549180327868852,0.5077550474662388,0.14716298532064642,3.6994624328041006,3.4533393317941057,0.022090294758439714,0.14747039770027343,exact_values,0.04940361984738923
80,DRNK3GE5,Binge Drinking,count,core_survey,0.5217730507260732,0.521919198383602,0.00014614765752885006,44,1.0,99.0,67.79923274472193,35.86231526011745,67.67392717815345,35.941101498853165,0.003490237562315501,0.002775709705403856,exact_values,False,False,,True,checked,0,0.0,0,0.0,[],0.6556082830025884,0.5086868231046932,0.1469214598978953,75.10910685206063,67.32112939575626,0.23456617172514577,0.14773797680384568,exact_values,0.05668442373520942
81,MAXDRNKS,Most drinks on single occasion past 30 days,count,core_survey,0.5227177838389687,0.5227603104800739,4.252664110515614e-05,59,1.0,99.0,5.563465357281962,13.84857104221884,5.671072796934866,14.15281968299515,-0.007685410290697234,0.004006001083027079,exact_values,False,False,,True,checked,0,0.0,0,0.0,[],0.6567299396031061,0.5096269554753309,0.14710298412777523,5.294332034686439,5.563590661213361,-0.019110430200149967,0.1473656840245584,exact_values,0.06322370088807683
82,FRUITJU1,How many times did you drink 100 percent PURE fruit juices?,count,core_survey,0.06319959772654547,0.06328454273672277,8.49450101772925e-05,110,101.0,999.0,367.6845577543047,192.29842117784972,368.0442624710854,192.92774854509193,-0.0018674963699592442,0.006547132073317032,exact_values,False,False,,True,checked,0,0.0,0,0.0,[],0.05750647109577222,0.0642089517315149,0.0067024806357426844,367.03318533437084,367.7376641468827,-0.0035961780490179726,0.0699661496827297,exact_values,0.030287672795710638
83,FRUIT1,How many times did you eat fruit?,count,core_survey,0.06572599692199857,0.06604558461861966,0.0003195876966210903,135,101.0,999.0,212.71490175099814,141.7647721146835,213.17663354706085,143.07695610084156,-0.0032419891540689063,0.007525401180714284,exact_values,False,False,,True,checked,0,0.0,0,0.0,[],0.060267471958584985,0.06672432811873245,0.006456856160147469,225.1964375889455,211.3521774363245,0.0954939671828172,0.07036997957236835,exact_values,0.03563680866267334
84,FVBEANS,How many times did you eat beans or lentils?,count,core_survey,0.06847181800173709,0.06877919893215334,0.0003073809304162539,109,101.0,999.0,314.4519264428283,149.9900580492306,315.29925581212694,151.33857464226523,-0.005623898909404274,0.007999756727285832,exact_values,False,False,,True,checked,0,0.0,0,0.0,[],0.06298533218291631,0.06948204973926995,0.006496717556353643,326.3026243093923,313.39689446292977,0.0841088046649027,0.051129945555925885,exact_values,0.04548424598197455
85,FVGREEN,How many times did you eat dark green vegetables?,count,core_survey,0.0705471833239368,0.07100997449236142,0.00046279116842462553,116,101.0,999.0,259.25096561809397,138.7301138189099,259.9987206235484,140.33956056336993,-0.005358823541764208,0.007277712578016677,exact_values,False,False,,True,checked,0,0.0,0,0.0,[],0.06496980155306299,0.07153362749030619,0.006563825937243195,280.9346221278952,257.0882506480415,0.1664271084065825,0.09887310656204933,exact_values,0.05237589530766197
86,FVORANG,How many times did you eat orange-colored vegetables?,count,core_survey,0.0724061742880217,0.07271962625366844,0.0003134519656467494,104,101.0,999.0,301.6227922043788,143.89474070974913,302.42207542519105,144.4219214706106,-0.0055444723772547595,0.005840980397307603,exact_values,False,False,,True,checked,0,0.0,0,0.0,[],0.06660914581535807,0.07343478406204038,0.0068256382466823085,309.7188944352006,300.9701199081861,0.060344486207565856,0.05066808648916418,exact_values,0.026452027566622793
87,VEGETAB1,How many times did you eat OTHER vegetables?,count,core_survey,0.07467048623280052,0.0751149672240558,0.0004444809912552833,134,101.0,999.0,226.9585519360544,133.22102171923285,226.84399434575883,133.94870063016558,0.0008575609869155211,0.008886044201118803,exact_values,False,False,,True,checked,0,0.0,0,0.0,[],0.06876617773943054,0.07574124214467175,0.006975064405241205,234.97391828036692,226.0656190523551,0.06549454837585902,0.05173955438760309,exact_values,0.04412476928873384
88,EXERANY2,Exercise in Past 30 Days,binary,core_survey,0.0798604233013851,0.08040848791815614,0.0005480646167710379,5,1.0,9.0,1.309949326002716,0.7216231336988517,1.3112821124632148,0.731405115160991,-0.0018344533363908913,0.0008436465703481446,exact_values,False,False,,True,checked,0,0.0,0,0.0,[],0.07333908541846419,0.08104776708116058,0.007708681662696393,1.4184823091247671,1.2999986359358162,0.16562852860262697,0.11724147068218968,exact_values,0.056903408658021834
89,EXRACT11,Type of Physical Activity,categorical,core_survey,0.32861169945296903,0.32879254701542343,0.00018084756245440037,78,1.0,99.0,52.46509854475139,23.564924301285455,52.26476517380407,23.668076157756584,0.008482751096388587,0.006122222770512317,exact_values,False,False,,True,checked,0,0.0,0,0.0,[],0.42817083692838653,0.3202717609306057,0.10789907599778081,54.97585816672954,52.23689128216477,0.11643840162399233,0.12547174726565413,exact_values,0.07691687155304623
90,EXEROFT1,"How Many Times Walking, Running, Jogging, or Swimming",count,core_survey,0.3326100537888369,0.3325958364951225,1.4217293714424706e-05,116,101.0,999.0,142.76532690393344,84.47610310150209,142.67531506849315,83.87782164110425,0.0010693099933282775,0.00656466055204111,exact_values,False,False,,True,checked,0,0.0,0,0.0,[],0.4327006039689387,0.3242077817890092,0.1084928221799295,150.64486692015208,142.04815872780333,0.09319639373032786,0.13243475028901747,exact_values,0.03982753156237352
91,EXERHMM1,"Minutes or Hours Walking, Running, Jogging, or Swimming",count,core_survey,0.33342069575022476,0.3334186635460189,2.032204205859589e-06,195,1.0,999.0,107.12584579934897,149.0206826155068,107.94886846797421,148.99152987874496,-0.0055234156868866425,0.0059041163106279704,exact_values,False,False,,True,checked,0,0.0,0,0.0,[],0.4333477135461605,0.32503509827517046,0.10831261527099001,111.67514274838219,106.88535205338682,0.02984823676915665,0.14874039242579826,exact_values,0.10245798881848568
92,EXRACT21,Other Type of Physical Activity Giving Most Exercise During Past Month,categorical,core_survey,0.33428314565651335,0.3343146307792172,3.148512270384485e-05,79,1.0,99.0,62.64925267229737,28.878764351467975,62.655468878756245,28.865687061418125,-0.00021530055779794033,0.006690949876066488,exact_values,False,False,,True,checked,0,0.0,0,0.0,[],0.4342105263157895,0.3259125551544324,0.10829797116135709,67.3144491040793,62.29474734701974,0.17651627715917959,0.14171920808808236,exact_values,0.07532726823668055
93,EXEROFT2,"How Many Times Walking, Running, Jogging, or Swimming",count,core_survey,0.5523976412147439,0.5535248996608124,0.0011272584460685353,100,101.0,999.0,147.00641366068876,88.46600467177187,146.8017815091635,86.79306567643438,0.0023350897505779004,0.00543253822311027,exact_values,False,False,,True,checked,0,0.0,0,0.0,[],0.6622088006902502,0.5425148749832865,0.11969392570696369,158.57509578544062,146.18023728411075,0.12371191215632249,0.12865684543699638,exact_values,0.044160615773131226
94,EXERHMM2,"Minutes or Hours Walking, Running, Jogging, or Swimming",count,core_survey,0.5528212473524616,0.5538997430951097,0.0010784957426480668,169,1.0,999.0,123.96480049068047,166.4038373204233,124.28153051604706,166.9925358262119,-0.0019000178592821662,0.005103153857846801,exact_values,False,False,,True,checked,0,0.0,0,0.0,[],0.6626833477135462,0.5429243548602755,0.11975899285327074,142.2074434070853,122.9011801702151,0.10794023372400383,0.12993809471236173,exact_values,0.04597402846599062
95,STRENGTH,How many times did you do physical activities or exercises to STRENGTHEN your muscles?,count,core_survey,0.08730248221006598,0.08764936596604467,0.0003468837559786886,102,101.0,999.0,602.5028248210278,365.33423072981367,602.2532667949334,365.6899729476929,0.0006827626097455215,0.005343446277047762,exact_values,False,False,,True,checked,0,0.0,0,0.0,[],0.08011216566005176,0.08856464768017115,0.00845248202011939,678.6630868076725,595.5272037115142,0.23601745640423055,0.1160965428537841,exact_values,0.03632701881898097
96,LMTJOIN3,Limited Because of Joint Symptoms,binary,core_survey,0.6915050207993662,0.6926192413534591,0.0011142205540929373,5,1.0,9.0,1.5777946813134707,0.8386340430558545,1.575622378870349,0.819931437009711,0.0026193290178417846,0.0015399356560399252,exact_values,False,False,,True,checked,0,0.0,0,0.0,[],0.4588006902502157,0.7139532357267014,0.25515254547648575,1.4677560781187724,1.601075096042887,-0.16083518646566233,0.25515254547648575,exact_values,0.09948649991367488
97,ARTHDIS2,Does Arthritis Affect Whether You Work,binary,core_survey,0.691919484358572,0.6930306548789072,0.0011111705203352695,5,1.0,9.0,1.862600403592767,1.1452823846768645,1.860316893018823,1.1437235648061748,0.001995197998461948,0.001457972974771978,exact_values,False,False,,True,checked,0,0.0,0,0.0,[],0.4597497842968076,0.714291683380131,0.2545418990833235,1.843887247464665,1.8610956740472082,-0.014374153762943757,0.2545418990833235,exact_values,0.11538156950932567
98,ARTHSOCL,Social Activities Limited Because of Joint Symptoms,ordinal,core_survey,0.6923888033888491,0.6934694959727187,0.001080692583869558,6,1.0,9.0,2.441538370088569,0.9384108963674582,2.450847053209258,0.9453416528438557,-0.009883060405878502,0.0015915946502745317,exact_values,False,False,,True,checked,0,0.0,0,0.0,[],0.4608283002588438,0.7147136983553951,0.2538853980965513,2.2502000320051208,2.476573370241809,-0.23320138375098004,0.2538853980965513,exact_values,0.14602158747540844
99,JOINPAIN,How Bad Was Joint Pain,count,core_survey,0.6981516753775123,0.6993024255112956,0.001150750133783296,14,0.0,99.0,6.187153573555989,11.323296595445766,6.207935542718151,11.363435476127277,-0.0018320784650452011,0.002609714692030067,exact_values,False,False,,True,checked,0,0.0,0,0.0,[],0.4708369283865401,0.7200578285867094,0.2492209002001693,7.1587314527963475,6.036553329950148,0.09615936481892974,0.24922090020016932,exact_values,0.16053393541393396
100,SEATBELT,How often use seatbelts in car?,ordinal,core_survey,0.09115455528974355,0.09172693112937584,0.0005723758396322942,9,1.0,9.0,1.2779454369869627,0.9514318648826651,1.2794073238982948,0.9500871263807144,-0.0015375986803070495,0.0026929672481740114,exact_values,False,False,,True,checked,0,0.0,0,0.0,[],0.0872735116479724,0.09209954539376922,0.0048260337457968205,1.343101573947157,1.2718859015307016,0.0711484016650066,0.02107676660020505,exact_values,0.10630293883987842
101,FLUSHOT6,Adult flu shot/spray past 12 mos,categorical,core_survey,0.0932543008213083,0.09372914361989047,0.0004748427985821757,5,1.0,9.0,1.5700942746231537,0.7798181532977221,1.5706517901278159,0.7802720289955944,-0.0007147221197798681,0.0008955760774928356,exact_values,False,False,,True,checked,0,0.0,0,0.0,[],0.08921484037963762,0.09419708517181441,0.004982244792176793,1.4367658203865101,1.5831841833345635,-0.1967856320215567,0.1208957456489329,exact_values,0.030437360117586326
102,FLSHTMY2,When did you (adult) receive your most recent seasonal flu shot/spray?,date,core_survey,0.5691651302055556,0.569871730405288,0.0007066001997324545,29,12014.0,999999.0,136624.13337153042,163329.0217453412,136739.20430633196,163922.34021844703,-0.0007032560230563408,0.003649565788963566,exact_values,False,False,,False,not_machine_checkable,0,0.0,0,0.0,[],0.46048317515099224,0.5803750501403931,0.1198918749894009,138657.79785702864,136131.2182459075,0.015252630351572719,0.12019400654879392,exact_values,0.06728303558894579
103,IMFVPLAC,Where did you get your last flu shot/vaccine?,categorical,core_survey,0.5668429152635348,0.5677415225957451,0.000898607332210255,14,1.0,99.0,4.132649471625368,5.332797957905846,4.122292724196278,5.313821057939526,0.0019455436437890977,0.004076654714225981,exact_values,False,False,,True,checked,0,0.0,0,0.0,[],0.4570750647109577,0.5781354459152294,0.12106038120427165,3.4969408025427096,4.197931936135652,-0.1327735895681461,0.1689435755173445,exact_values,0.060283350045202994
104,PNEUVAC3,Pneumonia shot ever,binary,core_survey,0.09454035686531458,0.0949359566278719,0.0003955997625573193,5,1.0,9.0,2.0703032179675747,1.6676837646740899,2.0687206424566895,1.664129402331471,0.0009499780035875183,0.0012612638938259437,exact_values,False,False,,True,checked,0,0.0,0,0.0,[],0.09020707506471096,0.09551327049070732,0.005306195425996363,1.5177580729290152,2.120590015198481,-0.40764521639591156,0.29480833434565873,exact_values,0.06667770188945772
105,HIVTST6,Ever tested HIV,categorical,core_survey,0.09776463955384217,0.09829126249097175,0.0005266229371295866,5,1.0,9.0,1.9093749472226444,1.1670585837480467,1.910370280244961,1.1679348431483751,-0.0008525359778449048,0.0007154108573154748,exact_values,False,False,,True,checked,0,0.0,0,0.0,[],0.09288179465056083,0.09881000133707715,0.005928206686516321,2.013601559899177,1.8985302299703264,0.09708871201691584,0.07363620149648815,exact_values,0.030179241068871474
106,HIVTSTD3,Month and Year of Last HIV Test,date,core_survey,0.7418227254026544,0.7422265699997257,0.00040384459707132336,>256,11985.0,999999.0,388963.86517464026,355722.38637109235,386607.4856180174,355336.7387311873,0.006627801055836618,0.004500000000000007,sample_quantile_bins,False,False,,False,not_machine_checkable,0,0.0,0,0.0,[],0.8021138912855911,0.7359272630030753,0.06618662828251576,452485.2620449095,385225.0946835443,0.18904645239769455,0.051206079841528834,sample_quantile_bins,0.0312949449032966
107,WHRTST10,Location of last HIV test,categorical,core_survey,0.7422585216450547,0.7425008456833578,0.0002423240383031544,12,1.0,99.0,4.590394210986828,10.920905926439096,4.679637848393396,11.136884327283772,-0.008091414294622618,0.00310963107563694,exact_values,False,False,,True,checked,0,0.0,0,0.0,[],0.8025021570319241,0.7363868832731648,0.06611527375875925,5.299257317605941,4.56757013789824,0.06205848388176289,0.0824807555777979,exact_values,0.05384853545995556
108,PDIABTST,Had a test for high blood sugar or diabetes in the past three years?,binary,optional_module,0.8127417069194082,0.8118651660739264,0.0008765408454817214,5,1.0,9.0,1.6175503694300686,1.2763540808235423,1.6184760423753524,1.2719767078431141,-0.0007264924818568007,0.0009101156239952128,exact_values,False,False,,True,checked,0,0.0,0,0.0,[],0.830716134598792,0.8110877122609974,0.019628422337794604,1.4959225280326198,1.6242148102273732,-0.1028223057367256,0.024998205357514704,exact_values,0.02939385243770421
109,PREDIAB1,Ever been told by a doctor or other health professional that you have pre-diabetes or borderline diabetes?,categorical,optional_module,0.8127417069194082,0.8118651660739264,0.0008765408454817214,6,1.0,9.0,2.7971552257266543,0.6655966912471574,2.7948294294878027,0.6684135302740875,0.0034869163914394373,0.0010563579847253505,exact_values,False,False,,True,checked,0,0.0,0,0.0,[],0.830716134598792,0.8110835338949057,0.019632600703886283,2.656472986748216,2.809302634198129,-0.19967871402684806,0.03328989130451083,exact_values,0.054103617533045864
110,INSULIN,Now Taking Insulin,binary,optional_module,0.9338382068356011,0.9332961537406632,0.0005420530949379332,4,1.0,9.0,1.678535237217872,0.5242835220072658,1.6917489035087718,0.5385041726561609,-0.024863824901254744,0.0010785469252842879,exact_values,False,False,,True,checked,0,0.0,0,0.0,[],0.8369715271786022,0.9430739403663592,0.10610241318775693,1.5956602275734322,1.702290076335878,-0.19419632200215522,0.10610241318775691,exact_values,0.1875419033182637
111,BLDSUGAR,How Often Check Blood for Glucose,ordinal,optional_module,0.9338412543617718,0.9332961537406632,0.000545100621108574,80,101.0,999.0,253.75392694274265,272.29410695018305,257.8042763157895,276.33591049893334,-0.014764921110818176,0.0016301711174855412,exact_values,False,False,,True,checked,0,0.0,0,0.0,[],0.8369715271786022,0.9430781187324508,0.1061065915538486,227.76131251653877,260.27145269030314,-0.12289027451729023,0.10621805046076094,exact_values,0.19812694734230224
112,FEETCHK2,How Often Check Feet for Sores or Irritations,ordinal,optional_module,0.9338473494141131,0.9332961537406632,0.0005511956734498558,73,101.0,999.0,268.7538582024232,283.50828166318473,275.7324561403509,288.7290709155806,-0.024389556129084246,0.0017125772515783465,exact_values,False,False,,True,checked,0,0.0,0,0.0,[],0.8370146678170837,0.9430822970985426,0.10606762928145896,253.51799894123874,272.99889884011156,-0.06978024094891044,0.10620833675101331,exact_values,0.19004844466988458
113,DOCTDIAB,Times Seen Health Professional for Diabetes,count,optional_module,0.9338503969402837,0.9333144387862387,0.0005359581540450575,48,1.0,99.0,14.523173316133787,28.02596895985019,15.819714834110227,29.343072320410318,-0.04518813378185909,0.002142196025612211,exact_values,False,False,,True,checked,0,0.0,0,0.0,[],0.8370146678170837,0.9430822970985426,0.10606762928145896,15.87083112758073,14.071281750110115,0.06369793255475754,0.10611776967455962,exact_values,0.2424671599751978
114,CHKHEMO3,Times Checked for Glycosylated Hemoglobin,ordinal,optional_module,0.9338503969402837,0.9333235813090264,0.000526815631257338,42,1.0,99.0,14.492674836450751,28.759787420831724,14.415055532702592,28.695746302820584,0.0027018896353914437,0.0013192971462800986,exact_values,False,False,,True,checked,0,0.0,0,0.0,[],0.8370146678170837,0.9430822970985426,0.10606762928145896,15.78215987294865,14.183379826750844,0.054937809864927876,0.10610941294237616,exact_values,0.28118945462969586
115,FEETCHK,Times Feet Check for Sores/irritations,count,optional_module,0.9344599021744099,0.9339544153813804,0.0005054867930295304,46,1.0,99.0,24.242583465079512,36.528859121070326,24.205426356589147,36.45942606611783,0.0010181659038120028,0.0011213368908835342,exact_values,False,False,,True,checked,0,0.0,0,0.0,[],0.8387402933563417,0.9436004144939163,0.10486012113757459,23.326645264847514,24.448362720403022,-0.031071337977448734,0.104914439896767,exact_values,0.26927368678172464
116,EYEEXAM,Last Eye Exam Where Pupils Were Dilated,categorical,optional_module,0.9338503969402837,0.9333235813090264,0.000526815631257338,8,1.0,9.0,2.4106237906569614,1.4608296678996484,2.4079254079254078,1.4811499858558683,0.001834355560280403,0.0009384883854742377,exact_values,False,False,,True,checked,0,0.0,0,0.0,[],0.8370146678170837,0.9430822970985426,0.10606762928145896,2.3488618316569614,2.427617090001468,-0.05496845423647621,0.10606762928145892,exact_values,0.14375272372651499
117,DIABEYE,Ever Told Diabetes Has Affected Eyes,binary,optional_module,0.9338534444664544,0.9333235813090264,0.0005298631574279788,5,1.0,9.0,1.8852338170928358,0.7029446550979424,1.8852324146441795,0.731735372824221,1.9546746628385553e-06,0.0006917074735361507,exact_values,False,False,,True,checked,0,0.0,0,0.0,[],0.8370146678170837,0.9430864754646343,0.10607180764755064,1.836156696664902,1.8985390206299098,-0.08472380876136228,0.10607180764755063,exact_values,0.21576296985637355
118,DIABEDU,Ever Taken Class in Managing Diabetes,binary,optional_module,0.9338534444664544,0.9333235813090264,0.0005298631574279788,5,1.0,9.0,1.4660677263303385,0.623255783367955,1.4624982860276978,0.6369698596601976,0.005664428412528181,0.0007403187187035211,exact_values,False,False,,True,checked,0,0.0,0,0.0,[],0.8370146678170837,0.9430864754646343,0.10607180764755064,1.4544732662784543,1.4683943910138757,-0.022049908343105322,0.10607180764755063,exact_values,0.1335993521797761
119,CAREGIV1,Provided regular care for family or friend,categorical,optional_module,0.7536501744708732,0.7515976558571572,0.0020525186137160256,6,1.0,9.0,1.8086619822851204,0.5982719486641626,1.8065881486934119,0.584067090235031,0.003507765319523211,0.0021439514200784797,exact_values,False,False,,True,checked,0,0.0,0,0.0,[],0.7293787748058671,0.756906839149619,0.02752806434375188,1.8181093575641638,1.806785953694632,0.01880280435100574,0.027627095585788065,exact_values,0.009837492093558123
120,CRGVREL1,Relationship Of Person To Whom You Are Giving Care?,categorical,optional_module,0.9456534657991376,0.9453277137293264,0.0003257520698111138,18,1.0,99.0,7.574216340492345,8.67021676871045,7.626086956521739,8.749963501450706,-0.005955170580100577,0.001078663444492281,exact_values,False,False,,True,checked,0,0.0,0,0.0,[],0.9419758412424504,0.9459026942104559,0.003926852968005545,8.358364312267659,7.555186529697999,0.0949610073671389,0.013153324851718832,exact_values,0.13492115242919028
121,CRGVLNG1,How Long Provided Care For Person.,ordinal,optional_module,0.9457083212702089,0.9453917113888406,0.0003166098813682794,8,1.0,9.0,3.3603143418467583,1.5389442061682703,3.3554327808471456,1.5379792734239253,0.0031730140784758626,0.0009933139326743917,exact_values,False,False,,True,checked,0,0.0,0,0.0,[],0.9419758412424504,0.9459570129696484,0.00398117172719803,3.5115241635687733,3.3379464976032165,0.11354262336913078,0.005711157331987753,exact_values,0.01630743481857752
122,CRGVHRS1,How Many Hours Do You Provide Care For Person?,ordinal,optional_module,0.9457875569506453,0.945446566525567,0.00034099042507829136,7,1.0,9.0,2.210242284557873,1.7203384999067075,2.208647561588738,1.724790108784298,0.0009257835157769357,0.0007433188793424693,exact_values,False,False,,True,checked,0,0.0,0,0.0,[],0.9420621225194132,0.9460322235592994,0.003970101039886154,2.4125093075204767,2.199829668628058,0.12031410434399968,0.00514567118100371,exact_values,0.03488349217183602
123,CRGVPRB1,"What Is The Major Health Problem, Illness, Disability For Care For Person?",categorical,optional_module,0.9458515550002285,0.9455379917534444,0.00031356324678410985,16,1.0,99.0,12.686965330932013,17.354146974723935,12.70522074869901,17.533719487291975,-0.0010465057226368521,0.0010604417572809299,exact_values,False,False,,True,checked,0,0.0,0,0.0,[],0.9421052631578948,0.9460990774167669,0.00399381425887213,12.833084947839046,12.791007751937984,0.0023906955124931933,0.004207849709990349,exact_values,0.015968038441319582
124,CRGVPERS,Managed personal care,binary,optional_module,0.9459277431544943,0.9455837043673831,0.0003440387871112005,5,1.0,9.0,1.5339006932311334,0.7245798722469252,1.5231854838709677,0.7324102668102535,0.014708479252389224,0.0008409449240071317,exact_values,False,False,,True,checked,0,0.0,0,0.0,[],0.9421052631578948,0.9461868231046932,0.004081559946798374,1.5648286140089418,1.528146595232549,0.050174465940102615,0.004081559946798389,exact_values,0.010923624646173538
125,CRGVHOUS,Managed household tasks,binary,optional_module,0.9459612659423713,0.9456385595041096,0.00032270643826171064,5,1.0,9.0,1.2603767200541394,0.6607165772217578,1.2589976454759502,0.7066480268843907,0.0020159907291704892,0.0008439029571849562,exact_values,False,False,,True,checked,0,0.0,0,0.0,[],0.9421052631578948,0.9462202500334269,0.004114986875532134,1.2846497764530551,1.2560018646569808,0.0435290573070287,0.004131807773298136,exact_values,0.017802115847066452
126,CRGVMST2,Which support do you MOST need that you are not getting?,categorical,optional_module,0.946104499672391,0.9457756973459256,0.00032880232646537166,9,1.0,9.0,5.511789652247668,1.340118272296757,5.455741021750127,1.4014668242664083,0.04087752240101274,0.0010787614075566541,exact_values,False,False,,True,checked,0,0.0,0,0.0,[],0.9421915444348576,0.9463748495788207,0.004183305143963034,5.511940298507462,5.511453950444133,0.0003621878556705995,0.004183305143963049,exact_values,0.04341835931349393
127,CRGVEXPT,Do you expect to have a relative you will need to provide care for?,binary,optional_module,0.8086519267984213,0.8069007762001846,0.001751150598236717,5,1.0,9.0,2.215104797094986,1.4089376665849682,2.2230481511292077,1.4175277704084959,-0.005620671844024765,0.001885420791454247,exact_values,False,False,,True,checked,0,0.0,0,0.0,[],0.7881363244176014,0.8116267214868298,0.023490397069228397,2.315414375890857,2.2116762415988287,0.07100103122954285,0.026064260487316734,exact_values,0.02568901058835278
128,VIDFCLT2,Difficulty recognizing friend across street,ordinal,optional_module,0.9927682203970927,0.9927499794293237,1.8240967768923255e-05,9,1.0,8.0,1.3619890434049726,0.847904984110661,1.3921815889029003,0.9388836747261807,-0.0337515944237913,0.0001340833501260696,exact_values,False,False,,True,checked,0,0.0,0,0.0,[],0.9895168248490077,0.9930221286268218,0.003505303777814106,1.5390946502057614,1.341317365269461,0.21508253607869302,0.0035220172421809486,exact_values,0.02630918925958635
129,VIREDIF3,Difficulty reading typed text,ordinal,optional_module,0.992789553080287,0.9927865495204746,3.0035598124200646e-06,8,1.0,7.0,1.7252747252747254,1.0744533240949725,1.7110266159695817,1.0621462765801426,0.013336961158755708,0.00013101392436257065,exact_values,False,False,,True,checked,0,0.0,0,0.0,[],0.9895168248490077,0.9930471988233721,0.003530373974364398,1.9382716049382716,1.7157451923076923,0.19467100446205168,0.0035638009030981585,exact_values,0.06068782819586603
130,VIPRFVS2,Last time visited eye care provider,categorical,optional_module,0.992789553080287,0.9927865495204746,3.0035598124200646e-06,8,1.0,9.0,2.4002535925612847,1.0733771780185113,2.400506970849176,1.058156680492569,-0.00023773662090581946,0.00030471483608607297,exact_values,False,False,,True,checked,0,0.0,0,0.0,[],0.9895168248490077,0.9930471988233721,0.003530373974364398,2.4979423868312756,2.4038461538461537,0.08120510826825003,0.0036167626847263498,exact_values,0.07386009136812922
131,VINOCRE2,Reason did not use eye doc past 12 mos,categorical,optional_module,0.9975741691681778,0.9976320865979759,5.7917429798104436e-05,11,1.0,99.0,6.038944723618091,10.414390936818352,6.386100386100386,12.55096020898516,-0.030102997821466793,0.0002102893918455746,exact_values,False,False,,True,checked,0,0.0,0,0.0,[],0.9959447799827438,0.9976350447920845,0.001690264809340758,6.638297872340425,6.141342756183746,0.0418290115754151,0.0017111566397993757,exact_values,0.024905476375778376
132,VIEYEXM2,When last eyexam,categorical,optional_module,0.9942980785347494,0.9941853555069986,0.00011272302775078291,9,1.0,9.0,2.8385889898450025,1.3295261178279798,2.839622641509434,1.3327287403430674,-0.0007765228887365258,0.00024378966716391483,exact_values,False,False,,True,checked,0,0.0,0,0.0,[],0.9938740293356342,0.994242211525605,0.00036818218997081154,2.7183098591549295,2.8476052249637154,-0.0967503950264009,0.0007444218848726726,exact_values,0.015555495971545694
133,VIINSUR2,Eye care health insurance,categorical,optional_module,0.9928078382373109,0.9927956920432625,1.2146194048434644e-05,5,1.0,8.0,1.5885593220338983,1.054347557451823,1.6129441624365481,1.1031496034734312,-0.022598967866712383,9.44545322493468e-05,exact_values,False,False,,True,checked,0,0.0,0,0.0,[],0.9895168248490077,0.9930680906538307,0.0035512658048230117,1.6502057613168724,1.5756479807112718,0.07179496825562214,0.0035554441709147095,exact_values,0.05669792920596704
134,VICTRCT4,Hlth care pro said now have cataracts,categorical,optional_module,0.9928139332896522,0.9928048345660502,9.098723601996817e-06,5,1.0,7.0,2.431297709923664,0.8546560173403661,2.383735705209657,0.8555906413993603,0.055620044475877435,0.00017978632378597677,exact_values,False,False,,True,checked,0,0.0,0,0.0,[],0.9895168248490077,0.9930722690199224,0.00355544417091469,2.251028806584362,2.466224366706876,-0.25996862419953237,0.0035805143674650284,exact_values,0.11964899954235848
135,VIGLUMA2,Hlth care pro EVER said have glaucoma,binary,optional_module,0.9928139332896522,0.9928048345660502,9.098723601996817e-06,4,1.0,7.0,1.955470737913486,0.4120350349289127,1.9453621346886911,0.2996197755496108,0.02806079139182433,6.395692515693219e-05,exact_values,False,False,,True,checked,0,0.0,0,0.0,[],0.9895168248490077,0.9930722690199224,0.00355544417091469,1.9588477366255144,1.9559710494571774,0.005434079652814458,0.0035554441709146874,exact_values,0.03358001537376751
136,VIMACDG2,Hlth care pro EVER said have macular degeneration,binary,optional_module,0.992823075868164,0.9928048345660502,1.8241302113808366e-05,4,1.0,7.0,1.9995753715498938,0.5868334454739034,1.9898348157560355,0.5612640916646852,0.016963961192897305,2.738432641896764e-05,exact_values,False,False,,True,checked,0,0.0,0,0.0,[],0.9895168248490077,0.9930764473860142,0.0035596225370064793,1.9176954732510287,1.9993964996982498,-0.15939113934269117,0.003591692488176017,exact_values,0.03464410484336082
137,CIMEMLOS,Have you experienced confusion or memory loss that is happening more often or is getting worse?,categorical,optional_module,0.7359562375241897,0.7361376498230922,0.00018141229890245025,5,1.0,9.0,1.9422104752891207,0.5974025617237112,1.9392259450469491,0.5912580032346115,0.005021602390031683,0.0006048477535336362,exact_values,False,False,,True,checked,0,0.0,0,0.0,[],0.6377911993097498,0.745178165530151,0.10738696622040123,1.8745831348261077,1.9509887515167414,-0.11413774754828865,0.10738696622040127,exact_values,0.13955477596567412
138,CDHOUSE,Given up day-to-day chores due to confusion or memory loss,ordinal,optional_module,0.9705669922440459,0.9701405205752476,0.00042647166879827836,8,1.0,9.0,3.981259059846759,1.3582543296315142,3.954378444580527,1.3452192900136732,0.019885751885862602,0.0005514230280019366,exact_values,False,False,,True,checked,0,0.0,0,0.0,[],0.9251509922346851,0.9750008356732184,0.04984984343853327,3.7487031700288185,4.065351830185525,-0.22754014413888773,0.04984984343853327,exact_values,0.24252499687513995
139,CDASSIST,Need assistance with day-to_day activities due to confusion or memory loss,ordinal,optional_module,0.9706035625580934,0.9701496630980353,0.0004538994600581381,8,1.0,9.0,4.0697698527887205,1.2668947381420268,4.032771822358346,1.2807316791581607,0.02904467035433572,0.0007160785441397441,exact_values,False,False,,True,checked,0,0.0,0,0.0,[],0.9251941328731665,0.9750426193341356,0.049848486460969066,3.8292964244521337,4.145320609409008,-0.24417347702353795,0.049848486460969066,exact_values,0.24649005174426025
140,CDHELP,When you need help with day-to-day activities are you able to get it,ordinal,optional_module,0.990601429289774,0.9900712202525165,0.0005302090372575341,8,1.0,9.0,2.205252918287938,1.2835731204289031,2.1703499079189688,1.3064104825893461,0.02695125448736173,0.0008136416762335448,exact_values,False,False,,True,checked,0,0.0,0,0.0,[],0.969672131147541,0.9926920377055756,0.023019906558034542,2.1578947368421053,2.2144082332761577,-0.044302315647210606,0.023028263290218034,exact_values,0.20648620282160224
141,CDSOCIAL,Does confusion or memory loss interfere with work or social activities,ordinal,optional_module,0.9706523229768236,0.9702045182347617,0.0004478047420618525,8,1.0,9.0,3.999896157840083,1.4006006683589223,3.9512120282295182,1.4047701481808892,0.0347077652291468,0.0006307490930176639,exact_values,False,False,,True,checked,0,0.0,0,0.0,[],0.925237273511648,0.9750927597272363,0.04985548621558833,3.8343912290825157,4.05787619526925,-0.1561832533662804,0.04985548621558831,exact_values,0.21957382419403387
142,CDDISCUS,Have you discussed your confusion or memory loss with a health care professional?,binary,optional_module,0.9706827982385299,0.9702593733714882,0.0004234248670417218,5,1.0,9.0,1.604989604989605,0.7406352627356707,1.5911466338764217,0.6768366918889168,0.019512161643493644,0.0005087567143024992,exact_values,False,False,,True,checked,0,0.0,0,0.0,[],0.9252804141501294,0.9751220082898783,0.04984159413974887,1.5675519630484989,1.6207591535102452,-0.06870371844459651,0.04984159413974889,exact_values,0.1663343731270739
143,WTCHSALT,Watching Sodium or Salt Intake,categorical,optional_module,0.906693891233791,0.9059874381736897,0.0007064530601013086,5,1.0,9.0,1.4140510174086292,0.6647168503279176,1.4097053389088787,0.6618860217763339,0.0065515742459825565,0.0009352328410332592,exact_values,False,False,,True,checked,0,0.0,0,0.0,[],0.8874460742018981,0.9086442037705575,0.021198129568659407,1.2805672671521655,1.4333150384193194,-0.22241552691797392,0.03148189823654638,exact_values,0.043881454543917384
144,LONGWTCH,How Long Watching Salt/Sodium Intake,count,optional_module,0.9425998445761653,0.9417255597509577,0.0008742848252075719,137,101.0,999.0,425.9858242633395,121.71973299915086,425.00345152180734,122.71682905137084,0.008037787475585546,0.0025048657938526206,exact_values,False,False,,True,checked,0,0.0,0,0.0,[],0.9144521138912856,0.9455558898248428,0.031103775933557287,426.82702975289965,425.7064466615503,0.009389502571094154,0.032569709711206325,exact_values,0.10799422550226336
145,DRADVISE,Doctor Advised Reduced Sodium/Salt Intake,binary,optional_module,0.9067700793880568,0.9060880059243548,0.000682073463701971,5,1.0,9.0,1.7286872384937237,0.6324375475512389,1.731989875389408,0.6529325268606972,-0.005138157819851458,0.0006851214913899951,exact_values,False,False,,True,checked,0,0.0,0,0.0,[],0.8877049180327868,0.9087152359941169,0.021010317961330016,1.4729158663081061,1.7631253719046094,-0.42483529088599487,0.04029904886976605,exact_values,0.11469112648487863
146,ASTHMAGE,Age at Asthma Diagnosis,count,optional_module,0.9976198820607372,0.9978789347132447,0.00025905265250758536,73,11.0,99.0,62.92573623559539,33.322036571268164,64.30603448275862,32.299732540776674,-0.04206319943058758,0.0006247487717397793,exact_values,False,False,,True,checked,0,0.0,0,0.0,[],0.9959879206212252,0.9977436823104693,0.001755761689244073,66.91397849462365,61.79074074074074,0.1597661403251303,0.0023421973530486796,exact_values,0.0001416889324577647
147,ASATTACK,Asthma During Past 12 Months,categorical,optional_module,0.9985067121763909,0.9986469066274147,0.0001401944510238673,4,1.0,7.0,1.626530612244898,0.8860081333307255,1.5337837837837838,0.8088659106172393,0.10933073150721288,0.00016761778435135072,exact_values,False,False,,True,checked,0,0.0,0,0.0,[],0.9971527178602243,0.9985751771627223,0.0014224593024979582,1.7121212121212122,1.5865102639296187,0.1233174070121222,0.001422459302497958,exact_values,0.00011469264591447426
148,ASERVIST,Emergency Asthma Care During Past 12 Months,count,optional_module,0.9993051640330961,0.9992777406997687,2.7423333327392108e-05,9,1.0,98.0,60.69298245614035,40.21087554577228,57.74683544303797,40.878166731178574,0.07266203130095111,8.83741910849654e-05,exact_values,False,False,,True,checked,0,0.0,0,0.0,[],0.9985332182916307,0.9993481748896912,0.0008149565980605233,52.794117647058826,64.06410256410257,-0.2767718197563185,0.0008191349641521946,exact_values,6.565545082355684e-05
149,ASDRVIST,Urgent Asthma Treatment During Past 12 Months,count,optional_module,0.9993051640330961,0.9992868832225564,1.8280810539672565e-05,12,1.0,98.0,54.21491228070175,42.064824102172246,56.48717948717949,41.531496725375014,-0.054361745654193556,7.008959130273796e-05,exact_values,False,False,,True,checked,0,0.0,0,0.0,[],0.9985332182916307,0.9993481748896912,0.0008149565980605233,50.8235294117647,54.32692307692308,-0.0828923410425483,0.0008316700624273652,exact_values,6.565545082355684e-05
150,ASRCHKUP,Routine Asthma Care During Past 12 Months,count,optional_module,0.9985158547549027,0.9986560491502025,0.0001401943952997753,19,1.0,99.0,36.794661190965094,41.96800057321214,28.34013605442177,39.811887022355634,0.20669111992772524,0.00029561327055217964,exact_values,False,False,,True,checked,0,0.0,0,0.0,[],0.9971527178602243,0.9985835338949057,0.0014308160346814258,37.54545454545455,36.21828908554572,0.03157042191567943,0.0014934915260572676,exact_values,0.00011536556746170878
151,ASACTLIM,Activities Limited Because of Asthma During Past 12 Months,ordinal,optional_module,0.9985158547549027,0.9986560491502025,0.0001401943952997753,26,1.0,999.0,680.4845995893223,364.34934167815913,710.3809523809524,344.3738344713209,-0.084333307985353,0.00025599838371418766,exact_values,False,False,,True,checked,0,0.0,0,0.0,[],0.9971527178602243,0.9985835338949057,0.0014308160346814258,597.560606060606,690.1828908554572,-0.2453590457120059,0.0015088480128599472,exact_values,0.0520488063989495
152,ASYMPTOM,Asthma Symptoms During Past 30 Days,ordinal,optional_module,0.9985189022810733,0.998674334195778,0.00015543191470468454,9,1.0,9.0,4.242798353909465,2.785673886242092,4.344827586206897,2.691953041412505,-0.03724762665210316,0.00026514001491547903,exact_values,False,False,,True,checked,0,0.0,0,0.0,[],0.9971958584987057,0.9985835338949057,0.0013876753961999944,3.876923076923077,4.283185840707965,-0.15298140411320307,0.0013918537622916983,exact_values,0.00011188674495318796
153,ASNOSLEP,Sleep Difficulty Because of Asthma During Past 30 Days,ordinal,optional_module,0.9989577460496442,0.9990308925844997,7.314653485557265e-05,8,1.0,8.0,5.321637426900585,2.8687772131955636,5.773584905660377,2.6856818777456515,-0.16264486873737913,0.00013104535278593872,exact_values,False,False,,True,checked,0,0.0,0,0.0,[],0.9976704055220017,0.9990515108971788,0.0013811053751771052,5.5,5.180616740088106,0.1145765139773185,0.0014480666660437289,exact_values,0.0001113047783289911
154,ASTHMED3,Days used prescribed preventative asthma med in past 30 days,count,optional_module,0.998521949807244,0.9986834767185657,0.00016152691132176322,7,1.0,9.0,4.418556701030928,2.8682524546650714,4.222222222222222,2.734665438719771,0.0700630286455105,0.00021942606359705646,exact_values,False,False,,True,checked,0,0.0,0,0.0,[],0.9971958584987057,0.9985877122609974,0.0013918537622916727,4.046153846153846,4.511834319526627,-0.16556185736918858,0.0013918537622916757,exact_values,0.00011222321386469836
155,ASINHALR,Times used asthma inhaler during an attack in past 30 days,ordinal,optional_module,0.998521949807244,0.9986834767185657,0.00016152691132176322,10,1.0,9.0,4.927835051546392,3.168294681573488,5.159722222222222,3.067896479956322,-0.07435856902185684,0.00022857036955775198,exact_values,False,False,,True,checked,0,0.0,0,0.0,[],0.9971958584987057,0.9985877122609974,0.0013918537622916727,4.553846153846154,4.92603550295858,-0.11947482483319398,0.0014351018341722049,exact_values,0.00011222321386469836
156,HAREHAB1,Outpatient rehab after heart attack hosp stay,binary,optional_module,0.9976442622701023,0.9978240795765183,0.00017981730641603022,5,1.0,9.0,1.7244501940491592,0.9917563779665592,1.588235294117647,0.6068483773069182,0.16568227793247262,0.00020723930236378696,exact_values,False,False,,True,checked,0,0.0,0,0.0,[],0.9732528041415013,1.0,0.026747195858498718,1.735483870967742,,,0.02674719585849871,exact_values,0.911697929205967
157,STREHAB1,Outpatient rehab after hosp stay for stroke,binary,optional_module,0.9984244289697838,0.998500626262811,7.619729302721368e-05,5,1.0,9.0,1.6479690522243713,0.6280521105670216,1.7804878048780488,1.1155704025394413,-0.14638949479387384,0.00011581485462462609,exact_values,False,False,,True,checked,0,0.0,0,0.0,[],0.9936583261432269,0.9989136248161519,0.005255298672924957,1.6666666666666667,1.65,0.024232855157763133,0.005259477039016689,exact_values,0.0004237338170660493
158,CVDASPRN,Take Aspirin Daily or Every Other Day,binary,optional_module,0.9571944474073171,0.9578895400396785,0.0006950926323614492,5,1.0,9.0,1.709169870425744,0.50477986686176,1.713200173686496,0.5167908904528291,-0.007889859205553565,0.000716425148383397,exact_values,False,False,,True,checked,0,0.0,0,0.0,[],0.9540983606557377,0.9572177095868432,0.0031193489311054368,1.355263157894737,1.7510499072175016,-0.7400951594251944,0.019644928866688092,exact_values,0.12409263438045563
159,ASPUNSAF,Health Makes Taking Aspirin Unsafe,categorical,optional_module,0.9699788196931142,0.9703416560765777,0.0003628363834635717,6,1.0,9.0,2.8559537102832198,0.6833874492077218,2.8307644882860665,0.6956996903890902,0.036528827611183666,0.0007407068374424938,exact_values,False,False,,True,checked,0,0.0,0,0.0,[],0.9845556514236411,0.9681566720149752,0.01639897940866586,2.5754189944134076,2.8762629576171106,-0.3221309406532315,0.018412618028206932,exact_values,0.05923891281252443
160,RLIVPAIN,Take Aspirin to Relieve Pain,binary,optional_module,0.9872217227665443,0.9875478839631008,0.0003261611965564848,5,1.0,9.0,1.8168375864536133,0.5523687184697373,1.81791483113069,0.5676308275007891,-0.0019234734102709285,0.00032920866700297845,exact_values,False,False,,True,checked,0,0.0,0,0.0,[],0.9695427092320966,0.9890652159379596,0.019522506705862974,1.8781869688385269,1.803974016048911,0.13100736825244783,0.01952250670586298,exact_values,0.1391098740757986
161,RDUCHART,Take Aspirin to Reduce Chance of Heart Attack,binary,optional_module,0.9872186752403737,0.9875570264858885,0.0003383512455148452,4,1.0,7.0,1.311874105865522,1.0254357703926358,1.2703894195444525,0.9130037359733418,0.04273033164853613,0.0003474937683026055,exact_values,False,False,,True,checked,0,0.0,0,0.0,[],0.9695427092320966,0.9890610375718679,0.019518328339771296,1.206798866855524,1.346829640947288,-0.13730188942542687,0.02000137918527357,exact_values,0.14987974738778526
162,RDUCSTRK,Take Aspirin to Reduce Chance of Stroke,binary,optional_module,0.9872217227665443,0.9875570264858885,0.00033530371934420433,5,1.0,9.0,1.7140472215597424,1.5756723297937565,1.68626010286554,1.511414581338141,0.01799826299720122,0.00041451855894669617,exact_values,False,False,,True,checked,0,0.0,0,0.0,[],0.969585849870578,0.9890610375718679,0.019475187701289864,1.6680851063829787,1.710847975553858,-0.02724234511478495,0.01947518770128984,exact_values,0.13767898468634593
163,ARTTODAY,What Can You Do Because of Arthritis or Joint Symptoms,categorical,optional_module,0.955551830801347,0.9559513252086781,0.0003994944073311135,7,1.0,9.0,2.2387384298937265,0.9995100886705113,2.2345371523453714,1.0040363762337952,0.004193830191563902,0.0005486930180661154,exact_values,False,False,,True,checked,0,0.0,0,0.0,[],0.9231233822260569,0.958655067522396,0.0355316852963391,2.5224466891133557,2.1888832743810007,0.3261753821214839,0.0355316852963391,exact_values,0.16772761380708023
164,ARTHWGT,Dr. Suggest Lose Weight for Arthritis or Joint Symptoms,binary,optional_module,0.9555823060630533,0.9559696102542535,0.00038730419120025505,5,1.0,9.0,1.6796569468267581,0.6976224403490043,1.6696428571428572,0.6624419026921038,0.01472098175383128,0.00038730419120024925,exact_values,False,False,,True,checked,0,0.0,0,0.0,[],0.9231665228645384,0.9586884944511298,0.03552197158659143,1.6771476698483998,1.6807929604531202,-0.005030642079328361,0.035521971586591435,exact_values,0.07024321087936854
165,ARTHEXER,Dr. Suggest Use of Physical Activity or Exercise for Arthritis or Joint Symptoms,binary,optional_module,0.9555944961677358,0.9559696102542535,0.0003751140865176916,5,1.0,9.0,1.4947498455836936,0.8251231698135726,1.485672757475083,0.7888618610184379,0.011245207248845509,0.00037511408651770637,exact_values,False,False,,True,checked,0,0.0,0,0.0,[],0.9231665228645384,0.958701029549405,0.035534506684866574,1.5014037057832679,1.4981788749494132,0.0038523095316643744,0.03553450668486659,exact_values,0.06495857516358895
166,ARTHEDU,Ever Taken Class in Managing Arthritis or Joint Symptoms,binary,optional_module,0.9556188763771009,0.9559878952998291,0.0003690189227282259,5,1.0,9.0,1.8970679118313534,0.5271392295630359,1.895513086830079,0.5292529250144764,0.0029436452783445145,0.00038726830484450974,exact_values,False,False,,True,checked,0,0.0,0,0.0,[],0.9231665228645384,0.958730278112047,0.035563755247508655,1.8921953958450308,1.9006783436266073,-0.014660982335368323,0.03556375524750866,exact_values,0.08785686960331805
167,TETANUS,Received Tetanus Shot Since 2005?,categorical,optional_module,0.9082968899995428,0.9075873796615438,0.000709510337999042,7,1.0,9.0,3.4226180585557144,1.596710816804236,3.4519192718638703,1.5895518817008465,-0.01839216795493842,0.0020567365700366563,exact_values,False,False,,True,checked,0,0.0,0,0.0,[],0.8889559965487489,0.9098433948388822,0.020887398290133308,3.5571095571095572,3.4202159707095516,0.08778303015115177,0.023717786708161066,exact_values,0.03472313929000066
168,HPVADVC2,Have you ever had the HPV vaccination?,categorical,optional_module,0.9753485608057659,0.9747483520602676,0.0006002087454983762,6,1.0,9.0,2.3533193225367786,1.5756449827472414,2.343591600289645,1.5501432476056658,0.006223965158604238,0.0008988992989199435,exact_values,False,False,,True,checked,0,0.0,0,0.0,[],0.99404659188956,0.9738768551945447,0.020169736695015317,2.4420289855072466,2.355246321177223,0.055273625883783886,0.020183628770854663,exact_values,0.07684731707123799
169,HPVADSHT,How many HPV shots did you receive?,count,optional_module,0.9966507687384766,0.9968366871154426,0.0001859183769660211,6,1.0,99.0,14.443130118289353,27.514264571264427,12.780346820809248,25.78452880878912,0.06236194980858582,0.00025296105506388304,exact_values,False,False,,True,checked,0,0.0,0,0.0,[],0.9995685936151855,0.9963940700628426,0.003174523552342823,10.1,14.417149478563152,-0.17222855869516795,0.0031745235523428506,exact_values,0.07534310751109558
170,SHINGLE2,Have you ever had the shingles or zoster vaccine?,binary,optional_module,0.9366145031770461,0.9365874619442489,2.704123279717585e-05,5,1.0,9.0,1.80013462185682,0.8177957125973534,1.8055074971164937,0.7934483030259151,-0.006668464726864848,0.0008926492219797256,exact_values,False,False,,True,checked,0,0.0,0,0.0,[],0.9018119068162209,0.9397688527878059,0.03795694597158494,1.804920913884007,1.7968782518210198,0.009597623820544559,0.03799037290031875,exact_values,0.05592052903604351
171,HADMAM,Have You Ever Had a Mammogram,categorical,optional_module,0.9481951026254438,0.9485641667961857,0.0003690641707418951,5,1.0,9.0,1.2050120595329137,0.5441036353108257,1.2159616068254533,0.5854933487043321,-0.01937364309406484,0.0005609982488526687,exact_values,False,False,,True,checked,0,0.0,0,0.0,[],0.9602243313201035,0.9472105227971654,0.013013808522938097,1.0921908893709327,1.2107012822542347,-0.21210993175009946,0.013102803755029448,exact_values,0.06664289629464594
172,HOWLONG,How Long since Last Mammogram,ordinal,optional_module,0.9578618556386853,0.9584380914069428,0.0005762357682574937,8,1.0,9.0,1.8502205829174803,1.3612859739764878,1.8488781346238452,1.3755116856571454,0.0009810225858308897,0.0006920066565238916,exact_values,False,False,,True,checked,0,0.0,0,0.0,[],0.9626833477135461,0.9573764874983286,0.005306860215217535,2.1040462427745665,1.83001666503284,0.19001669867031784,0.007045721693448026,exact_values,0.02084897661500784
173,HADPAP2,Ever Had a Pap Test,categorical,optional_module,0.9482133877824676,0.9486098794101244,0.00039649162765686974,5,1.0,9.0,1.1040428411698935,0.5838230091365627,1.1113680839708238,0.6202253780342891,-0.01216213125972162,0.0004574207529939894,exact_values,False,False,,True,checked,0,0.0,0,0.0,[],0.9602243313201035,0.9472230578954406,0.013001273424662951,1.1442516268980478,1.0995962314939434,0.06512184620306145,0.013197226897377649,exact_values,0.022789091807629974
174,LASTPAP2,How Long Since Last Pap Test,ordinal,optional_module,0.9516723299861337,0.9521297506834036,0.00045742069726983914,8,1.0,9.0,2.5959767940471687,1.7183515221147432,2.599694423223835,1.7215969361377648,-0.00216144373513924,0.0006402024451415709,exact_values,False,False,,True,checked,0,0.0,0,0.0,[],0.9630284728213978,0.9507119935820297,0.012316479239368072,3.3302217036172697,2.5495083079009833,0.44582952773072526,0.016686721381847888,exact_values,0.045419752407504656
175,HPVTEST,Have you ever had an HPV test?,count,optional_module,0.9482408155180032,0.9486464495012754,0.00040563398327220224,5,1.0,9.0,3.128827131417805,2.49656059024446,3.1470535873241943,2.501576278460741,-0.007293296365361054,0.0004908746658154758,exact_values,False,False,,True,checked,0,0.0,0,0.0,[],0.9602243313201035,0.9472481280919909,0.01297620322811266,3.3839479392624727,3.1196039603960397,0.10539095811975493,0.013044306629745353,exact_values,0.04045169430629916
176,HPLSTTST,How long since your last HPV test?,ordinal,optional_module,0.9841985768052783,0.9844577112608454,0.00025913445556702275,8,1.0,9.0,2.549662487945998,1.8297583986330435,2.583529411764706,1.8716364062953685,-0.018298375705665712,0.0003840706020763357,exact_values,False,False,,True,checked,0,0.0,0,0.0,[],0.9915012942191544,0.9836249832865356,0.007876310932618868,3.0761421319796955,2.5386578208726718,0.28505784978741344,0.007876310932618839,exact_values,0.05297598383751121
177,HADHYST2,Had Hysterectomy,binary,optional_module,0.9487588949670105,0.9491218606862377,0.0003629657192272262,5,1.0,9.0,1.749316046152016,0.625018954608772,1.7426774483378258,0.6047898220411138,0.010794686166395935,0.0003872586645656669,exact_values,False,False,,True,checked,0,0.0,0,0.0,[],0.9603537532355478,0.9477537103890894,0.012600042846458437,1.5854189336235038,1.7639955214331413,-0.23787293031777237,0.018271826198198213,exact_values,0.040202122850253666
178,PROFEXAM,Ever Had Breast Physical Exam by Doctor,categorical,optional_module,0.9871363920337666,0.9872918933250441,0.00015550129127750445,5,1.0,9.0,1.1359867330016584,0.47688667326414724,1.1712230215827337,0.5747998843909994,-0.06672056999934578,0.00043281508369810365,exact_values,False,False,,True,checked,0,0.0,0,0.0,[],0.9908541846419328,0.9867378660248697,0.004116318617063075,1.1132075471698113,1.1411468178954,-0.06689281453557298,0.004116318617063071,exact_values,0.028896130199973544
179,LENGEXAM,How Long since Last Breast Physical Exam,ordinal,optional_module,0.9886814878022765,0.9891203978825918,0.000438910080315269,8,1.0,9.0,1.8443726440495423,1.3748302277586966,1.9512605042016806,1.4549749800741465,-0.07551404415020196,0.0008106881009881435,exact_values,False,False,,True,checked,0,0.0,0,0.0,[],0.9918895599654874,0.9883716071667336,0.0035179527987538872,2.3085106382978724,1.836507366151635,0.3044810793745762,0.004168381274874757,exact_values,0.0475688732380248
180,BLDSTOOL,Ever Had Blood Stool Test Using Home Kit,categorical,optional_module,0.8773736419461502,0.8761188162261494,0.0012548257200007962,5,1.0,9.0,1.681072617923356,0.7136698403541555,1.6869372693726938,0.700763310588591,-0.008292236795038743,0.0018188943419276146,exact_values,False,False,,True,checked,0,0.0,0,0.0,[],0.8307592752372736,0.8816436020858404,0.05088432684856681,1.6691307672699465,1.6859422438748852,-0.02197212898167188,0.05088432684856682,exact_values,0.07899830943410392
181,LSTBLDS3,Time Since Last Blood Stool Test,ordinal,optional_module,0.9552013652917244,0.9557501897073478,0.0005488244156234279,8,1.0,9.0,3.257891156462585,1.7687255611321004,3.2762396694214875,1.7867549630350745,-0.01032112364776819,0.0009661940173705137,exact_values,False,False,,True,checked,0,0.0,0,0.0,[],0.9320966350301985,0.9574976601149886,0.02540102508479014,3.1804320203303686,3.271726307510814,-0.05162063237257529,0.025401025084790165,exact_values,0.05879388880192664
182,HADSIGM3,Ever Had Sigmoidoscopy/Colonoscopy,categorical,optional_module,0.8774467825742454,0.8761919564084514,0.0012548261657939763,5,1.0,9.0,1.3019097826627544,0.6250182934348014,1.311180032491508,0.6568480555805742,-0.01445921922359104,0.0012548261657939915,exact_values,False,False,,True,checked,0,0.0,0,0.0,[],0.8308886971527178,0.8817104559433079,0.05082175879059003,1.2834183673469388,1.3047333097845284,-0.03224945118489342,0.05082175879059006,exact_values,0.039392079052015624
183,HADSGCO1,Was your last test a sigmoidoscopy or colonoscopy?,binary,optional_module,0.9111280418120591,0.9106226972270728,0.0005053445849863003,5,1.0,9.0,2.0622385295933063,0.7421961479522238,2.069558101472995,0.7609471450697801,-0.009738263101212289,0.0006455511838759863,exact_values,False,False,,True,checked,0,0.0,0,0.0,[],0.8711820534943917,0.9148281855863083,0.04364613209191659,2.096784996651038,2.0567602040816326,0.05010804317069298,0.0436461320919166,exact_values,0.09073723051601072
184,LASTSIG3,Time Since Last Sigmoidoscopy/Colonoscopy,ordinal,optional_module,0.911137184390571,0.9106226972270728,0.0005144871634982229,9,1.0,9.0,3.2572104667512605,1.659198023397211,3.2523527004909982,1.6531984909253277,0.0029330777708165092,0.0009138339575428564,exact_values,False,False,,True,checked,0,0.0,0,0.0,[],0.8711820534943917,0.9148365423184918,0.04365448882410006,3.2431346282652376,3.264449023648317,-0.012763864561340469,0.043690737141361354,exact_values,0.07331409082212868
185,PCPSAAD2,Has a health professional EVER talked with you about the advantages of the PSA test?,binary,optional_module,0.9851463574443445,0.9845857065798737,0.0005606508644708796,5,1.0,9.0,1.638900287238408,1.273322796827223,1.6073546856465006,1.246601263635259,0.02503553867547034,0.0006216384444465345,exact_values,False,False,,True,checked,0,0.0,0,0.0,[],0.9793356341673857,0.9858896577082498,0.006554023540864096,1.6242171189979122,1.6482084690553747,-0.018372071822379193,0.006554023540864092,exact_values,0.0457786466947563
186,PCPSADI1,Has a health professional EVER talked with you about the disadvantages of the PSA test?,binary,optional_module,0.9851646426013684,0.9845948491026614,0.0005697934987070052,5,1.0,9.0,1.9619967132292522,1.2326002963409233,1.9655786350148368,1.2421871113017517,-0.0028947091771795073,0.0005789398664614053,exact_values,False,False,,True,checked,0,0.0,0,0.0,[],0.9793787748058671,0.9859063711726167,0.0065275963667495995,1.9602510460251046,1.9727245775274236,-0.010028504016046446,0.006527596366749567,exact_values,0.0374068138940578
187,PCPSARE1,Has a doctor EVER recommended that you have a PSA test?,binary,optional_module,0.9851798802322215,0.9845948491026614,0.0005850311295600985,5,1.0,9.0,1.6876413736376723,1.2384383882486414,1.688427299703264,1.2708613710930965,-0.0006263583802800207,0.0005850311295601024,exact_values,False,False,,True,checked,0,0.0,0,0.0,[],0.9794219154443485,0.9859147279048001,0.006492812460451525,1.6079664570230607,1.703055473153367,-0.07583911066026193,0.006492812460451528,exact_values,0.05756259086010239
188,PSATEST1,Ever Had PSA Test,categorical,optional_module,0.9851798802322215,0.9845948491026614,0.0005850311295600985,5,1.0,9.0,1.6841455891425046,1.2794623801010923,1.6724035608308605,1.3220716513797501,0.009025792899507869,0.0007922989626912444,exact_values,False,False,,True,checked,0,0.0,0,0.0,[],0.9794219154443485,0.9859147279048001,0.006492812460451525,1.530398322851153,1.7167012755858795,-0.14737698432313728,0.006492812460451528,exact_values,0.06458254459058245
189,PSATIME,Time Since Last PSA Test,ordinal,optional_module,0.9919545309095342,0.9912231781237715,0.0007313527857627511,8,1.0,9.0,1.9041666666666666,1.503878088661297,1.903125,1.455589308278609,0.0007038618038484782,0.0007740189880138889,exact_values,False,False,,True,checked,0,0.0,0,0.0,[],0.986281276962899,0.9926418973124749,0.006360620349575852,2.1132075471698113,1.8727995457126632,0.15472037818276216,0.006360620349575866,exact_values,0.09169792920596705
190,PCPSARS1,What was the MAIN reason you had this PSA test?,categorical,optional_module,0.991963673488046,0.9912231781237715,0.0007404953642745626,8,1.0,9.0,1.6913158892681077,1.3660284774622604,1.7197916666666666,1.3903027092197904,-0.020661285794798513,0.0007465904723400009,exact_values,False,False,,True,checked,0,0.0,0,0.0,[],0.9863244176013805,0.9926460756785667,0.00632165807718621,1.7634069400630914,1.6835227272727273,0.05763245116912406,0.006338371541553076,exact_values,0.05686967256306362
191,PCPSADE1,Why was PSA test done?,categorical,optional_module,0.9981836744023039,0.9981257828285137,5.7891573790214146e-05,6,1.0,9.0,2.315436241610738,1.105733977268133,2.346341463414634,1.2305258762753526,-0.02641934429056254,0.0001249417189248073,exact_values,False,False,,True,checked,0,0.0,0,0.0,[],0.9964624676445212,0.9983871506885947,0.0019246830440735607,2.658536585365854,2.2875647668393784,0.29568900150496685,0.0019246830440735768,exact_values,0.00015522298453821137
192,PCDMDECN,Who made the decision with you to have PSA test?,categorical,optional_module,0.9994544928154571,0.9993508808820706,0.00010361193338648267,9,1.0,21.0,1.7932960893854748,2.747626660280902,2.183098591549296,3.3538284163948715,-0.12714761507619124,0.00018284772527118402,exact_values,False,False,,True,checked,0,0.0,0,0.0,[],0.9989214840379638,0.9995069528011766,0.0005854687632128597,1.92,1.805084745762712,0.04139525417051691,0.0006147173258549273,exact_values,4.715874402627662e-05
193,SCNTMNY1,Times Past 12 Months Worried/Stressed About Having Enough Money To Pay Your Rent/Mortgage?,ordinal,optional_module,0.842680604019687,0.8427760356192687,9.543159958169678e-05,9,1.0,9.0,4.123087055906397,1.3852328163801604,4.119962784206548,1.3959943354806104,0.0022466689281555145,0.0013202769440960555,exact_values,False,False,,True,checked,0,0.0,0,0.0,[],0.8332614322691976,0.8433029148281855,0.010041482558987957,3.989909443725744,4.140419177643859,-0.10102154298951421,0.017233101692504305,exact_values,0.07557752786817441
194,SCNTMEL1,Times Past 12 Months Worried/Stressed About Having Enough Money To Buy Nutritious Meals?,ordinal,optional_module,0.8339311563838054,0.8343009169950356,0.00036976061123017434,9,1.0,9.0,4.331510469234581,1.1729825122787856,4.332818362392408,1.182862426525827,-0.0011103291519036144,0.001042495737464015,exact_values,False,False,,True,checked,0,0.0,0,0.0,[],0.8248058671268335,0.8346369835539511,0.009831116427117648,4.1312484609702045,4.351930462906812,-0.17278999543259915,0.015417772870162457,exact_values,0.08562885025859863
195,SCNTPAID,How Are You Generally Paid For The Work You Do,categorical,optional_module,0.9208435552440306,0.9211823110469103,0.00033875580287967555,7,1.0,9.0,1.897936397936398,1.0713088626784815,1.90175153694467,1.0704119038336168,-0.003562685419449452,0.0007470500851698486,exact_values,False,False,,True,checked,0,0.0,0,0.0,[],0.9683347713546161,0.9161276574408344,0.052207113913781744,2.2193460490463215,1.8846211328650426,0.2731824577096297,0.052564451819711255,exact_values,0.060817658018870714
196,SCNTWRK1,How Many Hours Per Week Do You Work,count,optional_module,0.9208770780319075,0.9212645937519999,0.00038751572009232405,94,1.0,99.0,43.73643261564534,16.527483222418617,43.84951230840687,16.65209484969933,-0.006816174396514502,0.002520589227888411,exact_values,False,False,,True,checked,0,0.0,0,0.0,[],0.9683779119930975,0.9161652627356599,0.05221264925743763,42.37789904502046,43.78708133971292,-0.07636873266457427,0.05262290928837154,exact_values,0.0664899902571202
197,SCNTLPAD,How Were You Generally Paid For The Work You Did,categorical,optional_module,0.9422189038048364,0.9416889896598067,0.0005299141450296752,7,1.0,9.0,1.8688818565400844,1.2384070067276611,1.8863280025086233,1.2750216152853142,-0.013880875665304805,0.0007464363393274963,exact_values,False,False,,True,checked,0,0.0,0,0.0,[],0.9005176876617774,0.9461450394437759,0.045627351781998504,1.9679098005203817,1.8535185041508262,0.08893877088641199,0.045627351781998504,exact_values,0.1161004449292375
198,SCNTLWK1,How Many Hours Per Week Did You Work,count,optional_module,0.9134776844896155,0.9135848746102999,0.00010719012068438616,93,1.0,99.0,47.46606318903878,22.892970386648614,47.11225137537029,22.393850564171156,0.015624427574694044,0.0028008788294922363,exact_values,False,False,,True,checked,0,0.0,0,0.0,[],0.8569025021570319,0.9189188059901057,0.06201630383307377,50.35936086825445,46.94944601906725,0.14877829656729252,0.06332931734309045,exact_values,0.108340615057286
199,SXORIENT,Sexual orientation or gender identity,categorical,optional_module,0.621463726819754,0.6209875753115315,0.00047615150822255536,7,1.0,9.0,1.2540193702651135,1.2384419257428503,1.2488903898108838,1.2238774596459923,0.004165902087688135,0.0011253743288043,exact_values,False,False,,True,checked,0,0.0,0,0.0,[],0.6245901639344262,0.6217784797432812,0.0028116841911450807,1.3244081820271203,1.2483898408069025,0.057358695155494514,0.007494738503357299,exact_values,0.04073018727048318
200,TRNSGNDR,Do you consider yourself to be transgender?,categorical,optional_module,0.6216648635470157,0.6212069958584372,0.0004578676885784727,7,1.0,9.0,4.051037093721052,0.5462729947724091,4.0522542961961765,0.5443248750753368,-0.0022321711179634995,0.0006102515198709802,exact_values,False,False,,True,checked,0,0.0,0,0.0,[],0.6250215703192408,0.621962327851317,0.003059242467923773,4.071675103543488,4.048963802155291,0.03888774845819419,0.006595688952939411,exact_values,0.07775632336655099
201,RCSGENDR,Gender of child,binary,optional_module,0.8642418516769013,0.8649009407655949,0.0006590890886936096,4,1.0,9.0,1.8412687723078995,1.6702653461512436,1.8330513636056034,1.6629252165084687,0.00493064445202254,0.0009390537070259196,exact_values,False,False,,True,checked,0,0.0,0,0.0,[],0.9516824849007766,0.8558672616659981,0.09581522323477842,1.8607142857142858,1.8403826641542254,0.011968778105032902,0.09581522323477841,exact_values,0.05723743433589071
202,RCSRLTN2,Relationship to child,categorical,optional_module,0.864714218233349,0.8652483566315289,0.0005341383981798398,9,1.0,9.0,1.7092043611461525,1.7793766531031763,1.7164665174028089,1.789713496522673,-0.004069454956163744,0.0008114001999638819,exact_values,False,False,,True,checked,0,0.0,0,0.0,[],0.9518119068162209,0.8564062708918304,0.09540563592439044,2.080572963294539,1.6973171157539428,0.2088908007647521,0.10132766338788586,exact_values,0.0825622748756656
203,CASTHDX2,Hlth pro ever said child has asthma,categorical,optional_module,0.8808752495162052,0.8814397644886129,0.0005645149724077259,5,1.0,9.0,2.190411624753767,1.474815799110064,2.17805367057372,1.4625141788080118,0.008414339483625856,0.0009910765799921537,exact_values,False,False,,True,checked,0,0.0,0,0.0,[],0.9593183779119931,0.873654566118465,0.08566381179352811,2.3022269353128313,2.18615649183147,0.07114926250760945,0.08566381179352808,exact_values,0.0606672834735236
204,CASTHNO2,Child still have asthma?,binary,optional_module,0.9853383515930944,0.9848965523546568,0.00044179923843756796,5,1.0,9.0,1.4633132404905425,0.9823081412353585,1.4745762711864407,1.0138066863112218,-0.01128354794099861,0.0004417992384375645,exact_values,False,False,,True,checked,0,0.0,0,0.0,[],0.9930974978429681,0.984586007487632,0.008511490355336049,1.4,1.4716725399837354,-0.07177280896770635,0.008511490355336045,exact_values,0.05567564338783393
205,EMTSUPRT,How often get emotional support needed,ordinal,optional_module,0.9540463528730553,0.9555947668199563,0.0015484139469009728,8,1.0,9.0,1.8233304595795476,1.263782098153068,1.8017294626312539,1.1915619769561767,0.01758748125628336,0.001667249245756937,exact_values,False,False,,True,checked,0,0.0,0,0.0,[],0.9635030198446937,0.9532566185318893,0.01024640131280441,1.9680851063829787,1.8115669974077053,0.11739157189404972,0.01111874104553434,exact_values,0.029548011154233715
206,LSATISFY,Satisfaction with life,ordinal,optional_module,0.9540768281347616,0.9556130518655318,0.0015362237307702253,7,1.0,9.0,1.670316543898069,0.8957221531985681,1.6679711637487127,0.8571225201897699,0.0026754357856492664,0.0015453549415544833,exact_values,False,False,,True,checked,0,0.0,0,0.0,[],0.9635461604831751,0.9532900454606231,0.01025611502255197,1.8355029585798817,1.6634761606583772,0.1845240643536163,0.011305947709093033,exact_values,0.032420795601654784
207,ADPLEASR,Days had little pleasure doing things,count,optional_module,0.9538574062504762,0.9534554164876256,0.000401989762850663,18,1.0,99.0,63.57915593421835,37.417086094306015,63.09860538204675,37.61073482153982,0.012809886937231653,0.0012494224830429097,exact_values,False,False,,True,checked,0,0.0,0,0.0,[],0.9391285591026747,0.9553750501403931,0.01624649103771847,58.30403968816442,64.41338951310861,-0.16107194686759035,0.01633438381566752,exact_values,0.128706726859926
208,ADDOWN,"Days felt down, depressed or hopeless",count,optional_module,0.9538970240906944,0.9534828440559888,0.0004141800347056135,18,1.0,99.0,66.9482416710735,35.94211412861892,67.02928459119497,35.92983924800613,-0.0022552029027185154,0.0007128763834392561,exact_values,False,False,,True,checked,0,0.0,0,0.0,[],0.9392148403796376,0.955421012167402,0.0162061717877644,61.79985805535841,67.66866622926234,-0.15976302834806716,0.016319242195662935,exact_values,0.14365669209256499
209,ADSLEEP,Days had trouble with sleep,count,optional_module,0.9539183567738888,0.953510271624352,0.00040808514953682984,18,1.0,99.0,51.31664572448912,40.076707004202795,51.25722713864307,40.10601866205216,0.0014820793726364626,0.000895758824858949,exact_values,False,False,,True,checked,0,0.0,0,0.0,[],0.9392148403796376,0.9554419039978607,0.016227063618223014,46.25762952448545,52.08814703675919,-0.14705655532776793,0.016743190972110442,exact_values,0.10865171071857209
210,ADENERGY,Days were tired or had little energy,count,optional_module,0.9539305468785714,0.9535285566699275,0.00040199020864384316,18,1.0,99.0,39.36673943242707,39.80664951416868,39.05528231359433,39.82341374181669,0.00782260114322399,0.0012158742292271393,exact_values,False,False,,True,checked,0,0.0,0,0.0,[],0.9392148403796376,0.9554544390961358,0.01623959871649816,33.10220014194464,40.49620110683801,-0.19235443034698577,0.01773486685930265,exact_values,0.11507957171804435
211,ADEAT1,Days ate too little or too much,count,optional_module,0.953957974614107,0.9535376991927152,0.0004202754213917803,18,1.0,99.0,59.986431029917924,38.6894643334307,59.209759937032665,38.9438399164166,0.020008601492260296,0.0008532461983787379,exact_values,False,False,,True,checked,0,0.0,0,0.0,[],0.9392148403796376,0.9554795092926862,0.016264668913048563,54.47622427253371,60.597559831065226,-0.15705930681014896,0.0162716686676678,exact_values,0.11995480993991202
212,ADFAIL,Days felt like failure or let family down,count,optional_module,0.9539732122449601,0.9535559842382907,0.0004172280066694345,18,1.0,99.0,74.06687413096736,30.717443081796283,74.24606299212599,30.457536017347174,-0.005858187337295352,0.0008134303145139271,exact_values,False,False,,True,checked,0,0.0,0,0.0,[],0.9392148403796376,0.955496222757053,0.016281382377415388,71.06884315117104,74.63815604168623,-0.11347292759220305,0.01662051428786333,exact_values,0.13228616450008468
213,ADTHINK,Days had trouble concentrating,count,optional_module,0.9540097825590077,0.9535742692838662,0.00043551327514146365,18,1.0,99.0,76.02981909747531,28.766730582003674,76.18786923985822,28.593498893232713,-0.005510766712822281,0.0007677212111969627,exact_values,False,False,,True,checked,0,0.0,0,0.0,[],0.9392579810181191,0.9555380064179703,0.016280025399851183,73.0596590909091,76.42900103373744,-0.11314163572836271,0.01636412988868108,exact_values,0.11606300857104641
214,ADMOVE,Days talked to move slower or faster than usual,count,optional_module,0.9540433053468846,0.9536108393750171,0.0004324659718675239,18,1.0,99.0,78.99257294429708,25.339795774209215,79.1568782026015,25.100684618924863,-0.006514744146887865,0.0009048513073555368,exact_values,False,False,,True,checked,0,0.0,0,0.0,[],0.9393874029335634,0.9555630766145207,0.016175673680957292,71.94448398576512,79.92628114715562,-0.2822191202471619,0.016202208288470903,exact_values,0.17426776160820168
215,MISTMNT,Receiving medicine or treatment from health pro for emotional problem,binary,optional_module,0.9540798756609322,0.9536382669433804,0.0004416087175518335,5,1.0,9.0,1.8778205468542606,0.538414653324154,1.8814829422204693,0.5339529455231373,-0.006830425818953945,0.0005726934673153246,exact_values,False,False,,True,checked,0,0.0,0,0.0,[],0.9394736842105263,0.9556006819093462,0.016126997698819867,1.8075552387740557,1.8877282138151703,-0.14434197331199164,0.016126997698819864,exact_values,0.08526571139541685
216,ADANXEV,Ever told you had an anxiety disorder,binary,optional_module,0.9541012083441267,0.9536474094661681,0.00045379887795859997,5,1.0,9.0,1.8734479782218976,0.590453222027474,1.8727810650887573,0.5771698253498094,0.0011422692995453065,0.0005818408938287395,exact_values,False,False,,True,checked,0,0.0,0,0.0,[],0.9395168248490078,0.9556132170076214,0.01609639215861358,1.8330955777460771,1.8833662807116633,-0.07623155723887674,0.016096392158613578,exact_values,0.0767161488832185
217,QSTVER,Questionnaire Version Identifier,survey_design,administrative,0.0,0.0,0.0,8,10.0,23.0,14.8859189053286,5.027451873166142,14.851726565428464,5.022873744912388,0.0068042245897378196,0.004098028689019203,exact_values,False,False,,True,checked,0,0.0,0,0.0,[],0.0,0.0,0.0,13.600862812769629,15.014757989035967,-0.29158152211135274,0.13827653149266605,exact_values,0.035925184941485264
218,QSTLANG,Language identifier,survey_design,administrative,4.266536638883386e-05,7.314018230190439e-05,3.0474815913070525e-05,4,1.0,3.0,1.0371235001721926,0.1891772002487552,1.0370847848149876,0.1890663278225478,0.00020471126493121528,3.679621977164384e-05,exact_values,False,False,,True,checked,0,0.0,0,0.0,[],0.0,2.9248562642064448e-05,2.9248562642064448e-05,1.0318809318377913,1.0381078133552843,-0.03386188232412796,0.006316226561781663,exact_values,0.013487331173689832
219,MSCODE,Metropolitan Status Code,survey_design,survey_design,0.434083532692337,0.43053054059737245,0.003552992094964569,5,1.0,5.0,2.5422597026338605,1.7240538039589353,2.5358335473927562,1.7231482740462298,0.0037283309037158853,0.0035529920949645827,exact_values,False,False,,True,checked,0,0.0,0,0.0,[],0.31056945642795514,0.4465336274903062,0.13596417106235104,2.674363306426381,2.5275932356937942,0.08445313660677409,0.13596417106235104,exact_values,0.030717740131725665
220,_STSTR,Sample Design Stratification Variable,survey_design,survey_design,0.0,0.0,0.0,>256,11011.0,722019.0,301218.25734529993,160323.16892344717,301032.8538933433,160464.41663924055,0.0011559264904758104,0.009749999999999995,sample_quantile_bins,False,False,,False,not_machine_checkable,0,0.0,0,0.0,[],0.0,0.0,0.0,303524.10767903365,300871.67312224227,0.016536995318687787,0.035563903886228085,sample_quantile_bins,0.017787069193412122
221,_STRWT,Stratum weight,survey_design,survey_design,6.704557575388179e-05,3.6570091150952194e-05,3.0475484602929598e-05,>256,0.9452460365669324,1603.2865610007273,104.26041842957366,159.98732608278965,104.28018674427928,159.88992953689595,-0.0001235993709585377,0.011599999999999997,sample_quantile_bins,False,False,,False,not_machine_checkable,0,0.0,0,0.0,[],0.0,6.26754913758524e-05,6.26754913758524e-05,81.8138830995051,106.49283323215512,-0.16718049666945797,0.06677035360335316,sample_quantile_bins,0.03081827129515459
222,_RAWRAKE,Raw weighting factor used in raking,survey_design,survey_design,0.0,0.0,0.0,12,0.3333333333333333,5.0,1.4398621502328828,0.7027934743446219,1.4446069781828936,0.70331416000063,-0.0067488825304684984,0.004340680831146597,exact_values,False,False,,False,not_machine_checkable,0,0.0,0,0.0,[],0.0,0.0,0.0,1.4353321829163075,1.4402347406070333,-0.007128469507319227,0.031007759315961007,exact_values,0.04937908862625691
223,_WT2RAKE,Design weight use in raking,survey_design,survey_design,0.0,0.0,0.0,>256,0.3627727202146234,3191.946865431815,121.52451500631516,166.96161863830022,121.9116147474425,167.01403589849576,-0.0023181314631840148,0.014950000000000012,sample_quantile_bins,False,False,,False,not_machine_checkable,0,0.0,0,0.0,[],0.0,0.0,0.0,99.16059002318165,123.7746739661228,-0.1578517892453556,0.06200868477032666,sample_quantile_bins,0.03925210877253053
224,_CHISPNC,"Child Hispanic, Latino/a, or Spanish origin calculated variable",survey_design,administrative,0.27560607676718424,0.27605847557575036,0.00045239880856612347,4,1.0,9.0,7.607091321377036,2.8414007285560596,7.604200343503738,2.8447668731213196,0.0010168456398904847,0.0010678499771950133,exact_values,False,False,,True,checked,0,0.0,0,0.0,[],0.2924503882657463,0.2738877189463832,0.018562669319363123,8.497347722699836,7.52602443333199,0.39995853766505346,0.09978563792250741,exact_values,0.057822641138725206
225,_CRACE1,Child Non-Hispanic Race including Multiracial,survey_design,administrative,0.851881085528822,0.8517082803828888,0.00017280514593320806,10,1.0,99.0,7.222640577742115,22.157559130601417,7.202034525277435,22.192878481474768,0.0009292375471326562,0.0013888668312174593,exact_values,False,False,,True,checked,0,0.0,0,0.0,[],0.9475409836065574,0.8428098676293622,0.1047311159771952,8.143092105263158,7.23083466241361,0.03975750864550943,0.10473111597719519,exact_values,0.06960215984122796
226,_CPRACE,Preferred Child Race Categories,survey_design,administrative,0.851881085528822,0.8517082803828888,0.00017280514593320806,10,1.0,99.0,7.222640577742115,22.157559130601417,7.202034525277435,22.192878481474768,0.0009292375471326562,0.0013888668312174593,exact_values,False,False,_CRACE1,True,checked,0,0.0,0,0.0,[],0.9475409836065574,0.8428098676293622,0.1047311159771952,8.143092105263158,7.23083466241361,0.03975750864550943,0.10473111597719519,exact_values,0.06960215984122796
227,_CLLCPWT,Final child weight: Land-line and Cell-Phone data,survey_design,administrative,0.8642875645694608,0.8649466533795336,0.0006590888100728165,>256,7.8139298103000465,25755.013877099474,805.383803168481,1348.661253439941,796.3225194948691,1304.6150855853248,0.006829319082783796,0.005800000000000021,sample_quantile_bins,False,False,,False,not_machine_checkable,0,0.0,0,0.0,[],0.951725625539258,0.8559048669608237,0.0958207585784343,736.7896088825393,806.5484952765632,-0.05487211720997861,0.10055730206347202,sample_quantile_bins,0.015337969650860886
228,_DUALUSE,Dual Phone Use Categories,survey_design,administrative,0.0,0.0,0.0,3,1.0,9.0,4.16073262529142,3.7651291774815294,4.159738158147359,3.765746771252219,0.0002641039760809892,0.0009144657301492221,exact_values,False,False,,True,checked,0,0.0,0,0.0,[],0.0,0.0,0.0,3.941846419327006,4.184616927396711,-0.06473868664940295,0.052469749638937274,exact_values,0.012743971194719844
229,_DUALCOR,Dual Phone Use Correction Factor,survey_design,administrative,0.3751017111859448,0.3750902824125289,1.142877341592241e-05,107,0.0794375210079174,0.9205624789882658,0.6196993650055259,0.20160159515742157,0.6203867428498078,0.20193823211982515,-0.0034067398489241456,0.009046201663471273,exact_values,False,False,,False,not_machine_checkable,0,0.0,0,0.0,[],0.3506471095772217,0.37783293221018854,0.027185822632966816,0.6359022089014073,0.6181319199486083,0.08981179391750906,0.07915358142286467,exact_values,0.05555192813242975
230,_LLCPWT,Final weight: Land-line and cell-phone data,survey_design,administrative,0.0,0.0,0.0,>256,1.4335054328182186,33134.939618228345,569.638599630628,992.1978933632445,571.1374119409735,997.4603981300372,-0.0015065974636937548,0.014050000000000007,sample_quantile_bins,False,False,,False,not_machine_checkable,0,0.0,0,0.0,[],0.0,0.0,0.0,412.52076360201573,584.8868695071761,-0.19582666685853817,0.07036225661557893,sample_quantile_bins,0.03372546362398958
231,_RFHLTH,Adults with good or better health,binary,derived,0.0,0.0,0.0,3,1.0,9.0,1.205540402578207,0.5611068765389832,1.2060358935444646,0.5640952486079144,-0.0008807114876626319,0.00011162046962152959,exact_values,False,False,,True,checked,0,0.0,0,0.0,[],0.0,0.0,0.0,1.5084987057808457,1.1759927797833936,0.5311211980748306,0.31951588477071435,exact_values,0.13922234904047215
232,_HCVU651,Respondents aged 18-64 with health care coverage,binary,derived,0.0,0.0,0.0,3,1.0,9.0,3.936788212168772,3.7947704800979394,3.9362674736466783,3.7940092838600252,0.00013723906495405718,0.0006669955382767948,exact_values,False,False,,True,checked,0,0.0,0,0.0,[],0.0,0.0,0.0,6.355737704918033,3.7051076347105227,0.7112867381069558,0.33632823617373975,exact_values,0.07542342980551923
233,_RFHYPE5,High Blood Pressure Calculated Variable,binary,derived,0.0,0.0,0.0,3,1.0,9.0,1.424048029012449,0.6331654787517276,1.4246976110587957,0.6364681224690936,-0.0010232556038557313,0.00013772013137294402,exact_values,False,False,,True,checked,0,0.0,0,0.0,[],0.0,0.0,0.0,1.7695427092320966,1.3915087244283995,0.6086168690509574,0.3730140380987386,exact_values,0.0745898244288034
234,_CHOLCHK,Cholesterol Checked Calculated Variable,categorical,derived,0.0,0.0,0.0,4,1.0,9.0,1.529669191034178,1.5468928998558313,1.5311622889220051,1.5453198837678674,-0.0009657147157168821,0.0015444016684361909,exact_values,False,False,,True,checked,0,0.0,0,0.0,[],0.0,0.0,0.0,1.273597929249353,1.555200394437759,-0.19488809495847922,0.12449442058701955,exact_values,0.06691042339912069
235,_RFCHOL,High Cholesterol Calculated Variable,binary,derived,0.133484693799808,0.13530019473573537,0.001815500935927361,4,1.0,9.0,1.4886471544029205,0.8641641500176406,1.4873969126665256,0.8678241819292408,0.0014437036575865483,0.0026261098807533975,exact_values,False,False,,True,checked,0,0.0,0,0.0,[],0.03770491803278689,0.142574207781789,0.10486928974900211,1.7818075854030306,1.4574037796165804,0.3627998282819104,0.3290300157092144,exact_values,0.07235401274586474
236,_LTASTH1,Lifetime Asthma Calculated Variable,binary,derived,0.0,0.0,0.0,3,1.0,9.0,1.1580264220518994,0.5486209566648219,1.1560537214639008,0.5336509711778417,0.0036451317854949597,0.0002651514383672619,exact_values,False,False,,True,checked,0,0.0,0,0.0,[],0.0,0.0,0.0,1.2274805867126835,1.1519421045594331,0.12364129425559241,0.06071904049197982,exact_values,0.0554401844723859
237,_CASTHM1,Current Asthma Calculated Variable,binary,derived,0.0,0.0,0.0,3,1.0,9.0,1.1469517119478263,0.7236579073772238,1.1425959279203504,0.6969713303295547,0.006131108083146474,0.0006217349029587118,exact_values,False,False,,True,checked,0,0.0,0,0.0,[],0.0,0.0,0.0,1.221786022433132,1.1398373779917101,0.10425900069316692,0.0602748690004719,exact_values,0.05118454391284609
238,_ASTHMS1,Computed Asthma Status,categorical,derived,0.0,0.0,0.0,4,1.0,9.0,2.8227071174973717,0.7903794141744581,2.817853518499895,0.7764869395421804,0.006195050673987122,0.0007347357156218589,exact_values,False,False,,True,checked,0,0.0,0,0.0,[],0.0,0.0,0.0,2.7352459016393444,2.8314697820564247,-0.11126800180324112,0.06071904049197981,exact_values,0.05118454391284609
239,_DRDXAR1,Respondents diagnosed with arthritis,binary,derived,0.005738491779298155,0.005851214584152351,0.00011272280485419631,3,1.0,2.0,1.6641982271373048,0.4722699886769922,1.664802876612807,0.4720593308686353,-0.0012805902516049926,0.0006389640593846575,exact_values,False,False,,True,checked,0,0.0,0,0.0,[],0.00724762726488352,0.005569762000267415,0.0016778652646161048,1.4097861985051277,1.688623710582155,-0.5837800634389169,0.27797201952640244,exact_values,0.0665879939810788
240,_PRACE1,Computed Preferred Race,categorical,derived,0.0,0.0,0.0,10,1.0,99.0,3.096896094595212,12.495961794717596,3.1062452573163037,12.49504580925622,-0.00074820214238381,0.0038176485635257208,exact_values,False,False,,True,checked,0,0.0,0,0.0,[],0.0,0.0,0.0,2.7339085418464193,3.1349779382270357,-0.033308719838217316,0.03001146235054934,exact_values,0.05214617785304062
241,_MRACE1,Calculated non-Hispanic Race including multiracial,categorical,derived,0.0,0.0,0.0,9,1.0,99.0,3.180492784981791,12.5042960766961,3.1895427824353852,12.503273197658531,-0.0007237806559075974,0.0037473805434788373,exact_values,False,False,,True,checked,0,0.0,0,0.0,[],0.0,0.0,0.0,2.838524590163934,3.2161134509961227,-0.031330805902110376,0.02788522776053653,exact_values,0.05311096117961975
242,_HISPANC,"Hispanic, Latino/a, or Spanish origin calculated variable",binary,derived,0.0,0.0,0.0,3,1.0,9.0,1.983317841741966,0.7270205787908964,1.9816509567650098,0.7280066153275537,0.0022912074783762587,0.0016451622246773361,exact_values,False,False,,True,checked,0,0.0,0,0.0,[],0.0,0.0,0.0,2.0146246764452114,1.9807544457815216,0.0460021367848585,0.026958232547826425,exact_values,0.02682010111132887
243,_RACE,Computed Race-Ethnicity grouping,categorical,derived,0.0,0.0,0.0,9,1.0,9.0,2.0148688801865084,2.267309072773193,2.0299234770842665,2.2793368037054877,-0.00662226380924997,0.004466419294038495,exact_values,False,False,,True,checked,0,0.0,0,0.0,[],0.0,0.0,0.0,1.8386108714408973,2.0335815282791816,-0.08894580093101846,0.04698236886693726,exact_values,0.05431218060752432
244,_RACEG21,Variable,binary,derived,0.0,0.0,0.0,3,1.0,9.0,1.3530528593414295,1.0753899699839982,1.356238400424213,1.0720834648771833,-0.002966776915646554,0.004332212013391882,exact_values,False,False,,True,checked,0,0.0,0,0.0,[],0.0,0.0,0.0,1.3322260569456428,1.355641629897045,-0.021346712205318443,0.0394938737582285,exact_values,0.014418018831622775
245,_RACEGR3,Computed Five level race/ethnicity category.,categorical,derived,0.0,0.0,0.0,6,1.0,9.0,1.6762094869489692,1.521278746788767,1.6850858025763629,1.524685955263501,-0.005828242243337505,0.004332212013391871,exact_values,False,False,,True,checked,0,0.0,0,0.0,[],0.0,0.0,0.0,1.5775237273511649,1.6867938561304987,-0.07297738093313547,0.04255017514672371,exact_values,0.02682010111132887
246,_RACE_G1,Computed race groups used for internet prevalence tables,categorical,derived,0.016572447315891324,0.016429113449565273,0.00014333386632605152,6,1.0,5.0,1.4523965205750287,0.9520315860421473,1.459760926549051,0.9564872062671491,-0.007717383695176382,0.004332212013391871,exact_values,False,False,,True,checked,0,0.0,0,0.0,[],0.018464193270060398,0.01645440566920711,0.0020097876008532863,1.3792194092827004,1.4592421088406475,-0.08604450450844559,0.04255017514672371,exact_values,0.02682010111132887
247,_AGEG5YR,Reported age in five-year age categories calculated variable,ordinal,derived,0.0,0.0,0.0,14,1.0,14.0,7.789836500220946,3.495038138057408,7.780844586255132,3.486853013250284,0.002575779997663405,0.005774970733593733,exact_values,False,False,,True,checked,0,0.0,0,0.0,[],0.0,0.0,0.0,10.268205349439171,7.554615423184917,0.9100716770427413,0.3581174657461946,exact_values,0.1340530350017352
248,_AGE65YR,Reported age in two age groups calculated variable,binary,derived,0.0,0.0,0.0,3,1.0,3.0,1.3678364087951604,0.5065230266645696,1.36716371515556,0.5053106210214665,0.0013296516838132003,0.0005242445466112373,exact_values,False,False,,True,checked,0,0.0,0,0.0,[],0.0,0.0,0.0,1.672346850733391,1.3385855395106299,0.6782759297854497,0.3429024687301032,exact_values,0.08018292522260863
249,_AGE80,Imputed Age value collapsed above 80,continuous,derived,0.0,0.0,0.0,63,18.0,80.0,55.342770506041724,17.04203266021411,55.320509421369735,17.012150346499627,0.0013073915822412118,0.01219333551330221,exact_values,False,False,,True,checked,0,0.0,0,0.0,[],0.0,0.0,0.0,67.73015530629853,54.17030602353256,0.9389479502882753,0.3564868567565831,exact_values,0.13407857496072745
250,_AGE_G,Imputed age in six groups,ordinal,derived,0.0,0.0,0.0,6,1.0,6.0,4.438813293309156,1.5534084361508622,4.438457107854341,1.5518964339269705,0.00022940447234335367,0.002854169649879598,exact_values,False,False,,True,checked,0,0.0,0,0.0,[],0.0,0.0,0.0,5.478213977566868,4.340148248428934,0.897805366452018,0.3428777886105253,exact_values,0.08318450509555439
251,HTIN4,Computed Height in Inches,continuous,derived,0.03876758041659683,0.03867287139213194,9.470902446488683e-05,53,36.0,95.0,66.7265879130286,4.131767708717559,66.7378577066829,4.119685044482557,-0.0027315872511370566,0.005556116734171122,exact_values,False,False,,True,checked,0,0.0,0,0.0,[],0.028861087144089734,0.03981565048803316,0.010954563343943423,66.88161343343255,66.71401093999539,0.04018733993653376,0.07077851994788743,exact_values,0.06075453297955195
252,HTM4,Computed Height in Meters,continuous,derived,0.0346442775077331,0.0345770211832253,6.725632450779728e-05,104,0.91,2.41,1.6946620070903868,0.10567021359396493,1.694907336382666,0.10543453410115243,-0.0023242408526783034,0.0059431409114928686,exact_values,False,False,,True,checked,0,0.0,0,0.0,[],0.026747195858498704,0.03541583099344832,0.008668635134949615,1.6985966312056733,1.6943315630793774,0.03996505824217889,0.07056581335418204,exact_values,0.05881152324693541
253,WTKG3,Computed Weight in Kilograms,continuous,derived,0.07011138708153657,0.06871520127263918,0.0013961858088973877,>256,22.68,289.85,80.90943882751229,21.636893775715787,80.94864533736484,21.496456209315586,-0.0018179112940158574,0.011999999999999997,sample_quantile_bins,False,False,,True,checked,6,1.966381432115597e-05,6,1.966381432115597e-05,"[[""22.68"", 6]]",0.04961173425366695,0.0719263939029282,0.022314659649261243,84.57861143894695,80.55409078221108,0.18415122005005266,0.1077099654759945,sample_quantile_bins,0.04239908645579686
254,_BMI5,Computed body mass index,continuous,derived,0.0825056760174928,0.08096618180820815,0.0015394942092846475,>256,12.02,97.65,28.033006789299193,6.670057176077577,28.038491887428727,6.584675934451696,-0.0008276265223327616,0.007550000000000001,sample_quantile_bins,False,False,,True,checked,0,0.0,0,0.0,[],0.05660051768766178,0.085000501403931,0.028399983716269228,29.176628406804447,27.921698426832865,0.18676050949519904,0.11257364691173284,sample_quantile_bins,0.04563902317511152
255,_BMI5CAT,Computed body mass index categories,categorical,derived,0.0825056760174928,0.08096618180820815,0.0015394942092846475,5,1.0,4.0,2.9368701463485927,0.8262910427268723,2.939874456592024,0.8261334971860579,-0.0036362449929903946,0.0026722444379931815,exact_values,False,False,,True,checked,0,0.0,0,0.0,[],0.05660051768766178,0.085000501403931,0.028399983716269228,3.097585513078471,2.9212822796081923,0.21482580375271124,0.10521208593149113,exact_values,0.027715601156535832
256,_RFBMI5,Overweight or obese calculated variable,binary,derived,0.0,0.0,0.0,3,1.0,9.0,2.2641473783656116,2.070361475954515,2.2533667340165846,2.05342269037255,0.0052284760640042395,0.0015394942092846337,exact_values,False,False,,True,checked,0,0.0,0,0.0,[],0.0,0.0,0.0,2.153149266609146,2.2751370504078086,-0.0634089369521914,0.10521208593149113,exact_values,0.027715601156535832
257,_CHLDCNT,Computed number of children in household,count,derived,0.0,0.0,0.0,7,1.0,9.0,1.5683483931918265,1.2040874743040668,1.563343969134843,1.1868469127902472,0.004186057120415245,0.0020775211504432327,exact_values,False,False,,True,checked,0,0.0,0,0.0,[],0.0,0.0,0.0,1.199050905953408,1.605415998128092,-0.3943101401083253,0.18299352077101474,exact_values,0.06323588945716994
258,_EDUCAG,Computed level of education completed categories,ordinal,derived,0.0,0.0,0.0,5,1.0,9.0,2.959135721578009,1.0446929093485293,2.9596083343237733,1.0482013098565088,-0.00045163494397483446,0.0012948536064129725,exact_values,False,False,,True,checked,0,0.0,0,0.0,[],0.0,0.0,0.0,2.6931406384814496,2.9839132905468646,-0.2740398568341912,0.11794965506524395,exact_values,0.06161637120092529
259,_INCOMG,Computed income categories,ordinal,derived,0.0,0.0,0.0,6,1.0,9.0,4.676145488899386,2.4068440192136413,4.676464403587526,2.4130946205336805,-0.00013233131946699592,0.0023472063060549914,exact_values,False,False,,True,checked,0,0.0,0,0.0,[],0.0,0.0,0.0,4.292364106988783,4.7163140125685254,-0.16772718675289475,0.16044400522209962,exact_values,0.05992535395513092
260,_SMOKER3,Computed Smoking Status,categorical,derived,0.0,0.0,0.0,5,1.0,9.0,3.548051868895424,1.4609677136192931,3.5482588065350753,1.4597612087416283,-0.00014170272387223289,0.0016756180107915138,exact_values,False,False,,True,checked,0,0.0,0,0.0,[],0.0,0.0,0.0,3.325711820534944,3.5722857333868165,-0.16941308581146736,0.18060604853209347,exact_values,0.04586090931925106
261,_RFSMOK3,Current Smoking Calculated Variable,binary,derived,0.0,0.0,0.0,3,1.0,9.0,1.4626205677541255,1.5851175918846072,1.4630504941533566,1.5846387579390129,-0.0002712677864653873,0.0006513182438413166,exact_values,False,False,,True,checked,0,0.0,0,0.0,[],0.0,0.0,0.0,1.4510785159620363,1.4663850447920845,-0.009840646998315638,0.023141960993802495,exact_values,0.013399345683130809
262,DRNKANY5,Drink any alcoholic beverages in past 30 days,binary,derived,0.0,0.0,0.0,4,1.0,9.0,1.8464077285263687,1.635062829774984,1.8477861381069491,1.6387871443273443,-0.0008420719944836818,0.00036544703225972405,exact_values,False,False,,True,checked,0,0.0,0,0.0,[],0.0,0.0,0.0,1.947886108714409,1.8390326246824442,0.06852147624419147,0.1534559399335107,exact_values,0.026164050795864244
263,DROCDY3_,Computed drink-occasions-per-day,continuous,derived,0.0,0.0,0.0,36,0.0,900.0,59.13156475231231,192.114314954051,59.15208586657402,192.34394356018714,-0.0001067533868600015,0.004767462827763743,exact_values,False,False,,True,checked,0,0.0,0,0.0,[],0.0,0.0,0.0,51.93636755823986,60.22854826848509,-0.04389144130931621,0.15833876268564923,exact_values,0.04892774501194017
264,_RFBING5,Binge Drinking Calculated Variable,binary,derived,0.0,0.0,0.0,3,1.0,9.0,1.574687247626739,1.8608481218209234,1.5806781923403943,1.8706095167312062,-0.003211036970053617,0.0013215675433861825,exact_values,False,False,,True,checked,0,0.0,0,0.0,[],0.0,0.0,0.0,1.4678170836928386,1.5872233921647279,-0.06545645597140355,0.07365322860869795,exact_values,0.04704307440917009
265,_DRNKWEK,Computed number of drinks of alcohol beverages per week,count,derived,0.0,0.0,0.0,237,0.0,99900.0,6021.992140430006,23265.142955396102,6065.6828001718795,23352.43530708813,-0.001874425260750525,0.006955466476998778,exact_values,False,False,,True,checked,0,0.0,0,0.0,[],0.0,0.0,0.0,5418.393701466782,6118.737393869501,-0.030673641306037433,0.1546280080342301,exact_values,0.05672312342561189
266,_RFDRHV5,Heavy Alcohol Consumption Calculated Variable,binary,derived,0.0,0.0,0.0,3,1.0,9.0,1.5125055236411842,1.8672920577848844,1.5163056893919309,1.8741907045879056,-0.0020313653876868148,0.0005600838154703816,exact_values,False,False,,True,checked,0,0.0,0,0.0,[],0.0,0.0,0.0,1.4512079378774805,1.5217358604091455,-0.03849004943566478,0.025892778756647493,exact_values,0.031195951741011238
267,FTJUDA1_,Computed Fruit Juice intake in times per day,count,derived,0.08644612735611867,0.08778650380786074,0.0013403764517420647,98,0.0,99.0,0.35627019471659793,0.7081360572455129,0.3574582318570408,0.6268688057768121,-0.0017765358643632824,0.00624850326225913,exact_values,False,False,,True,checked,0,0.0,0,0.0,[],0.08498705780845557,0.08725264072736998,0.002265582918914405,0.4029457802923148,0.35121535757120653,0.0709692909967803,0.0654497555767596,exact_values,0.030287672795710638
268,FRUTDA1_,Computed Fruit intake in times per day,count,derived,0.08206073719658068,0.08324266998235492,0.0011819327857742479,122,0.0,99.0,1.0049613224084344,1.1316276852951097,1.0075738476574179,1.0858319504642728,-0.002355820362087835,0.006784913896442149,exact_values,False,False,,True,checked,0,0.0,0,0.0,[],0.08067299396031061,0.08255615724027277,0.0018831632799621578,0.8923510089160007,1.0160931821287058,-0.11136430079089811,0.062443386203832614,exact_values,0.03438230529824249
269,BEANDAY_,Computed Bean intake in times per day,count,derived,0.08954241394547975,0.09094981669241811,0.0014074027469383604,97,0.0,99.0,0.28030727724909743,0.4781518496374506,0.27992155364021115,0.4080341833258372,0.0008678129283761797,0.007780588722250233,exact_values,False,False,,True,checked,0,0.0,0,0.0,[],0.09201898188093184,0.08969698489102822,0.002321996989903624,0.26850382477312706,0.28138946392424413,-0.02817517955341556,0.043522133039522466,exact_values,0.01577394764424017
270,GRENDAY_,Computed Dark Green Vegetable intake in times per day,count,derived,0.08500464747741021,0.08684482396072372,0.0018401764833135131,103,0.0,99.0,0.5679693047608255,0.6795763515427817,0.5659972967561069,0.5995428262545707,0.0030773663913551096,0.007244190458829601,exact_values,False,False,,True,checked,0,0.0,0,0.0,[],0.08390854184641933,0.0856230779515978,0.0017145361051784797,0.47387143866258524,0.5772045275914378,-0.16388031329863342,0.09329752152734588,exact_values,0.05237589530766197
271,ORNGDAY_,Computed Orange-Colored Vegetable intake in times per day,count,derived,0.08825026284913222,0.08901160186141764,0.0007613390122854224,93,0.0,99.0,0.2968530669135647,0.48046427437519623,0.2934854430316213,0.39635974289756226,0.007646318767617441,0.005670349189968391,exact_values,False,False,,True,checked,0,0.0,0,0.0,[],0.0853753235547886,0.08902426795026074,0.0036489443954721285,0.27958445356351136,0.2979053031345449,-0.04342827933798219,0.04614757025740523,exact_values,0.024844151998657846
272,VEGEDA1_,Computed Other Vegetable intake in times per day,count,derived,0.09323296813811388,0.0938297113705556,0.0005967432324417155,118,0.0,99.0,0.802998937965059,0.8109162224343329,0.8054993139351858,0.7455645659119761,-0.0032100298986364626,0.008754629898703141,exact_values,False,False,,True,checked,0,0.0,0,0.0,[],0.09322691975841242,0.09358286535633106,0.00035594559791864155,0.7581036205338029,0.8065105033397715,-0.06591833734707679,0.043953805484231306,exact_values,0.02758906177839901
273,_MISFRTN,The number of missing fruit responses,count,derived,0.0,0.0,0.0,3,0.0,2.0,0.16850686455269934,0.5304558646269149,0.17102917379021568,0.5333616888883822,-0.0047419782078242205,0.0018096229848936617,exact_values,False,False,,False,not_machine_checkable,0,0.0,0,0.0,[],0.0,0.0,0.0,0.16566005176876616,0.16980879796764273,-0.00788805980191947,0.008308297746200148,exact_values,0.024515577907447086
274,_MISVEGN,The number of missing vegetable responses,count,derived,0.0,0.0,0.0,5,0.0,4.0,0.35603029241013606,1.0816153086295257,0.36063595388511505,1.0876033841740558,-0.00424636201252311,0.0013889649614542364,exact_values,False,False,,False,not_machine_checkable,0,0.0,0,0.0,[],0.0,0.0,0.0,0.3545297670405522,0.3579271961492178,-0.0031694231288316214,0.016237648331635685,exact_values,0.03688496162491968
275,_FRTRESP,Missing any fruit responses,categorical,derived,0.0,0.0,0.0,2,0.0,1.0,0.9021286970301857,0.2971405576908091,0.9003190740452921,0.2995740959354129,0.006065237129045469,0.0018096229848936565,exact_values,False,False,,False,not_machine_checkable,0,0.0,0,0.0,[],0.0,0.0,0.0,0.8997411561691113,0.9018209319427731,-0.006956842909545945,0.0020797757736618003,exact_values,0.0017021893043365904
276,_VEGRESP,Missing any vegetable responses,categorical,derived,0.0,0.0,0.0,2,0.0,1.0,0.8853977783534216,0.31854128843879387,0.8840088133919674,0.320214352016416,0.0043489563426664145,0.0013889649614542351,exact_values,False,False,,False,not_machine_checkable,0,0.0,0,0.0,[],0.0,0.0,0.0,0.8755392579810182,0.8858595734723893,-0.0318429190447108,0.01032031549137119,exact_values,0.007221404472505688
277,_FRUTSUM,Total fruits consumed per day,continuous,derived,0.09787130296981425,0.09968092595470794,0.0018096229848936912,>256,0.0,150.0,1.3617985946895463,1.4020370388212027,1.365940330638937,1.311194179417441,-0.0030512817454403695,0.012000000000000007,sample_quantile_bins,False,False,,True,checked,0,0.0,0,0.0,[],0.10025884383088869,0.0981790680572269,0.0020797757736617933,1.2968320866896805,1.3680153916721869,-0.05089879604643375,0.05384014205049442,sample_quantile_bins,0.03981427269627176
278,_VEGESUM,Total vegetables consumed per day,continuous,derived,0.11460222164657839,0.11599118660803262,0.0013889649614542282,>256,0.0,199.29,1.9494328296561452,1.6012938947214328,1.9470617010714444,1.4192327182319668,0.0015671658583842867,0.012150000000000001,sample_quantile_bins,False,False,,True,checked,0,0.0,0,0.0,[],0.12446074201898188,0.11414042652761064,0.010320315491371246,1.7793426952451337,1.9645303781407568,-0.1252742435643389,0.04650560030466791,sample_quantile_bins,0.026330430891739143
279,_FRTLT1,Consume Fruit 1 or more times per day,binary,derived,0.0,0.0,0.0,3,1.0,9.0,2.1225806451612903,2.3115333237009907,2.136945848837528,2.3294702915281587,-0.006190512905912937,0.0018096229848936843,exact_values,False,False,,True,checked,0,0.0,0,0.0,[],0.0,0.0,0.0,2.157937877480587,2.1229233520524136,0.015073710684720801,0.020456095012540747,exact_values,0.004362498965571643
280,_VEGLT1,Consume Vegetables 1 or more times per day,binary,derived,0.0,0.0,0.0,3,1.0,9.0,2.099459064104713,2.51164751561024,2.1107890911418097,2.524369849327152,-0.004499583723377566,0.0016072723069171027,exact_values,False,False,,True,checked,0,0.0,0,0.0,[],0.0,0.0,0.0,2.211518550474547,2.0924964901724827,0.04667647580857873,0.04677985186246543,exact_values,0.01607496333765361
281,_FRT16,Reported consuming Fruit >16 per day,binary,derived,0.0,0.0,0.0,2,0.0,1.0,0.9997866731680558,0.014604154327005181,0.999826292067033,0.01317868576607935,-0.002848294412381253,3.961889897716796e-05,exact_values,False,False,,True,checked,0,0.0,0,0.0,[],0.0,0.0,0.0,0.9997411561691113,0.999803616793689,-0.004140546424714956,6.246062457770116e-05,exact_values,5.029396460035085e-06
282,_VEG23,Reported consuming Vegetables >23 per day,binary,derived,0.0,0.0,0.0,2,0.0,1.0,0.9998811464793453,0.010901348287955349,0.9999268598176981,0.008551890598900864,-0.004665911228052085,4.5713338352748625e-05,exact_values,False,False,,True,checked,0,0.0,0,0.0,[],0.0,0.0,0.0,0.9999137187230371,0.9998955408477069,0.001861476847829142,1.8177875330196793e-05,exact_values,1.4635570248500152e-06
283,_FRUITEX,Fruit Exclusion from analyses,categorical,derived,0.0,0.0,0.0,3,0.0,2.0,0.0982979566337026,0.29843277638226945,0.10002834182064199,0.300616181399453,-0.005777069372904902,0.0018096229848936906,exact_values,False,False,,True,checked,0,0.0,0,0.0,[],0.0,0.0,0.0,0.10077653149266609,0.0985718344698489,0.007341112716894483,0.0021422363982395013,exact_values,0.0017021893043365904
284,_VEGETEX,Vegetable Exclusion from analyses,categorical,derived,0.0,0.0,0.0,3,0.0,2.0,0.1148399286878876,0.3192012319966164,0.11613746697263642,0.32061789735200374,-0.004055943452245459,0.0013889649614542462,exact_values,False,False,,True,checked,0,0.0,0,0.0,[],0.0,0.0,0.0,0.12463330457290768,0.11434934483219682,0.0316800988783312,0.010320315491371237,exact_values,0.007221404472505688
285,_TOTINDA,Leisure Time Physical Activity Calculated Variable,binary,derived,0.0,0.0,0.0,3,1.0,9.0,1.9268045164337848,2.20404021253999,1.9319704879364412,2.2119947728530014,-0.002339638675368047,0.0007065004256329929,exact_values,False,False,,True,checked,0,0.0,0,0.0,[],0.0,0.0,0.0,1.979076790336497,1.9266738534563443,0.024231847873189723,0.11625866706329058,exact_values,0.03847944839155827
286,METVL11_,Activity MET Value for First Activity,continuous,derived,0.3313483779541957,0.33148959123780614,0.00014121328361044183,30,0.0,12.8,4.170547108583097,1.6323291119471985,4.176697528753712,1.63873767038113,-0.003760490858955478,0.004028298852860594,exact_values,False,False,,True,checked,0,0.0,0,0.0,[],0.4314063848144953,0.3229250233988501,0.10848136141564518,4.019704097116843,4.180339169232858,-0.107470021388778,0.11337982185610075,exact_values,0.07785820656426794
287,METVL21_,Activity MET Value for Second Activity,continuous,derived,0.34261812973318906,0.342314338218488,0.00030379151470105725,30,0.0,12.8,2.8876830003245075,2.648532608409945,2.8819870164171353,2.6488779639987037,0.0021504785469848684,0.004854857221032709,exact_values,False,False,,True,checked,0,0.0,0,0.0,[],0.44270923209663504,0.3343779248562642,0.10833130724037082,2.5614955875522507,2.9148478989592084,-0.13680702225721977,0.12392506755469816,exact_values,0.07110516623685324
288,MAXVO2_,Estimated Age-Gender Specific Maximum Oxygen Consumption,continuous,derived,0.0,0.0,0.0,163,5.55,999.0,39.998302954576644,106.07815003562271,39.499654229788156,103.77719803029015,0.004752023319183948,0.01833691785391368,exact_values,False,False,,False,documented_domain_incomplete,324192,0.987983604309202,0,0.0,"[[""<OTHER_UNEXPECTED_VALUES>"", 82216], [""22.84"", 4529], [""25.8"", 4523], [""25.06"", 4515], [""23.21"", 4478], [""23.95"", 4478], [""23.58"", 4194], [""24.69"", 4186], [""26.54"", 4177], [""26.17"", 4122]]",0.0,0.0,0.0,29.92704831751511,40.827704322101845,-0.11232564678817401,0.3787107690720096,exact_values,0.25952401616248877
289,FC60_,Estimated Functional Capacity,continuous,derived,0.0,0.0,0.0,156,0.95,999.0,16.80338692916026,108.32957636855745,16.283970780497167,105.96842380693215,0.0048473119025217665,0.017483597208063976,exact_values,False,False,,True,checked,0,0.0,0,0.0,[],0.0,0.0,0.0,11.522261000862816,17.174335932277053,-0.057110577599320145,0.3787107690720096,exact_values,0.25952401616248877
290,ACTIN11_,Estimated Activity Intensity for First Activity,categorical,derived,0.33849482682432536,0.33811792025891624,0.0003769065654091186,4,0.0,2.0,1.2796745645273493,0.5496532745886826,1.2813967622520581,0.5511740398885823,-0.0031289123347109983,0.0018909687440424768,exact_values,False,False,,True,checked,0,0.0,0,0.0,[],0.43507333908541845,0.3303583366760262,0.10471500240939224,1.4910271095838106,1.2624981280886538,0.4176091738032906,0.18493450124541985,exact_values,0.051374448932880803
291,ACTIN21_,Estimated Activity Intensity for Second Activity,categorical,derived,0.3495451567190333,0.3486958191243292,0.0008493375947041248,4,0.0,2.0,0.8739815495907457,0.8152853474460294,0.8706186218223164,0.813394615662041,0.004129633296317578,0.0024320933073869455,exact_values,False,False,,True,checked,0,0.0,0,0.0,[],0.44624676445211386,0.3415772496323038,0.10466951481981007,0.9294951698348395,0.8701349799148363,0.06948606555567614,0.13207362769911632,exact_values,0.043869463615751475
292,PADUR1_,Minutes of First Activity,count,derived,0.34678714553461226,0.34666617906545133,0.00012096646916093245,193,1.0,599.0,63.42027227514906,65.07517309818334,63.954506653979095,65.3496979237498,-0.008192198178360524,0.005904116310627961,exact_values,False,False,,True,checked,0,0.0,0,0.0,[],0.4522433132010354,0.3379963898916967,0.11424692330933867,60.477986926045524,63.63712792547148,-0.047150237323212656,0.14874039242579828,exact_values,0.10245798881848568
293,PADUR2_,Minutes of Second Activity,count,derived,0.562704374723818,0.5638193803198055,0.0011150055959875393,167,1.0,599.0,71.68419145318205,77.2671379681514,71.74830744723218,77.4520020925076,-0.000828804351651898,0.005036054173938485,exact_values,False,False,,True,checked,0,0.0,0,0.0,[],0.675237273511648,0.552676661318358,0.12256061219328995,76.15316153028692,71.38715824280523,0.05913930751177517,0.12993809471236173,exact_values,0.04597402846599062
294,PAFREQ1_,Physical Activity Frequency per Week for First Activity,continuous,derived,0.3390586191658921,0.3388767496502985,0.000181869515593569,111,0.233,99.0,4.027582244395468,2.907984080895631,4.025655926320302,2.81960246983455,0.000672565577050655,0.006540287809712829,exact_values,False,False,,True,checked,0,0.0,0,0.0,[],0.441846419327006,0.3304293688995855,0.1114170504274205,4.314402303292628,4.002788351732014,0.10366637874075711,0.13240793303793041,exact_values,0.03477894828984642
295,PAFREQ2_,Physical Activity Frequency per Week for Second Activity,continuous,derived,0.5574321544486264,0.5583887217838891,0.0009565673352627257,95,0.233,99.0,3.1280480436848417,3.176643221570702,3.1459164441132037,3.2233750977156865,-0.0055837102999163404,0.004841088283868776,exact_values,False,False,,True,checked,0,0.0,0,0.0,[],0.6696289905090596,0.5473325310870437,0.12229645942201584,3.5438143118307663,3.0949363738738715,0.1356687736330779,0.12854935002937765,exact_values,0.03730698539672868
296,_MINAC11,Minutes of Physical Activity per week for First Activity,count,derived,0.3509287336004998,0.35038718584006073,0.0005415477604390762,>256,0.0,53460.0,229.5397379133546,366.98424564725445,231.04033551946407,344.42392984318354,-0.004216548750421092,0.009700000000000014,sample_quantile_bins,False,False,,True,checked,0,0.0,0,0.0,[],0.45793787748058673,0.3419700160449258,0.11596786143566096,238.42053322721847,228.99108486522525,0.02539249534227339,0.11441763658170107,sample_quantile_bins,0.032777305410627997
297,_MINAC21,Minutes of Physical Activity per week for Second Activity,count,derived,0.3560150547792829,0.35568070653416106,0.00033434824512185157,>256,0.0,47520.0,129.76062636644994,363.9319315763323,131.2083433841788,342.2308644907142,-0.004098301137022473,0.011600000000000013,sample_quantile_bins,False,False,,True,checked,0,0.0,0,0.0,[],0.4597497842968076,0.3475564915095601,0.11219329278724749,136.97716202187974,129.0375541153265,0.022065477837908146,0.11054668298076807,sample_quantile_bins,0.03140168394244655
298,STRFREQ_,Strength Activity Frequency per Week,continuous,derived,0.09903241044082466,0.09995520163834008,0.0009227911975154268,97,0.0,99.0,1.2005307554145426,2.2594548124087943,1.2084360969465497,2.2734719445561145,-0.003487946820950796,0.004993133730230462,exact_values,False,False,,True,checked,0,0.0,0,0.0,[],0.09378774805867127,0.10008858136114454,0.006300833302473274,1.0085352756355321,1.2201741435827913,-0.08786844585596287,0.11342676520429189,exact_values,0.04419004277063583
299,PAMISS1_,Missing Physical Activity Data,categorical,derived,0.0,0.0,0.0,3,0.0,9.0,0.8181236381367425,2.5114361184584895,0.8230647564889055,2.520914758574661,-0.0019637381049347593,0.0014173854785340424,exact_values,False,False,,False,not_machine_checkable,0,0.0,0,0.0,[],0.0,0.0,0.0,0.7635461604831751,0.8283986829790079,-0.026220692638548065,0.007981966272892299,exact_values,0.01157249803632139
300,PAMIN11_,Minutes of Physical Activity per week for First Activity,count,derived,0.35764243375439986,0.35661324385851034,0.0010291898958895151,>256,0.0,53460.0,313.1325837365974,530.0063859135042,315.4189675017407,507.17093152955624,-0.004407789818759421,0.011349999999999999,sample_quantile_bins,False,False,,True,checked,0,0.0,0,0.0,[],0.46151855047454704,0.3489437090520123,0.11257484142253477,366.9970357314533,309.3390216665811,0.10092490242457781,0.11255172835788249,sample_quantile_bins,0.03145634163047094
301,PAMIN21_,Minutes of Physical Activity per week for Second Activity,count,derived,0.36266780440977037,0.36183362437030875,0.0008341800394616183,>256,0.0,47520.0,181.3986639952948,486.7562036935878,182.69122661241798,459.28991682957167,-0.0027314063948443417,0.009800000000000014,sample_quantile_bins,False,False,,True,checked,0,0.0,0,0.0,[],0.4630716134598792,0.35445915229308733,0.10861246116679185,218.54226257432106,178.31125724937863,0.07538179676431184,0.11136063761073146,sample_quantile_bins,0.029973849789710474
302,PA1MIN_,Minutes of total Physical Activity per week,count,derived,0.3439407560912429,0.3432743031112005,0.0006664529800424202,>256,0.0,54000.0,482.81355097642097,752.1305348361417,486.54070609199243,721.0820979112196,-0.005058777754544984,0.012100000000000017,sample_quantile_bins,False,False,,True,checked,0,0.0,0,0.0,[],0.44167385677308024,0.33574842893434953,0.10592542783873071,564.119456034616,476.48260092845373,0.10748087806559174,0.11807095720836164,sample_quantile_bins,0.031074161505662334
303,PAVIG11_,Minutes of Vigorous Physical Activity per week for First Activity,count,derived,0.34676276532524725,0.34593477724243227,0.0008279880828149788,>256,0.0,14250.0,82.10055983205038,236.47435950480732,82.96218951370543,231.6155181294847,-0.0036812727955834357,0.008649999999999977,sample_quantile_bins,False,False,,True,checked,0,0.0,0,0.0,[],0.45030198446937014,0.3380757788474395,0.11222620562193064,126.00086328676817,78.89224010049426,0.17749306604042758,0.15312726391833878,sample_quantile_bins,0.0337189015605905
304,PAVIG21_,Minutes of Vigorous Physical Activity per week for Second Activity,count,derived,0.35659713227787343,0.35601897987730735,0.0005781524005660788,>256,0.0,19200.0,51.00443817111352,192.30890394187438,50.65725886595304,183.07815171680707,0.0018491548055914089,0.008299999999999988,sample_quantile_bins,False,False,,True,checked,0,0.0,0,0.0,[],0.4582830025884383,0.3480913223693007,0.11019168021913761,80.59839133551007,48.628957825919755,0.1376128353108676,0.12538211916341446,sample_quantile_bins,0.030876956456743182
305,PA1VIGM_,Minutes of total Vigorous Physical Activity per week,count,derived,0.3406920931933503,0.3399921374304025,0.0006999557629477904,>256,0.0,19200.0,131.11862236643833,318.49151327532996,131.64236539180786,310.32160161256843,-0.0016656739902877313,0.007649999999999987,sample_quantile_bins,False,False,,True,checked,0,0.0,0,0.0,[],0.43886971527178603,0.3323639524000535,0.10650576287173252,201.24371492273391,125.70070845641617,0.20629874001519014,0.13303018755660864,sample_quantile_bins,0.03598091199755406
306,_PACAT1,Physical Activity Categories,categorical,derived,0.0,0.0,0.0,5,1.0,9.0,3.25172566169412,2.4653309218017156,3.2464915568802057,2.465526476797028,0.0021229998706859075,0.0023386713994524855,exact_values,False,False,,True,checked,0,0.0,0,0.0,[],0.0,0.0,0.0,3.4251078515962035,3.241396744217141,0.07513887837677942,0.11622782358334136,exact_values,0.036900741536956785
307,_PAINDX1,Physical Activity Index,binary,derived,0.0,0.0,0.0,3,1.0,9.0,2.37551312721898,2.491972665874414,2.370967004635259,2.4884186582261347,0.0018256081220856877,0.0013411148803810502,exact_values,False,False,,True,checked,0,0.0,0,0.0,[],0.0,0.0,0.0,2.414495254529767,2.377507019655034,0.014972305194304997,0.07302802462944559,exact_values,0.014165070699468776
308,_PA150R2,150 Minute Physical Activity Calculated Variable,ordinal,derived,0.0,0.0,0.0,4,1.0,9.0,2.628360278543892,2.4917761512327234,2.6236846195339143,2.488690227286535,0.0018775985046806476,0.0013411148803810086,exact_values,False,False,,True,checked,0,0.0,0,0.0,[],0.0,0.0,0.0,2.774029335634167,2.6208132771760932,0.06219152693240203,0.11622782358334136,exact_values,0.036900741536956785
309,_PA300R2,300 Minute Physical Activity Calculated Variable,ordinal,derived,0.0,0.0,0.0,4,1.0,9.0,2.8371341063891387,2.4543011869166613,2.832783258212271,2.453546519945549,0.0017730167622550521,0.0023386713994524994,exact_values,False,False,,True,checked,0,0.0,0,0.0,[],0.0,0.0,0.0,2.943485763589301,2.8328026808396842,0.04547515094864331,0.11622782358334136,exact_values,0.036900741536956785
310,_PA30021,300 Minute Physical Activity 2-Level Calculated Variable,binary,derived,0.0,0.0,0.0,3,1.0,9.0,2.5842869550642265,2.475913857749768,2.580065643313616,2.474717098022331,0.0017053630799714198,0.0023386713994524716,exact_values,False,False,,True,checked,0,0.0,0,0.0,[],0.0,0.0,0.0,2.583951682484901,2.5894964233186255,-0.0022505078437308184,0.024811161646628353,exact_values,0.005695382242535199
311,_PASTRNG,Muscle Strengthening Recommendation,binary,derived,0.0,0.0,0.0,3,1.0,9.0,2.444323220625657,2.2145131834498906,2.4502692472960987,2.223618593507068,-0.002679512216096097,0.001436302909681636,exact_values,False,False,,True,checked,0,0.0,0,0.0,[],0.0,0.0,0.0,2.462942191544435,2.4467759727236262,0.007404552441500347,0.06657288524059489,exact_values,0.019524192531030757
312,_PAREC1,Aerobic and Strengthening Guideline,categorical,derived,0.0,0.0,0.0,5,1.0,9.0,3.488567205570878,2.395358993625316,3.4834017498788614,2.3933960617820422,0.0021573269872008265,0.0024022869027122765,exact_values,False,False,,True,checked,0,0.0,0,0.0,[],0.0,0.0,0.0,3.6697584124245037,3.4767181441369166,0.08173377959343738,0.07686278410149511,exact_values,0.025369719702486818
313,_PASTAE1,Aerobic and Strengthening (2-level),binary,derived,0.0,0.0,0.0,3,1.0,9.0,2.7376110442348423,2.445082474964284,2.7351502573620166,2.4420931771701584,0.0010070382518066708,0.0004955219767497493,exact_values,False,False,,True,checked,0,0.0,0,0.0,[],0.0,0.0,0.0,2.7835634167385677,2.737786635913892,0.018803956854982627,0.05454585537232179,exact_values,0.025369719702486818
314,_LMTACT1,Limited usual activities,ordinal,derived,0.005738491779298155,0.005851214584152351,0.00011272280485419631,5,1.0,9.0,2.717092922035727,1.3178846233155388,2.7205142589135454,1.3198687201540351,-0.0025941287637113205,0.001280874756357452,exact_values,False,False,,True,checked,0,0.0,0,0.0,[],0.00724762726488352,0.005569762000267415,0.0016778652646161048,2.4443768468625064,2.7450408622029876,-0.19712952052735228,0.27797201952640244,exact_values,0.09948649991367488
315,_LMTWRK1,Limited work activities,ordinal,derived,0.005738491779298155,0.005851214584152351,0.00011272280485419631,5,1.0,9.0,2.8142785331584173,1.348064746360545,2.817820653123534,1.354604617646572,-0.00262119343354801,0.0013665256801293126,exact_values,False,False,,True,checked,0,0.0,0,0.0,[],0.00724762726488352,0.005569762000267415,0.0016778652646161048,2.671215018251347,2.826845101787853,-0.09775502056473023,0.27797201952640244,exact_values,0.09793565571670386
316,_LMTSCL1,Limited social activities,ordinal,derived,0.005738491779298155,0.005851214584152351,0.00011272280485419631,6,1.0,9.0,3.652697914495543,1.25935058782026,3.6600023910464508,1.264222187784858,-0.005788985371187386,0.001573301580420794,exact_values,False,False,,True,checked,0,0.0,0,0.0,[],0.00724762726488352,0.005569762000267415,0.0016778652646161048,3.2920650095602295,3.6876404966490894,-0.26660000362199876,0.27797201952640244,exact_values,0.14602158747540844
317,_RFSEAT2,Always or Nearly Always Wear Seat Belts,binary,derived,0.0,0.0,0.0,3,1.0,9.0,1.8204214728693984,2.3553281797430445,1.8238235858802878,2.360104211030624,-0.0014429689512625871,0.00044130084159590965,exact_values,False,False,,True,checked,0,0.0,0,0.0,[],0.0,0.0,0.0,1.7993528904227782,1.8271075678566653,-0.011890385913512115,0.01815902906048928,exact_values,0.02979716051274553
318,_RFSEAT3,Always Wear Seat Belts,binary,derived,0.0,0.0,0.0,3,1.0,9.0,1.8823898700230088,2.3460645221031897,1.8876749650298503,2.350459896102454,-0.0022506399293204513,0.002195989115669976,exact_values,False,False,,True,checked,0,0.0,0,0.0,[],0.0,0.0,0.0,1.8594477998274375,1.8888930672549806,-0.012663454544863713,0.01646843906683318,exact_values,0.011976672452465559
319,_FLSHOT6,Flu Shot Calculated Variable,binary,derived,0.6441799868956375,0.6443284359886267,0.00014844909298916686,4,1.0,9.0,2.28990981268789,2.516769459573158,2.2667146492558414,2.4903204061421413,0.009264798697288858,0.0010882199977510429,exact_values,False,False,,True,checked,0,0.0,0,0.0,[],0.3353753235547886,0.6737072135312208,0.33833188997643215,2.1293002726210566,2.3212277983378367,-0.07805847833514279,0.33833188997643215,exact_values,0.08912859296414717
320,_PNEUMO2,Pneumonia Vaccination Calculated Variable,binary,derived,0.6441799868956375,0.6443284359886267,0.00014844909298916686,4,1.0,9.0,2.406793596957784,2.771839345816825,2.3916150425417064,2.756995970275732,0.005490668051114388,0.0007164839930909571,exact_values,False,False,,True,checked,0,0.0,0,0.0,[],0.3353753235547886,0.6737072135312208,0.33833188997643215,2.1683110476437752,2.4516525591937612,-0.1046733643863357,0.33833188997643215,exact_values,0.09925144497813541
321,_AIDTST3,Ever been tested for HIV calculated variable,binary,derived,0.09776463955384217,0.09829126249097175,0.0005266229371295866,4,1.0,9.0,1.966675111043556,1.4341304179599133,1.9681226426572576,1.4367036811882228,-0.0010084393470389547,0.0006483244357560342,exact_values,False,False,,True,checked,0,0.0,0,0.0,[],0.09288179465056083,0.09881000133707715,0.005928206686516321,2.089884434298759,1.9538622032640949,0.09181958670405432,0.07210387171511931,exact_values,0.020614389303488884
