feature,semantic_type,basis,value_or_bin,development_count,positive_count,negative_count,positive_rate,development_share
_STATE,categorical,exact_values,1,4646,512,4134,0.11020232458028412,0.017698508235939475
_STATE,categorical,exact_values,2,2186,138,2048,0.06312900274473925,0.008327365261249182
_STATE,categorical,exact_values,4,4718,452,4266,0.09580330648579907,0.017972785591296267
_STATE,categorical,exact_values,5,3179,457,2722,0.1437558980811576,0.012110107120544897
_STATE,categorical,exact_values,6,7458,421,7037,0.05644945025475999,0.028410562725707408
_STATE,categorical,exact_values,8,8106,527,7579,0.06501357019491734,0.03087905892391851
_STATE,categorical,exact_values,9,7139,569,6570,0.07970303964140636,0.0271953616651683
_STATE,categorical,exact_values,10,2360,240,2120,0.1016949152542373,0.00899020220336142
_STATE,categorical,exact_values,11,2409,167,2242,0.0693233706932337,0.00917686318131257
_STATE,categorical,exact_values,12,5799,599,5200,0.10329367132264183,0.022090755329361392
_STATE,categorical,exact_values,13,2791,285,2506,0.10211393765675385,0.010632056927788867
_STATE,categorical,exact_values,15,4232,254,3978,0.06001890359168242,0.016121413442637938
_STATE,categorical,exact_values,16,3410,245,3165,0.0718475073313783,0.012990080302314596
_STATE,categorical,exact_values,17,3136,270,2866,0.08609693877551021,0.011946302588873482
_STATE,categorical,exact_values,18,3570,391,3179,0.10952380952380952,0.013599585536440794
_STATE,categorical,exact_values,19,3697,300,3397,0.08114687584527995,0.014083380316028463
_STATE,categorical,exact_values,20,13884,1179,12705,0.08491789109766638,0.052889816691300835
_STATE,categorical,exact_values,21,5225,642,4583,0.12287081339712919,0.019904155301933655
_STATE,categorical,exact_values,22,2853,332,2521,0.11636873466526464,0.010868240206012769
_STATE,categorical,exact_values,23,5467,512,4955,0.09365282604719224,0.02082603196854953
_STATE,categorical,exact_values,24,7503,693,6810,0.09236305477808876,0.0285819860728054
_STATE,categorical,exact_values,25,5466,389,5077,0.07116721551408708,0.02082222256083624
_STATE,categorical,exact_values,26,5278,465,4813,0.088101553618795,0.02010605391073796
_STATE,categorical,exact_values,27,10075,671,9404,0.06660049627791563,0.038379782711384036
_STATE,categorical,exact_values,28,3556,416,3140,0.11698537682789652,0.013546253828454752
_STATE,categorical,exact_values,29,4394,458,3936,0.10423304506144743,0.016738537492190713
_STATE,categorical,exact_values,30,3614,305,3309,0.08439402324294411,0.013767199475825498
_STATE,categorical,exact_values,31,10386,888,9498,0.0854997111496245,0.03956450851021683
_STATE,categorical,exact_values,32,1751,162,1589,0.09251856082238721,0.00667027290596858
_STATE,categorical,exact_values,33,4204,389,3815,0.09253092293054234,0.016014750026665855
_STATE,categorical,exact_values,34,6740,504,6236,0.07477744807121661,0.025675407987566092
_STATE,categorical,exact_values,35,4014,340,3674,0.08470353761833582,0.015290962561140993
_STATE,categorical,exact_values,36,7372,574,6798,0.07786218122626153,0.028082953662364577
_STATE,categorical,exact_values,37,4016,348,3668,0.08665338645418327,0.01529858137656757
_STATE,categorical,exact_values,38,2980,258,2722,0.08657718120805369,0.011352034985600438
_STATE,categorical,exact_values,39,7080,784,6296,0.11073446327683616,0.026970606610084265
_STATE,categorical,exact_values,40,4124,515,3609,0.12487875848690591,0.015709997409602754
_STATE,categorical,exact_values,41,3215,268,2947,0.0833592534992224,0.012247245798223292
_STATE,categorical,exact_values,42,3370,298,3072,0.0884272997032641,0.012837703993783046
_STATE,categorical,exact_values,44,3677,292,3385,0.07941256459069894,0.01400719216176269
_STATE,categorical,exact_values,45,6856,696,6160,0.10151691948658109,0.026117299282307587
_STATE,categorical,exact_values,46,4300,459,3841,0.10674418604651163,0.01638045316714157
_STATE,categorical,exact_values,47,3477,413,3064,0.1187805579522577,0.013245310619104942
_STATE,categorical,exact_values,48,8722,835,7887,0.09573492318275625,0.033225654075304374
_STATE,categorical,exact_values,49,6717,358,6359,0.053297603096620516,0.025587791610160452
_STATE,categorical,exact_values,50,3916,291,3625,0.07431052093973442,0.014917640605238697
_STATE,categorical,exact_values,51,5145,397,4748,0.0771622934888241,0.019599402684870558
_STATE,categorical,exact_values,53,9601,768,8833,0.07999166753463181,0.03657412345528517
_STATE,categorical,exact_values,54,3522,459,3063,0.1303236797274276,0.013416733966202935
_STATE,categorical,exact_values,55,3621,278,3343,0.0767743717205192,0.01379386532981852
_STATE,categorical,exact_values,56,3315,319,2996,0.0962292609351433,0.012628186569552165
_STATE,categorical,exact_values,66,962,53,909,0.0550935550935551,0.003664650220183766
_STATE,categorical,exact_values,72,3274,345,2929,0.10537568723274282,0.012472000853307328
FMONTH,categorical,exact_values,1,26343,2211,24132,0.08393121512356223,0.10035122739116523
FMONTH,categorical,exact_values,2,22041,1889,20152,0.08570391543033437,0.08396315540859707
FMONTH,categorical,exact_values,3,20700,1800,18900,0.08695652173913043,0.07885473966507688
FMONTH,categorical,exact_values,4,24103,2045,22058,0.08484421026428246,0.09181815411339844
FMONTH,categorical,exact_values,5,19932,1753,18179,0.08794902669074854,0.07592911454127112
FMONTH,categorical,exact_values,6,19751,1770,17981,0.08961571565996658,0.07523961174516586
FMONTH,categorical,exact_values,7,24628,2145,22483,0.08709598830599317,0.09381809316287504
FMONTH,categorical,exact_values,8,19663,1815,17848,0.09230534506433404,0.07490438386639646
FMONTH,categorical,exact_values,9,19883,1801,18082,0.09057989237036665,0.07574245356331998
FMONTH,categorical,exact_values,10,25084,2109,22975,0.0840774996013395,0.0955551830801347
FMONTH,categorical,exact_values,11,20415,1963,18452,0.0961547881459711,0.07776905846678958
FMONTH,categorical,exact_values,12,19965,1879,18086,0.09411470072627097,0.07605482499580965
IDATE,date,sample_quantile_bins,"[-inf, 2.05202e+06]",1681,148,1533,0.08804283164782867,0.10469606377678127
IDATE,date,sample_quantile_bins,"[2.05202e+06, 3.07202e+06]",1579,137,1442,0.08676377454084863,0.09834329845540608
IDATE,date,sample_quantile_bins,"[3.07202e+06, 4.10202e+06]",1571,154,1417,0.098026734563972,0.09784504235176882
IDATE,date,sample_quantile_bins,"[4.10202e+06, 5.18202e+06]",1634,151,1483,0.09241126070991432,0.10176880916791231
IDATE,date,sample_quantile_bins,"[5.18202e+06, 6.26202e+06]",1581,142,1439,0.08981657179000632,0.0984678624813154
IDATE,date,sample_quantile_bins,"[6.26202e+06, 8.04202e+06]",1663,158,1505,0.09500901984365605,0.10357498754359741
IDATE,date,sample_quantile_bins,"[8.04202e+06, 9.12202e+06]",1546,164,1382,0.10608020698576973,0.09628799202790234
IDATE,date,sample_quantile_bins,"[9.12202e+06, 1.0212e+07]",1654,149,1505,0.09008464328899637,0.10301444942700548
IDATE,date,sample_quantile_bins,"[1.0212e+07, 1.1212e+07]",1589,153,1436,0.09628697293895531,0.09896611858495266
IDATE,date,sample_quantile_bins,"[1.1212e+07, inf]",1558,149,1409,0.09563543003851091,0.09703537618335825
IMONTH,categorical,exact_values,1,22297,1865,20432,0.08364353948961743,0.084938363783199
IMONTH,categorical,exact_values,2,23404,1980,21424,0.08460092291915912,0.08915537812180963
IMONTH,categorical,exact_values,3,25055,2146,22909,0.08565156655358212,0.09544471025644932
IMONTH,categorical,exact_values,4,21222,1851,19371,0.0872208085948544,0.0808432504914136
IMONTH,categorical,exact_values,5,20449,1823,18626,0.0891486136241381,0.0778985783290414
IMONTH,categorical,exact_values,6,21609,1873,19736,0.08667684760979222,0.08231749127645634
IMONTH,categorical,exact_values,7,22023,1989,20034,0.09031467102574581,0.08389458606975787
IMONTH,categorical,exact_values,8,21555,1961,19594,0.09097657156112271,0.08211178325993874
IMONTH,categorical,exact_values,9,18382,1688,16694,0.09182896311609183,0.07002453258567358
IMONTH,categorical,exact_values,10,21264,1906,19358,0.08963506395786305,0.08100324561537173
IMONTH,categorical,exact_values,11,23548,2112,21436,0.08968914557499576,0.0897039328325232
IMONTH,categorical,exact_values,12,21700,1986,19714,0.09152073732718893,0.08266414737836561
IDAY,categorical,exact_values,1,7489,734,6755,0.09801041527573776,0.02852865436481936
IDAY,categorical,exact_values,2,9651,980,8671,0.10154388146306083,0.03676459384094961
IDAY,categorical,exact_values,3,9875,1023,8852,0.10359493670886076,0.037617901168726285
IDAY,categorical,exact_values,4,9702,967,8735,0.09967017109874253,0.03695887363432734
IDAY,categorical,exact_values,5,8977,835,8142,0.09301548401470425,0.034197053042193
IDAY,categorical,exact_values,6,9656,969,8687,0.10035211267605634,0.03678364087951605
IDAY,categorical,exact_values,7,10195,974,9221,0.09553702795487984,0.03883691163697868
IDAY,categorical,exact_values,8,10413,952,9461,0.09142418131182176,0.03966736251847563
IDAY,categorical,exact_values,9,11047,997,10050,0.09025074680908844,0.04208252700870069
IDAY,categorical,exact_values,10,9948,903,9045,0.09077201447527142,0.03789598793179636
IDAY,categorical,exact_values,11,10124,878,9246,0.08672461477676807,0.038566443689335185
IDAY,categorical,exact_values,12,10122,922,9200,0.09108871764473424,0.038558824873908604
IDAY,categorical,exact_values,13,9877,841,9036,0.08514731193682293,0.037625519984152866
IDAY,categorical,exact_values,14,10143,907,9236,0.08942127575667948,0.03863882243588767
IDAY,categorical,exact_values,15,9489,852,8637,0.08978817578248498,0.03614746979139683
IDAY,categorical,exact_values,16,9601,849,8752,0.088428288719925,0.03657412345528517
IDAY,categorical,exact_values,17,8938,773,8165,0.0864846721861714,0.03404848614137474
IDAY,categorical,exact_values,18,8804,703,8101,0.07985006815084053,0.03353802550779405
IDAY,categorical,exact_values,19,8406,715,7691,0.08505829169640733,0.03202188123790513
IDAY,categorical,exact_values,20,8474,723,7751,0.08531980174651876,0.03228092096240876
IDAY,categorical,exact_values,21,8765,691,8074,0.07883628066172275,0.033389458606975786
IDAY,categorical,exact_values,22,8341,671,7670,0.08044598968948567,0.03177426973654136
IDAY,categorical,exact_values,23,7976,639,7337,0.08011534603811435,0.030383835921190972
IDAY,categorical,exact_values,24,6817,555,6262,0.08141411177937509,0.025968732381489328
IDAY,categorical,exact_values,25,6158,487,5671,0.07908411822020137,0.023458332698432047
IDAY,categorical,exact_values,26,6197,452,5745,0.07293851863805068,0.02360689959925031
IDAY,categorical,exact_values,27,6358,541,5817,0.08508965083359547,0.024220214241089794
IDAY,categorical,exact_values,28,6583,505,6078,0.07671274494911134,0.02507733097657976
IDAY,categorical,exact_values,29,5763,439,5324,0.07617560298455665,0.021953616651682998
IDAY,categorical,exact_values,30,5647,473,5174,0.08376128918009562,0.021511725356941503
IDAY,categorical,exact_values,31,2972,230,2742,0.07738896366083446,0.011321559723894129
IYEAR,categorical,exact_values,2015,255998,22766,233232,0.08893038226861147,0.9752007557864903
IYEAR,categorical,exact_values,2016,6510,414,6096,0.06359447004608294,0.024799244213509684
DISPCODE,survey_design,exact_values,1100,222984,20163,202821,0.09042352814551717,0.8494369695399759
DISPCODE,survey_design,exact_values,1200,39524,3017,36507,0.07633336706811052,0.1505630304600241
SEQNO,identifier,sample_quantile_bins,"[-inf, 2.015e+09]",1746,177,1569,0.1013745704467354,0.10874439461883408
SEQNO,identifier,sample_quantile_bins,"[2.015e+09, 2.015e+09]",6356,687,5669,0.10808684707363121,0.39586447433981065
SEQNO,identifier,sample_quantile_bins,"[2.015e+09, 2.01501e+09]",1531,131,1400,0.08556499020248204,0.09535376183358246
SEQNO,identifier,sample_quantile_bins,"[2.01501e+09, 2.01501e+09]",4830,408,4422,0.084472049689441,0.3008221225710015
SEQNO,identifier,sample_quantile_bins,"[2.01501e+09, inf]",1593,102,1491,0.064030131826742,0.0992152466367713
_PSU,identifier,sample_quantile_bins,"[-inf, 2.015e+09]",1746,177,1569,0.1013745704467354,0.10874439461883408
_PSU,identifier,sample_quantile_bins,"[2.015e+09, 2.015e+09]",6356,687,5669,0.10808684707363121,0.39586447433981065
_PSU,identifier,sample_quantile_bins,"[2.015e+09, 2.01501e+09]",1531,131,1400,0.08556499020248204,0.09535376183358246
_PSU,identifier,sample_quantile_bins,"[2.01501e+09, 2.01501e+09]",4830,408,4422,0.084472049689441,0.3008221225710015
_PSU,identifier,sample_quantile_bins,"[2.01501e+09, inf]",1593,102,1491,0.064030131826742,0.0992152466367713
CTELENUM,categorical,exact_values,1,150866,16244,134622,0.10767170866861983,0.5747101040730187
CTELENUM,categorical,exact_values,<MISSING>,111642,6936,104706,0.06212715644649863,0.4252898959269813
PVTRESD1,binary,exact_values,1,150843,16239,134604,0.10765497901791929,0.5746224876956131
PVTRESD1,binary,exact_values,2,23,5,18,0.21739130434782608,8.761637740564097e-05
PVTRESD1,binary,exact_values,<MISSING>,111642,6936,104706,0.06212715644649863,0.4252898959269813
COLGHOUS,categorical,exact_values,1,23,5,18,0.21739130434782608,8.761637740564097e-05
COLGHOUS,categorical,exact_values,<MISSING>,262485,23175,239310,0.08829075947196982,0.9999123836225944
STATERES,categorical,exact_values,1,150866,16244,134622,0.10767170866861983,0.5747101040730187
STATERES,categorical,exact_values,<MISSING>,111642,6936,104706,0.06212715644649863,0.4252898959269813
CELLFON3,binary,exact_values,1,68792,7091,61701,0.10307884637748575,0.26205677541255884
CELLFON3,binary,exact_values,2,82074,9153,72921,0.11152131003728342,0.31265332866045986
CELLFON3,binary,exact_values,<MISSING>,111642,6936,104706,0.06212715644649863,0.4252898959269813
LADULT,binary,exact_values,1,9,3,6,0.3333333333333333,3.4284669419598644e-05
LADULT,binary,exact_values,2,14,2,12,0.14285714285714285,5.333170798604233e-05
LADULT,binary,exact_values,<MISSING>,262485,23175,239310,0.08829075947196982,0.9999123836225944
NUMADULT,count,exact_values,1,56777,7554,49223,0.133046832344083,0.21628674173739468
NUMADULT,count,exact_values,2,75679,7323,68356,0.09676396358302831,0.2882921663339784
NUMADULT,count,exact_values,3,12913,992,11921,0.07682180748083327,0.04919088180169747
NUMADULT,count,exact_values,4,4199,287,3912,0.06834960704929745,0.015995702988099412
NUMADULT,count,exact_values,5,959,66,893,0.06882168925964546,0.0036532219970438996
NUMADULT,count,exact_values,6,234,11,223,0.04700854700854701,0.0008914014049095646
NUMADULT,count,exact_values,7,53,5,48,0.09433962264150944,0.0002018986088043031
NUMADULT,count,exact_values,8,16,0,16,0.0,6.09505234126198e-05
NUMADULT,count,exact_values,9,5,0,5,0.0,1.9047038566443688e-05
NUMADULT,count,exact_values,10,11,1,10,0.09090909090909091,4.1903484846176115e-05
NUMADULT,count,exact_values,11,1,0,1,0.0,3.8094077132887377e-06
NUMADULT,count,exact_values,14,3,1,2,0.3333333333333333,1.1428223139866213e-05
NUMADULT,count,exact_values,20,1,1,0,1.0,3.8094077132887377e-06
NUMADULT,count,exact_values,<MISSING>,111657,6939,104718,0.0621456782825976,0.4253470370426806
NUMMEN,count,exact_values,0,44178,5055,39123,0.11442346869482548,0.16829201395766985
NUMMEN,count,exact_values,1,94553,10199,84354,0.10786542997049274,0.36019092751459003
NUMMEN,count,exact_values,2,10220,860,9360,0.08414872798434442,0.0389321468298109
NUMMEN,count,exact_values,3,1568,105,1463,0.06696428571428571,0.005973151294436741
NUMMEN,count,exact_values,4,213,14,199,0.06572769953051644,0.0008114038429305012
NUMMEN,count,exact_values,5,29,3,26,0.10344827586206896,0.0001104728236853734
NUMMEN,count,exact_values,6,7,0,7,0.0,2.6665853993021166e-05
NUMMEN,count,exact_values,7,4,1,3,0.25,1.523763085315495e-05
NUMMEN,count,exact_values,8,1,0,1,0.0,3.8094077132887377e-06
NUMMEN,count,exact_values,9,3,0,3,0.0,1.1428223139866213e-05
NUMMEN,count,exact_values,10,2,1,1,0.5,7.618815426577475e-06
NUMMEN,count,exact_values,<MISSING>,111730,6942,104788,0.06213192517676542,0.4256251238057507
NUMWOMEN,count,exact_values,0,18398,3107,15291,0.16887705185346233,0.0700854831090862
NUMWOMEN,count,exact_values,1,117630,11978,105652,0.10182776502592876,0.44810062931415423
NUMWOMEN,count,exact_values,2,12670,1007,11663,0.07947908445146014,0.04826519572736831
NUMWOMEN,count,exact_values,3,1785,123,1662,0.06890756302521009,0.006799792768220397
NUMWOMEN,count,exact_values,4,243,18,225,0.07407407407407407,0.0009256860743291633
NUMWOMEN,count,exact_values,5,34,1,33,0.029411764705882353,0.0001295198622518171
NUMWOMEN,count,exact_values,6,13,1,12,0.07692307692307693,4.952230027275359e-05
NUMWOMEN,count,exact_values,7,1,1,0,1.0,3.8094077132887377e-06
NUMWOMEN,count,exact_values,8,1,0,1,0.0,3.8094077132887377e-06
NUMWOMEN,count,exact_values,9,1,0,1,0.0,3.8094077132887377e-06
NUMWOMEN,count,exact_values,10,2,2,0,1.0,7.618815426577475e-06
NUMWOMEN,count,exact_values,<MISSING>,111730,6942,104788,0.06213192517676542,0.4256251238057507
CTELNUM1,categorical,exact_values,1,111642,6936,104706,0.06212715644649863,0.4252898959269813
CTELNUM1,categorical,exact_values,<MISSING>,150866,16244,134622,0.10767170866861983,0.5747101040730187
CELLFON2,binary,exact_values,1,111642,6936,104706,0.06212715644649863,0.4252898959269813
CELLFON2,binary,exact_values,<MISSING>,150866,16244,134622,0.10767170866861983,0.5747101040730187
CADULT,binary,exact_values,1,55503,4297,51206,0.07741923859971533,0.21143355631066482
CADULT,binary,exact_values,2,56138,2639,53499,0.047009156008407854,0.21385253020860318
CADULT,binary,exact_values,<MISSING>,150867,16244,134623,0.10767099498233544,0.574713913480732
PVTRESD2,binary,exact_values,1,110998,6931,104067,0.062442566532730316,0.42283663735962335
PVTRESD2,binary,exact_values,2,644,5,639,0.007763975155279503,0.0024532585673579473
PVTRESD2,binary,exact_values,<MISSING>,150866,16244,134622,0.10767170866861983,0.5747101040730187
CCLGHOUS,categorical,exact_values,1,643,5,638,0.007776049766718507,0.0024494491596446584
CCLGHOUS,categorical,exact_values,<MISSING>,261865,23175,238690,0.08849979951501728,0.9975505508403554
CSTATE,binary,exact_values,1,104140,6627,97513,0.06363549068561551,0.39671171926188914
CSTATE,binary,exact_values,2,7503,309,7194,0.04118352658936426,0.0285819860728054
CSTATE,binary,exact_values,<MISSING>,150865,16244,134621,0.10767242236436549,0.5747062946653054
LANDLINE,binary,exact_values,1,41929,3168,38761,0.07555629755062129,0.1597246560104835
LANDLINE,binary,exact_values,2,69055,3738,65317,0.05413076533198175,0.2630586496411538
LANDLINE,binary,exact_values,7,95,10,85,0.10526315789473684,0.0003618937327624301
LANDLINE,binary,exact_values,9,105,2,103,0.01904761904761905,0.00039998780989531745
LANDLINE,binary,exact_values,<MISSING>,151324,16262,135062,0.10746477756337396,0.576454812805705
HHADULT,count,exact_values,1,26834,2245,24589,0.08366251770142356,0.10222164657838999
HHADULT,count,exact_values,2,55020,3227,51793,0.058651399491094144,0.20959361238514634
HHADULT,count,exact_values,3,15656,780,14876,0.049821154828819623,0.05964008715924848
HHADULT,count,exact_values,4,7319,322,6997,0.04399508129525891,0.027881055053560273
HHADULT,count,exact_values,5,2301,121,2180,0.05258583224684919,0.008765447148277386
HHADULT,count,exact_values,6,704,38,666,0.05397727272727273,0.0026818230301552714
HHADULT,count,exact_values,7,196,18,178,0.09183673469387756,0.0007466439118045926
HHADULT,count,exact_values,8,95,6,89,0.06315789473684211,0.0003618937327624301
HHADULT,count,exact_values,9,21,0,21,0.0,7.999756197906349e-05
HHADULT,count,exact_values,10,28,2,26,0.07142857142857142,0.00010666341597208466
HHADULT,count,exact_values,11,21,0,21,0.0,7.999756197906349e-05
HHADULT,count,exact_values,12,19,2,17,0.10526315789473684,7.237874655248601e-05
HHADULT,count,exact_values,13,13,1,12,0.07692307692307693,4.952230027275359e-05
HHADULT,count,exact_values,14,7,0,7,0.0,2.6665853993021166e-05
HHADULT,count,exact_values,15,7,0,7,0.0,2.6665853993021166e-05
HHADULT,count,exact_values,18,8,1,7,0.125,3.04752617063099e-05
HHADULT,count,exact_values,20,1,0,1,0.0,3.8094077132887377e-06
HHADULT,count,exact_values,21,1,0,1,0.0,3.8094077132887377e-06
HHADULT,count,exact_values,22,1,1,0,1.0,3.8094077132887377e-06
HHADULT,count,exact_values,23,1,0,1,0.0,3.8094077132887377e-06
HHADULT,count,exact_values,25,2,0,2,0.0,7.618815426577475e-06
HHADULT,count,exact_values,60,1,0,1,0.0,3.8094077132887377e-06
HHADULT,count,exact_values,77,95,8,87,0.08421052631578947,0.0003618937327624301
HHADULT,count,exact_values,99,242,17,225,0.07024793388429752,0.0009218766666158746
HHADULT,count,exact_values,<MISSING>,153915,16391,137524,0.10649384400480785,0.5863249881908361
GENHLTH,ordinal,exact_values,1,45464,919,44545,0.02021379553052965,0.17319091227695918
GENHLTH,ordinal,exact_values,2,86578,3657,82921,0.042239367968768045,0.3298109010011123
GENHLTH,ordinal,exact_values,3,81536,7531,74005,0.09236410910518053,0.31060386731071055
GENHLTH,ordinal,exact_values,4,34676,6662,28014,0.19212135194370747,0.13209502186600028
GENHLTH,ordinal,exact_values,5,13543,4309,9234,0.31817174924315145,0.051590808661069375
GENHLTH,ordinal,exact_values,7,457,69,388,0.15098468271334792,0.0017408993249729532
GENHLTH,ordinal,exact_values,9,252,33,219,0.13095238095238096,0.0009599707437487619
GENHLTH,ordinal,exact_values,<MISSING>,2,0,2,0.0,7.618815426577475e-06
PHYSHLTH,count,exact_values,1,10948,547,10401,0.049963463646328095,0.0417053956450851
PHYSHLTH,count,exact_values,2,14384,1016,13368,0.07063403781979978,0.0547945205479452
PHYSHLTH,count,exact_values,3,8477,772,7705,0.09106995399315795,0.03229234918554863
PHYSHLTH,count,exact_values,4,4544,494,4050,0.10871478873239436,0.017309948649184025
PHYSHLTH,count,exact_values,5,7385,839,6546,0.11360866621530129,0.028132475962637328
PHYSHLTH,count,exact_values,6,1277,197,1080,0.15426781519185592,0.004864613649869718
PHYSHLTH,count,exact_values,7,4673,477,4196,0.10207575433340467,0.01780136224419827
PHYSHLTH,count,exact_values,8,818,119,699,0.14547677261613692,0.0031160955094701875
PHYSHLTH,count,exact_values,9,201,28,173,0.13930348258706468,0.0007656909503710363
PHYSHLTH,count,exact_values,10,5397,828,4569,0.15341856586992775,0.02055937342861932
PHYSHLTH,count,exact_values,11,56,11,45,0.19642857142857142,0.00021332683194416933
PHYSHLTH,count,exact_values,12,562,78,484,0.1387900355871886,0.002140887134868271
PHYSHLTH,count,exact_values,13,79,16,63,0.20253164556962025,0.0003009432093498103
PHYSHLTH,count,exact_values,14,2741,328,2413,0.1196643560744254,0.01044158654212443
PHYSHLTH,count,exact_values,15,4942,941,4001,0.1904087414002428,0.018826092919072942
PHYSHLTH,count,exact_values,16,114,21,93,0.18421052631578946,0.00043427247931491613
PHYSHLTH,count,exact_values,17,92,11,81,0.11956521739130435,0.0003504655096225639
PHYSHLTH,count,exact_values,18,152,24,128,0.15789473684210525,0.0005790299724198881
PHYSHLTH,count,exact_values,19,26,3,23,0.11538461538461539,9.904460054550719e-05
PHYSHLTH,count,exact_values,20,3234,632,2602,0.19542362399505256,0.012319624544775778
PHYSHLTH,count,exact_values,21,672,98,574,0.14583333333333334,0.0025599219833300317
PHYSHLTH,count,exact_values,22,73,17,56,0.2328767123287671,0.00027808676307007786
PHYSHLTH,count,exact_values,23,50,9,41,0.18,0.0001904703856644369
PHYSHLTH,count,exact_values,24,81,14,67,0.1728395061728395,0.0003085620247763878
PHYSHLTH,count,exact_values,25,1252,251,1001,0.20047923322683706,0.0047693784570375
PHYSHLTH,count,exact_values,26,68,16,52,0.23529411764705882,0.0002590397245036342
PHYSHLTH,count,exact_values,27,101,25,76,0.24752475247524752,0.0003847501790421625
PHYSHLTH,count,exact_values,28,526,126,400,0.23954372623574144,0.0020037484571898763
PHYSHLTH,count,exact_values,29,238,59,179,0.24789915966386555,0.0009066390357627196
PHYSHLTH,count,exact_values,30,20154,4612,15542,0.22883794780192518,0.07677480305362122
PHYSHLTH,count,exact_values,77,4474,739,3735,0.16517657577112205,0.017043290109253813
PHYSHLTH,count,exact_values,88,163506,9634,153872,0.05892138514794564,0.6228610175689884
PHYSHLTH,count,exact_values,99,1210,198,1012,0.16363636363636364,0.004609383333079373
PHYSHLTH,count,exact_values,<MISSING>,1,0,1,0.0,3.8094077132887377e-06
MENTHLTH,count,exact_values,1,8146,436,7710,0.05352320157132335,0.03103143523245006
MENTHLTH,count,exact_values,2,12722,817,11905,0.06421946234868732,0.048463284928459326
MENTHLTH,count,exact_values,3,7266,545,6721,0.07500688136526287,0.027679156444755968
MENTHLTH,count,exact_values,4,3662,290,3372,0.07919169852539595,0.013950051046063358
MENTHLTH,count,exact_values,5,8723,707,8016,0.08105009744354007,0.03322946348301766
MENTHLTH,count,exact_values,6,989,108,881,0.10920121334681497,0.003767504228442562
MENTHLTH,count,exact_values,7,3343,245,3098,0.07328746634759198,0.01273484998552425
MENTHLTH,count,exact_values,8,687,67,620,0.0975254730713246,0.002617063099029363
MENTHLTH,count,exact_values,9,123,13,110,0.10569105691056911,0.00046855714873451476
MENTHLTH,count,exact_values,10,6338,661,5677,0.10429157462922058,0.02414402608682402
MENTHLTH,count,exact_values,11,42,3,39,0.07142857142857142,0.00015999512395812698
MENTHLTH,count,exact_values,12,411,46,365,0.11192214111922141,0.0015656665701616712
MENTHLTH,count,exact_values,13,56,6,50,0.10714285714285714,0.00021332683194416933
MENTHLTH,count,exact_values,14,1339,125,1214,0.09335324869305452,0.00510079692809362
MENTHLTH,count,exact_values,15,5733,681,5052,0.11878597592883307,0.021839334420284334
MENTHLTH,count,exact_values,16,101,13,88,0.12871287128712872,0.0003847501790421625
MENTHLTH,count,exact_values,17,65,9,56,0.13846153846153847,0.00024761150136376795
MENTHLTH,count,exact_values,18,105,16,89,0.1523809523809524,0.00039998780989531745
MENTHLTH,count,exact_values,19,22,5,17,0.22727272727272727,8.380696969235223e-05
MENTHLTH,count,exact_values,20,3453,442,3011,0.1280046336518969,0.013153884833986012
MENTHLTH,count,exact_values,21,223,34,189,0.15246636771300448,0.0008494979200633886
MENTHLTH,count,exact_values,22,63,6,57,0.09523809523809523,0.00023999268593719047
MENTHLTH,count,exact_values,23,46,2,44,0.043478260869565216,0.00017523275481128194
MENTHLTH,count,exact_values,24,41,10,31,0.24390243902439024,0.00015618571624483824
MENTHLTH,count,exact_values,25,1219,151,1068,0.12387202625102543,0.004643668002498972
MENTHLTH,count,exact_values,26,39,4,35,0.10256410256410256,0.00014856690081826076
MENTHLTH,count,exact_values,27,91,10,81,0.10989010989010989,0.00034665610190927516
MENTHLTH,count,exact_values,28,377,48,329,0.1273209549071618,0.0014361467079098541
MENTHLTH,count,exact_values,29,207,30,177,0.14492753623188406,0.0007885473966507688
MENTHLTH,count,exact_values,30,13041,2005,11036,0.15374587838355955,0.04967848598899843
MENTHLTH,count,exact_values,77,3005,454,2551,0.15108153078202996,0.011447270178432657
MENTHLTH,count,exact_values,88,179536,15024,164512,0.08368238124944301,0.6839258232130069
MENTHLTH,count,exact_values,99,1294,167,1127,0.12905718701700156,0.0049293735809956265
POORHLTH,count,exact_values,1,6553,298,6255,0.04547535479932855,0.0249630487451811
POORHLTH,count,exact_values,2,7307,536,6771,0.07335431777747366,0.02783534216100081
POORHLTH,count,exact_values,3,4658,469,4189,0.10068699012451696,0.01774422112849894
POORHLTH,count,exact_values,4,2627,292,2335,0.11115340692805481,0.010007314062809514
POORHLTH,count,exact_values,5,4810,553,4257,0.11496881496881498,0.018323251100918828
POORHLTH,count,exact_values,6,784,121,663,0.15433673469387754,0.0029865756472183705
POORHLTH,count,exact_values,7,2536,303,2233,0.11947949526813881,0.00966065796090024
POORHLTH,count,exact_values,8,588,79,509,0.13435374149659865,0.0022399317354137777
POORHLTH,count,exact_values,9,126,19,107,0.15079365079365079,0.00047998537187438095
POORHLTH,count,exact_values,10,4058,604,3454,0.1488417939871858,0.015458576500525699
POORHLTH,count,exact_values,11,29,4,25,0.13793103448275862,0.0001104728236853734
POORHLTH,count,exact_values,12,370,70,300,0.1891891891891892,0.001409480853916833
POORHLTH,count,exact_values,13,57,10,47,0.17543859649122806,0.00021713623965745807
POORHLTH,count,exact_values,14,1373,170,1203,0.12381646030589949,0.005230316790345437
POORHLTH,count,exact_values,15,4170,738,3432,0.17697841726618704,0.015885230164414038
POORHLTH,count,exact_values,16,96,18,78,0.1875,0.00036570314047571883
POORHLTH,count,exact_values,17,66,9,57,0.13636363636363635,0.0002514209090770567
POORHLTH,count,exact_values,18,127,29,98,0.2283464566929134,0.0004837947795876697
POORHLTH,count,exact_values,19,19,4,15,0.21052631578947367,7.237874655248601e-05
POORHLTH,count,exact_values,20,2837,572,2265,0.2016214310891787,0.01080728968260015
POORHLTH,count,exact_values,21,376,68,308,0.18085106382978725,0.0014323373001965654
POORHLTH,count,exact_values,22,58,13,45,0.22413793103448276,0.0002209456473707468
POORHLTH,count,exact_values,23,37,4,33,0.10810810810810811,0.00014094808539168331
POORHLTH,count,exact_values,24,35,5,30,0.14285714285714285,0.00013332926996510584
POORHLTH,count,exact_values,25,1103,225,878,0.20398912058023572,0.004201776707757478
POORHLTH,count,exact_values,26,52,17,35,0.3269230769230769,0.00019808920109101437
POORHLTH,count,exact_values,27,73,17,56,0.2328767123287671,0.00027808676307007786
POORHLTH,count,exact_values,28,251,55,196,0.21912350597609562,0.0009561613360354732
POORHLTH,count,exact_values,29,104,28,76,0.2692307692307692,0.00039617840218202874
POORHLTH,count,exact_values,30,11580,2784,8796,0.24041450777202072,0.04411294131988359
POORHLTH,count,exact_values,77,2132,452,1680,0.21200750469043153,0.008121657244731588
POORHLTH,count,exact_values,88,74781,6556,68225,0.08766932777042297,0.2848713182074451
POORHLTH,count,exact_values,99,713,115,598,0.16129032258064516,0.00271610769957487
POORHLTH,count,exact_values,<MISSING>,128022,7943,120079,0.062044023683429414,0.4876879942706508
HLTHPLN1,binary,exact_values,1,242369,22192,220177,0.09156286488783631,0.9232823380620782
HLTHPLN1,binary,exact_values,2,19100,928,18172,0.04858638743455498,0.0727596873238149
HLTHPLN1,binary,exact_values,7,613,34,579,0.05546492659053834,0.002335166928245996
HLTHPLN1,binary,exact_values,9,426,26,400,0.06103286384976526,0.0016228076858610023
PERSDOC2,categorical,exact_values,1,203085,18548,184537,0.0913312159933033,0.7736335654532434
PERSDOC2,categorical,exact_values,2,20333,3202,17131,0.15747799144248267,0.0774566870342999
PERSDOC2,categorical,exact_values,3,38030,1337,36693,0.035156455429923746,0.1448717753363707
PERSDOC2,categorical,exact_values,7,666,57,609,0.08558558558558559,0.0025370655370502994
PERSDOC2,categorical,exact_values,9,394,36,358,0.09137055837563451,0.0015009066390357627
MEDCOST,binary,exact_values,1,25720,2678,23042,0.10412130637636081,0.09797796638578633
MEDCOST,binary,exact_values,2,236121,20401,215720,0.08640061663299749,0.8994811586694501
MEDCOST,binary,exact_values,7,532,85,447,0.15977443609022557,0.0020266049034696086
MEDCOST,binary,exact_values,9,134,16,118,0.11940298507462686,0.0005104606335806909
MEDCOST,binary,exact_values,<MISSING>,1,0,1,0.0,3.8094077132887377e-06
CHECKUP1,ordinal,exact_values,1,193485,19664,173821,0.1016306173605189,0.7370632514056714
CHECKUP1,ordinal,exact_values,2,30039,1561,28478,0.05196577782216452,0.1144307982994804
CHECKUP1,ordinal,exact_values,3,16935,735,16200,0.043401240035429584,0.06451231962454478
CHECKUP1,ordinal,exact_values,4,16190,703,15487,0.043421865348980855,0.061674310878144664
CHECKUP1,ordinal,exact_values,7,3177,335,2842,0.10544538873150772,0.012102488305118321
CHECKUP1,ordinal,exact_values,8,2291,138,2153,0.06023570493234395,0.008727353071144498
CHECKUP1,ordinal,exact_values,9,390,44,346,0.11282051282051282,0.0014856690081826078
CHECKUP1,ordinal,exact_values,<MISSING>,1,0,1,0.0,3.8094077132887377e-06
BPHIGH4,categorical,exact_values,1,105481,17182,88299,0.16289189522283634,0.40182013500540936
BPHIGH4,categorical,exact_values,2,1940,58,1882,0.029896907216494847,0.007390250963780151
BPHIGH4,categorical,exact_values,3,151719,5689,146030,0.03749695160131559,0.577959528852454
BPHIGH4,categorical,exact_values,4,2611,169,2442,0.06472615855993873,0.009946363539396895
BPHIGH4,categorical,exact_values,7,513,73,440,0.14230019493177387,0.0019542261569171224
BPHIGH4,categorical,exact_values,9,244,9,235,0.036885245901639344,0.0009294954820424521
BPMEDS,binary,exact_values,1,88167,15874,72293,0.1800446879217848,0.33586404985752816
BPMEDS,binary,exact_values,2,17145,1268,15877,0.07395742198891805,0.0653122952443354
BPMEDS,binary,exact_values,7,137,38,99,0.2773722627737226,0.0005218888567205571
BPMEDS,binary,exact_values,9,32,2,30,0.0625,0.0001219010468252396
BPMEDS,binary,exact_values,<MISSING>,157027,5998,151029,0.03819725270176466,0.5981798649945906
BLOODCHO,categorical,exact_values,1,227512,22306,205206,0.09804318013994866,0.8666859676657473
BLOODCHO,categorical,exact_values,2,29404,629,28775,0.021391647394912255,0.11201182440154205
BLOODCHO,categorical,exact_values,7,5499,238,5261,0.04328059647208583,0.02094793301537477
BLOODCHO,categorical,exact_values,9,93,7,86,0.07526881720430108,0.00035427491733585264
CHOLCHK,ordinal,exact_values,1,174463,20068,154395,0.11502725506267805,0.6646006978834931
CHOLCHK,ordinal,exact_values,2,25983,1152,24831,0.04433668167648078,0.09897984061438128
CHOLCHK,ordinal,exact_values,3,15529,482,15047,0.031038701783759417,0.05915629237966081
CHOLCHK,ordinal,exact_values,4,8089,244,7845,0.030164420818395352,0.030814298992792602
CHOLCHK,ordinal,exact_values,7,3285,351,2934,0.10684931506849316,0.012513904338153505
CHOLCHK,ordinal,exact_values,9,163,9,154,0.05521472392638037,0.0006209334572660643
CHOLCHK,ordinal,exact_values,<MISSING>,34996,874,34122,0.024974282775174307,0.13331403233425268
TOLDHI2,binary,exact_values,1,94805,15231,79574,0.1606560835398977,0.3611508982583388
TOLDHI2,binary,exact_values,2,130645,6799,123846,0.05204179264418845,0.49768007070260717
TOLDHI2,binary,exact_values,7,1799,255,1544,0.14174541411895497,0.006853124476206439
TOLDHI2,binary,exact_values,9,263,21,242,0.07984790874524715,0.0010018742285949382
TOLDHI2,binary,exact_values,<MISSING>,34996,874,34122,0.024974282775174307,0.13331403233425268
CVDSTRK3,binary,exact_values,1,10571,3941,6630,0.3728124113139722,0.04026924893717525
CVDSTRK3,binary,exact_values,2,251366,19061,232305,0.07582966670114494,0.9575555792585368
CVDSTRK3,binary,exact_values,7,555,174,381,0.31351351351351353,0.0021142212808752496
CVDSTRK3,binary,exact_values,9,16,4,12,0.25,6.09505234126198e-05
ASTHMA3,categorical,exact_values,1,35181,4345,30836,0.12350416417952872,0.13401877276121107
ASTHMA3,categorical,exact_values,2,226520,18719,207801,0.08263729472011301,0.8629070352141649
ASTHMA3,categorical,exact_values,7,778,115,663,0.14781491002570693,0.002963719200938638
ASTHMA3,categorical,exact_values,9,29,1,28,0.034482758620689655,0.0001104728236853734
ASTHNOW,binary,exact_values,1,23608,3293,20315,0.13948661470687904,0.08993249729532052
ASTHNOW,binary,exact_values,2,10505,937,9568,0.0891956211327939,0.04001782802809819
ASTHNOW,binary,exact_values,7,1037,111,926,0.10703953712632594,0.003950355798680421
ASTHNOW,binary,exact_values,9,31,4,27,0.12903225806451613,0.00011809163911195088
ASTHNOW,binary,exact_values,<MISSING>,227327,18835,208492,0.08285421441359803,0.8659812272387889
CHCSCNCR,binary,exact_values,1,24900,4029,20871,0.16180722891566265,0.09485425206088957
CHCSCNCR,binary,exact_values,2,236949,19060,217889,0.08043925064043317,0.9026353482560532
CHCSCNCR,binary,exact_values,7,626,89,537,0.14217252396166133,0.00238468922851875
CHCSCNCR,binary,exact_values,9,32,2,30,0.0625,0.0001219010468252396
CHCSCNCR,binary,exact_values,<MISSING>,1,0,1,0.0,3.8094077132887377e-06
CHCOCNCR,binary,exact_values,1,25857,4180,21677,0.16165835170360057,0.0984998552425069
CHCOCNCR,binary,exact_values,2,236105,18912,217193,0.08009995552826073,0.8994202081460374
CHCOCNCR,binary,exact_values,7,488,81,407,0.16598360655737704,0.0018589909640849042
CHCOCNCR,binary,exact_values,9,58,7,51,0.1206896551724138,0.0002209456473707468
CHCCOPD1,binary,exact_values,1,20798,5572,15226,0.2679103759976921,0.07922806162097917
CHCCOPD1,binary,exact_values,2,240470,17314,223156,0.07200066536366283,0.9160482728145428
CHCCOPD1,binary,exact_values,7,1209,291,918,0.24069478908188585,0.004605573925366084
CHCCOPD1,binary,exact_values,9,31,3,28,0.0967741935483871,0.00011809163911195088
HAVARTH3,binary,exact_values,1,87688,13582,74106,0.15489006477511175,0.33403934356286286
HAVARTH3,binary,exact_values,2,173319,9430,163889,0.05440834530547718,0.6602427354594907
HAVARTH3,binary,exact_values,7,1429,164,1265,0.11476557032890133,0.005443643622289607
HAVARTH3,binary,exact_values,9,71,4,67,0.056338028169014086,0.0002704679476435004
HAVARTH3,binary,exact_values,<MISSING>,1,0,1,0.0,3.8094077132887377e-06
ADDEPEV2,binary,exact_values,1,49311,6279,43032,0.12733467177708827,0.18784570374998094
ADDEPEV2,binary,exact_values,2,212041,16742,195299,0.07895642823793511,0.8077506209334573
ADDEPEV2,binary,exact_values,7,897,130,767,0.14492753623188406,0.0034170387188199977
ADDEPEV2,binary,exact_values,9,259,29,230,0.11196911196911197,0.000986636597741783
CHCKIDNY,binary,exact_values,1,9149,2621,6528,0.2864793966553722,0.034852271168878665
CHCKIDNY,binary,exact_values,2,252569,20378,232191,0.08068290249397195,0.9621382967376232
CHCKIDNY,binary,exact_values,7,732,169,563,0.23087431693989072,0.002788486446127356
CHCKIDNY,binary,exact_values,9,58,12,46,0.20689655172413793,0.0002209456473707468
DIABETE3,categorical,exact_values,1,33872,7464,26408,0.22035899858290034,0.12903225806451613
DIABETE3,categorical,exact_values,2,2106,90,2016,0.042735042735042736,0.008022612644186081
DIABETE3,categorical,exact_values,3,221603,14899,206704,0.06723284432069963,0.8441761774879242
DIABETE3,categorical,exact_values,4,4560,677,3883,0.14846491228070174,0.017370899172596644
DIABETE3,categorical,exact_values,7,306,44,262,0.1437908496732026,0.0011656787602663538
DIABETE3,categorical,exact_values,9,57,5,52,0.08771929824561403,0.00021713623965745807
DIABETE3,categorical,exact_values,<MISSING>,4,1,3,0.25,1.523763085315495e-05
DIABAGE2,count,exact_values,1,30,6,24,0.2,0.00011428223139866214
DIABAGE2,count,exact_values,2,17,3,14,0.17647058823529413,6.475993112590855e-05
DIABAGE2,count,exact_values,3,22,4,18,0.18181818181818182,8.380696969235223e-05
DIABAGE2,count,exact_values,4,17,3,14,0.17647058823529413,6.475993112590855e-05
DIABAGE2,count,exact_values,5,27,6,21,0.2222222222222222,0.00010285400825879592
DIABAGE2,count,exact_values,6,34,10,24,0.29411764705882354,0.0001295198622518171
DIABAGE2,count,exact_values,7,32,8,24,0.25,0.0001219010468252396
DIABAGE2,count,exact_values,8,32,7,25,0.21875,0.0001219010468252396
DIABAGE2,count,exact_values,9,43,8,35,0.18604651162790697,0.00016380453167141572
DIABAGE2,count,exact_values,10,60,12,48,0.2,0.00022856446279732428
DIABAGE2,count,exact_values,11,41,2,39,0.04878048780487805,0.00015618571624483824
DIABAGE2,count,exact_values,12,76,18,58,0.23684210526315788,0.00028951498620994405
DIABAGE2,count,exact_values,13,67,8,59,0.11940298507462686,0.00025523031679034543
DIABAGE2,count,exact_values,14,46,10,36,0.21739130434782608,0.00017523275481128194
DIABAGE2,count,exact_values,15,66,15,51,0.22727272727272727,0.0002514209090770567
DIABAGE2,count,exact_values,16,64,11,53,0.171875,0.0002438020936504792
DIABAGE2,count,exact_values,17,68,17,51,0.25,0.0002590397245036342
DIABAGE2,count,exact_values,18,106,17,89,0.16037735849056603,0.0004037972176086062
DIABAGE2,count,exact_values,19,70,17,53,0.24285714285714285,0.00026665853993021167
DIABAGE2,count,exact_values,20,153,38,115,0.24836601307189543,0.0005828393801331769
DIABAGE2,count,exact_values,21,109,16,93,0.14678899082568808,0.0004152254407484724
DIABAGE2,count,exact_values,22,110,21,89,0.19090909090909092,0.0004190348484617612
DIABAGE2,count,exact_values,23,123,20,103,0.16260162601626016,0.00046855714873451476
DIABAGE2,count,exact_values,24,100,11,89,0.11,0.0003809407713288738
DIABAGE2,count,exact_values,25,222,41,181,0.18468468468468469,0.0008456885123500998
DIABAGE2,count,exact_values,26,123,17,106,0.13821138211382114,0.00046855714873451476
DIABAGE2,count,exact_values,27,135,25,110,0.18518518518518517,0.0005142700412939796
DIABAGE2,count,exact_values,28,180,37,143,0.20555555555555555,0.0006856933883919728
DIABAGE2,count,exact_values,29,114,30,84,0.2631578947368421,0.00043427247931491613
DIABAGE2,count,exact_values,30,613,144,469,0.23491027732463296,0.002335166928245996
DIABAGE2,count,exact_values,31,117,15,102,0.1282051282051282,0.0004457007024547823
DIABAGE2,count,exact_values,32,288,59,229,0.2048611111111111,0.0010971094214271566
DIABAGE2,count,exact_values,33,162,28,134,0.1728395061728395,0.0006171240495527755
DIABAGE2,count,exact_values,34,221,40,181,0.18099547511312217,0.0008418791046368111
DIABAGE2,count,exact_values,35,736,158,578,0.21467391304347827,0.002803724076980511
DIABAGE2,count,exact_values,36,214,36,178,0.16822429906542055,0.0008152132506437899
DIABAGE2,count,exact_values,37,215,31,184,0.14418604651162792,0.0008190226583570787
DIABAGE2,count,exact_values,38,386,65,321,0.16839378238341968,0.0014704313773294527
DIABAGE2,count,exact_values,39,240,45,195,0.1875,0.0009142578511892971
DIABAGE2,count,exact_values,40,1674,397,1277,0.23715651135005975,0.006376948512045347
DIABAGE2,count,exact_values,41,226,45,181,0.19911504424778761,0.0008609261432032547
DIABAGE2,count,exact_values,42,551,117,434,0.21234119782214156,0.0020989836500220948
DIABAGE2,count,exact_values,43,308,56,252,0.18181818181818182,0.0011732975756929313
DIABAGE2,count,exact_values,44,287,50,237,0.17421602787456447,0.0010933000137138677
DIABAGE2,count,exact_values,45,1508,324,1184,0.21485411140583555,0.0057445868316394165
DIABAGE2,count,exact_values,46,370,70,300,0.1891891891891892,0.001409480853916833
DIABAGE2,count,exact_values,47,442,88,354,0.19909502262443438,0.0016837582092736221
DIABAGE2,count,exact_values,48,712,144,568,0.20224719101123595,0.0027122982918615815
DIABAGE2,count,exact_values,49,371,63,308,0.16981132075471697,0.0014132902616301219
DIABAGE2,count,exact_values,50,2895,601,2294,0.2075993091537133,0.011028235329970897
DIABAGE2,count,exact_values,51,410,91,319,0.22195121951219512,0.0015618571624483825
DIABAGE2,count,exact_values,52,774,151,623,0.19509043927648578,0.002948481570085483
DIABAGE2,count,exact_values,53,489,82,407,0.16768916155419222,0.0018628003717981929
DIABAGE2,count,exact_values,54,529,94,435,0.1776937618147448,0.0020151766803297422
DIABAGE2,count,exact_values,55,2052,467,1585,0.22758284600389864,0.00781690462766849
DIABAGE2,count,exact_values,56,543,102,441,0.1878453038674033,0.0020685083883157846
DIABAGE2,count,exact_values,57,535,89,446,0.16635514018691588,0.002038033126609475
DIABAGE2,count,exact_values,58,841,170,671,0.20214030915576695,0.0032037118868758286
DIABAGE2,count,exact_values,59,467,105,362,0.22483940042826553,0.0017789934021058406
DIABAGE2,count,exact_values,60,2270,561,1709,0.24713656387665198,0.008647355509165434
DIABAGE2,count,exact_values,61,352,78,274,0.2215909090909091,0.0013409115150776357
DIABAGE2,count,exact_values,62,757,157,600,0.2073976221928666,0.0028837216389595746
DIABAGE2,count,exact_values,63,434,114,320,0.2626728110599078,0.0016532829475673122
DIABAGE2,count,exact_values,64,428,99,329,0.23130841121495327,0.0016304265012875797
DIABAGE2,count,exact_values,65,1436,346,1090,0.24094707520891365,0.0054703094762826275
DIABAGE2,count,exact_values,66,317,66,251,0.2082018927444795,0.00120758224511253
DIABAGE2,count,exact_values,67,292,78,214,0.2671232876712329,0.0011123470522803114
DIABAGE2,count,exact_values,68,467,122,345,0.26124197002141325,0.0017789934021058406
DIABAGE2,count,exact_values,69,262,67,195,0.25572519083969464,0.0009980648208816492
DIABAGE2,count,exact_values,70,993,257,736,0.2588116817724068,0.0037827418592957167
DIABAGE2,count,exact_values,71,166,42,124,0.25301204819277107,0.0006323616804059305
DIABAGE2,count,exact_values,72,262,69,193,0.2633587786259542,0.0009980648208816492
DIABAGE2,count,exact_values,73,179,51,128,0.2849162011173184,0.0006818839806786841
DIABAGE2,count,exact_values,74,136,42,94,0.3088235294117647,0.0005180794490072684
DIABAGE2,count,exact_values,75,449,119,330,0.2650334075723831,0.0017104240632666433
DIABAGE2,count,exact_values,76,113,34,79,0.3008849557522124,0.00043046307160162737
DIABAGE2,count,exact_values,77,91,24,67,0.26373626373626374,0.00034665610190927516
DIABAGE2,count,exact_values,78,114,26,88,0.22807017543859648,0.00043427247931491613
DIABAGE2,count,exact_values,79,83,14,69,0.1686746987951807,0.00031618084020296525
DIABAGE2,count,exact_values,80,253,87,166,0.3438735177865613,0.0009637801514620507
DIABAGE2,count,exact_values,81,49,14,35,0.2857142857142857,0.00018666097795114815
DIABAGE2,count,exact_values,82,54,26,28,0.48148148148148145,0.00020570801651759185
DIABAGE2,count,exact_values,83,39,11,28,0.28205128205128205,0.00014856690081826076
DIABAGE2,count,exact_values,84,41,11,30,0.2682926829268293,0.00015618571624483824
DIABAGE2,count,exact_values,85,76,20,56,0.2631578947368421,0.00028951498620994405
DIABAGE2,count,exact_values,86,19,2,17,0.10526315789473684,7.237874655248601e-05
DIABAGE2,count,exact_values,87,14,4,10,0.2857142857142857,5.333170798604233e-05
DIABAGE2,count,exact_values,88,14,7,7,0.5,5.333170798604233e-05
DIABAGE2,count,exact_values,89,12,5,7,0.4166666666666667,4.5712892559464854e-05
DIABAGE2,count,exact_values,90,12,4,8,0.3333333333333333,4.5712892559464854e-05
DIABAGE2,count,exact_values,91,3,2,1,0.6666666666666666,1.1428223139866213e-05
DIABAGE2,count,exact_values,92,4,1,3,0.25,1.523763085315495e-05
DIABAGE2,count,exact_values,93,2,0,2,0.0,7.618815426577475e-06
DIABAGE2,count,exact_values,94,1,0,1,0.0,3.8094077132887377e-06
DIABAGE2,count,exact_values,95,3,2,1,0.6666666666666666,1.1428223139866213e-05
DIABAGE2,count,exact_values,98,2048,497,1551,0.24267578125,0.007801666996815335
DIABAGE2,count,exact_values,99,161,40,121,0.2484472049689441,0.0006133146418394868
DIABAGE2,count,exact_values,<MISSING>,228639,15716,212923,0.06873717957128923,0.8709791701586237
SEX,binary,exact_values,1,111215,12394,98821,0.11144180191520928,0.423663278833407
SEX,binary,exact_values,2,151293,10786,140507,0.07129212851883432,0.5763367211665931
MARITAL,categorical,exact_values,1,138914,11057,127857,0.07959600904156529,0.5291800630837917
MARITAL,categorical,exact_values,2,35346,3854,31492,0.10903638318338708,0.13464732503390373
MARITAL,categorical,exact_values,3,33375,5796,27579,0.1736629213483146,0.12713898243101163
MARITAL,categorical,exact_values,4,5312,544,4768,0.10240963855421686,0.020235573772989776
MARITAL,categorical,exact_values,5,40284,1538,38746,0.03817892959984113,0.15345818032212352
MARITAL,categorical,exact_values,6,7476,293,7183,0.039192081326912785,0.028479132064546605
MARITAL,categorical,exact_values,9,1801,98,1703,0.05441421432537479,0.006860743291633017
EDUCA,ordinal,exact_values,1,360,57,303,0.15833333333333333,0.0013713867767839456
EDUCA,ordinal,exact_values,2,6572,1064,5508,0.16189896530736458,0.025035427491733587
EDUCA,ordinal,exact_values,3,13299,1912,11387,0.14377020828633733,0.050661313179026925
EDUCA,ordinal,exact_values,4,73188,7662,65526,0.10468929332677489,0.2788029317201762
EDUCA,ordinal,exact_values,5,71572,6360,65212,0.08886156597552115,0.27264692885550157
EDUCA,ordinal,exact_values,6,96483,6027,90456,0.06246696309194366,0.3675430844012373
EDUCA,ordinal,exact_values,9,1034,98,936,0.09477756286266925,0.003938927575540555
RENTHOM1,categorical,exact_values,1,188467,17036,171431,0.09039248250356827,0.7179476435003885
RENTHOM1,categorical,exact_values,2,60041,5079,54962,0.08459219533318899,0.2287206485135691
RENTHOM1,categorical,exact_values,3,12185,921,11264,0.07558473533032417,0.04641763298642327
RENTHOM1,categorical,exact_values,7,430,41,389,0.09534883720930233,0.0016380453167141574
RENTHOM1,categorical,exact_values,9,1385,103,1282,0.07436823104693141,0.005276029682904902
NUMHHOL2,categorical,exact_values,1,7901,892,7009,0.11289710163270472,0.030098130342694318
NUMHHOL2,categorical,exact_values,2,142386,15286,127100,0.10735606028682596,0.5424063266643302
NUMHHOL2,categorical,exact_values,7,134,20,114,0.14925373134328357,0.0005104606335806909
NUMHHOL2,categorical,exact_values,9,445,46,399,0.10337078651685393,0.0016951864324134883
NUMHHOL2,categorical,exact_values,<MISSING>,111642,6936,104706,0.06212715644649863,0.4252898959269813
NUMPHON2,count,exact_values,1,4019,444,3575,0.11047524259766112,0.015310009599707438
NUMPHON2,count,exact_values,2,3175,359,2816,0.11307086614173228,0.012094869489691743
NUMPHON2,count,exact_values,3,416,56,360,0.1346153846153846,0.001584713608728115
NUMPHON2,count,exact_values,4,69,9,60,0.13043478260869565,0.0002628491322169229
NUMPHON2,count,exact_values,5,24,3,21,0.125,9.142578511892971e-05
NUMPHON2,count,exact_values,6,24,4,20,0.16666666666666666,9.142578511892971e-05
NUMPHON2,count,exact_values,7,89,9,80,0.10112359550561797,0.0003390372864826977
NUMPHON2,count,exact_values,9,85,8,77,0.09411764705882353,0.00032379965562954273
NUMPHON2,count,exact_values,<MISSING>,254607,22288,232319,0.08753883436040644,0.9699018696573057
CPDEMO1,binary,exact_values,1,122026,11884,110142,0.09738908101552128,0.4648467856217715
CPDEMO1,binary,exact_values,2,28073,4287,23786,0.15270900865600398,0.10694150273515474
CPDEMO1,binary,exact_values,7,98,11,87,0.11224489795918367,0.0003733219559022963
CPDEMO1,binary,exact_values,9,669,62,607,0.09267563527653214,0.002548493760190166
CPDEMO1,binary,exact_values,<MISSING>,111642,6936,104706,0.06212715644649863,0.4252898959269813
VETERAN3,binary,exact_values,1,34443,6063,28380,0.1760299625468165,0.131207429868804
VETERAN3,binary,exact_values,2,227572,17078,210494,0.07504438155836395,0.8669145321285446
VETERAN3,binary,exact_values,7,100,16,84,0.16,0.0003809407713288738
VETERAN3,binary,exact_values,9,393,23,370,0.058524173027989825,0.001497097231322474
EMPLOY1,categorical,exact_values,1,107133,3391,103742,0.03165224533990461,0.40811327654776236
EMPLOY1,categorical,exact_values,2,21827,1202,20625,0.05506940944701517,0.08314794215795328
EMPLOY1,categorical,exact_values,3,5610,493,5117,0.08787878787878788,0.021370777271549818
EMPLOY1,categorical,exact_values,4,5403,257,5146,0.04756616694429021,0.02058222987489905
EMPLOY1,categorical,exact_values,5,16111,1031,15080,0.06399354478306747,0.06137336766879486
EMPLOY1,categorical,exact_values,6,6928,51,6877,0.007361431870669746,0.026391576637664376
EMPLOY1,categorical,exact_values,7,78482,12679,65803,0.16155296755944037,0.2989699361543267
EMPLOY1,categorical,exact_values,8,18764,3928,14836,0.20933702835216372,0.07147972633214987
EMPLOY1,categorical,exact_values,9,2250,148,2102,0.06577777777777778,0.00857116735489966
CHILDREN,count,exact_values,1,27447,1187,26260,0.04324698509855358,0.10455681350663598
CHILDREN,count,exact_values,2,24176,606,23570,0.025066181336863006,0.09209624087646853
CHILDREN,count,exact_values,3,10372,267,10105,0.025742383339760894,0.03951117680223079
CHILDREN,count,exact_values,4,3841,108,3733,0.028117677688102055,0.014631935026742041
CHILDREN,count,exact_values,5,1234,31,1203,0.025121555915721232,0.004700809118198303
CHILDREN,count,exact_values,6,445,13,432,0.029213483146067417,0.0016951864324134883
CHILDREN,count,exact_values,7,142,6,136,0.04225352112676056,0.0005409358952870008
CHILDREN,count,exact_values,8,57,2,55,0.03508771929824561,0.00021713623965745807
CHILDREN,count,exact_values,9,24,0,24,0.0,9.142578511892971e-05
CHILDREN,count,exact_values,10,14,1,13,0.07142857142857142,5.333170798604233e-05
CHILDREN,count,exact_values,11,3,0,3,0.0,1.1428223139866213e-05
CHILDREN,count,exact_values,12,8,1,7,0.125,3.04752617063099e-05
CHILDREN,count,exact_values,13,3,0,3,0.0,1.1428223139866213e-05
CHILDREN,count,exact_values,14,1,0,1,0.0,3.8094077132887377e-06
CHILDREN,count,exact_values,15,1,0,1,0.0,3.8094077132887377e-06
CHILDREN,count,exact_values,17,1,0,1,0.0,3.8094077132887377e-06
CHILDREN,count,exact_values,20,1,0,1,0.0,3.8094077132887377e-06
CHILDREN,count,exact_values,22,1,0,1,0.0,3.8094077132887377e-06
CHILDREN,count,exact_values,23,2,0,2,0.0,7.618815426577475e-06
CHILDREN,count,exact_values,32,1,0,1,0.0,3.8094077132887377e-06
CHILDREN,count,exact_values,52,1,0,1,0.0,3.8094077132887377e-06
CHILDREN,count,exact_values,77,1,0,1,0.0,3.8094077132887377e-06
CHILDREN,count,exact_values,88,192541,20869,171672,0.10838730452215373,0.7334671705243269
CHILDREN,count,exact_values,99,2188,89,2099,0.040676416819012795,0.008334984076675758
CHILDREN,count,exact_values,<MISSING>,3,0,3,0.0,1.1428223139866213e-05
INCOME2,ordinal,exact_values,1,10861,1432,9429,0.13184789614216003,0.041373977174028985
INCOME2,ordinal,exact_values,2,11564,1892,9672,0.16361120719474231,0.044051990796470965
INCOME2,ordinal,exact_values,3,15785,2073,13712,0.13132720937598985,0.060131500754262726
INCOME2,ordinal,exact_values,4,19188,2304,16884,0.1200750469043152,0.0730949152025843
INCOME2,ordinal,exact_values,5,23354,2517,20837,0.10777596985527105,0.08896490773614518
INCOME2,ordinal,exact_values,6,31050,2746,28304,0.08843800322061192,0.1182821094976153
INCOME2,ordinal,exact_values,7,34711,2429,32282,0.06997781683039958,0.13222835113596537
INCOME2,ordinal,exact_values,8,68975,3336,65639,0.048365349764407393,0.2627538970240907
INCOME2,ordinal,exact_values,77,20707,2160,18547,0.10431255131115082,0.0788814055190699
INCOME2,ordinal,exact_values,99,24366,2169,22197,0.0890174833784782,0.09282002834199339
INCOME2,ordinal,exact_values,<MISSING>,1947,122,1825,0.06266050333846944,0.007416916817773173
INTERNET,binary,exact_values,1,204975,13635,191340,0.06652030735455543,0.780833346031359
INTERNET,binary,exact_values,2,54146,9266,44880,0.171129908026447,0.206264190043732
INTERNET,binary,exact_values,7,260,48,212,0.18461538461538463,0.0009904460054550718
INTERNET,binary,exact_values,9,566,54,512,0.09540636042402827,0.0021561247657214257
INTERNET,binary,exact_values,<MISSING>,2561,177,2384,0.069113627489262,0.009755893153732457
WEIGHT2,continuous,sample_quantile_bins,"[-inf, 129]",1594,110,1484,0.06900878293601004,0.09927752864972596
WEIGHT2,continuous,sample_quantile_bins,"[129, 140]",1701,119,1582,0.06995884773662552,0.10594170403587444
WEIGHT2,continuous,sample_quantile_bins,"[140, 151]",1481,113,1368,0.07629979743416611,0.09223966118584953
WEIGHT2,continuous,sample_quantile_bins,"[151, 165]",1918,185,1733,0.09645464025026068,0.11945690084703538
WEIGHT2,continuous,sample_quantile_bins,"[165, 175]",1401,152,1249,0.10849393290506781,0.08725710014947684
WEIGHT2,continuous,sample_quantile_bins,"[175, 187]",1485,147,1338,0.09898989898989899,0.09248878923766816
WEIGHT2,continuous,sample_quantile_bins,"[187, 200]",1871,202,1669,0.10796365579903795,0.11652964623816642
WEIGHT2,continuous,sample_quantile_bins,"[200, 220]",1351,144,1207,0.10658771280532939,0.08414299950174389
WEIGHT2,continuous,sample_quantile_bins,"[220, 265]",1474,171,1303,0.11601085481682497,0.09180368709516691
WEIGHT2,continuous,sample_quantile_bins,"[265, inf]",1554,147,1407,0.0945945945945946,0.09678624813153962
WEIGHT2,continuous,sample_quantile_bins,<MISSING>,226,15,211,0.06637168141592921,0.014075734927752865
HEIGHT3,continuous,exact_values,205,1,0,1,0.0,3.8094077132887377e-06
HEIGHT3,continuous,exact_values,206,1,0,1,0.0,3.8094077132887377e-06
HEIGHT3,continuous,exact_values,208,1,1,0,1.0,3.8094077132887377e-06
HEIGHT3,continuous,exact_values,300,2,0,2,0.0,7.618815426577475e-06
HEIGHT3,continuous,exact_values,302,1,0,1,0.0,3.8094077132887377e-06
HEIGHT3,continuous,exact_values,304,1,1,0,1.0,3.8094077132887377e-06
HEIGHT3,continuous,exact_values,305,2,0,2,0.0,7.618815426577475e-06
HEIGHT3,continuous,exact_values,309,2,0,2,0.0,7.618815426577475e-06
HEIGHT3,continuous,exact_values,310,2,1,1,0.5,7.618815426577475e-06
HEIGHT3,continuous,exact_values,311,4,0,4,0.0,1.523763085315495e-05
HEIGHT3,continuous,exact_values,400,66,5,61,0.07575757575757576,0.0002514209090770567
HEIGHT3,continuous,exact_values,401,14,1,13,0.07142857142857142,5.333170798604233e-05
HEIGHT3,continuous,exact_values,402,28,3,25,0.10714285714285714,0.00010666341597208466
HEIGHT3,continuous,exact_values,403,28,3,25,0.10714285714285714,0.00010666341597208466
HEIGHT3,continuous,exact_values,404,16,3,13,0.1875,6.09505234126198e-05
HEIGHT3,continuous,exact_values,405,77,8,69,0.1038961038961039,0.0002933243939232328
HEIGHT3,continuous,exact_values,406,49,10,39,0.20408163265306123,0.00018666097795114815
HEIGHT3,continuous,exact_values,407,90,13,77,0.14444444444444443,0.0003428466941959864
HEIGHT3,continuous,exact_values,408,224,36,188,0.16071428571428573,0.0008533073277766773
HEIGHT3,continuous,exact_values,409,530,79,451,0.1490566037735849,0.002018986088043031
HEIGHT3,continuous,exact_values,410,913,119,794,0.1303395399780942,0.0034779892422326176
HEIGHT3,continuous,exact_values,411,2693,303,2390,0.11251392499071668,0.010258734971886571
HEIGHT3,continuous,exact_values,500,8929,930,7999,0.10415500055997312,0.03401420147195514
HEIGHT3,continuous,exact_values,501,9163,787,8376,0.08588890101495143,0.03490560287686471
HEIGHT3,continuous,exact_values,502,18461,1559,16902,0.08444829640864525,0.07032547579502339
HEIGHT3,continuous,exact_values,503,19011,1519,17492,0.07990110988375151,0.0724206500373322
HEIGHT3,continuous,exact_values,504,23454,1679,21775,0.07158693613029761,0.08934584850747405
HEIGHT3,continuous,exact_values,505,20737,1560,19177,0.07522785359502339,0.07899568775046856
HEIGHT3,continuous,exact_values,506,23338,1877,21461,0.08042677178849944,0.08890395721273256
HEIGHT3,continuous,exact_values,507,20539,1722,18817,0.08384049856370807,0.07824142502323739
HEIGHT3,continuous,exact_values,508,18771,1852,16919,0.09866283096265516,0.0715063921861429
HEIGHT3,continuous,exact_values,509,16358,1759,14599,0.10753148306638953,0.062314291373977176
HEIGHT3,continuous,exact_values,510,17616,1801,15815,0.10223660308810173,0.06710652627729441
HEIGHT3,continuous,exact_values,511,13821,1453,12368,0.10512987482816005,0.052649824005363645
HEIGHT3,continuous,exact_values,600,16192,1564,14628,0.09659090909090909,0.061681929693571245
HEIGHT3,continuous,exact_values,601,7492,708,6784,0.09450080085424453,0.028540082587959224
HEIGHT3,continuous,exact_values,602,6416,581,5835,0.09055486284289277,0.024441159888460542
HEIGHT3,continuous,exact_values,603,3400,288,3112,0.08470588235294117,0.012951986225181709
HEIGHT3,continuous,exact_values,604,2129,164,1965,0.07703147017379051,0.008110229021591723
HEIGHT3,continuous,exact_values,605,927,57,870,0.061488673139158574,0.00353132095021866
HEIGHT3,continuous,exact_values,606,404,32,372,0.07920792079207921,0.00153900071616865
HEIGHT3,continuous,exact_values,607,175,14,161,0.08,0.0006666463498255291
HEIGHT3,continuous,exact_values,608,129,15,114,0.11627906976744186,0.0004914135950142472
HEIGHT3,continuous,exact_values,609,44,4,40,0.09090909090909091,0.00016761393938470446
HEIGHT3,continuous,exact_values,610,28,1,27,0.03571428571428571,0.00010666341597208466
HEIGHT3,continuous,exact_values,611,10,0,10,0.0,3.8094077132887376e-05
HEIGHT3,continuous,exact_values,700,11,0,11,0.0,4.1903484846176115e-05
HEIGHT3,continuous,exact_values,701,2,0,2,0.0,7.618815426577475e-06
HEIGHT3,continuous,exact_values,702,3,0,3,0.0,1.1428223139866213e-05
HEIGHT3,continuous,exact_values,703,1,0,1,0.0,3.8094077132887377e-06
HEIGHT3,continuous,exact_values,704,3,0,3,0.0,1.1428223139866213e-05
HEIGHT3,continuous,exact_values,705,2,0,2,0.0,7.618815426577475e-06
HEIGHT3,continuous,exact_values,706,1,0,1,0.0,3.8094077132887377e-06
HEIGHT3,continuous,exact_values,707,1,0,1,0.0,3.8094077132887377e-06
HEIGHT3,continuous,exact_values,7777,2203,170,2033,0.07716749886518384,0.00839212519237509
HEIGHT3,continuous,exact_values,9060,1,0,1,0.0,3.8094077132887377e-06
HEIGHT3,continuous,exact_values,9065,1,0,1,0.0,3.8094077132887377e-06
HEIGHT3,continuous,exact_values,9100,1,0,1,0.0,3.8094077132887377e-06
HEIGHT3,continuous,exact_values,9103,6,2,4,0.3333333333333333,2.2856446279732427e-05
HEIGHT3,continuous,exact_values,9104,5,0,5,0.0,1.9047038566443688e-05
HEIGHT3,continuous,exact_values,9105,15,1,14,0.06666666666666667,5.714111569933107e-05
HEIGHT3,continuous,exact_values,9106,4,0,4,0.0,1.523763085315495e-05
HEIGHT3,continuous,exact_values,9107,2,0,2,0.0,7.618815426577475e-06
HEIGHT3,continuous,exact_values,9108,1,0,1,0.0,3.8094077132887377e-06
HEIGHT3,continuous,exact_values,9110,2,0,2,0.0,7.618815426577475e-06
HEIGHT3,continuous,exact_values,9115,2,0,2,0.0,7.618815426577475e-06
HEIGHT3,continuous,exact_values,9118,1,0,1,0.0,3.8094077132887377e-06
HEIGHT3,continuous,exact_values,9120,6,0,6,0.0,2.2856446279732427e-05
HEIGHT3,continuous,exact_values,9125,2,0,2,0.0,7.618815426577475e-06
HEIGHT3,continuous,exact_values,9129,1,0,1,0.0,3.8094077132887377e-06
HEIGHT3,continuous,exact_values,9130,6,1,5,0.16666666666666666,2.2856446279732427e-05
HEIGHT3,continuous,exact_values,9132,1,0,1,0.0,3.8094077132887377e-06
HEIGHT3,continuous,exact_values,9135,1,0,1,0.0,3.8094077132887377e-06
HEIGHT3,continuous,exact_values,9138,2,0,2,0.0,7.618815426577475e-06
HEIGHT3,continuous,exact_values,9140,9,1,8,0.1111111111111111,3.4284669419598644e-05
HEIGHT3,continuous,exact_values,9142,3,0,3,0.0,1.1428223139866213e-05
HEIGHT3,continuous,exact_values,9143,2,0,2,0.0,7.618815426577475e-06
HEIGHT3,continuous,exact_values,9144,1,1,0,1.0,3.8094077132887377e-06
HEIGHT3,continuous,exact_values,9145,7,0,7,0.0,2.6665853993021166e-05
HEIGHT3,continuous,exact_values,9146,1,0,1,0.0,3.8094077132887377e-06
HEIGHT3,continuous,exact_values,9147,3,0,3,0.0,1.1428223139866213e-05
HEIGHT3,continuous,exact_values,9148,2,0,2,0.0,7.618815426577475e-06
HEIGHT3,continuous,exact_values,9149,7,0,7,0.0,2.6665853993021166e-05
HEIGHT3,continuous,exact_values,9150,82,5,77,0.06097560975609756,0.0003123714324896765
HEIGHT3,continuous,exact_values,9151,9,1,8,0.1111111111111111,3.4284669419598644e-05
HEIGHT3,continuous,exact_values,9152,23,2,21,0.08695652173913043,8.761637740564097e-05
HEIGHT3,continuous,exact_values,9153,18,1,17,0.05555555555555555,6.856933883919729e-05
HEIGHT3,continuous,exact_values,9154,16,1,15,0.0625,6.09505234126198e-05
HEIGHT3,continuous,exact_values,9155,45,2,43,0.044444444444444446,0.0001714233470979932
HEIGHT3,continuous,exact_values,9156,22,2,20,0.09090909090909091,8.380696969235223e-05
HEIGHT3,continuous,exact_values,9157,15,0,15,0.0,5.714111569933107e-05
HEIGHT3,continuous,exact_values,9158,24,0,24,0.0,9.142578511892971e-05
HEIGHT3,continuous,exact_values,9159,9,1,8,0.1111111111111111,3.4284669419598644e-05
HEIGHT3,continuous,exact_values,9160,98,0,98,0.0,0.0003733219559022963
HEIGHT3,continuous,exact_values,9161,10,0,10,0.0,3.8094077132887376e-05
HEIGHT3,continuous,exact_values,9162,30,0,30,0.0,0.00011428223139866214
HEIGHT3,continuous,exact_values,9163,26,0,26,0.0,9.904460054550719e-05
HEIGHT3,continuous,exact_values,9164,22,1,21,0.045454545454545456,8.380696969235223e-05
HEIGHT3,continuous,exact_values,9165,82,3,79,0.036585365853658534,0.0003123714324896765
HEIGHT3,continuous,exact_values,9166,7,1,6,0.14285714285714285,2.6665853993021166e-05
HEIGHT3,continuous,exact_values,9167,16,1,15,0.0625,6.09505234126198e-05
HEIGHT3,continuous,exact_values,9168,34,1,33,0.029411764705882353,0.0001295198622518171
HEIGHT3,continuous,exact_values,9169,13,0,13,0.0,4.952230027275359e-05
HEIGHT3,continuous,exact_values,9170,99,4,95,0.04040404040404041,0.0003771313636155851
HEIGHT3,continuous,exact_values,9171,7,0,7,0.0,2.6665853993021166e-05
HEIGHT3,continuous,exact_values,9172,36,2,34,0.05555555555555555,0.00013713867767839458
HEIGHT3,continuous,exact_values,9173,19,1,18,0.05263157894736842,7.237874655248601e-05
HEIGHT3,continuous,exact_values,9174,11,1,10,0.09090909090909091,4.1903484846176115e-05
HEIGHT3,continuous,exact_values,9175,66,2,64,0.030303030303030304,0.0002514209090770567
HEIGHT3,continuous,exact_values,9176,14,0,14,0.0,5.333170798604233e-05
HEIGHT3,continuous,exact_values,9177,8,1,7,0.125,3.04752617063099e-05
HEIGHT3,continuous,exact_values,9178,22,2,20,0.09090909090909091,8.380696969235223e-05
HEIGHT3,continuous,exact_values,9179,9,0,9,0.0,3.4284669419598644e-05
HEIGHT3,continuous,exact_values,9180,34,0,34,0.0,0.0001295198622518171
HEIGHT3,continuous,exact_values,9181,2,0,2,0.0,7.618815426577475e-06
HEIGHT3,continuous,exact_values,9182,8,0,8,0.0,3.04752617063099e-05
HEIGHT3,continuous,exact_values,9183,5,0,5,0.0,1.9047038566443688e-05
HEIGHT3,continuous,exact_values,9184,1,0,1,0.0,3.8094077132887377e-06
HEIGHT3,continuous,exact_values,9185,13,2,11,0.15384615384615385,4.952230027275359e-05
HEIGHT3,continuous,exact_values,9186,6,0,6,0.0,2.2856446279732427e-05
HEIGHT3,continuous,exact_values,9187,4,1,3,0.25,1.523763085315495e-05
HEIGHT3,continuous,exact_values,9188,1,0,1,0.0,3.8094077132887377e-06
HEIGHT3,continuous,exact_values,9190,6,1,5,0.16666666666666666,2.2856446279732427e-05
HEIGHT3,continuous,exact_values,9193,2,0,2,0.0,7.618815426577475e-06
HEIGHT3,continuous,exact_values,9196,1,0,1,0.0,3.8094077132887377e-06
HEIGHT3,continuous,exact_values,9197,1,0,1,0.0,3.8094077132887377e-06
HEIGHT3,continuous,exact_values,9200,5,0,5,0.0,1.9047038566443688e-05
HEIGHT3,continuous,exact_values,9201,2,0,2,0.0,7.618815426577475e-06
HEIGHT3,continuous,exact_values,9205,2,0,2,0.0,7.618815426577475e-06
HEIGHT3,continuous,exact_values,9206,4,0,4,0.0,1.523763085315495e-05
HEIGHT3,continuous,exact_values,9207,6,0,6,0.0,2.2856446279732427e-05
HEIGHT3,continuous,exact_values,9208,4,2,2,0.5,1.523763085315495e-05
HEIGHT3,continuous,exact_values,9209,2,1,1,0.5,7.618815426577475e-06
HEIGHT3,continuous,exact_values,9210,3,0,3,0.0,1.1428223139866213e-05
HEIGHT3,continuous,exact_values,9211,5,1,4,0.2,1.9047038566443688e-05
HEIGHT3,continuous,exact_values,9999,3349,205,3144,0.06121230217975515,0.012757706431803984
HEIGHT3,continuous,exact_values,<MISSING>,3539,244,3295,0.06894602995196383,0.013481493897328844
PREGNANT,binary,exact_values,1,1474,10,1464,0.0067842605156037995,0.0056150669693876
PREGNANT,binary,exact_values,2,36794,489,36305,0.013290210360384845,0.14016334740274583
PREGNANT,binary,exact_values,7,127,6,121,0.047244094488188976,0.0004837947795876697
PREGNANT,binary,exact_values,9,164,2,162,0.012195121951219513,0.000624742864979353
PREGNANT,binary,exact_values,<MISSING>,223949,22673,201276,0.10124180058852685,0.8531130479832996
QLACTLM2,binary,exact_values,1,63014,11345,51669,0.1800393563335132,0.24004601764517652
QLACTLM2,binary,exact_values,2,192170,11210,180960,0.05833376697715564,0.7320538802626968
QLACTLM2,binary,exact_values,7,1046,142,904,0.13575525812619502,0.00398464046810002
QLACTLM2,binary,exact_values,9,712,71,641,0.0997191011235955,0.0027122982918615815
QLACTLM2,binary,exact_values,<MISSING>,5566,412,5154,0.07402084081925979,0.021203163332165115
USEEQUIP,binary,exact_values,1,29637,7086,22551,0.23909302560987955,0.11289941639873832
USEEQUIP,binary,exact_values,2,226038,15573,210465,0.0688954954476681,0.8610709006963597
USEEQUIP,binary,exact_values,7,173,28,145,0.16184971098265896,0.0006590275343989517
USEEQUIP,binary,exact_values,9,439,38,401,0.08656036446469248,0.001672329986133756
USEEQUIP,binary,exact_values,<MISSING>,6221,455,5766,0.07313936666130848,0.023698325384369237
BLIND,binary,exact_values,1,12456,2730,9726,0.21917148362235067,0.047449982476724516
BLIND,binary,exact_values,2,242412,19838,222574,0.08183588271207697,0.9234461425937496
BLIND,binary,exact_values,7,480,86,394,0.17916666666666667,0.0018285157023785943
BLIND,binary,exact_values,9,494,46,448,0.0931174089068826,0.0018818474103646364
BLIND,binary,exact_values,<MISSING>,6666,480,6186,0.07200720072007201,0.025393511816782725
DECIDE,binary,exact_values,1,24507,4300,20207,0.17546007263230914,0.0933571548295671
DECIDE,binary,exact_values,2,229319,18151,211168,0.07915174930991327,0.8735695674036601
DECIDE,binary,exact_values,7,1065,157,908,0.14741784037558686,0.004057019214652506
DECIDE,binary,exact_values,9,595,58,537,0.09747899159663866,0.002266597589406799
DECIDE,binary,exact_values,<MISSING>,7022,514,6508,0.0731985189404728,0.026749660962713518
DIFFWALK,binary,exact_values,1,43865,9733,34132,0.22188532998974125,0.16709966934341047
DIFFWALK,binary,exact_values,2,209975,12727,197248,0.0606119776163829,0.7998803845978028
DIFFWALK,binary,exact_values,7,787,139,648,0.17662007623888182,0.002998003870358237
DIFFWALK,binary,exact_values,9,517,41,476,0.07930367504835589,0.0019694637877702777
DIFFWALK,binary,exact_values,<MISSING>,7364,540,6824,0.07332971211298207,0.028052478400658266
DIFFDRES,binary,exact_values,1,11041,2713,8328,0.245720496331854,0.04205967056242096
DIFFDRES,binary,exact_values,2,243199,19823,223376,0.0815093812063372,0.9264441464641078
DIFFDRES,binary,exact_values,7,225,46,179,0.20444444444444446,0.000857116735489966
DIFFDRES,binary,exact_values,9,453,37,416,0.08167770419426049,0.0017256616941197982
DIFFDRES,binary,exact_values,<MISSING>,7590,561,7029,0.07391304347826087,0.028913404543861522
DIFFALON,binary,exact_values,1,19659,4413,15246,0.2244773386235312,0.0748891462355433
DIFFALON,binary,exact_values,2,233778,18022,215756,0.07709023090282234,0.8905557163972145
DIFFALON,binary,exact_values,7,551,103,448,0.1869328493647913,0.0020989836500220948
DIFFALON,binary,exact_values,9,566,52,514,0.09187279151943463,0.0021561247657214257
DIFFALON,binary,exact_values,<MISSING>,7954,590,7364,0.0741765149610259,0.030300028951498623
SMOKE100,categorical,exact_values,1,109317,13489,95828,0.12339343377516764,0.416433022993585
SMOKE100,categorical,exact_values,2,142751,8890,133861,0.06227627126955328,0.5437967604796806
SMOKE100,categorical,exact_values,7,1072,110,962,0.10261194029850747,0.004083685068645527
SMOKE100,categorical,exact_values,9,872,55,817,0.06307339449541284,0.0033218035259877793
SMOKE100,categorical,exact_values,<MISSING>,8496,636,7860,0.0748587570621469,0.032364727932101114
SMOKDAY2,ordinal,exact_values,1,25920,2686,23234,0.10362654320987655,0.09873984792844409
SMOKDAY2,ordinal,exact_values,2,10579,1026,9553,0.09698459211645713,0.04029972419888156
SMOKDAY2,ordinal,exact_values,3,72561,9735,62826,0.134162980113284,0.2764144330839441
SMOKDAY2,ordinal,exact_values,7,52,8,44,0.15384615384615385,0.00019808920109101437
SMOKDAY2,ordinal,exact_values,9,146,30,116,0.2054794520547945,0.0005561735261401557
SMOKDAY2,ordinal,exact_values,<MISSING>,153250,9695,143555,0.0632626427406199,0.583791732061499
STOPSMK2,categorical,exact_values,1,20674,2266,18408,0.10960626874334914,0.07875569506453137
STOPSMK2,categorical,exact_values,2,15666,1440,14226,0.09191880505553428,0.05967818123638137
STOPSMK2,categorical,exact_values,7,97,3,94,0.030927835051546393,0.0003695125481890076
STOPSMK2,categorical,exact_values,9,25,1,24,0.04,9.523519283221845e-05
STOPSMK2,categorical,exact_values,<MISSING>,226046,19470,206576,0.08613291100041584,0.861101375958066
LASTSMK2,ordinal,exact_values,1,1527,117,1410,0.07662082514734773,0.005816965578191903
LASTSMK2,ordinal,exact_values,2,1388,117,1271,0.08429394812680115,0.0052874579060447685
LASTSMK2,ordinal,exact_values,3,1523,151,1372,0.09914642153644124,0.005801727947338748
LASTSMK2,ordinal,exact_values,4,2420,233,2187,0.0962809917355372,0.009218766666158746
LASTSMK2,ordinal,exact_values,5,9333,956,8377,0.1024322297224901,0.03555320218812379
LASTSMK2,ordinal,exact_values,6,7182,865,6317,0.12043998886104149,0.027359166196839715
LASTSMK2,ordinal,exact_values,7,48105,7186,40919,0.14938156116827772,0.18325155804775473
LASTSMK2,ordinal,exact_values,8,527,43,484,0.08159392789373814,0.002007557864903165
LASTSMK2,ordinal,exact_values,77,411,50,361,0.12165450121654502,0.0015656665701616712
LASTSMK2,ordinal,exact_values,99,88,8,80,0.09090909090909091,0.0003352278787694089
LASTSMK2,ordinal,exact_values,<MISSING>,190004,13454,176550,0.07080903559925054,0.7238027031557134
USENOW3,ordinal,exact_values,1,4486,415,4071,0.0925100312082033,0.017089003001813277
USENOW3,ordinal,exact_values,2,3592,275,3317,0.07655902004454343,0.013683392506133147
USENOW3,ordinal,exact_values,3,244417,21738,222679,0.08893816714876625,0.9310840050588934
USENOW3,ordinal,exact_values,7,78,4,74,0.05128205128205128,0.00029713380163652153
USENOW3,ordinal,exact_values,9,1067,79,988,0.07403936269915651,0.004064638030079083
USENOW3,ordinal,exact_values,<MISSING>,8868,669,8199,0.07543978349120432,0.033781827601444527
ALCDAY5,count,exact_values,101,9871,667,9204,0.06757167460237058,0.03760266353787313
ALCDAY5,count,exact_values,102,8056,410,7646,0.05089374379344588,0.030688588538254073
ALCDAY5,count,exact_values,103,5413,290,5123,0.05357472750785147,0.02062032395203194
ALCDAY5,count,exact_values,104,2440,134,2306,0.05491803278688524,0.009294954820424521
ALCDAY5,count,exact_values,105,2553,174,2379,0.0681551116333725,0.009725417892026147
ALCDAY5,count,exact_values,106,893,53,840,0.0593505039193729,0.003401801087966843
ALCDAY5,count,exact_values,107,5162,482,4680,0.09337466098411469,0.019664162615996465
ALCDAY5,count,exact_values,201,20138,1512,18626,0.07508193465090873,0.0767138525302086
ALCDAY5,count,exact_values,202,15045,927,14118,0.061615154536390826,0.057312539046429065
ALCDAY5,count,exact_values,203,8348,485,7863,0.05809774796358409,0.03180093559053438
ALCDAY5,count,exact_values,204,7047,369,6678,0.05236270753512133,0.026844896155545736
ALCDAY5,count,exact_values,205,7088,327,6761,0.04613431151241535,0.027001081871790573
ALCDAY5,count,exact_values,206,2546,146,2400,0.05734485467399843,0.009698752038033127
ALCDAY5,count,exact_values,207,1745,69,1676,0.03954154727793696,0.0066474164596888475
ALCDAY5,count,exact_values,208,1854,73,1781,0.039374325782092774,0.00706264190043732
ALCDAY5,count,exact_values,209,156,8,148,0.05128205128205128,0.0005942676032730431
ALCDAY5,count,exact_values,210,5410,256,5154,0.04731977818853974,0.02060889572889207
ALCDAY5,count,exact_values,211,30,2,28,0.06666666666666667,0.00011428223139866214
ALCDAY5,count,exact_values,212,1019,57,962,0.05593719332679097,0.003881786459841224
ALCDAY5,count,exact_values,213,55,2,53,0.03636363636363636,0.0002095174242308806
ALCDAY5,count,exact_values,214,407,24,383,0.05896805896805897,0.0015504289393085163
ALCDAY5,count,exact_values,215,4220,223,3997,0.052843601895734595,0.016075700550078474
ALCDAY5,count,exact_values,216,119,6,113,0.05042016806722689,0.0004533195178813598
ALCDAY5,count,exact_values,217,41,2,39,0.04878048780487805,0.00015618571624483824
ALCDAY5,count,exact_values,218,142,9,133,0.06338028169014084,0.0005409358952870008
ALCDAY5,count,exact_values,219,5,0,5,0.0,1.9047038566443688e-05
ALCDAY5,count,exact_values,220,4378,255,4123,0.058245774326176336,0.016677586968778094
ALCDAY5,count,exact_values,221,111,6,105,0.05405405405405406,0.0004228442561750499
ALCDAY5,count,exact_values,222,96,6,90,0.0625,0.00036570314047571883
ALCDAY5,count,exact_values,223,49,2,47,0.04081632653061224,0.00018666097795114815
ALCDAY5,count,exact_values,224,115,12,103,0.10434782608695652,0.00043808188702820484
ALCDAY5,count,exact_values,225,1921,110,1811,0.05726184279021343,0.007317872217227665
ALCDAY5,count,exact_values,226,85,4,81,0.047058823529411764,0.00032379965562954273
ALCDAY5,count,exact_values,227,143,9,134,0.06293706293706294,0.0005447453030002895
ALCDAY5,count,exact_values,228,500,37,463,0.074,0.001904703856644369
ALCDAY5,count,exact_values,229,174,12,162,0.06896551724137931,0.0006628369421122404
ALCDAY5,count,exact_values,230,8730,857,7873,0.0981672394043528,0.03325612933701068
ALCDAY5,count,exact_values,777,1869,176,1693,0.09416800428036383,0.007119783016136651
ALCDAY5,count,exact_values,888,123530,14140,109390,0.11446612158989719,0.4705761348225578
ALCDAY5,count,exact_values,999,1513,120,1393,0.07931262392597488,0.00576363387020586
ALCDAY5,count,exact_values,<MISSING>,9491,727,8764,0.07659888315246023,0.03615508860682341
AVEDRNK2,count,exact_values,1,58107,4317,53790,0.07429397490835872,0.2213532539960687
AVEDRNK2,count,exact_values,2,37492,2043,35449,0.054491624879974394,0.14282231398662135
AVEDRNK2,count,exact_values,3,13394,664,12730,0.04957443631476781,0.051023206911789354
AVEDRNK2,count,exact_values,4,5737,349,5388,0.06083318807739237,0.02185457205113749
AVEDRNK2,count,exact_values,5,2905,113,2792,0.038898450946643716,0.011066329407103783
AVEDRNK2,count,exact_values,6,2875,161,2714,0.056,0.010952047175705122
AVEDRNK2,count,exact_values,7,476,19,457,0.03991596638655462,0.0018132780715254392
AVEDRNK2,count,exact_values,8,744,35,709,0.04704301075268817,0.002834199338686821
AVEDRNK2,count,exact_values,9,105,4,101,0.0380952380952381,0.00039998780989531745
AVEDRNK2,count,exact_values,10,701,39,662,0.05563480741797432,0.0026703948070154054
AVEDRNK2,count,exact_values,11,21,3,18,0.14285714285714285,7.999756197906349e-05
AVEDRNK2,count,exact_values,12,571,46,525,0.08056042031523643,0.0021751718042878694
AVEDRNK2,count,exact_values,13,29,2,27,0.06896551724137931,0.0001104728236853734
AVEDRNK2,count,exact_values,14,33,1,32,0.030303030303030304,0.00012571045453852836
AVEDRNK2,count,exact_values,15,167,7,160,0.041916167664670656,0.0006361710881192192
AVEDRNK2,count,exact_values,16,15,3,12,0.2,5.714111569933107e-05
AVEDRNK2,count,exact_values,17,3,0,3,0.0,1.1428223139866213e-05
AVEDRNK2,count,exact_values,18,29,2,27,0.06896551724137931,0.0001104728236853734
AVEDRNK2,count,exact_values,19,1,0,1,0.0,3.8094077132887377e-06
AVEDRNK2,count,exact_values,20,103,4,99,0.038834951456310676,0.00039236899446874
AVEDRNK2,count,exact_values,21,2,1,1,0.5,7.618815426577475e-06
AVEDRNK2,count,exact_values,22,1,0,1,0.0,3.8094077132887377e-06
AVEDRNK2,count,exact_values,23,2,0,2,0.0,7.618815426577475e-06
AVEDRNK2,count,exact_values,24,39,2,37,0.05128205128205128,0.00014856690081826076
AVEDRNK2,count,exact_values,25,18,1,17,0.05555555555555555,6.856933883919729e-05
AVEDRNK2,count,exact_values,26,3,1,2,0.3333333333333333,1.1428223139866213e-05
AVEDRNK2,count,exact_values,27,1,0,1,0.0,3.8094077132887377e-06
AVEDRNK2,count,exact_values,28,2,1,1,0.5,7.618815426577475e-06
AVEDRNK2,count,exact_values,30,90,7,83,0.07777777777777778,0.0003428466941959864
AVEDRNK2,count,exact_values,31,1,0,1,0.0,3.8094077132887377e-06
AVEDRNK2,count,exact_values,33,1,0,1,0.0,3.8094077132887377e-06
AVEDRNK2,count,exact_values,35,1,0,1,0.0,3.8094077132887377e-06
AVEDRNK2,count,exact_values,36,2,0,2,0.0,7.618815426577475e-06
AVEDRNK2,count,exact_values,40,9,0,9,0.0,3.4284669419598644e-05
AVEDRNK2,count,exact_values,45,3,1,2,0.3333333333333333,1.1428223139866213e-05
AVEDRNK2,count,exact_values,48,7,0,7,0.0,2.6665853993021166e-05
AVEDRNK2,count,exact_values,50,6,0,6,0.0,2.2856446279732427e-05
AVEDRNK2,count,exact_values,55,1,0,1,0.0,3.8094077132887377e-06
AVEDRNK2,count,exact_values,60,9,0,9,0.0,3.4284669419598644e-05
AVEDRNK2,count,exact_values,64,2,0,2,0.0,7.618815426577475e-06
AVEDRNK2,count,exact_values,70,1,0,1,0.0,3.8094077132887377e-06
AVEDRNK2,count,exact_values,75,1,0,1,0.0,3.8094077132887377e-06
AVEDRNK2,count,exact_values,76,5,1,4,0.2,1.9047038566443688e-05
AVEDRNK2,count,exact_values,77,1643,135,1508,0.08216676810712112,0.006258856872933397
AVEDRNK2,count,exact_values,99,449,37,412,0.08240534521158129,0.0017104240632666433
AVEDRNK2,count,exact_values,<MISSING>,136701,15181,121520,0.11105258922758429,0.5207498438142838
DRNK3GE5,count,exact_values,1,11050,390,10660,0.03529411764705882,0.042093955231840556
DRNK3GE5,count,exact_values,2,6362,258,6104,0.04055328513046212,0.02423545187194295
DRNK3GE5,count,exact_values,3,2845,133,2712,0.04674868189806678,0.01083776494430646
DRNK3GE5,count,exact_values,4,2720,86,2634,0.03161764705882353,0.010361588980145367
DRNK3GE5,count,exact_values,5,2027,78,1949,0.038480513073507645,0.007721669434836272
DRNK3GE5,count,exact_values,6,692,29,663,0.04190751445086705,0.002636110137595807
DRNK3GE5,count,exact_values,7,393,15,378,0.03816793893129771,0.001497097231322474
DRNK3GE5,count,exact_values,8,663,34,629,0.05128205128205128,0.002525637313910433
DRNK3GE5,count,exact_values,9,50,0,50,0.0,0.0001904703856644369
DRNK3GE5,count,exact_values,10,955,50,905,0.05235602094240838,0.0036379843661907448
DRNK3GE5,count,exact_values,11,10,0,10,0.0,3.8094077132887376e-05
DRNK3GE5,count,exact_values,12,219,7,212,0.0319634703196347,0.0008342602892102336
DRNK3GE5,count,exact_values,13,9,0,9,0.0,3.4284669419598644e-05
DRNK3GE5,count,exact_values,14,57,6,51,0.10526315789473684,0.00021713623965745807
DRNK3GE5,count,exact_values,15,473,28,445,0.05919661733615222,0.001801849848385573
DRNK3GE5,count,exact_values,16,29,1,28,0.034482758620689655,0.0001104728236853734
DRNK3GE5,count,exact_values,17,7,1,6,0.14285714285714285,2.6665853993021166e-05
DRNK3GE5,count,exact_values,18,14,0,14,0.0,5.333170798604233e-05
DRNK3GE5,count,exact_values,19,4,0,4,0.0,1.523763085315495e-05
DRNK3GE5,count,exact_values,20,345,15,330,0.043478260869565216,0.0013142456610846145
DRNK3GE5,count,exact_values,21,10,2,8,0.2,3.8094077132887376e-05
DRNK3GE5,count,exact_values,22,6,0,6,0.0,2.2856446279732427e-05
DRNK3GE5,count,exact_values,23,10,1,9,0.1,3.8094077132887376e-05
DRNK3GE5,count,exact_values,24,20,1,19,0.05,7.618815426577475e-05
DRNK3GE5,count,exact_values,25,127,8,119,0.06299212598425197,0.0004837947795876697
DRNK3GE5,count,exact_values,26,14,2,12,0.14285714285714285,5.333170798604233e-05
DRNK3GE5,count,exact_values,27,11,2,9,0.18181818181818182,4.1903484846176115e-05
DRNK3GE5,count,exact_values,28,34,1,33,0.029411764705882353,0.0001295198622518171
DRNK3GE5,count,exact_values,29,19,6,13,0.3157894736842105,7.237874655248601e-05
DRNK3GE5,count,exact_values,30,961,87,874,0.09053069719042664,0.003660840812470477
DRNK3GE5,count,exact_values,31,3,0,3,0.0,1.1428223139866213e-05
DRNK3GE5,count,exact_values,32,1,1,0,1.0,3.8094077132887377e-06
DRNK3GE5,count,exact_values,35,1,0,1,0.0,3.8094077132887377e-06
DRNK3GE5,count,exact_values,36,1,0,1,0.0,3.8094077132887377e-06
DRNK3GE5,count,exact_values,40,2,1,1,0.5,7.618815426577475e-06
DRNK3GE5,count,exact_values,50,1,0,1,0.0,3.8094077132887377e-06
DRNK3GE5,count,exact_values,55,2,1,1,0.5,7.618815426577475e-06
DRNK3GE5,count,exact_values,56,1,0,1,0.0,3.8094077132887377e-06
DRNK3GE5,count,exact_values,76,3,0,3,0.0,1.1428223139866213e-05
DRNK3GE5,count,exact_values,77,1380,107,1273,0.07753623188405798,0.005256982644338458
DRNK3GE5,count,exact_values,88,93673,6596,87077,0.07041516765770287,0.35683864872689597
DRNK3GE5,count,exact_values,99,364,36,328,0.0989010989010989,0.0013866244076371007
DRNK3GE5,count,exact_values,<MISSING>,136940,15197,121743,0.11097560975609756,0.5216602922577598
MAXDRNKS,count,exact_values,1,34034,2764,31270,0.0812129047423165,0.1296493821140689
MAXDRNKS,count,exact_values,2,34468,2245,32223,0.06513287687130091,0.1313026650616362
MAXDRNKS,count,exact_values,3,19617,1154,18463,0.05882652801141867,0.07472915111158517
MAXDRNKS,count,exact_values,4,10222,509,9713,0.04979456075132068,0.038939765645237476
MAXDRNKS,count,exact_values,5,7030,365,6665,0.051920341394025606,0.026780136224419826
MAXDRNKS,count,exact_values,6,5843,249,5594,0.04261509498545268,0.022258369268746095
MAXDRNKS,count,exact_values,7,1894,78,1816,0.04118268215417107,0.007215018208968869
MAXDRNKS,count,exact_values,8,2383,86,2297,0.0360889634913974,0.009077818580767063
MAXDRNKS,count,exact_values,9,381,14,367,0.03674540682414698,0.0014513843387630092
MAXDRNKS,count,exact_values,10,2256,83,2173,0.03679078014184397,0.008594023801179393
MAXDRNKS,count,exact_values,11,84,2,82,0.023809523809523808,0.00031999024791625396
MAXDRNKS,count,exact_values,12,1533,75,1458,0.04892367906066536,0.005839822024471635
MAXDRNKS,count,exact_values,13,84,1,83,0.011904761904761904,0.00031999024791625396
MAXDRNKS,count,exact_values,14,95,5,90,0.05263157894736842,0.0003618937327624301
MAXDRNKS,count,exact_values,15,583,19,564,0.032590051457975985,0.002220884696847334
MAXDRNKS,count,exact_values,16,58,1,57,0.017241379310344827,0.0002209456473707468
MAXDRNKS,count,exact_values,17,25,1,24,0.04,9.523519283221845e-05
MAXDRNKS,count,exact_values,18,148,6,142,0.04054054054054054,0.0005637923415667333
MAXDRNKS,count,exact_values,19,5,0,5,0.0,1.9047038566443688e-05
MAXDRNKS,count,exact_values,20,319,8,311,0.025078369905956112,0.0012152010605391073
MAXDRNKS,count,exact_values,21,3,0,3,0.0,1.1428223139866213e-05
MAXDRNKS,count,exact_values,22,10,0,10,0.0,3.8094077132887376e-05
MAXDRNKS,count,exact_values,23,8,1,7,0.125,3.04752617063099e-05
MAXDRNKS,count,exact_values,24,100,6,94,0.06,0.0003809407713288738
MAXDRNKS,count,exact_values,25,55,5,50,0.09090909090909091,0.0002095174242308806
MAXDRNKS,count,exact_values,26,8,0,8,0.0,3.04752617063099e-05
MAXDRNKS,count,exact_values,27,6,1,5,0.16666666666666666,2.2856446279732427e-05
MAXDRNKS,count,exact_values,28,3,0,3,0.0,1.1428223139866213e-05
MAXDRNKS,count,exact_values,29,1,0,1,0.0,3.8094077132887377e-06
MAXDRNKS,count,exact_values,30,120,9,111,0.075,0.00045712892559464857
MAXDRNKS,count,exact_values,31,1,0,1,0.0,3.8094077132887377e-06
MAXDRNKS,count,exact_values,32,7,0,7,0.0,2.6665853993021166e-05
MAXDRNKS,count,exact_values,33,2,0,2,0.0,7.618815426577475e-06
MAXDRNKS,count,exact_values,34,1,0,1,0.0,3.8094077132887377e-06
MAXDRNKS,count,exact_values,35,5,0,5,0.0,1.9047038566443688e-05
MAXDRNKS,count,exact_values,36,9,1,8,0.1111111111111111,3.4284669419598644e-05
MAXDRNKS,count,exact_values,38,3,0,3,0.0,1.1428223139866213e-05
MAXDRNKS,count,exact_values,39,1,1,0,1.0,3.8094077132887377e-06
MAXDRNKS,count,exact_values,40,15,2,13,0.13333333333333333,5.714111569933107e-05
MAXDRNKS,count,exact_values,42,2,1,1,0.5,7.618815426577475e-06
MAXDRNKS,count,exact_values,43,3,0,3,0.0,1.1428223139866213e-05
MAXDRNKS,count,exact_values,45,6,0,6,0.0,2.2856446279732427e-05
MAXDRNKS,count,exact_values,47,1,1,0,1.0,3.8094077132887377e-06
MAXDRNKS,count,exact_values,48,6,1,5,0.16666666666666666,2.2856446279732427e-05
MAXDRNKS,count,exact_values,50,10,0,10,0.0,3.8094077132887376e-05
MAXDRNKS,count,exact_values,51,1,0,1,0.0,3.8094077132887377e-06
MAXDRNKS,count,exact_values,52,1,0,1,0.0,3.8094077132887377e-06
MAXDRNKS,count,exact_values,56,1,0,1,0.0,3.8094077132887377e-06
MAXDRNKS,count,exact_values,60,4,0,4,0.0,1.523763085315495e-05
MAXDRNKS,count,exact_values,64,1,0,1,0.0,3.8094077132887377e-06
MAXDRNKS,count,exact_values,65,1,0,1,0.0,3.8094077132887377e-06
MAXDRNKS,count,exact_values,70,1,0,1,0.0,3.8094077132887377e-06
MAXDRNKS,count,exact_values,71,1,0,1,0.0,3.8094077132887377e-06
MAXDRNKS,count,exact_values,76,4,1,3,0.25,1.523763085315495e-05
MAXDRNKS,count,exact_values,77,3223,210,3013,0.06515668631709587,0.012277721059929601
MAXDRNKS,count,exact_values,99,631,52,579,0.08240887480190175,0.0024037362670851934
MAXDRNKS,count,exact_values,<MISSING>,137191,15223,121968,0.11096208934988447,0.5226164535937953
FRUITJU1,count,exact_values,101,34974,3842,31132,0.1098530336821639,0.1332302253645603
FRUITJU1,count,exact_values,102,5280,553,4727,0.10473484848484849,0.020113672726164537
FRUITJU1,count,exact_values,103,1699,176,1523,0.10359034726309593,0.0064721837048775654
FRUITJU1,count,exact_values,104,433,41,392,0.09468822170900693,0.0016494735398540235
FRUITJU1,count,exact_values,105,312,37,275,0.11858974358974358,0.0011885352065460861
FRUITJU1,count,exact_values,106,49,9,40,0.1836734693877551,0.00018666097795114815
FRUITJU1,count,exact_values,107,46,6,40,0.13043478260869565,0.00017523275481128194
FRUITJU1,count,exact_values,108,16,1,15,0.0625,6.09505234126198e-05
FRUITJU1,count,exact_values,110,14,1,13,0.07142857142857142,5.333170798604233e-05
FRUITJU1,count,exact_values,111,1,0,1,0.0,3.8094077132887377e-06
FRUITJU1,count,exact_values,112,3,1,2,0.3333333333333333,1.1428223139866213e-05
FRUITJU1,count,exact_values,114,1,0,1,0.0,3.8094077132887377e-06
FRUITJU1,count,exact_values,115,3,1,2,0.3333333333333333,1.1428223139866213e-05
FRUITJU1,count,exact_values,120,11,2,9,0.18181818181818182,4.1903484846176115e-05
FRUITJU1,count,exact_values,125,1,0,1,0.0,3.8094077132887377e-06
FRUITJU1,count,exact_values,128,1,0,1,0.0,3.8094077132887377e-06
FRUITJU1,count,exact_values,130,3,0,3,0.0,1.1428223139866213e-05
FRUITJU1,count,exact_values,160,1,1,0,1.0,3.8094077132887377e-06
FRUITJU1,count,exact_values,199,2,0,2,0.0,7.618815426577475e-06
FRUITJU1,count,exact_values,201,9611,682,8929,0.07096035792321298,0.03661221753241806
FRUITJU1,count,exact_values,202,10931,762,10169,0.06970999908517062,0.04164063571395919
FRUITJU1,count,exact_values,203,9232,728,8504,0.07885615251299827,0.03516845200908163
FRUITJU1,count,exact_values,204,3466,253,3213,0.07299480669359493,0.013203407134258766
FRUITJU1,count,exact_values,205,2755,196,2559,0.07114337568058077,0.010494918250110473
FRUITJU1,count,exact_values,206,435,32,403,0.0735632183908046,0.001657092355280601
FRUITJU1,count,exact_values,207,1153,120,1033,0.10407632263660017,0.0043922470934219145
FRUITJU1,count,exact_values,208,56,2,54,0.03571428571428571,0.00021332683194416933
FRUITJU1,count,exact_values,209,11,1,10,0.09090909090909091,4.1903484846176115e-05
FRUITJU1,count,exact_values,210,170,12,158,0.07058823529411765,0.0006475993112590855
FRUITJU1,count,exact_values,211,2,0,2,0.0,7.618815426577475e-06
FRUITJU1,count,exact_values,212,23,2,21,0.08695652173913043,8.761637740564097e-05
FRUITJU1,count,exact_values,213,1,0,1,0.0,3.8094077132887377e-06
FRUITJU1,count,exact_values,214,27,5,22,0.18518518518518517,0.00010285400825879592
FRUITJU1,count,exact_values,215,35,2,33,0.05714285714285714,0.00013332926996510584
FRUITJU1,count,exact_values,216,5,0,5,0.0,1.9047038566443688e-05
FRUITJU1,count,exact_values,218,2,0,2,0.0,7.618815426577475e-06
FRUITJU1,count,exact_values,220,18,2,16,0.1111111111111111,6.856933883919729e-05
FRUITJU1,count,exact_values,221,7,2,5,0.2857142857142857,2.6665853993021166e-05
FRUITJU1,count,exact_values,222,2,0,2,0.0,7.618815426577475e-06
FRUITJU1,count,exact_values,225,6,1,5,0.16666666666666666,2.2856446279732427e-05
FRUITJU1,count,exact_values,230,27,3,24,0.1111111111111111,0.00010285400825879592
FRUITJU1,count,exact_values,231,1,0,1,0.0,3.8094077132887377e-06
FRUITJU1,count,exact_values,242,1,0,1,0.0,3.8094077132887377e-06
FRUITJU1,count,exact_values,245,1,0,1,0.0,3.8094077132887377e-06
FRUITJU1,count,exact_values,300,2153,215,1938,0.09986065954482118,0.008201654806710652
FRUITJU1,count,exact_values,301,8559,601,7958,0.07021848346769483,0.032604720618038305
FRUITJU1,count,exact_values,302,10687,707,9980,0.06615514176101805,0.04071114023191674
FRUITJU1,count,exact_values,303,6573,520,6053,0.07911151681119732,0.025039236899446874
FRUITJU1,count,exact_values,304,4422,329,4093,0.07440072365445499,0.0168452009081628
FRUITJU1,count,exact_values,305,6360,440,5920,0.06918238993710692,0.024227833056516372
FRUITJU1,count,exact_values,306,1601,138,1463,0.08619612742036227,0.0060988617489752695
FRUITJU1,count,exact_values,307,1287,91,1196,0.0707070707070707,0.004902707727002606
FRUITJU1,count,exact_values,308,953,81,872,0.08499475341028331,0.0036303655507641673
FRUITJU1,count,exact_values,309,83,7,76,0.08433734939759036,0.00031618084020296525
FRUITJU1,count,exact_values,310,4683,349,4334,0.07452487721546018,0.01783945632133116
FRUITJU1,count,exact_values,311,16,1,15,0.0625,6.09505234126198e-05
FRUITJU1,count,exact_values,312,594,39,555,0.06565656565656566,0.0022627881816935104
FRUITJU1,count,exact_values,313,24,0,24,0.0,9.142578511892971e-05
FRUITJU1,count,exact_values,314,396,39,357,0.09848484848484848,0.0015085254544623403
FRUITJU1,count,exact_values,315,3608,362,3246,0.10033259423503325,0.013744343029545766
FRUITJU1,count,exact_values,316,103,13,90,0.1262135922330097,0.00039236899446874
FRUITJU1,count,exact_values,317,23,1,22,0.043478260869565216,8.761637740564097e-05
FRUITJU1,count,exact_values,318,72,3,69,0.041666666666666664,0.00027427735535678915
FRUITJU1,count,exact_values,319,11,1,10,0.09090909090909091,4.1903484846176115e-05
FRUITJU1,count,exact_values,320,2935,274,2661,0.09335604770017036,0.011180611638502445
FRUITJU1,count,exact_values,321,84,4,80,0.047619047619047616,0.00031999024791625396
FRUITJU1,count,exact_values,322,37,7,30,0.1891891891891892,0.00014094808539168331
FRUITJU1,count,exact_values,323,15,1,14,0.06666666666666667,5.714111569933107e-05
FRUITJU1,count,exact_values,324,44,3,41,0.06818181818181818,0.00016761393938470446
FRUITJU1,count,exact_values,325,983,83,900,0.0844354018311292,0.003744647782162829
FRUITJU1,count,exact_values,326,33,3,30,0.09090909090909091,0.00012571045453852836
FRUITJU1,count,exact_values,327,37,3,34,0.08108108108108109,0.00014094808539168331
FRUITJU1,count,exact_values,328,160,22,138,0.1375,0.000609505234126198
FRUITJU1,count,exact_values,329,33,3,30,0.09090909090909091,0.00012571045453852836
FRUITJU1,count,exact_values,330,3367,376,2991,0.11167211167211168,0.012826275770643181
FRUITJU1,count,exact_values,331,29,5,24,0.1724137931034483,0.0001104728236853734
FRUITJU1,count,exact_values,332,3,0,3,0.0,1.1428223139866213e-05
FRUITJU1,count,exact_values,333,6,2,4,0.3333333333333333,2.2856446279732427e-05
FRUITJU1,count,exact_values,334,1,0,1,0.0,3.8094077132887377e-06
FRUITJU1,count,exact_values,335,7,1,6,0.14285714285714285,2.6665853993021166e-05
FRUITJU1,count,exact_values,336,2,1,1,0.5,7.618815426577475e-06
FRUITJU1,count,exact_values,337,2,0,2,0.0,7.618815426577475e-06
FRUITJU1,count,exact_values,340,32,3,29,0.09375,0.0001219010468252396
FRUITJU1,count,exact_values,342,1,0,1,0.0,3.8094077132887377e-06
FRUITJU1,count,exact_values,344,1,0,1,0.0,3.8094077132887377e-06
FRUITJU1,count,exact_values,345,19,0,19,0.0,7.237874655248601e-05
FRUITJU1,count,exact_values,347,1,0,1,0.0,3.8094077132887377e-06
FRUITJU1,count,exact_values,348,2,0,2,0.0,7.618815426577475e-06
FRUITJU1,count,exact_values,349,1,0,1,0.0,3.8094077132887377e-06
FRUITJU1,count,exact_values,350,23,2,21,0.08695652173913043,8.761637740564097e-05
FRUITJU1,count,exact_values,352,1,0,1,0.0,3.8094077132887377e-06
FRUITJU1,count,exact_values,355,1,0,1,0.0,3.8094077132887377e-06
FRUITJU1,count,exact_values,360,43,3,40,0.06976744186046512,0.00016380453167141572
FRUITJU1,count,exact_values,365,1,1,0,1.0,3.8094077132887377e-06
FRUITJU1,count,exact_values,370,2,0,2,0.0,7.618815426577475e-06
FRUITJU1,count,exact_values,375,5,1,4,0.2,1.9047038566443688e-05
FRUITJU1,count,exact_values,376,1,0,1,0.0,3.8094077132887377e-06
FRUITJU1,count,exact_values,380,3,0,3,0.0,1.1428223139866213e-05
FRUITJU1,count,exact_values,388,2,0,2,0.0,7.618815426577475e-06
FRUITJU1,count,exact_values,390,9,0,9,0.0,3.4284669419598644e-05
FRUITJU1,count,exact_values,399,9,1,8,0.1111111111111111,3.4284669419598644e-05
FRUITJU1,count,exact_values,555,98685,8998,89687,0.09117900390130212,0.3759314001858991
FRUITJU1,count,exact_values,777,4821,518,4303,0.10744658784484547,0.018365154585765004
FRUITJU1,count,exact_values,999,1331,119,1212,0.08940646130728776,0.00507032166638731
FRUITJU1,count,exact_values,<MISSING>,16700,1333,15367,0.07982035928143713,0.06361710881192192
FRUIT1,count,exact_values,101,60536,5525,55011,0.09126800581472182,0.23060630533164703
FRUIT1,count,exact_values,102,32478,2293,30185,0.07060163803189852,0.12372194371219163
FRUIT1,count,exact_values,103,12038,792,11246,0.06579165974414354,0.04585765005256982
FRUIT1,count,exact_values,104,2574,148,2426,0.057498057498057496,0.009805415454005212
FRUIT1,count,exact_values,105,1345,93,1252,0.0691449814126394,0.005123653374373352
FRUIT1,count,exact_values,106,215,16,199,0.07441860465116279,0.0008190226583570787
FRUIT1,count,exact_values,107,116,9,107,0.07758620689655173,0.0004418912947414936
FRUIT1,count,exact_values,108,37,4,33,0.10810810810810811,0.00014094808539168331
FRUIT1,count,exact_values,109,9,1,8,0.1111111111111111,3.4284669419598644e-05
FRUIT1,count,exact_values,110,36,6,30,0.16666666666666666,0.00013713867767839458
FRUIT1,count,exact_values,111,1,1,0,1.0,3.8094077132887377e-06
FRUIT1,count,exact_values,112,6,1,5,0.16666666666666666,2.2856446279732427e-05
FRUIT1,count,exact_values,113,1,0,1,0.0,3.8094077132887377e-06
FRUIT1,count,exact_values,114,2,0,2,0.0,7.618815426577475e-06
FRUIT1,count,exact_values,115,10,0,10,0.0,3.8094077132887376e-05
FRUIT1,count,exact_values,120,6,1,5,0.16666666666666666,2.2856446279732427e-05
FRUIT1,count,exact_values,122,1,0,1,0.0,3.8094077132887377e-06
FRUIT1,count,exact_values,125,3,0,3,0.0,1.1428223139866213e-05
FRUIT1,count,exact_values,126,1,0,1,0.0,3.8094077132887377e-06
FRUIT1,count,exact_values,130,6,0,6,0.0,2.2856446279732427e-05
FRUIT1,count,exact_values,140,1,0,1,0.0,3.8094077132887377e-06
FRUIT1,count,exact_values,142,1,0,1,0.0,3.8094077132887377e-06
FRUIT1,count,exact_values,150,2,0,2,0.0,7.618815426577475e-06
FRUIT1,count,exact_values,160,1,0,1,0.0,3.8094077132887377e-06
FRUIT1,count,exact_values,172,1,0,1,0.0,3.8094077132887377e-06
FRUIT1,count,exact_values,175,2,0,2,0.0,7.618815426577475e-06
FRUIT1,count,exact_values,199,7,1,6,0.14285714285714285,2.6665853993021166e-05
FRUIT1,count,exact_values,201,7093,731,6362,0.1030593542929649,0.027020128910357016
FRUIT1,count,exact_values,202,12363,1151,11212,0.09310038016662622,0.04709570755938867
FRUIT1,count,exact_values,203,15491,1361,14130,0.08785746562520173,0.05901153488655584
FRUIT1,count,exact_values,204,8697,738,7959,0.08485684718868576,0.03313041888247215
FRUIT1,count,exact_values,205,7441,519,6922,0.06974868969224567,0.028345802794581498
FRUIT1,count,exact_values,206,1571,123,1448,0.07829408020369191,0.005984579517576607
FRUIT1,count,exact_values,207,2585,211,2374,0.0816247582205029,0.009847318938851388
FRUIT1,count,exact_values,208,145,14,131,0.09655172413793103,0.000552364118426867
FRUIT1,count,exact_values,209,39,4,35,0.10256410256410256,0.00014856690081826076
FRUIT1,count,exact_values,210,496,43,453,0.08669354838709678,0.001889466225791214
FRUIT1,count,exact_values,211,8,1,7,0.125,3.04752617063099e-05
FRUIT1,count,exact_values,212,83,8,75,0.0963855421686747,0.00031618084020296525
FRUIT1,count,exact_values,213,6,0,6,0.0,2.2856446279732427e-05
FRUIT1,count,exact_values,214,100,5,95,0.05,0.0003809407713288738
FRUIT1,count,exact_values,215,109,7,102,0.06422018348623854,0.0004152254407484724
FRUIT1,count,exact_values,216,2,0,2,0.0,7.618815426577475e-06
FRUIT1,count,exact_values,217,1,0,1,0.0,3.8094077132887377e-06
FRUIT1,count,exact_values,218,5,0,5,0.0,1.9047038566443688e-05
FRUIT1,count,exact_values,219,1,0,1,0.0,3.8094077132887377e-06
FRUIT1,count,exact_values,220,82,6,76,0.07317073170731707,0.0003123714324896765
FRUIT1,count,exact_values,221,23,4,19,0.17391304347826086,8.761637740564097e-05
FRUIT1,count,exact_values,223,2,1,1,0.5,7.618815426577475e-06
FRUIT1,count,exact_values,224,3,0,3,0.0,1.1428223139866213e-05
FRUIT1,count,exact_values,225,26,4,22,0.15384615384615385,9.904460054550719e-05
FRUIT1,count,exact_values,228,2,0,2,0.0,7.618815426577475e-06
FRUIT1,count,exact_values,230,38,1,37,0.02631578947368421,0.00014475749310497203
FRUIT1,count,exact_values,231,1,0,1,0.0,3.8094077132887377e-06
FRUIT1,count,exact_values,232,1,0,1,0.0,3.8094077132887377e-06
FRUIT1,count,exact_values,233,1,0,1,0.0,3.8094077132887377e-06
FRUIT1,count,exact_values,235,3,1,2,0.3333333333333333,1.1428223139866213e-05
FRUIT1,count,exact_values,250,1,0,1,0.0,3.8094077132887377e-06
FRUIT1,count,exact_values,260,1,0,1,0.0,3.8094077132887377e-06
FRUIT1,count,exact_values,300,223,21,202,0.09417040358744394,0.0008494979200633886
FRUIT1,count,exact_values,301,2861,351,2510,0.12268437609227544,0.010898715467719079
FRUIT1,count,exact_values,302,4706,548,4158,0.11644708882277943,0.0179270726987368
FRUIT1,count,exact_values,303,4059,435,3624,0.10716925351071692,0.015462385908238988
FRUIT1,count,exact_values,304,3271,400,2871,0.12228676245796392,0.012460572630167461
FRUIT1,count,exact_values,305,5141,542,4599,0.10542695973546003,0.019584165054017402
FRUIT1,count,exact_values,306,1839,209,1630,0.11364872213159326,0.007005500784737989
FRUIT1,count,exact_values,307,1425,137,1288,0.09614035087719298,0.005428405991436451
FRUIT1,count,exact_values,308,1123,127,996,0.11308993766696349,0.004277964862023253
FRUIT1,count,exact_values,309,126,16,110,0.12698412698412698,0.00047998537187438095
FRUIT1,count,exact_values,310,6761,649,6112,0.0959917172015974,0.025755405549545158
FRUIT1,count,exact_values,311,63,4,59,0.06349206349206349,0.00023999268593719047
FRUIT1,count,exact_values,312,1312,123,1189,0.09375,0.004997942919834824
FRUIT1,count,exact_values,313,66,4,62,0.06060606060606061,0.0002514209090770567
FRUIT1,count,exact_values,314,504,37,467,0.07341269841269842,0.0019199414874975238
FRUIT1,count,exact_values,315,7822,790,7032,0.10099718742009717,0.02979718713334451
FRUIT1,count,exact_values,316,228,19,209,0.08333333333333333,0.0008685449586298323
FRUIT1,count,exact_values,317,85,4,81,0.047058823529411764,0.00032379965562954273
FRUIT1,count,exact_values,318,186,24,162,0.12903225806451613,0.0007085498346717053
FRUIT1,count,exact_values,319,16,1,15,0.0625,6.09505234126198e-05
FRUIT1,count,exact_values,320,8635,704,7931,0.08152866242038216,0.03289423560424825
FRUIT1,count,exact_values,321,212,20,192,0.09433962264150944,0.0008075944352172124
FRUIT1,count,exact_values,322,151,9,142,0.059602649006622516,0.0005752205647065994
FRUIT1,count,exact_values,323,61,2,59,0.03278688524590164,0.00023237387051061302
FRUIT1,count,exact_values,324,130,10,120,0.07692307692307693,0.0004952230027275359
FRUIT1,count,exact_values,325,3769,338,3431,0.08967895993632263,0.014357657671385252
FRUIT1,count,exact_values,326,101,8,93,0.07920792079207921,0.0003847501790421625
FRUIT1,count,exact_values,327,157,11,146,0.07006369426751592,0.0005980770109863319
FRUIT1,count,exact_values,328,545,41,504,0.07522935779816514,0.002076127203742362
FRUIT1,count,exact_values,329,90,6,84,0.06666666666666667,0.0003428466941959864
FRUIT1,count,exact_values,330,8523,710,7813,0.08330400093863663,0.03246758194035991
FRUIT1,count,exact_values,331,74,9,65,0.12162162162162163,0.00028189617078336663
FRUIT1,count,exact_values,332,5,2,3,0.4,1.9047038566443688e-05
FRUIT1,count,exact_values,333,6,1,5,0.16666666666666666,2.2856446279732427e-05
FRUIT1,count,exact_values,334,3,0,3,0.0,1.1428223139866213e-05
FRUIT1,count,exact_values,335,44,1,43,0.022727272727272728,0.00016761393938470446
FRUIT1,count,exact_values,336,6,0,6,0.0,2.2856446279732427e-05
FRUIT1,count,exact_values,337,3,2,1,0.6666666666666666,1.1428223139866213e-05
FRUIT1,count,exact_values,338,2,1,1,0.5,7.618815426577475e-06
FRUIT1,count,exact_values,340,197,16,181,0.08121827411167512,0.0007504533195178813
FRUIT1,count,exact_values,342,4,2,2,0.5,1.523763085315495e-05
FRUIT1,count,exact_values,343,1,0,1,0.0,3.8094077132887377e-06
FRUIT1,count,exact_values,344,1,0,1,0.0,3.8094077132887377e-06
FRUIT1,count,exact_values,345,140,7,133,0.05,0.0005333170798604233
FRUIT1,count,exact_values,346,1,0,1,0.0,3.8094077132887377e-06
FRUIT1,count,exact_values,348,1,0,1,0.0,3.8094077132887377e-06
FRUIT1,count,exact_values,350,120,10,110,0.08333333333333333,0.00045712892559464857
FRUIT1,count,exact_values,351,1,0,1,0.0,3.8094077132887377e-06
FRUIT1,count,exact_values,352,4,0,4,0.0,1.523763085315495e-05
FRUIT1,count,exact_values,355,3,0,3,0.0,1.1428223139866213e-05
FRUIT1,count,exact_values,356,2,1,1,0.5,7.618815426577475e-06
FRUIT1,count,exact_values,358,1,0,1,0.0,3.8094077132887377e-06
FRUIT1,count,exact_values,360,377,27,350,0.07161803713527852,0.0014361467079098541
FRUIT1,count,exact_values,361,1,0,1,0.0,3.8094077132887377e-06
FRUIT1,count,exact_values,362,2,0,2,0.0,7.618815426577475e-06
FRUIT1,count,exact_values,364,1,0,1,0.0,3.8094077132887377e-06
FRUIT1,count,exact_values,365,3,0,3,0.0,1.1428223139866213e-05
FRUIT1,count,exact_values,367,1,0,1,0.0,3.8094077132887377e-06
FRUIT1,count,exact_values,370,14,2,12,0.14285714285714285,5.333170798604233e-05
FRUIT1,count,exact_values,375,42,3,39,0.07142857142857142,0.00015999512395812698
FRUIT1,count,exact_values,376,3,0,3,0.0,1.1428223139866213e-05
FRUIT1,count,exact_values,379,1,0,1,0.0,3.8094077132887377e-06
FRUIT1,count,exact_values,380,7,0,7,0.0,2.6665853993021166e-05
FRUIT1,count,exact_values,386,1,0,1,0.0,3.8094077132887377e-06
FRUIT1,count,exact_values,390,75,5,70,0.06666666666666667,0.00028570557849665534
FRUIT1,count,exact_values,395,1,0,1,0.0,3.8094077132887377e-06
FRUIT1,count,exact_values,399,31,1,30,0.03225806451612903,0.00011809163911195088
FRUIT1,count,exact_values,555,9654,1096,8558,0.11352807126579656,0.036776022064089475
FRUIT1,count,exact_values,777,2945,365,2580,0.12393887945670629,0.011218705715635333
FRUIT1,count,exact_values,999,1317,108,1209,0.08200455580865604,0.0050169899584012675
FRUIT1,count,exact_values,<MISSING>,17366,1397,15969,0.08044454681561672,0.06615417434897222
FVBEANS,count,exact_values,101,10999,1003,9996,0.09119010819165378,0.041899675438462826
FVBEANS,count,exact_values,102,2250,180,2070,0.08,0.00857116735489966
FVBEANS,count,exact_values,103,594,53,541,0.08922558922558922,0.0022627881816935104
FVBEANS,count,exact_values,104,162,17,145,0.10493827160493827,0.0006171240495527755
FVBEANS,count,exact_values,105,118,7,111,0.059322033898305086,0.0004495101101680711
FVBEANS,count,exact_values,106,14,2,12,0.14285714285714285,5.333170798604233e-05
FVBEANS,count,exact_values,107,10,0,10,0.0,3.8094077132887376e-05
FVBEANS,count,exact_values,108,5,1,4,0.2,1.9047038566443688e-05
FVBEANS,count,exact_values,110,2,0,2,0.0,7.618815426577475e-06
FVBEANS,count,exact_values,114,1,0,1,0.0,3.8094077132887377e-06
FVBEANS,count,exact_values,115,5,2,3,0.4,1.9047038566443688e-05
FVBEANS,count,exact_values,116,1,0,1,0.0,3.8094077132887377e-06
FVBEANS,count,exact_values,120,1,0,1,0.0,3.8094077132887377e-06
FVBEANS,count,exact_values,125,1,0,1,0.0,3.8094077132887377e-06
FVBEANS,count,exact_values,150,1,0,1,0.0,3.8094077132887377e-06
FVBEANS,count,exact_values,199,2,0,2,0.0,7.618815426577475e-06
FVBEANS,count,exact_values,201,25371,2110,23261,0.08316581924244215,0.09664848309384858
FVBEANS,count,exact_values,202,24398,1986,22412,0.0814001147635052,0.09294192938881862
FVBEANS,count,exact_values,203,17224,1355,15869,0.07866929865304227,0.06561323845368522
FVBEANS,count,exact_values,204,6358,484,5874,0.07612456747404844,0.024220214241089794
FVBEANS,count,exact_values,205,3378,245,3133,0.07252812314979278,0.012868179255489356
FVBEANS,count,exact_values,206,542,48,494,0.08856088560885608,0.002064698980602496
FVBEANS,count,exact_values,207,495,34,461,0.06868686868686869,0.0018856568180779252
FVBEANS,count,exact_values,208,45,6,39,0.13333333333333333,0.0001714233470979932
FVBEANS,count,exact_values,209,13,0,13,0.0,4.952230027275359e-05
FVBEANS,count,exact_values,210,121,11,110,0.09090909090909091,0.0004609383333079373
FVBEANS,count,exact_values,212,21,3,18,0.14285714285714285,7.999756197906349e-05
FVBEANS,count,exact_values,213,6,1,5,0.16666666666666666,2.2856446279732427e-05
FVBEANS,count,exact_values,214,14,0,14,0.0,5.333170798604233e-05
FVBEANS,count,exact_values,215,35,3,32,0.08571428571428572,0.00013332926996510584
FVBEANS,count,exact_values,217,1,0,1,0.0,3.8094077132887377e-06
FVBEANS,count,exact_values,218,2,0,2,0.0,7.618815426577475e-06
FVBEANS,count,exact_values,220,26,1,25,0.038461538461538464,9.904460054550719e-05
FVBEANS,count,exact_values,221,4,0,4,0.0,1.523763085315495e-05
FVBEANS,count,exact_values,222,1,1,0,1.0,3.8094077132887377e-06
FVBEANS,count,exact_values,223,4,0,4,0.0,1.523763085315495e-05
FVBEANS,count,exact_values,225,7,0,7,0.0,2.6665853993021166e-05
FVBEANS,count,exact_values,228,1,0,1,0.0,3.8094077132887377e-06
FVBEANS,count,exact_values,230,6,0,6,0.0,2.2856446279732427e-05
FVBEANS,count,exact_values,231,1,0,1,0.0,3.8094077132887377e-06
FVBEANS,count,exact_values,300,1030,97,933,0.0941747572815534,0.0039236899446874
FVBEANS,count,exact_values,301,12770,1233,11537,0.09655442443226311,0.04864613649869718
FVBEANS,count,exact_values,302,19624,1829,17795,0.09320220138605789,0.07475581696557819
FVBEANS,count,exact_values,303,12629,1179,11450,0.09335656029772746,0.04810901001112347
FVBEANS,count,exact_values,304,10427,948,9479,0.09091780953294332,0.03972069422646167
FVBEANS,count,exact_values,305,12717,999,11718,0.07855626326963906,0.04844423788989288
FVBEANS,count,exact_values,306,4176,392,3784,0.09386973180076628,0.015908086610693768
FVBEANS,count,exact_values,307,2675,208,2467,0.0777570093457944,0.010190165633047374
FVBEANS,count,exact_values,308,2466,204,2262,0.0827250608272506,0.009393999420970028
FVBEANS,count,exact_values,309,217,20,197,0.09216589861751152,0.0008266414737836561
FVBEANS,count,exact_values,310,10484,829,9655,0.07907287294925601,0.03993783046611913
FVBEANS,count,exact_values,311,42,0,42,0.0,0.00015999512395812698
FVBEANS,count,exact_values,312,1635,131,1504,0.0801223241590214,0.006228381611227086
FVBEANS,count,exact_values,313,72,5,67,0.06944444444444445,0.00027427735535678915
FVBEANS,count,exact_values,314,447,41,406,0.09172259507829977,0.001702805247840066
FVBEANS,count,exact_values,315,7036,650,6386,0.0923820352472996,0.02680299267069956
FVBEANS,count,exact_values,316,148,11,137,0.07432432432432433,0.0005637923415667333
FVBEANS,count,exact_values,317,79,9,70,0.11392405063291139,0.0003009432093498103
FVBEANS,count,exact_values,318,158,16,142,0.10126582278481013,0.0006018864186996206
FVBEANS,count,exact_values,319,11,0,11,0.0,4.1903484846176115e-05
FVBEANS,count,exact_values,320,4385,400,3985,0.09122006841505131,0.016704252822771114
FVBEANS,count,exact_values,321,94,5,89,0.05319148936170213,0.00035808432504914135
FVBEANS,count,exact_values,322,42,3,39,0.07142857142857142,0.00015999512395812698
FVBEANS,count,exact_values,323,15,0,15,0.0,5.714111569933107e-05
FVBEANS,count,exact_values,324,29,3,26,0.10344827586206896,0.0001104728236853734
FVBEANS,count,exact_values,325,933,79,854,0.08467309753483387,0.0035541773964983922
FVBEANS,count,exact_values,326,22,0,22,0.0,8.380696969235223e-05
FVBEANS,count,exact_values,327,31,3,28,0.0967741935483871,0.00011809163911195088
FVBEANS,count,exact_values,328,99,9,90,0.09090909090909091,0.0003771313636155851
FVBEANS,count,exact_values,329,10,0,10,0.0,3.8094077132887376e-05
FVBEANS,count,exact_values,330,1098,114,984,0.10382513661202186,0.004182729669191034
FVBEANS,count,exact_values,331,7,0,7,0.0,2.6665853993021166e-05
FVBEANS,count,exact_values,332,2,1,1,0.5,7.618815426577475e-06
FVBEANS,count,exact_values,333,4,0,4,0.0,1.523763085315495e-05
FVBEANS,count,exact_values,335,7,1,6,0.14285714285714285,2.6665853993021166e-05
FVBEANS,count,exact_values,336,3,0,3,0.0,1.1428223139866213e-05
FVBEANS,count,exact_values,337,1,0,1,0.0,3.8094077132887377e-06
FVBEANS,count,exact_values,339,1,0,1,0.0,3.8094077132887377e-06
FVBEANS,count,exact_values,340,47,6,41,0.1276595744680851,0.00017904216252457068
FVBEANS,count,exact_values,341,1,0,1,0.0,3.8094077132887377e-06
FVBEANS,count,exact_values,342,1,0,1,0.0,3.8094077132887377e-06
FVBEANS,count,exact_values,345,21,2,19,0.09523809523809523,7.999756197906349e-05
FVBEANS,count,exact_values,350,26,1,25,0.038461538461538464,9.904460054550719e-05
FVBEANS,count,exact_values,353,2,0,2,0.0,7.618815426577475e-06
FVBEANS,count,exact_values,354,1,0,1,0.0,3.8094077132887377e-06
FVBEANS,count,exact_values,355,1,0,1,0.0,3.8094077132887377e-06
FVBEANS,count,exact_values,356,1,0,1,0.0,3.8094077132887377e-06
FVBEANS,count,exact_values,358,1,0,1,0.0,3.8094077132887377e-06
FVBEANS,count,exact_values,360,30,6,24,0.2,0.00011428223139866214
FVBEANS,count,exact_values,365,1,0,1,0.0,3.8094077132887377e-06
FVBEANS,count,exact_values,369,1,0,1,0.0,3.8094077132887377e-06
FVBEANS,count,exact_values,370,2,0,2,0.0,7.618815426577475e-06
FVBEANS,count,exact_values,372,1,0,1,0.0,3.8094077132887377e-06
FVBEANS,count,exact_values,373,1,0,1,0.0,3.8094077132887377e-06
FVBEANS,count,exact_values,374,1,0,1,0.0,3.8094077132887377e-06
FVBEANS,count,exact_values,375,4,0,4,0.0,1.523763085315495e-05
FVBEANS,count,exact_values,387,1,0,1,0.0,3.8094077132887377e-06
FVBEANS,count,exact_values,388,1,0,1,0.0,3.8094077132887377e-06
FVBEANS,count,exact_values,390,3,0,3,0.0,1.1428223139866213e-05
FVBEANS,count,exact_values,392,1,0,1,0.0,3.8094077132887377e-06
FVBEANS,count,exact_values,399,6,1,5,0.16666666666666666,2.2856446279732427e-05
FVBEANS,count,exact_values,555,40887,4059,36828,0.09927360774818401,0.15575525317323663
FVBEANS,count,exact_values,777,4268,571,3697,0.1337863167760075,0.016258552120316332
FVBEANS,count,exact_values,999,1243,102,1141,0.08205953338696702,0.004735093787617902
FVBEANS,count,exact_values,<MISSING>,18089,1460,16629,0.08071203493836034,0.06890837612567997
FVGREEN,count,exact_values,101,33740,2553,31187,0.07566686425607587,0.12852941624636202
FVGREEN,count,exact_values,102,10238,627,9611,0.061242430162141044,0.0390007161686501
FVGREEN,count,exact_values,103,2017,112,1905,0.05552801189885969,0.007683575357703384
FVGREEN,count,exact_values,104,462,20,442,0.04329004329004329,0.0017599463635393968
FVGREEN,count,exact_values,105,320,24,296,0.075,0.001219010468252396
FVGREEN,count,exact_values,106,35,2,33,0.05714285714285714,0.00013332926996510584
FVGREEN,count,exact_values,107,47,5,42,0.10638297872340426,0.00017904216252457068
FVGREEN,count,exact_values,108,9,0,9,0.0,3.4284669419598644e-05
FVGREEN,count,exact_values,109,2,0,2,0.0,7.618815426577475e-06
FVGREEN,count,exact_values,110,7,0,7,0.0,2.6665853993021166e-05
FVGREEN,count,exact_values,111,3,1,2,0.3333333333333333,1.1428223139866213e-05
FVGREEN,count,exact_values,112,2,0,2,0.0,7.618815426577475e-06
FVGREEN,count,exact_values,115,2,0,2,0.0,7.618815426577475e-06
FVGREEN,count,exact_values,120,2,0,2,0.0,7.618815426577475e-06
FVGREEN,count,exact_values,130,4,1,3,0.25,1.523763085315495e-05
FVGREEN,count,exact_values,131,1,0,1,0.0,3.8094077132887377e-06
FVGREEN,count,exact_values,175,1,0,1,0.0,3.8094077132887377e-06
FVGREEN,count,exact_values,199,2,0,2,0.0,7.618815426577475e-06
FVGREEN,count,exact_values,201,15841,1560,14281,0.09847863139953286,0.0603448275862069
FVGREEN,count,exact_values,202,21369,1891,19478,0.08849267630679956,0.08140323342526704
FVGREEN,count,exact_values,203,22703,1899,20804,0.08364533321587456,0.08648498331479422
FVGREEN,count,exact_values,204,13026,930,12096,0.0713956701980654,0.0496213448732991
FVGREEN,count,exact_values,205,9727,561,9166,0.05767451423871697,0.03705410882715955
FVGREEN,count,exact_values,206,2182,126,2056,0.05774518790100825,0.008312127630396026
FVGREEN,count,exact_values,207,1877,147,1730,0.07831646244006393,0.007150258277842961
FVGREEN,count,exact_values,208,131,12,119,0.0916030534351145,0.0004990324104408246
FVGREEN,count,exact_values,209,27,0,27,0.0,0.00010285400825879592
FVGREEN,count,exact_values,210,284,19,265,0.06690140845070422,0.0010818717905740015
FVGREEN,count,exact_values,211,12,1,11,0.08333333333333333,4.5712892559464854e-05
FVGREEN,count,exact_values,212,63,4,59,0.06349206349206349,0.00023999268593719047
FVGREEN,count,exact_values,213,3,0,3,0.0,1.1428223139866213e-05
FVGREEN,count,exact_values,214,74,3,71,0.04054054054054054,0.00028189617078336663
FVGREEN,count,exact_values,215,56,7,49,0.125,0.00021332683194416933
FVGREEN,count,exact_values,216,3,0,3,0.0,1.1428223139866213e-05
FVGREEN,count,exact_values,218,3,1,2,0.3333333333333333,1.1428223139866213e-05
FVGREEN,count,exact_values,220,45,1,44,0.022222222222222223,0.0001714233470979932
FVGREEN,count,exact_values,221,5,0,5,0.0,1.9047038566443688e-05
FVGREEN,count,exact_values,222,2,0,2,0.0,7.618815426577475e-06
FVGREEN,count,exact_values,223,2,0,2,0.0,7.618815426577475e-06
FVGREEN,count,exact_values,224,1,0,1,0.0,3.8094077132887377e-06
FVGREEN,count,exact_values,225,11,0,11,0.0,4.1903484846176115e-05
FVGREEN,count,exact_values,227,1,0,1,0.0,3.8094077132887377e-06
FVGREEN,count,exact_values,228,2,0,2,0.0,7.618815426577475e-06
FVGREEN,count,exact_values,230,20,3,17,0.15,7.618815426577475e-05
FVGREEN,count,exact_values,231,1,0,1,0.0,3.8094077132887377e-06
FVGREEN,count,exact_values,232,1,0,1,0.0,3.8094077132887377e-06
FVGREEN,count,exact_values,233,4,0,4,0.0,1.523763085315495e-05
FVGREEN,count,exact_values,235,1,0,1,0.0,3.8094077132887377e-06
FVGREEN,count,exact_values,236,3,1,2,0.3333333333333333,1.1428223139866213e-05
FVGREEN,count,exact_values,300,590,83,507,0.14067796610169492,0.002247550550840355
FVGREEN,count,exact_values,301,4986,637,4349,0.1277577216205375,0.018993706858457648
FVGREEN,count,exact_values,302,8090,922,7168,0.11396786155747837,0.03081810840050589
FVGREEN,count,exact_values,303,6180,693,5487,0.11213592233009709,0.0235421396681244
FVGREEN,count,exact_values,304,5871,670,5201,0.114120252086527,0.02236503268471818
FVGREEN,count,exact_values,305,7391,753,6638,0.10188066567446895,0.02815533240891706
FVGREEN,count,exact_values,306,2872,325,2547,0.11316155988857939,0.010940618952565255
FVGREEN,count,exact_values,307,1975,167,1808,0.08455696202531646,0.007523580233745257
FVGREEN,count,exact_values,308,2327,217,2110,0.09325311559948432,0.008864491748822893
FVGREEN,count,exact_values,309,237,24,213,0.10126582278481013,0.0009028296280494309
FVGREEN,count,exact_values,310,9929,899,9030,0.09054285426528351,0.03782360918524388
FVGREEN,count,exact_values,311,62,5,57,0.08064516129032258,0.00023618327822390176
FVGREEN,count,exact_values,312,2203,190,2013,0.08624602814344076,0.00839212519237509
FVGREEN,count,exact_values,313,94,4,90,0.0425531914893617,0.00035808432504914135
FVGREEN,count,exact_values,314,592,46,546,0.0777027027027027,0.002255169366266933
FVGREEN,count,exact_values,315,10166,870,9296,0.08557938225457407,0.03872643881329331
FVGREEN,count,exact_values,316,308,26,282,0.08441558441558442,0.0011732975756929313
FVGREEN,count,exact_values,317,121,7,114,0.05785123966942149,0.0004609383333079373
FVGREEN,count,exact_values,318,315,20,295,0.06349206349206349,0.0011999634296859525
FVGREEN,count,exact_values,319,23,4,19,0.17391304347826086,8.761637740564097e-05
FVGREEN,count,exact_values,320,10944,831,10113,0.07593201754385964,0.04169015801423195
FVGREEN,count,exact_values,321,252,9,243,0.03571428571428571,0.0009599707437487619
FVGREEN,count,exact_values,322,208,16,192,0.07692307692307693,0.0007923568043640575
FVGREEN,count,exact_values,323,93,6,87,0.06451612903225806,0.00035427491733585264
FVGREEN,count,exact_values,324,175,18,157,0.10285714285714286,0.0006666463498255291
FVGREEN,count,exact_values,325,4557,335,4222,0.07351327627825324,0.01735947094945678
FVGREEN,count,exact_values,326,122,8,114,0.06557377049180328,0.00046474774102122604
FVGREEN,count,exact_values,327,141,11,130,0.07801418439716312,0.0005371264875737121
FVGREEN,count,exact_values,328,515,22,493,0.04271844660194175,0.0019618449723437
FVGREEN,count,exact_values,329,86,4,82,0.046511627906976744,0.00032760906334283144
FVGREEN,count,exact_values,330,4881,364,4517,0.07457488219627126,0.01859371904856233
FVGREEN,count,exact_values,331,33,5,28,0.15151515151515152,0.00012571045453852836
FVGREEN,count,exact_values,332,4,0,4,0.0,1.523763085315495e-05
FVGREEN,count,exact_values,333,2,0,2,0.0,7.618815426577475e-06
FVGREEN,count,exact_values,334,2,0,2,0.0,7.618815426577475e-06
FVGREEN,count,exact_values,335,51,1,50,0.0196078431372549,0.00019427979337772563
FVGREEN,count,exact_values,336,4,2,2,0.5,1.523763085315495e-05
FVGREEN,count,exact_values,338,2,0,2,0.0,7.618815426577475e-06
FVGREEN,count,exact_values,339,1,0,1,0.0,3.8094077132887377e-06
FVGREEN,count,exact_values,340,187,8,179,0.0427807486631016,0.000712359242384994
FVGREEN,count,exact_values,343,1,1,0,1.0,3.8094077132887377e-06
FVGREEN,count,exact_values,345,134,3,131,0.022388059701492536,0.0005104606335806909
FVGREEN,count,exact_values,346,1,0,1,0.0,3.8094077132887377e-06
FVGREEN,count,exact_values,350,102,10,92,0.09803921568627451,0.00038855958675545126
FVGREEN,count,exact_values,353,1,0,1,0.0,3.8094077132887377e-06
FVGREEN,count,exact_values,354,1,0,1,0.0,3.8094077132887377e-06
FVGREEN,count,exact_values,355,8,0,8,0.0,3.04752617063099e-05
FVGREEN,count,exact_values,360,204,17,187,0.08333333333333333,0.0007771191735109025
FVGREEN,count,exact_values,361,1,0,1,0.0,3.8094077132887377e-06
FVGREEN,count,exact_values,365,2,1,1,0.5,7.618815426577475e-06
FVGREEN,count,exact_values,367,1,0,1,0.0,3.8094077132887377e-06
FVGREEN,count,exact_values,370,5,0,5,0.0,1.9047038566443688e-05
FVGREEN,count,exact_values,375,19,2,17,0.10526315789473684,7.237874655248601e-05
FVGREEN,count,exact_values,380,5,0,5,0.0,1.9047038566443688e-05
FVGREEN,count,exact_values,385,1,0,1,0.0,3.8094077132887377e-06
FVGREEN,count,exact_values,390,20,0,20,0.0,7.618815426577475e-05
FVGREEN,count,exact_values,392,1,0,1,0.0,3.8094077132887377e-06
FVGREEN,count,exact_values,396,1,0,1,0.0,3.8094077132887377e-06
FVGREEN,count,exact_values,399,14,2,12,0.14285714285714285,5.333170798604233e-05
FVGREEN,count,exact_values,555,18583,2486,16097,0.13377818436205133,0.07079022353604461
FVGREEN,count,exact_values,777,2549,342,2207,0.13417026284817576,0.009710180261172994
FVGREEN,count,exact_values,999,1262,97,1165,0.0768621236133122,0.004807472534170387
FVGREEN,count,exact_values,<MISSING>,18626,1506,17120,0.08085471920970685,0.07095402806771603
FVORANG,count,exact_values,101,13790,1131,12659,0.08201595358955766,0.05253173236625169
FVORANG,count,exact_values,102,2133,185,1948,0.08673230192217533,0.008125466652444877
FVORANG,count,exact_values,103,553,41,512,0.07414104882459313,0.002106602465448672
FVORANG,count,exact_values,104,137,11,126,0.08029197080291971,0.0005218888567205571
FVORANG,count,exact_values,105,115,11,104,0.09565217391304348,0.00043808188702820484
FVORANG,count,exact_values,106,15,2,13,0.13333333333333333,5.714111569933107e-05
FVORANG,count,exact_values,107,7,0,7,0.0,2.6665853993021166e-05
FVORANG,count,exact_values,108,2,0,2,0.0,7.618815426577475e-06
FVORANG,count,exact_values,110,4,1,3,0.25,1.523763085315495e-05
FVORANG,count,exact_values,112,1,0,1,0.0,3.8094077132887377e-06
FVORANG,count,exact_values,115,3,0,3,0.0,1.1428223139866213e-05
FVORANG,count,exact_values,125,2,0,2,0.0,7.618815426577475e-06
FVORANG,count,exact_values,130,2,0,2,0.0,7.618815426577475e-06
FVORANG,count,exact_values,131,1,0,1,0.0,3.8094077132887377e-06
FVORANG,count,exact_values,199,1,0,1,0.0,3.8094077132887377e-06
FVORANG,count,exact_values,201,29916,2498,27418,0.08350046797700228,0.11396224115074588
FVORANG,count,exact_values,202,25209,2027,23182,0.08040779086834067,0.09603135904429579
FVORANG,count,exact_values,203,17111,1399,15712,0.08176027117059202,0.0651827753820836
FVORANG,count,exact_values,204,6537,527,6010,0.0806180204986997,0.02490209822176848
FVORANG,count,exact_values,205,3719,236,3483,0.0634579187953751,0.014167187285720816
FVORANG,count,exact_values,206,597,53,544,0.08877721943048576,0.0022742164048333764
FVORANG,count,exact_values,207,532,46,486,0.08646616541353383,0.0020266049034696086
FVORANG,count,exact_values,208,66,12,54,0.18181818181818182,0.0002514209090770567
FVORANG,count,exact_values,209,6,1,5,0.16666666666666666,2.2856446279732427e-05
FVORANG,count,exact_values,210,109,2,107,0.01834862385321101,0.0004152254407484724
FVORANG,count,exact_values,211,3,0,3,0.0,1.1428223139866213e-05
FVORANG,count,exact_values,212,17,0,17,0.0,6.475993112590855e-05
FVORANG,count,exact_values,213,2,0,2,0.0,7.618815426577475e-06
FVORANG,count,exact_values,214,9,2,7,0.2222222222222222,3.4284669419598644e-05
FVORANG,count,exact_values,215,27,1,26,0.037037037037037035,0.00010285400825879592
FVORANG,count,exact_values,216,1,1,0,1.0,3.8094077132887377e-06
FVORANG,count,exact_values,217,1,0,1,0.0,3.8094077132887377e-06
FVORANG,count,exact_values,220,22,3,19,0.13636363636363635,8.380696969235223e-05
FVORANG,count,exact_values,221,2,1,1,0.5,7.618815426577475e-06
FVORANG,count,exact_values,222,4,1,3,0.25,1.523763085315495e-05
FVORANG,count,exact_values,223,1,0,1,0.0,3.8094077132887377e-06
FVORANG,count,exact_values,225,1,0,1,0.0,3.8094077132887377e-06
FVORANG,count,exact_values,227,1,0,1,0.0,3.8094077132887377e-06
FVORANG,count,exact_values,230,12,2,10,0.16666666666666666,4.5712892559464854e-05
FVORANG,count,exact_values,231,2,0,2,0.0,7.618815426577475e-06
FVORANG,count,exact_values,232,1,0,1,0.0,3.8094077132887377e-06
FVORANG,count,exact_values,233,2,1,1,0.5,7.618815426577475e-06
FVORANG,count,exact_values,247,1,0,1,0.0,3.8094077132887377e-06
FVORANG,count,exact_values,300,970,102,868,0.10515463917525773,0.0036951254818900756
FVORANG,count,exact_values,301,12650,1298,11352,0.10260869565217391,0.04818900757310254
FVORANG,count,exact_values,302,18632,1787,16845,0.09591026191498497,0.07097688451399577
FVORANG,count,exact_values,303,10957,1118,9839,0.10203522862097289,0.0417396803145047
FVORANG,count,exact_values,304,8894,920,7974,0.10344052170002249,0.033880872201990035
FVORANG,count,exact_values,305,13457,1122,12335,0.08337668128111764,0.051263199597726544
FVORANG,count,exact_values,306,3588,378,3210,0.10535117056856187,0.013668154875279991
FVORANG,count,exact_values,307,2329,202,2127,0.08673250322026621,0.00887211056424947
FVORANG,count,exact_values,308,2395,201,2194,0.08392484342379958,0.009123531473326528
FVORANG,count,exact_values,309,187,21,166,0.11229946524064172,0.000712359242384994
FVORANG,count,exact_values,310,11657,958,10699,0.08218237968602557,0.04440626571380682
FVORANG,count,exact_values,311,62,7,55,0.11290322580645161,0.00023618327822390176
FVORANG,count,exact_values,312,1474,130,1344,0.08819538670284939,0.0056150669693876
FVORANG,count,exact_values,313,49,4,45,0.08163265306122448,0.00018666097795114815
FVORANG,count,exact_values,314,422,35,387,0.08293838862559241,0.0016075700550078475
FVORANG,count,exact_values,315,7543,656,6887,0.08696804984754077,0.02873436238133695
FVORANG,count,exact_values,316,137,9,128,0.06569343065693431,0.0005218888567205571
FVORANG,count,exact_values,317,68,7,61,0.10294117647058823,0.0002590397245036342
FVORANG,count,exact_values,318,152,15,137,0.09868421052631579,0.0005790299724198881
FVORANG,count,exact_values,319,9,0,9,0.0,3.4284669419598644e-05
FVORANG,count,exact_values,320,4540,372,4168,0.08193832599118943,0.01729471101833087
FVORANG,count,exact_values,321,92,8,84,0.08695652173913043,0.0003504655096225639
FVORANG,count,exact_values,322,56,3,53,0.05357142857142857,0.00021332683194416933
FVORANG,count,exact_values,323,22,2,20,0.09090909090909091,8.380696969235223e-05
FVORANG,count,exact_values,324,50,5,45,0.1,0.0001904703856644369
FVORANG,count,exact_values,325,1134,105,1029,0.09259259259259259,0.004319868346869429
FVORANG,count,exact_values,326,17,1,16,0.058823529411764705,6.475993112590855e-05
FVORANG,count,exact_values,327,29,1,28,0.034482758620689655,0.0001104728236853734
FVORANG,count,exact_values,328,115,12,103,0.10434782608695652,0.00043808188702820484
FVORANG,count,exact_values,329,19,0,19,0.0,7.237874655248601e-05
FVORANG,count,exact_values,330,1315,131,1184,0.09961977186311786,0.0050093711429746906
FVORANG,count,exact_values,331,9,1,8,0.1111111111111111,3.4284669419598644e-05
FVORANG,count,exact_values,332,6,2,4,0.3333333333333333,2.2856446279732427e-05
FVORANG,count,exact_values,333,4,1,3,0.25,1.523763085315495e-05
FVORANG,count,exact_values,334,2,1,1,0.5,7.618815426577475e-06
FVORANG,count,exact_values,335,8,2,6,0.25,3.04752617063099e-05
FVORANG,count,exact_values,336,2,1,1,0.5,7.618815426577475e-06
FVORANG,count,exact_values,338,1,0,1,0.0,3.8094077132887377e-06
FVORANG,count,exact_values,340,35,4,31,0.11428571428571428,0.00013332926996510584
FVORANG,count,exact_values,345,21,1,20,0.047619047619047616,7.999756197906349e-05
FVORANG,count,exact_values,346,1,0,1,0.0,3.8094077132887377e-06
FVORANG,count,exact_values,348,1,0,1,0.0,3.8094077132887377e-06
FVORANG,count,exact_values,350,25,2,23,0.08,9.523519283221845e-05
FVORANG,count,exact_values,355,1,0,1,0.0,3.8094077132887377e-06
FVORANG,count,exact_values,356,1,0,1,0.0,3.8094077132887377e-06
FVORANG,count,exact_values,360,32,3,29,0.09375,0.0001219010468252396
FVORANG,count,exact_values,361,1,0,1,0.0,3.8094077132887377e-06
FVORANG,count,exact_values,365,1,1,0,1.0,3.8094077132887377e-06
FVORANG,count,exact_values,370,2,0,2,0.0,7.618815426577475e-06
FVORANG,count,exact_values,375,3,0,3,0.0,1.1428223139866213e-05
FVORANG,count,exact_values,390,1,0,1,0.0,3.8094077132887377e-06
FVORANG,count,exact_values,394,1,1,0,1.0,3.8094077132887377e-06
FVORANG,count,exact_values,397,1,0,1,0.0,3.8094077132887377e-06
FVORANG,count,exact_values,399,4,0,4,0.0,1.523763085315495e-05
FVORANG,count,exact_values,555,35362,3376,31986,0.09546971325151292,0.13470827555731635
FVORANG,count,exact_values,777,2928,336,2592,0.11475409836065574,0.011153945784509425
FVORANG,count,exact_values,999,1238,99,1139,0.07996768982229402,0.004716046749051458
FVORANG,count,exact_values,<MISSING>,19119,1544,17575,0.08075736178670433,0.07283206607036738
VEGETAB1,count,exact_values,101,55035,5088,49947,0.09245025892613791,0.2096507535008457
VEGETAB1,count,exact_values,102,18528,1262,17266,0.06811312607944732,0.07058070611181373
VEGETAB1,count,exact_values,103,3457,231,3226,0.06682094301417414,0.013169122464839167
VEGETAB1,count,exact_values,104,751,51,700,0.06790945406125166,0.0028608651926798423
VEGETAB1,count,exact_values,105,407,33,374,0.08108108108108109,0.0015504289393085163
VEGETAB1,count,exact_values,106,53,2,51,0.03773584905660377,0.0002018986088043031
VEGETAB1,count,exact_values,107,78,9,69,0.11538461538461539,0.00029713380163652153
VEGETAB1,count,exact_values,108,14,2,12,0.14285714285714285,5.333170798604233e-05
VEGETAB1,count,exact_values,110,13,2,11,0.15384615384615385,4.952230027275359e-05
VEGETAB1,count,exact_values,112,2,0,2,0.0,7.618815426577475e-06
VEGETAB1,count,exact_values,114,2,0,2,0.0,7.618815426577475e-06
VEGETAB1,count,exact_values,115,5,0,5,0.0,1.9047038566443688e-05
VEGETAB1,count,exact_values,120,4,0,4,0.0,1.523763085315495e-05
VEGETAB1,count,exact_values,125,2,0,2,0.0,7.618815426577475e-06
VEGETAB1,count,exact_values,126,1,0,1,0.0,3.8094077132887377e-06
VEGETAB1,count,exact_values,130,2,0,2,0.0,7.618815426577475e-06
VEGETAB1,count,exact_values,131,2,0,2,0.0,7.618815426577475e-06
VEGETAB1,count,exact_values,175,1,0,1,0.0,3.8094077132887377e-06
VEGETAB1,count,exact_values,199,5,0,5,0.0,1.9047038566443688e-05
VEGETAB1,count,exact_values,201,8995,809,8186,0.08993885491939967,0.034265622381032194
VEGETAB1,count,exact_values,202,15602,1286,14316,0.08242533008588643,0.059434379142730885
VEGETAB1,count,exact_values,203,19338,1687,17651,0.08723756334677836,0.07366632635957761
VEGETAB1,count,exact_values,204,12636,1001,11635,0.07921810699588477,0.048135675865116495
VEGETAB1,count,exact_values,205,10326,788,9538,0.07631222157660275,0.03933594404741951
VEGETAB1,count,exact_values,206,2873,240,2633,0.08353637312913331,0.010944428360278544
VEGETAB1,count,exact_values,207,3990,339,3651,0.0849624060150376,0.015199536776022064
VEGETAB1,count,exact_values,208,220,19,201,0.08636363636363636,0.0008380696969235224
VEGETAB1,count,exact_values,209,64,2,62,0.03125,0.0002438020936504792
VEGETAB1,count,exact_values,210,563,43,520,0.0763765541740675,0.0021446965425815593
VEGETAB1,count,exact_values,211,12,2,10,0.16666666666666666,4.5712892559464854e-05
VEGETAB1,count,exact_values,212,94,13,81,0.13829787234042554,0.00035808432504914135
VEGETAB1,count,exact_values,213,12,0,12,0.0,4.5712892559464854e-05
VEGETAB1,count,exact_values,214,118,10,108,0.0847457627118644,0.0004495101101680711
VEGETAB1,count,exact_values,215,95,11,84,0.11578947368421053,0.0003618937327624301
VEGETAB1,count,exact_values,216,12,1,11,0.08333333333333333,4.5712892559464854e-05
VEGETAB1,count,exact_values,217,3,1,2,0.3333333333333333,1.1428223139866213e-05
VEGETAB1,count,exact_values,218,7,0,7,0.0,2.6665853993021166e-05
VEGETAB1,count,exact_values,220,80,5,75,0.0625,0.000304752617063099
VEGETAB1,count,exact_values,221,9,0,9,0.0,3.4284669419598644e-05
VEGETAB1,count,exact_values,222,1,1,0,1.0,3.8094077132887377e-06
VEGETAB1,count,exact_values,223,4,0,4,0.0,1.523763085315495e-05
VEGETAB1,count,exact_values,224,1,0,1,0.0,3.8094077132887377e-06
VEGETAB1,count,exact_values,225,20,1,19,0.05,7.618815426577475e-05
VEGETAB1,count,exact_values,227,2,1,1,0.5,7.618815426577475e-06
VEGETAB1,count,exact_values,228,2,0,2,0.0,7.618815426577475e-06
VEGETAB1,count,exact_values,229,1,0,1,0.0,3.8094077132887377e-06
VEGETAB1,count,exact_values,230,32,4,28,0.125,0.0001219010468252396
VEGETAB1,count,exact_values,232,5,0,5,0.0,1.9047038566443688e-05
VEGETAB1,count,exact_values,233,1,0,1,0.0,3.8094077132887377e-06
VEGETAB1,count,exact_values,235,1,0,1,0.0,3.8094077132887377e-06
VEGETAB1,count,exact_values,236,1,0,1,0.0,3.8094077132887377e-06
VEGETAB1,count,exact_values,240,1,0,1,0.0,3.8094077132887377e-06
VEGETAB1,count,exact_values,245,1,0,1,0.0,3.8094077132887377e-06
VEGETAB1,count,exact_values,250,1,0,1,0.0,3.8094077132887377e-06
VEGETAB1,count,exact_values,300,95,9,86,0.09473684210526316,0.0003618937327624301
VEGETAB1,count,exact_values,301,1899,205,1694,0.10795155344918378,0.007234065247535313
VEGETAB1,count,exact_values,302,3401,369,3032,0.10849750073507791,0.012955795632894998
VEGETAB1,count,exact_values,303,3142,327,2815,0.10407383831954169,0.011969159035153214
VEGETAB1,count,exact_values,304,3417,396,3021,0.11589113257243196,0.013016746156307617
VEGETAB1,count,exact_values,305,4574,426,4148,0.09313511149978138,0.017424230880582686
VEGETAB1,count,exact_values,306,2151,244,1907,0.11343561134356113,0.008194035991284074
VEGETAB1,count,exact_values,307,1376,130,1246,0.09447674418604651,0.005241745013485303
VEGETAB1,count,exact_values,308,1868,194,1674,0.10385438972162742,0.007115973608423362
VEGETAB1,count,exact_values,309,215,15,200,0.06976744186046512,0.0008190226583570787
VEGETAB1,count,exact_values,310,8720,790,7930,0.09059633027522936,0.03321803525987779
VEGETAB1,count,exact_values,311,86,8,78,0.09302325581395349,0.00032760906334283144
VEGETAB1,count,exact_values,312,2099,204,1895,0.09718913768461172,0.00799594679019306
VEGETAB1,count,exact_values,313,103,5,98,0.04854368932038835,0.00039236899446874
VEGETAB1,count,exact_values,314,577,45,532,0.0779896013864818,0.0021980282505676017
VEGETAB1,count,exact_values,315,10053,908,9145,0.09032129712523625,0.03829597574169168
VEGETAB1,count,exact_values,316,320,35,285,0.109375,0.001219010468252396
VEGETAB1,count,exact_values,317,141,7,134,0.04964539007092199,0.0005371264875737121
VEGETAB1,count,exact_values,318,329,26,303,0.0790273556231003,0.0012532951376719947
VEGETAB1,count,exact_values,319,27,4,23,0.14814814814814814,0.00010285400825879592
VEGETAB1,count,exact_values,320,13170,1196,11974,0.09081245254365983,0.050169899584012675
VEGETAB1,count,exact_values,321,284,28,256,0.09859154929577464,0.0010818717905740015
VEGETAB1,count,exact_values,322,158,12,146,0.0759493670886076,0.0006018864186996206
VEGETAB1,count,exact_values,323,99,11,88,0.1111111111111111,0.0003771313636155851
VEGETAB1,count,exact_values,324,173,22,151,0.12716763005780346,0.0006590275343989517
VEGETAB1,count,exact_values,325,6058,589,5469,0.09722680752723671,0.023077391927103175
VEGETAB1,count,exact_values,326,133,10,123,0.07518796992481203,0.0005066512258674021
VEGETAB1,count,exact_values,327,134,7,127,0.05223880597014925,0.0005104606335806909
VEGETAB1,count,exact_values,328,761,68,693,0.08935611038107753,0.0028989592698127294
VEGETAB1,count,exact_values,329,124,10,114,0.08064516129032258,0.0004723665564478035
VEGETAB1,count,exact_values,330,12638,1210,11428,0.0957429973097009,0.04814329468054307
VEGETAB1,count,exact_values,331,91,13,78,0.14285714285714285,0.00034665610190927516
VEGETAB1,count,exact_values,332,12,2,10,0.16666666666666666,4.5712892559464854e-05
VEGETAB1,count,exact_values,333,7,1,6,0.14285714285714285,2.6665853993021166e-05
VEGETAB1,count,exact_values,334,4,0,4,0.0,1.523763085315495e-05
VEGETAB1,count,exact_values,335,98,3,95,0.030612244897959183,0.0003733219559022963
VEGETAB1,count,exact_values,336,2,0,2,0.0,7.618815426577475e-06
VEGETAB1,count,exact_values,337,3,1,2,0.3333333333333333,1.1428223139866213e-05
VEGETAB1,count,exact_values,338,6,0,6,0.0,2.2856446279732427e-05
VEGETAB1,count,exact_values,339,2,0,2,0.0,7.618815426577475e-06
VEGETAB1,count,exact_values,340,376,28,348,0.07446808510638298,0.0014323373001965654
VEGETAB1,count,exact_values,342,6,0,6,0.0,2.2856446279732427e-05
VEGETAB1,count,exact_values,343,1,0,1,0.0,3.8094077132887377e-06
VEGETAB1,count,exact_values,344,4,1,3,0.25,1.523763085315495e-05
VEGETAB1,count,exact_values,345,267,20,247,0.0749063670411985,0.001017111859448093
VEGETAB1,count,exact_values,347,1,0,1,0.0,3.8094077132887377e-06
VEGETAB1,count,exact_values,348,4,1,3,0.25,1.523763085315495e-05
VEGETAB1,count,exact_values,350,234,19,215,0.0811965811965812,0.0008914014049095646
VEGETAB1,count,exact_values,352,1,0,1,0.0,3.8094077132887377e-06
VEGETAB1,count,exact_values,353,1,0,1,0.0,3.8094077132887377e-06
VEGETAB1,count,exact_values,355,10,0,10,0.0,3.8094077132887376e-05
VEGETAB1,count,exact_values,356,1,0,1,0.0,3.8094077132887377e-06
VEGETAB1,count,exact_values,357,1,0,1,0.0,3.8094077132887377e-06
VEGETAB1,count,exact_values,360,486,28,458,0.05761316872427984,0.0018513721486583265
VEGETAB1,count,exact_values,361,2,0,2,0.0,7.618815426577475e-06
VEGETAB1,count,exact_values,362,1,0,1,0.0,3.8094077132887377e-06
VEGETAB1,count,exact_values,365,8,0,8,0.0,3.04752617063099e-05
VEGETAB1,count,exact_values,367,1,1,0,1.0,3.8094077132887377e-06
VEGETAB1,count,exact_values,370,17,1,16,0.058823529411764705,6.475993112590855e-05
VEGETAB1,count,exact_values,373,2,0,2,0.0,7.618815426577475e-06
VEGETAB1,count,exact_values,375,30,2,28,0.06666666666666667,0.00011428223139866214
VEGETAB1,count,exact_values,376,1,0,1,0.0,3.8094077132887377e-06
VEGETAB1,count,exact_values,377,1,0,1,0.0,3.8094077132887377e-06
VEGETAB1,count,exact_values,379,1,0,1,0.0,3.8094077132887377e-06
VEGETAB1,count,exact_values,380,11,3,8,0.2727272727272727,4.1903484846176115e-05
VEGETAB1,count,exact_values,384,1,0,1,0.0,3.8094077132887377e-06
VEGETAB1,count,exact_values,385,2,1,1,0.5,7.618815426577475e-06
VEGETAB1,count,exact_values,390,49,6,43,0.12244897959183673,0.00018666097795114815
VEGETAB1,count,exact_values,395,1,0,1,0.0,3.8094077132887377e-06
VEGETAB1,count,exact_values,399,40,4,36,0.1,0.0001523763085315495
VEGETAB1,count,exact_values,555,4354,430,3924,0.09875976113918236,0.016586161183659166
VEGETAB1,count,exact_values,777,3383,448,2935,0.13242684008276678,0.0128872262940558
VEGETAB1,count,exact_values,999,1454,119,1335,0.08184319119669876,0.005538878815121825
VEGETAB1,count,exact_values,<MISSING>,19721,1594,18127,0.08082754424217839,0.0751253295137672
EXERANY2,binary,exact_values,1,176080,13260,162820,0.07530667878237166,0.670760510155881
EXERANY2,binary,exact_values,2,63850,8095,55755,0.12678151918559122,0.24323068249348592
EXERANY2,binary,exact_values,7,365,53,312,0.14520547945205478,0.0013904338153503894
EXERANY2,binary,exact_values,9,1116,72,1044,0.06451612903225806,0.004251299008030231
EXERANY2,binary,exact_values,<MISSING>,21097,1700,19397,0.08058017727639001,0.0803670745272525
EXRACT11,categorical,exact_values,1,106,8,98,0.07547169811320754,0.0004037972176086062
EXRACT11,categorical,exact_values,2,4141,210,3931,0.050712388312001935,0.015774757340728664
EXRACT11,categorical,exact_values,3,13,0,13,0.0,4.952230027275359e-05
EXRACT11,categorical,exact_values,4,22,0,22,0.0,8.380696969235223e-05
EXRACT11,categorical,exact_values,5,1091,13,1078,0.011915673693858845,0.004156063815198013
EXRACT11,categorical,exact_values,6,3931,521,3410,0.13253625031798524,0.01497478172093803
EXRACT11,categorical,exact_values,7,4416,229,4187,0.051856884057971016,0.016822344461883066
EXRACT11,categorical,exact_values,8,93,4,89,0.043010752688172046,0.00035427491733585264
EXRACT11,categorical,exact_values,9,367,32,335,0.08719346049046321,0.0013980526307769668
EXRACT11,categorical,exact_values,10,206,3,203,0.014563106796116505,0.00078473798893748
EXRACT11,categorical,exact_values,11,2792,219,2573,0.07843839541547278,0.010635866335502156
EXRACT11,categorical,exact_values,12,61,3,58,0.04918032786885246,0.00023237387051061302
EXRACT11,categorical,exact_values,13,97,16,81,0.16494845360824742,0.0003695125481890076
EXRACT11,categorical,exact_values,14,1183,61,1122,0.05156382079459002,0.004506529324820577
EXRACT11,categorical,exact_values,15,2834,170,2664,0.05998588567395907,0.010795861459460283
EXRACT11,categorical,exact_values,16,136,13,123,0.09558823529411764,0.0005180794490072684
EXRACT11,categorical,exact_values,17,50,1,49,0.02,0.0001904703856644369
EXRACT11,categorical,exact_values,18,9603,803,8800,0.0836197021764032,0.03658174227071175
EXRACT11,categorical,exact_values,19,2221,264,1957,0.11886537595677622,0.008460694531214287
EXRACT11,categorical,exact_values,20,1021,64,957,0.06268364348677767,0.0038894052752678015
EXRACT11,categorical,exact_values,21,15,1,14,0.06666666666666667,5.714111569933107e-05
EXRACT11,categorical,exact_values,22,1629,30,1599,0.01841620626151013,0.006205525164947354
EXRACT11,categorical,exact_values,23,167,2,165,0.011976047904191617,0.0006361710881192192
EXRACT11,categorical,exact_values,24,283,9,274,0.03180212014134275,0.0010780623828607128
EXRACT11,categorical,exact_values,25,138,6,132,0.043478260869565216,0.0005256982644338458
EXRACT11,categorical,exact_values,26,91,8,83,0.08791208791208792,0.00034665610190927516
EXRACT11,categorical,exact_values,27,14,1,13,0.07142857142857142,5.333170798604233e-05
EXRACT11,categorical,exact_values,28,1659,39,1620,0.023508137432188065,0.006319807396346016
EXRACT11,categorical,exact_values,29,15,0,15,0.0,5.714111569933107e-05
EXRACT11,categorical,exact_values,30,40,1,39,0.025,0.0001523763085315495
EXRACT11,categorical,exact_values,31,703,76,627,0.10810810810810811,0.002678013622441983
EXRACT11,categorical,exact_values,32,16,1,15,0.0625,6.09505234126198e-05
EXRACT11,categorical,exact_values,33,40,4,36,0.1,0.0001523763085315495
EXRACT11,categorical,exact_values,34,347,8,339,0.023054755043227664,0.0013218644765111921
EXRACT11,categorical,exact_values,35,139,6,133,0.04316546762589928,0.0005295076721471345
EXRACT11,categorical,exact_values,36,99,9,90,0.09090909090909091,0.0003771313636155851
EXRACT11,categorical,exact_values,37,11673,143,11530,0.012250492589737,0.044467216237219435
EXRACT11,categorical,exact_values,38,94,1,93,0.010638297872340425,0.00035808432504914135
EXRACT11,categorical,exact_values,39,24,1,23,0.041666666666666664,9.142578511892971e-05
EXRACT11,categorical,exact_values,40,165,9,156,0.05454545454545454,0.0006285522726926418
EXRACT11,categorical,exact_values,41,16,1,15,0.0625,6.09505234126198e-05
EXRACT11,categorical,exact_values,42,14,0,14,0.0,5.333170798604233e-05
EXRACT11,categorical,exact_values,43,93,2,91,0.021505376344086023,0.00035427491733585264
EXRACT11,categorical,exact_values,44,94,1,93,0.010638297872340425,0.00035808432504914135
EXRACT11,categorical,exact_values,45,11,0,11,0.0,4.1903484846176115e-05
EXRACT11,categorical,exact_values,46,17,2,15,0.11764705882352941,6.475993112590855e-05
EXRACT11,categorical,exact_values,47,50,7,43,0.14,0.0001904703856644369
EXRACT11,categorical,exact_values,48,501,41,460,0.08183632734530938,0.0019085132643576576
EXRACT11,categorical,exact_values,49,337,4,333,0.011869436201780416,0.0012837703993783046
EXRACT11,categorical,exact_values,50,66,1,65,0.015151515151515152,0.0002514209090770567
EXRACT11,categorical,exact_values,51,527,6,521,0.011385199240986717,0.002007557864903165
EXRACT11,categorical,exact_values,52,307,7,300,0.02280130293159609,0.0011694881679796426
EXRACT11,categorical,exact_values,53,26,2,24,0.07692307692307693,9.904460054550719e-05
EXRACT11,categorical,exact_values,54,551,49,502,0.08892921960072596,0.0020989836500220948
EXRACT11,categorical,exact_values,55,7,2,5,0.2857142857142857,2.6665853993021166e-05
EXRACT11,categorical,exact_values,56,66,2,64,0.030303030303030304,0.0002514209090770567
EXRACT11,categorical,exact_values,57,1603,120,1483,0.07485963817841547,0.0061064805644018465
EXRACT11,categorical,exact_values,58,952,49,903,0.051470588235294115,0.0036265561430508784
EXRACT11,categorical,exact_values,59,24,2,22,0.08333333333333333,9.142578511892971e-05
EXRACT11,categorical,exact_values,60,166,12,154,0.07228915662650602,0.0006323616804059305
EXRACT11,categorical,exact_values,61,692,44,648,0.06358381502890173,0.002636110137595807
EXRACT11,categorical,exact_values,62,67,0,67,0.0,0.00025523031679034543
EXRACT11,categorical,exact_values,63,246,5,241,0.02032520325203252,0.0009371142974690295
EXRACT11,categorical,exact_values,64,96082,8357,87725,0.08697778980454196,0.3660155119082085
EXRACT11,categorical,exact_values,66,61,4,57,0.06557377049180328,0.00023237387051061302
EXRACT11,categorical,exact_values,67,6558,239,6319,0.03644403781640744,0.024982095783747542
EXRACT11,categorical,exact_values,68,56,0,56,0.0,0.00021332683194416933
EXRACT11,categorical,exact_values,69,1759,64,1695,0.036384309266628764,0.00670074816767489
EXRACT11,categorical,exact_values,71,299,18,281,0.06020066889632107,0.0011390129062733326
EXRACT11,categorical,exact_values,72,637,60,577,0.09419152276295134,0.002426592713364926
EXRACT11,categorical,exact_values,73,1195,138,1057,0.11548117154811716,0.004552242217380042
EXRACT11,categorical,exact_values,74,297,6,291,0.020202020202020204,0.0011313940908467552
EXRACT11,categorical,exact_values,75,112,12,100,0.10714285714285714,0.00042665366388833865
EXRACT11,categorical,exact_values,76,2898,264,2634,0.09109730848861283,0.011039663553110762
EXRACT11,categorical,exact_values,77,455,49,406,0.1076923076923077,0.0017332805095463758
EXRACT11,categorical,exact_values,98,7101,670,6431,0.09435290804112097,0.027050604172063328
EXRACT11,categorical,exact_values,99,255,26,229,0.10196078431372549,0.0009713989668886281
EXRACT11,categorical,exact_values,<MISSING>,86575,9925,76650,0.1146404851285013,0.3297994727779725
EXEROFT1,count,exact_values,101,9896,681,9215,0.06881568310428456,0.03769789873070535
EXEROFT1,count,exact_values,102,20687,1345,19342,0.065016677140233,0.07880521736480411
EXEROFT1,count,exact_values,103,31094,2147,28947,0.06904869106580047,0.11844972343700001
EXEROFT1,count,exact_values,104,15526,831,14695,0.053523122504186525,0.05914486415652095
EXEROFT1,count,exact_values,105,17012,1075,15937,0.06319068892546438,0.06480564401846801
EXEROFT1,count,exact_values,106,5705,406,5299,0.07116564417177915,0.02173267100431225
EXEROFT1,count,exact_values,107,21243,2179,19064,0.10257496587111048,0.08092324805339265
EXEROFT1,count,exact_values,108,101,3,98,0.0297029702970297,0.0003847501790421625
EXEROFT1,count,exact_values,109,32,2,30,0.0625,0.0001219010468252396
EXEROFT1,count,exact_values,110,336,26,310,0.07738095238095238,0.0012799609916650159
EXEROFT1,count,exact_values,111,11,0,11,0.0,4.1903484846176115e-05
EXEROFT1,count,exact_values,112,123,15,108,0.12195121951219512,0.00046855714873451476
EXEROFT1,count,exact_values,113,5,0,5,0.0,1.9047038566443688e-05
EXEROFT1,count,exact_values,114,1099,82,1017,0.0746132848043676,0.004186539076904323
EXEROFT1,count,exact_values,115,95,5,90,0.05263157894736842,0.0003618937327624301
EXEROFT1,count,exact_values,116,15,2,13,0.13333333333333333,5.714111569933107e-05
EXEROFT1,count,exact_values,117,6,0,6,0.0,2.2856446279732427e-05
EXEROFT1,count,exact_values,118,21,1,20,0.047619047619047616,7.999756197906349e-05
EXEROFT1,count,exact_values,120,91,4,87,0.04395604395604396,0.00034665610190927516
EXEROFT1,count,exact_values,121,304,37,267,0.12171052631578948,0.0011580599448397762
EXEROFT1,count,exact_values,124,6,1,5,0.16666666666666666,2.2856446279732427e-05
EXEROFT1,count,exact_values,125,30,3,27,0.1,0.00011428223139866214
EXEROFT1,count,exact_values,127,1,0,1,0.0,3.8094077132887377e-06
EXEROFT1,count,exact_values,128,82,5,77,0.06097560975609756,0.0003123714324896765
EXEROFT1,count,exact_values,130,56,9,47,0.16071428571428573,0.00021332683194416933
EXEROFT1,count,exact_values,131,1,0,1,0.0,3.8094077132887377e-06
EXEROFT1,count,exact_values,132,1,0,1,0.0,3.8094077132887377e-06
EXEROFT1,count,exact_values,134,1,0,1,0.0,3.8094077132887377e-06
EXEROFT1,count,exact_values,135,34,6,28,0.17647058823529413,0.0001295198622518171
EXEROFT1,count,exact_values,138,1,1,0,1.0,3.8094077132887377e-06
EXEROFT1,count,exact_values,140,10,1,9,0.1,3.8094077132887376e-05
EXEROFT1,count,exact_values,142,8,1,7,0.125,3.04752617063099e-05
EXEROFT1,count,exact_values,143,1,0,1,0.0,3.8094077132887377e-06
EXEROFT1,count,exact_values,145,1,0,1,0.0,3.8094077132887377e-06
EXEROFT1,count,exact_values,149,2,0,2,0.0,7.618815426577475e-06
EXEROFT1,count,exact_values,150,17,5,12,0.29411764705882354,6.475993112590855e-05
EXEROFT1,count,exact_values,156,1,0,1,0.0,3.8094077132887377e-06
EXEROFT1,count,exact_values,160,2,1,1,0.5,7.618815426577475e-06
EXEROFT1,count,exact_values,163,1,1,0,1.0,3.8094077132887377e-06
EXEROFT1,count,exact_values,170,4,0,4,0.0,1.523763085315495e-05
EXEROFT1,count,exact_values,173,1,0,1,0.0,3.8094077132887377e-06
EXEROFT1,count,exact_values,174,1,0,1,0.0,3.8094077132887377e-06
EXEROFT1,count,exact_values,175,6,0,6,0.0,2.2856446279732427e-05
EXEROFT1,count,exact_values,179,1,0,1,0.0,3.8094077132887377e-06
EXEROFT1,count,exact_values,180,1,0,1,0.0,3.8094077132887377e-06
EXEROFT1,count,exact_values,184,1,0,1,0.0,3.8094077132887377e-06
EXEROFT1,count,exact_values,199,13,0,13,0.0,4.952230027275359e-05
EXEROFT1,count,exact_values,201,1342,90,1252,0.06706408345752608,0.005112225151233486
EXEROFT1,count,exact_values,202,3036,215,2821,0.07081686429512517,0.011565361817544608
EXEROFT1,count,exact_values,203,2809,224,2585,0.0797436810252759,0.010700626266628065
EXEROFT1,count,exact_values,204,3302,257,3045,0.07783161720169594,0.012578664269279413
EXEROFT1,count,exact_values,205,2785,176,2609,0.06319569120287254,0.010609200481509136
EXEROFT1,count,exact_values,206,1629,128,1501,0.07857581338244321,0.006205525164947354
EXEROFT1,count,exact_values,207,907,78,829,0.08599779492833518,0.0034551327959528853
EXEROFT1,count,exact_values,208,1890,128,1762,0.06772486772486773,0.007199780578115714
EXEROFT1,count,exact_values,209,229,17,212,0.07423580786026202,0.000872354366343121
EXEROFT1,count,exact_values,210,3519,287,3232,0.08155726058539357,0.013405305743063069
EXEROFT1,count,exact_values,211,39,3,36,0.07692307692307693,0.00014856690081826076
EXEROFT1,count,exact_values,212,2176,193,1983,0.08869485294117647,0.008289271184116294
EXEROFT1,count,exact_values,213,66,4,62,0.06060606060606061,0.0002514209090770567
EXEROFT1,count,exact_values,214,495,56,439,0.11313131313131314,0.0018856568180779252
EXEROFT1,count,exact_values,215,4391,336,4055,0.07652015486221818,0.016727109269050848
EXEROFT1,count,exact_values,216,484,37,447,0.07644628099173553,0.0018437533332317491
EXEROFT1,count,exact_values,217,81,4,77,0.04938271604938271,0.0003085620247763878
EXEROFT1,count,exact_values,218,223,21,202,0.09417040358744394,0.0008494979200633886
EXEROFT1,count,exact_values,219,16,0,16,0.0,6.09505234126198e-05
EXEROFT1,count,exact_values,220,5486,451,5035,0.08220925993437841,0.020898410715102015
EXEROFT1,count,exact_values,221,194,15,179,0.07731958762886598,0.0007390250963780152
EXEROFT1,count,exact_values,222,180,10,170,0.05555555555555555,0.0006856933883919728
EXEROFT1,count,exact_values,223,81,5,76,0.06172839506172839,0.0003085620247763878
EXEROFT1,count,exact_values,224,249,22,227,0.08835341365461848,0.0009485425206088958
EXEROFT1,count,exact_values,225,2638,236,2402,0.08946171341925702,0.01004921754765569
EXEROFT1,count,exact_values,226,210,23,187,0.10952380952380952,0.0007999756197906349
EXEROFT1,count,exact_values,227,164,16,148,0.0975609756097561,0.000624742864979353
EXEROFT1,count,exact_values,228,589,47,542,0.07979626485568761,0.0022437411431270667
EXEROFT1,count,exact_values,229,118,7,111,0.059322033898305086,0.0004495101101680711
EXEROFT1,count,exact_values,230,9262,883,8379,0.09533578060893975,0.03528273424048029
EXEROFT1,count,exact_values,231,145,21,124,0.14482758620689656,0.000552364118426867
EXEROFT1,count,exact_values,232,4,0,4,0.0,1.523763085315495e-05
EXEROFT1,count,exact_values,233,1,0,1,0.0,3.8094077132887377e-06
EXEROFT1,count,exact_values,234,5,2,3,0.4,1.9047038566443688e-05
EXEROFT1,count,exact_values,235,35,5,30,0.14285714285714285,0.00013332926996510584
EXEROFT1,count,exact_values,236,3,0,3,0.0,1.1428223139866213e-05
EXEROFT1,count,exact_values,238,2,0,2,0.0,7.618815426577475e-06
EXEROFT1,count,exact_values,239,1,1,0,1.0,3.8094077132887377e-06
EXEROFT1,count,exact_values,240,103,7,96,0.06796116504854369,0.00039236899446874
EXEROFT1,count,exact_values,242,1,0,1,0.0,3.8094077132887377e-06
EXEROFT1,count,exact_values,244,2,0,2,0.0,7.618815426577475e-06
EXEROFT1,count,exact_values,245,53,1,52,0.018867924528301886,0.0002018986088043031
EXEROFT1,count,exact_values,248,1,0,1,0.0,3.8094077132887377e-06
EXEROFT1,count,exact_values,250,119,15,104,0.12605042016806722,0.0004533195178813598
EXEROFT1,count,exact_values,256,1,0,1,0.0,3.8094077132887377e-06
EXEROFT1,count,exact_values,258,1,0,1,0.0,3.8094077132887377e-06
EXEROFT1,count,exact_values,260,322,29,293,0.09006211180124224,0.0012266292836789737
EXEROFT1,count,exact_values,262,4,0,4,0.0,1.523763085315495e-05
EXEROFT1,count,exact_values,265,1,0,1,0.0,3.8094077132887377e-06
EXEROFT1,count,exact_values,266,2,0,2,0.0,7.618815426577475e-06
EXEROFT1,count,exact_values,270,6,2,4,0.3333333333333333,2.2856446279732427e-05
EXEROFT1,count,exact_values,275,25,4,21,0.16,9.523519283221845e-05
EXEROFT1,count,exact_values,276,5,0,5,0.0,1.9047038566443688e-05
EXEROFT1,count,exact_values,280,3,0,3,0.0,1.1428223139866213e-05
EXEROFT1,count,exact_values,281,1,0,1,0.0,3.8094077132887377e-06
EXEROFT1,count,exact_values,290,44,5,39,0.11363636363636363,0.00016761393938470446
EXEROFT1,count,exact_values,292,1,0,1,0.0,3.8094077132887377e-06
EXEROFT1,count,exact_values,296,1,0,1,0.0,3.8094077132887377e-06
EXEROFT1,count,exact_values,298,1,1,0,1.0,3.8094077132887377e-06
EXEROFT1,count,exact_values,299,16,1,15,0.0625,6.09505234126198e-05
EXEROFT1,count,exact_values,777,1358,174,1184,0.12812960235640647,0.005173175674646106
EXEROFT1,count,exact_values,999,343,38,305,0.11078717201166181,0.001306626845658037
EXEROFT1,count,exact_values,<MISSING>,87622,10030,77592,0.11446896898039305,0.33378792265378576
EXERHMM1,count,exact_values,1,528,28,500,0.05303030303030303,0.0020113672726164537
EXERHMM1,count,exact_values,2,305,33,272,0.10819672131147541,0.0011618693525530651
EXERHMM1,count,exact_values,3,209,19,190,0.09090909090909091,0.0007961662120773462
EXERHMM1,count,exact_values,4,155,20,135,0.12903225806451613,0.0005904581955597543
EXERHMM1,count,exact_values,5,671,128,543,0.19076005961251863,0.002556112575616743
EXERHMM1,count,exact_values,6,88,14,74,0.1590909090909091,0.0003352278787694089
EXERHMM1,count,exact_values,7,75,8,67,0.10666666666666667,0.00028570557849665534
EXERHMM1,count,exact_values,8,98,11,87,0.11224489795918367,0.0003733219559022963
EXERHMM1,count,exact_values,9,16,1,15,0.0625,6.09505234126198e-05
EXERHMM1,count,exact_values,10,3121,496,2625,0.15892342198013457,0.011889161473174151
EXERHMM1,count,exact_values,11,17,3,14,0.17647058823529413,6.475993112590855e-05
EXERHMM1,count,exact_values,12,141,23,118,0.16312056737588654,0.0005371264875737121
EXERHMM1,count,exact_values,13,20,1,19,0.05,7.618815426577475e-05
EXERHMM1,count,exact_values,14,23,2,21,0.08695652173913043,8.761637740564097e-05
EXERHMM1,count,exact_values,15,7044,904,6140,0.12833617262918795,0.02683346793240587
EXERHMM1,count,exact_values,16,28,3,25,0.10714285714285714,0.00010666341597208466
EXERHMM1,count,exact_values,17,43,3,40,0.06976744186046512,0.00016380453167141572
EXERHMM1,count,exact_values,18,39,4,35,0.10256410256410256,0.00014856690081826076
EXERHMM1,count,exact_values,19,6,0,6,0.0,2.2856446279732427e-05
EXERHMM1,count,exact_values,20,12521,1175,11346,0.09384234486063414,0.04769759397808829
EXERHMM1,count,exact_values,21,14,1,13,0.07142857142857142,5.333170798604233e-05
EXERHMM1,count,exact_values,22,68,6,62,0.08823529411764706,0.0002590397245036342
EXERHMM1,count,exact_values,23,22,3,19,0.13636363636363635,8.380696969235223e-05
EXERHMM1,count,exact_values,24,29,5,24,0.1724137931034483,0.0001104728236853734
EXERHMM1,count,exact_values,25,2479,180,2299,0.07260992335619201,0.00944352172124278
EXERHMM1,count,exact_values,26,14,2,12,0.14285714285714285,5.333170798604233e-05
EXERHMM1,count,exact_values,27,14,1,13,0.07142857142857142,5.333170798604233e-05
EXERHMM1,count,exact_values,28,16,0,16,0.0,6.09505234126198e-05
EXERHMM1,count,exact_values,29,2,0,2,0.0,7.618815426577475e-06
EXERHMM1,count,exact_values,30,43339,3287,40052,0.07584392810170977,0.1650959208862206
EXERHMM1,count,exact_values,31,8,1,7,0.125,3.04752617063099e-05
EXERHMM1,count,exact_values,32,31,6,25,0.1935483870967742,0.00011809163911195088
EXERHMM1,count,exact_values,33,17,0,17,0.0,6.475993112590855e-05
EXERHMM1,count,exact_values,34,7,1,6,0.14285714285714285,2.6665853993021166e-05
EXERHMM1,count,exact_values,35,1869,137,1732,0.07330123060460139,0.007119783016136651
EXERHMM1,count,exact_values,36,19,0,19,0.0,7.237874655248601e-05
EXERHMM1,count,exact_values,37,26,3,23,0.11538461538461539,9.904460054550719e-05
EXERHMM1,count,exact_values,38,33,4,29,0.12121212121212122,0.00012571045453852836
EXERHMM1,count,exact_values,39,1,0,1,0.0,3.8094077132887377e-06
EXERHMM1,count,exact_values,40,5527,335,5192,0.060611543332730236,0.021054596431346856
EXERHMM1,count,exact_values,42,14,0,14,0.0,5.333170798604233e-05
EXERHMM1,count,exact_values,43,9,1,8,0.1111111111111111,3.4284669419598644e-05
EXERHMM1,count,exact_values,44,2,0,2,0.0,7.618815426577475e-06
EXERHMM1,count,exact_values,45,16949,1022,15927,0.060298542686884185,0.06456565133253082
EXERHMM1,count,exact_values,46,11,0,11,0.0,4.1903484846176115e-05
EXERHMM1,count,exact_values,47,16,2,14,0.125,6.09505234126198e-05
EXERHMM1,count,exact_values,48,14,0,14,0.0,5.333170798604233e-05
EXERHMM1,count,exact_values,49,2,0,2,0.0,7.618815426577475e-06
EXERHMM1,count,exact_values,50,1180,64,1116,0.05423728813559322,0.00449510110168071
EXERHMM1,count,exact_values,51,2,0,2,0.0,7.618815426577475e-06
EXERHMM1,count,exact_values,52,14,0,14,0.0,5.333170798604233e-05
EXERHMM1,count,exact_values,53,5,0,5,0.0,1.9047038566443688e-05
EXERHMM1,count,exact_values,54,3,0,3,0.0,1.1428223139866213e-05
EXERHMM1,count,exact_values,55,156,12,144,0.07692307692307693,0.0005942676032730431
EXERHMM1,count,exact_values,56,3,1,2,0.3333333333333333,1.1428223139866213e-05
EXERHMM1,count,exact_values,57,1,0,1,0.0,3.8094077132887377e-06
EXERHMM1,count,exact_values,58,2,0,2,0.0,7.618815426577475e-06
EXERHMM1,count,exact_values,59,39,5,34,0.1282051282051282,0.00014856690081826076
EXERHMM1,count,exact_values,100,38682,2321,36361,0.06000206814539062,0.14735550916543497
EXERHMM1,count,exact_values,101,40,2,38,0.05,0.0001523763085315495
EXERHMM1,count,exact_values,102,9,1,8,0.1111111111111111,3.4284669419598644e-05
EXERHMM1,count,exact_values,103,11,1,10,0.09090909090909091,4.1903484846176115e-05
EXERHMM1,count,exact_values,104,3,0,3,0.0,1.1428223139866213e-05
EXERHMM1,count,exact_values,105,44,3,41,0.06818181818181818,0.00016761393938470446
EXERHMM1,count,exact_values,106,2,0,2,0.0,7.618815426577475e-06
EXERHMM1,count,exact_values,107,7,1,6,0.14285714285714285,2.6665853993021166e-05
EXERHMM1,count,exact_values,108,5,0,5,0.0,1.9047038566443688e-05
EXERHMM1,count,exact_values,109,1,0,1,0.0,3.8094077132887377e-06
EXERHMM1,count,exact_values,110,203,9,194,0.04433497536945813,0.0007733097657976138
EXERHMM1,count,exact_values,112,7,0,7,0.0,2.6665853993021166e-05
EXERHMM1,count,exact_values,113,2,0,2,0.0,7.618815426577475e-06
EXERHMM1,count,exact_values,115,837,52,785,0.06212664277180406,0.0031884742560226737
EXERHMM1,count,exact_values,116,1,0,1,0.0,3.8094077132887377e-06
EXERHMM1,count,exact_values,117,1,0,1,0.0,3.8094077132887377e-06
EXERHMM1,count,exact_values,118,2,0,2,0.0,7.618815426577475e-06
EXERHMM1,count,exact_values,119,1,0,1,0.0,3.8094077132887377e-06
EXERHMM1,count,exact_values,120,380,35,345,0.09210526315789473,0.0014475749310497205
EXERHMM1,count,exact_values,122,4,0,4,0.0,1.523763085315495e-05
EXERHMM1,count,exact_values,123,3,0,3,0.0,1.1428223139866213e-05
EXERHMM1,count,exact_values,125,41,2,39,0.04878048780487805,0.00015618571624483824
EXERHMM1,count,exact_values,130,7727,459,7268,0.05940209654458393,0.02943529340058208
EXERHMM1,count,exact_values,133,1,0,1,0.0,3.8094077132887377e-06
EXERHMM1,count,exact_values,135,8,1,7,0.125,3.04752617063099e-05
EXERHMM1,count,exact_values,136,1,0,1,0.0,3.8094077132887377e-06
EXERHMM1,count,exact_values,137,1,0,1,0.0,3.8094077132887377e-06
EXERHMM1,count,exact_values,139,4,0,4,0.0,1.523763085315495e-05
EXERHMM1,count,exact_values,140,36,3,33,0.08333333333333333,0.00013713867767839458
EXERHMM1,count,exact_values,145,158,14,144,0.08860759493670886,0.0006018864186996206
EXERHMM1,count,exact_values,150,138,11,127,0.07971014492753623,0.0005256982644338458
EXERHMM1,count,exact_values,153,2,0,2,0.0,7.618815426577475e-06
EXERHMM1,count,exact_values,155,1,0,1,0.0,3.8094077132887377e-06
EXERHMM1,count,exact_values,159,39,5,34,0.1282051282051282,0.00014856690081826076
EXERHMM1,count,exact_values,200,11729,697,11032,0.05942535595532441,0.04468054306916361
EXERHMM1,count,exact_values,202,12,1,11,0.08333333333333333,4.5712892559464854e-05
EXERHMM1,count,exact_values,203,5,1,4,0.2,1.9047038566443688e-05
EXERHMM1,count,exact_values,205,6,0,6,0.0,2.2856446279732427e-05
EXERHMM1,count,exact_values,208,1,0,1,0.0,3.8094077132887377e-06
EXERHMM1,count,exact_values,210,5,0,5,0.0,1.9047038566443688e-05
EXERHMM1,count,exact_values,214,1,0,1,0.0,3.8094077132887377e-06
EXERHMM1,count,exact_values,215,21,4,17,0.19047619047619047,7.999756197906349e-05
EXERHMM1,count,exact_values,218,1,0,1,0.0,3.8094077132887377e-06
EXERHMM1,count,exact_values,220,8,2,6,0.25,3.04752617063099e-05
EXERHMM1,count,exact_values,222,1,0,1,0.0,3.8094077132887377e-06
EXERHMM1,count,exact_values,225,3,0,3,0.0,1.1428223139866213e-05
EXERHMM1,count,exact_values,230,1306,103,1203,0.07886676875957122,0.004975086473555092
EXERHMM1,count,exact_values,240,4,0,4,0.0,1.523763085315495e-05
EXERHMM1,count,exact_values,245,4,0,4,0.0,1.523763085315495e-05
EXERHMM1,count,exact_values,250,25,1,24,0.04,9.523519283221845e-05
EXERHMM1,count,exact_values,259,9,1,8,0.1111111111111111,3.4284669419598644e-05
EXERHMM1,count,exact_values,300,4819,370,4449,0.07677941481635193,0.018357535770338426
EXERHMM1,count,exact_values,301,1,0,1,0.0,3.8094077132887377e-06
EXERHMM1,count,exact_values,302,7,0,7,0.0,2.6665853993021166e-05
EXERHMM1,count,exact_values,303,13,1,12,0.07692307692307693,4.952230027275359e-05
EXERHMM1,count,exact_values,305,1,0,1,0.0,3.8094077132887377e-06
EXERHMM1,count,exact_values,309,1,0,1,0.0,3.8094077132887377e-06
EXERHMM1,count,exact_values,315,2,0,2,0.0,7.618815426577475e-06
EXERHMM1,count,exact_values,320,3,0,3,0.0,1.1428223139866213e-05
EXERHMM1,count,exact_values,330,244,24,220,0.09836065573770492,0.0009294954820424521
EXERHMM1,count,exact_values,335,1,0,1,0.0,3.8094077132887377e-06
EXERHMM1,count,exact_values,340,3,0,3,0.0,1.1428223139866213e-05
EXERHMM1,count,exact_values,345,6,1,5,0.16666666666666666,2.2856446279732427e-05
EXERHMM1,count,exact_values,350,11,1,10,0.09090909090909091,4.1903484846176115e-05
EXERHMM1,count,exact_values,359,5,1,4,0.2,1.9047038566443688e-05
EXERHMM1,count,exact_values,400,3677,299,3378,0.0813162904541746,0.01400719216176269
EXERHMM1,count,exact_values,404,7,0,7,0.0,2.6665853993021166e-05
EXERHMM1,count,exact_values,405,1,0,1,0.0,3.8094077132887377e-06
EXERHMM1,count,exact_values,409,1,0,1,0.0,3.8094077132887377e-06
EXERHMM1,count,exact_values,410,3,1,2,0.3333333333333333,1.1428223139866213e-05
EXERHMM1,count,exact_values,414,1,0,1,0.0,3.8094077132887377e-06
EXERHMM1,count,exact_values,415,7,2,5,0.2857142857142857,2.6665853993021166e-05
EXERHMM1,count,exact_values,420,3,1,2,0.3333333333333333,1.1428223139866213e-05
EXERHMM1,count,exact_values,430,320,40,280,0.125,0.001219010468252396
EXERHMM1,count,exact_values,440,1,0,1,0.0,3.8094077132887377e-06
EXERHMM1,count,exact_values,445,1,0,1,0.0,3.8094077132887377e-06
EXERHMM1,count,exact_values,450,8,1,7,0.125,3.04752617063099e-05
EXERHMM1,count,exact_values,453,2,0,2,0.0,7.618815426577475e-06
EXERHMM1,count,exact_values,458,1,0,1,0.0,3.8094077132887377e-06
EXERHMM1,count,exact_values,459,3,0,3,0.0,1.1428223139866213e-05
EXERHMM1,count,exact_values,500,1337,113,1224,0.08451757666417352,0.005093178112667043
EXERHMM1,count,exact_values,502,1,0,1,0.0,3.8094077132887377e-06
EXERHMM1,count,exact_values,505,4,0,4,0.0,1.523763085315495e-05
EXERHMM1,count,exact_values,509,1,0,1,0.0,3.8094077132887377e-06
EXERHMM1,count,exact_values,515,1,0,1,0.0,3.8094077132887377e-06
EXERHMM1,count,exact_values,530,19,1,18,0.05263157894736842,7.237874655248601e-05
EXERHMM1,count,exact_values,545,2,1,1,0.5,7.618815426577475e-06
EXERHMM1,count,exact_values,559,1,0,1,0.0,3.8094077132887377e-06
EXERHMM1,count,exact_values,600,932,63,869,0.06759656652360516,0.0035503679887851037
EXERHMM1,count,exact_values,605,1,0,1,0.0,3.8094077132887377e-06
EXERHMM1,count,exact_values,606,3,1,2,0.3333333333333333,1.1428223139866213e-05
EXERHMM1,count,exact_values,630,15,2,13,0.13333333333333333,5.714111569933107e-05
EXERHMM1,count,exact_values,659,20,1,19,0.05,7.618815426577475e-05
EXERHMM1,count,exact_values,700,180,14,166,0.07777777777777778,0.0006856933883919728
EXERHMM1,count,exact_values,707,1,0,1,0.0,3.8094077132887377e-06
EXERHMM1,count,exact_values,710,1,1,0,1.0,3.8094077132887377e-06
EXERHMM1,count,exact_values,720,1,0,1,0.0,3.8094077132887377e-06
EXERHMM1,count,exact_values,730,5,1,4,0.2,1.9047038566443688e-05
EXERHMM1,count,exact_values,745,1,0,1,0.0,3.8094077132887377e-06
EXERHMM1,count,exact_values,777,3281,409,2872,0.12465711673270344,0.012498666707300349
EXERHMM1,count,exact_values,800,540,42,498,0.07777777777777778,0.0020570801651759183
EXERHMM1,count,exact_values,801,1,0,1,0.0,3.8094077132887377e-06
EXERHMM1,count,exact_values,802,1,0,1,0.0,3.8094077132887377e-06
EXERHMM1,count,exact_values,808,2,0,2,0.0,7.618815426577475e-06
EXERHMM1,count,exact_values,830,4,0,4,0.0,1.523763085315495e-05
EXERHMM1,count,exact_values,859,1,0,1,0.0,3.8094077132887377e-06
EXERHMM1,count,exact_values,900,137,16,121,0.11678832116788321,0.0005218888567205571
EXERHMM1,count,exact_values,901,4,0,4,0.0,1.523763085315495e-05
EXERHMM1,count,exact_values,902,3,1,2,0.3333333333333333,1.1428223139866213e-05
EXERHMM1,count,exact_values,903,2,0,2,0.0,7.618815426577475e-06
EXERHMM1,count,exact_values,909,1,0,1,0.0,3.8094077132887377e-06
EXERHMM1,count,exact_values,910,1,0,1,0.0,3.8094077132887377e-06
EXERHMM1,count,exact_values,915,3,0,3,0.0,1.1428223139866213e-05
EXERHMM1,count,exact_values,920,10,2,8,0.2,3.8094077132887376e-05
EXERHMM1,count,exact_values,925,2,0,2,0.0,7.618815426577475e-06
EXERHMM1,count,exact_values,930,13,3,10,0.23076923076923078,4.952230027275359e-05
EXERHMM1,count,exact_values,935,1,0,1,0.0,3.8094077132887377e-06
EXERHMM1,count,exact_values,940,1,0,1,0.0,3.8094077132887377e-06
EXERHMM1,count,exact_values,945,6,2,4,0.3333333333333333,2.2856446279732427e-05
EXERHMM1,count,exact_values,948,1,0,1,0.0,3.8094077132887377e-06
EXERHMM1,count,exact_values,955,1,0,1,0.0,3.8094077132887377e-06
EXERHMM1,count,exact_values,956,1,0,1,0.0,3.8094077132887377e-06
EXERHMM1,count,exact_values,959,70,6,64,0.08571428571428572,0.00026665853993021167
EXERHMM1,count,exact_values,999,259,29,230,0.11196911196911197,0.000986636597741783
EXERHMM1,count,exact_values,<MISSING>,87835,10045,77790,0.11436215631581943,0.3345993264967163
EXRACT21,categorical,exact_values,1,132,7,125,0.05303030303030303,0.0005028418181541134
EXRACT21,categorical,exact_values,2,2796,134,2662,0.04792560801144492,0.01065110396635531
EXRACT21,categorical,exact_values,3,14,1,13,0.07142857142857142,5.333170798604233e-05
EXRACT21,categorical,exact_values,4,44,2,42,0.045454545454545456,0.00016761393938470446
EXRACT21,categorical,exact_values,5,1163,20,1143,0.017196904557179708,0.004430341170554802
EXRACT21,categorical,exact_values,6,3535,361,3174,0.10212164073550212,0.013466256266475688
EXRACT21,categorical,exact_values,7,4786,228,4558,0.04763894692854158,0.0182318253157999
EXRACT21,categorical,exact_values,8,229,8,221,0.034934497816593885,0.000872354366343121
EXRACT21,categorical,exact_values,9,531,50,481,0.09416195856873823,0.0020227954957563197
EXRACT21,categorical,exact_values,10,172,2,170,0.011627906976744186,0.0006552181266856629
EXRACT21,categorical,exact_values,11,3267,218,3049,0.06672788490970309,0.012445334999314307
EXRACT21,categorical,exact_values,12,94,1,93,0.010638297872340425,0.00035808432504914135
EXRACT21,categorical,exact_values,13,245,29,216,0.11836734693877551,0.0009333048897557408
EXRACT21,categorical,exact_values,14,1498,78,1420,0.0520694259012016,0.005706492754506529
EXRACT21,categorical,exact_values,15,2021,107,1914,0.05294408708560119,0.007698812988556539
EXRACT21,categorical,exact_values,16,415,59,356,0.14216867469879518,0.0015809042010148263
EXRACT21,categorical,exact_values,17,71,3,68,0.04225352112676056,0.0002704679476435004
EXRACT21,categorical,exact_values,18,8095,582,7513,0.07189623224212477,0.030837155439072332
EXRACT21,categorical,exact_values,19,1613,156,1457,0.09671419714817112,0.006144574641534734
EXRACT21,categorical,exact_values,20,976,63,913,0.06454918032786885,0.0037179819281698083
EXRACT21,categorical,exact_values,21,16,1,15,0.0625,6.09505234126198e-05
EXRACT21,categorical,exact_values,22,1620,40,1580,0.024691358024691357,0.006171240495527756
EXRACT21,categorical,exact_values,23,92,1,91,0.010869565217391304,0.0003504655096225639
EXRACT21,categorical,exact_values,24,371,18,353,0.04851752021563342,0.0014132902616301219
EXRACT21,categorical,exact_values,25,157,20,137,0.12738853503184713,0.0005980770109863319
EXRACT21,categorical,exact_values,26,123,16,107,0.13008130081300814,0.00046855714873451476
EXRACT21,categorical,exact_values,27,9,1,8,0.1111111111111111,3.4284669419598644e-05
EXRACT21,categorical,exact_values,28,1115,25,1090,0.02242152466367713,0.004247489600316943
EXRACT21,categorical,exact_values,29,10,0,10,0.0,3.8094077132887376e-05
EXRACT21,categorical,exact_values,30,45,4,41,0.08888888888888889,0.0001714233470979932
EXRACT21,categorical,exact_values,31,1434,178,1256,0.12412831241283125,0.0054626906608560505
EXRACT21,categorical,exact_values,32,16,0,16,0.0,6.09505234126198e-05
EXRACT21,categorical,exact_values,33,116,11,105,0.09482758620689655,0.0004418912947414936
EXRACT21,categorical,exact_values,34,540,17,523,0.03148148148148148,0.0020570801651759183
EXRACT21,categorical,exact_values,35,103,2,101,0.019417475728155338,0.00039236899446874
EXRACT21,categorical,exact_values,36,183,16,167,0.08743169398907104,0.000697121611531839
EXRACT21,categorical,exact_values,37,5318,69,5249,0.012974802557352389,0.02025843021926951
EXRACT21,categorical,exact_values,38,87,2,85,0.022988505747126436,0.0003314184710561202
EXRACT21,categorical,exact_values,39,62,3,59,0.04838709677419355,0.00023618327822390176
EXRACT21,categorical,exact_values,40,228,21,207,0.09210526315789473,0.0008685449586298323
EXRACT21,categorical,exact_values,41,14,2,12,0.14285714285714285,5.333170798604233e-05
EXRACT21,categorical,exact_values,42,12,1,11,0.08333333333333333,4.5712892559464854e-05
EXRACT21,categorical,exact_values,43,62,0,62,0.0,0.00023618327822390176
EXRACT21,categorical,exact_values,44,99,3,96,0.030303030303030304,0.0003771313636155851
EXRACT21,categorical,exact_values,45,27,0,27,0.0,0.00010285400825879592
EXRACT21,categorical,exact_values,46,10,0,10,0.0,3.8094077132887376e-05
EXRACT21,categorical,exact_values,47,85,10,75,0.11764705882352941,0.00032379965562954273
EXRACT21,categorical,exact_values,48,998,81,917,0.0811623246492986,0.0038017888978621604
EXRACT21,categorical,exact_values,49,359,16,343,0.04456824512534819,0.0013675773690706569
EXRACT21,categorical,exact_values,50,99,0,99,0.0,0.0003771313636155851
EXRACT21,categorical,exact_values,51,478,9,469,0.01882845188284519,0.0018208968869520166
EXRACT21,categorical,exact_values,52,356,8,348,0.02247191011235955,0.0013561491459307907
EXRACT21,categorical,exact_values,53,30,2,28,0.06666666666666667,0.00011428223139866214
EXRACT21,categorical,exact_values,54,1840,154,1686,0.08369565217391305,0.0070093101924512775
EXRACT21,categorical,exact_values,55,14,2,12,0.14285714285714285,5.333170798604233e-05
EXRACT21,categorical,exact_values,56,73,1,72,0.0136986301369863,0.00027808676307007786
EXRACT21,categorical,exact_values,57,2649,146,2503,0.05511513778784447,0.010091121032501867
EXRACT21,categorical,exact_values,58,950,33,917,0.034736842105263156,0.003618937327624301
EXRACT21,categorical,exact_values,59,40,2,38,0.05,0.0001523763085315495
EXRACT21,categorical,exact_values,60,209,15,194,0.07177033492822966,0.0007961662120773462
EXRACT21,categorical,exact_values,61,612,20,592,0.032679738562091505,0.0023313575205327077
EXRACT21,categorical,exact_values,62,60,1,59,0.016666666666666666,0.00022856446279732428
EXRACT21,categorical,exact_values,63,302,9,293,0.029801324503311258,0.0011504411294131988
EXRACT21,categorical,exact_values,64,24236,1625,22611,0.06704901798976728,0.09232480533926585
EXRACT21,categorical,exact_values,66,42,2,40,0.047619047619047616,0.00015999512395812698
EXRACT21,categorical,exact_values,67,10867,493,10374,0.045366706542744085,0.041396833620308715
EXRACT21,categorical,exact_values,68,66,3,63,0.045454545454545456,0.0002514209090770567
EXRACT21,categorical,exact_values,69,3021,93,2928,0.030784508440913606,0.011508220701845278
EXRACT21,categorical,exact_values,71,1443,56,1387,0.038808038808038806,0.005496975330275649
EXRACT21,categorical,exact_values,72,1037,108,929,0.10414657666345227,0.003950355798680421
EXRACT21,categorical,exact_values,73,8593,903,7690,0.10508553473757709,0.032734240480290125
EXRACT21,categorical,exact_values,74,182,4,178,0.02197802197802198,0.0006933122038185503
EXRACT21,categorical,exact_values,75,175,18,157,0.10285714285714286,0.0006666463498255291
EXRACT21,categorical,exact_values,76,6076,668,5408,0.10994075049374588,0.023145961265942372
EXRACT21,categorical,exact_values,77,1679,148,1531,0.08814770696843359,0.006395995550611791
EXRACT21,categorical,exact_values,88,54700,5077,49623,0.09281535648994516,0.20837460191689397
EXRACT21,categorical,exact_values,98,9062,799,8263,0.08817038181416906,0.03452085269782254
EXRACT21,categorical,exact_values,99,544,49,495,0.0900735294117647,0.0020723177960290736
EXRACT21,categorical,exact_values,<MISSING>,88065,10065,78000,0.1142905808209845,0.3354754902707727
EXEROFT2,count,exact_values,101,14871,826,14045,0.05554434805998252,0.05664970210431682
EXEROFT2,count,exact_values,102,20551,1048,19503,0.05099508539730427,0.07828713791579685
EXEROFT2,count,exact_values,103,17056,1059,15997,0.06208958724202627,0.0649732579578527
EXEROFT2,count,exact_values,104,6129,381,5748,0.06216348507097406,0.023347859874746673
EXEROFT2,count,exact_values,105,6131,383,5748,0.06246941771326048,0.02335547869017325
EXEROFT2,count,exact_values,106,1767,133,1634,0.07526881720430108,0.0067312234293812
EXEROFT2,count,exact_values,107,9670,912,8758,0.09431230610134436,0.0368369725875021
EXEROFT2,count,exact_values,108,43,1,42,0.023255813953488372,0.00016380453167141572
EXEROFT2,count,exact_values,109,4,0,4,0.0,1.523763085315495e-05
EXEROFT2,count,exact_values,110,138,13,125,0.09420289855072464,0.0005256982644338458
EXEROFT2,count,exact_values,111,2,1,1,0.5,7.618815426577475e-06
EXEROFT2,count,exact_values,112,35,1,34,0.02857142857142857,0.00013332926996510584
EXEROFT2,count,exact_values,113,1,0,1,0.0,3.8094077132887377e-06
EXEROFT2,count,exact_values,114,324,35,289,0.10802469135802469,0.001234248099105551
EXEROFT2,count,exact_values,115,41,3,38,0.07317073170731707,0.00015618571624483824
EXEROFT2,count,exact_values,116,4,0,4,0.0,1.523763085315495e-05
EXEROFT2,count,exact_values,117,1,0,1,0.0,3.8094077132887377e-06
EXEROFT2,count,exact_values,118,4,0,4,0.0,1.523763085315495e-05
EXEROFT2,count,exact_values,120,69,7,62,0.10144927536231885,0.0002628491322169229
EXEROFT2,count,exact_values,121,106,14,92,0.1320754716981132,0.0004037972176086062
EXEROFT2,count,exact_values,123,1,0,1,0.0,3.8094077132887377e-06
EXEROFT2,count,exact_values,124,2,0,2,0.0,7.618815426577475e-06
EXEROFT2,count,exact_values,125,23,3,20,0.13043478260869565,8.761637740564097e-05
EXEROFT2,count,exact_values,126,1,0,1,0.0,3.8094077132887377e-06
EXEROFT2,count,exact_values,127,1,0,1,0.0,3.8094077132887377e-06
EXEROFT2,count,exact_values,128,47,3,44,0.06382978723404255,0.00017904216252457068
EXEROFT2,count,exact_values,130,49,2,47,0.04081632653061224,0.00018666097795114815
EXEROFT2,count,exact_values,132,2,1,1,0.5,7.618815426577475e-06
EXEROFT2,count,exact_values,135,43,6,37,0.13953488372093023,0.00016380453167141572
EXEROFT2,count,exact_values,136,3,1,2,0.3333333333333333,1.1428223139866213e-05
EXEROFT2,count,exact_values,140,15,1,14,0.06666666666666667,5.714111569933107e-05
EXEROFT2,count,exact_values,142,12,2,10,0.16666666666666666,4.5712892559464854e-05
EXEROFT2,count,exact_values,143,1,0,1,0.0,3.8094077132887377e-06
EXEROFT2,count,exact_values,145,2,0,2,0.0,7.618815426577475e-06
EXEROFT2,count,exact_values,148,2,0,2,0.0,7.618815426577475e-06
EXEROFT2,count,exact_values,149,7,0,7,0.0,2.6665853993021166e-05
EXEROFT2,count,exact_values,150,33,5,28,0.15151515151515152,0.00012571045453852836
EXEROFT2,count,exact_values,156,2,0,2,0.0,7.618815426577475e-06
EXEROFT2,count,exact_values,160,3,1,2,0.3333333333333333,1.1428223139866213e-05
EXEROFT2,count,exact_values,163,1,0,1,0.0,3.8094077132887377e-06
EXEROFT2,count,exact_values,170,22,2,20,0.09090909090909091,8.380696969235223e-05
EXEROFT2,count,exact_values,172,1,0,1,0.0,3.8094077132887377e-06
EXEROFT2,count,exact_values,175,5,0,5,0.0,1.9047038566443688e-05
EXEROFT2,count,exact_values,176,2,0,2,0.0,7.618815426577475e-06
EXEROFT2,count,exact_values,199,12,0,12,0.0,4.5712892559464854e-05
EXEROFT2,count,exact_values,201,2074,125,1949,0.06027000964320154,0.007900711597360843
EXEROFT2,count,exact_values,202,4796,261,4535,0.054420350291909926,0.018269919392932786
EXEROFT2,count,exact_values,203,3596,229,3367,0.06368186874304783,0.0136986301369863
EXEROFT2,count,exact_values,204,4446,324,4122,0.0728744939271255,0.016936626693281727
EXEROFT2,count,exact_values,205,2973,190,2783,0.06390850992263707,0.011325369131607418
EXEROFT2,count,exact_values,206,1711,127,1584,0.07422559906487435,0.006517896597437031
EXEROFT2,count,exact_values,207,769,50,719,0.06501950585175553,0.0029294345315190396
EXEROFT2,count,exact_values,208,1960,132,1828,0.0673469387755102,0.007466439118045926
EXEROFT2,count,exact_values,209,176,12,164,0.06818181818181818,0.0006704557575388178
EXEROFT2,count,exact_values,210,2991,196,2795,0.06552992310264126,0.011393938470446615
EXEROFT2,count,exact_values,211,29,2,27,0.06896551724137931,0.0001104728236853734
EXEROFT2,count,exact_values,212,1239,92,1147,0.07425343018563357,0.004719856156764746
EXEROFT2,count,exact_values,213,35,4,31,0.11428571428571428,0.00013332926996510584
EXEROFT2,count,exact_values,214,317,29,288,0.0914826498422713,0.00120758224511253
EXEROFT2,count,exact_values,215,2641,231,2410,0.08746686861037486,0.010060645770795556
EXEROFT2,count,exact_values,216,204,15,189,0.07352941176470588,0.0007771191735109025
EXEROFT2,count,exact_values,217,32,3,29,0.09375,0.0001219010468252396
EXEROFT2,count,exact_values,218,91,8,83,0.08791208791208792,0.00034665610190927516
EXEROFT2,count,exact_values,219,3,0,3,0.0,1.1428223139866213e-05
EXEROFT2,count,exact_values,220,2363,189,2174,0.0799830723656369,0.009001630426501287
EXEROFT2,count,exact_values,221,77,7,70,0.09090909090909091,0.0002933243939232328
EXEROFT2,count,exact_values,222,54,2,52,0.037037037037037035,0.00020570801651759185
EXEROFT2,count,exact_values,223,19,0,19,0.0,7.237874655248601e-05
EXEROFT2,count,exact_values,224,83,6,77,0.07228915662650602,0.00031618084020296525
EXEROFT2,count,exact_values,225,867,90,777,0.10380622837370242,0.003302756487421336
EXEROFT2,count,exact_values,226,67,6,61,0.08955223880597014,0.00025523031679034543
EXEROFT2,count,exact_values,227,35,3,32,0.08571428571428572,0.00013332926996510584
EXEROFT2,count,exact_values,228,158,19,139,0.12025316455696203,0.0006018864186996206
EXEROFT2,count,exact_values,229,27,1,26,0.037037037037037035,0.00010285400825879592
EXEROFT2,count,exact_values,230,4551,427,4124,0.0938255328499231,0.017336614503177045
EXEROFT2,count,exact_values,231,68,5,63,0.07352941176470588,0.0002590397245036342
EXEROFT2,count,exact_values,232,4,1,3,0.25,1.523763085315495e-05
EXEROFT2,count,exact_values,235,9,0,9,0.0,3.4284669419598644e-05
EXEROFT2,count,exact_values,236,1,0,1,0.0,3.8094077132887377e-06
EXEROFT2,count,exact_values,238,2,0,2,0.0,7.618815426577475e-06
EXEROFT2,count,exact_values,240,26,3,23,0.11538461538461539,9.904460054550719e-05
EXEROFT2,count,exact_values,242,1,0,1,0.0,3.8094077132887377e-06
EXEROFT2,count,exact_values,244,1,0,1,0.0,3.8094077132887377e-06
EXEROFT2,count,exact_values,245,10,0,10,0.0,3.8094077132887376e-05
EXEROFT2,count,exact_values,250,68,9,59,0.1323529411764706,0.0002590397245036342
EXEROFT2,count,exact_values,256,1,0,1,0.0,3.8094077132887377e-06
EXEROFT2,count,exact_values,260,105,7,98,0.06666666666666667,0.00039998780989531745
EXEROFT2,count,exact_values,262,1,0,1,0.0,3.8094077132887377e-06
EXEROFT2,count,exact_values,265,3,0,3,0.0,1.1428223139866213e-05
EXEROFT2,count,exact_values,270,3,0,3,0.0,1.1428223139866213e-05
EXEROFT2,count,exact_values,275,11,4,7,0.36363636363636365,4.1903484846176115e-05
EXEROFT2,count,exact_values,276,4,0,4,0.0,1.523763085315495e-05
EXEROFT2,count,exact_values,280,1,0,1,0.0,3.8094077132887377e-06
EXEROFT2,count,exact_values,284,2,0,2,0.0,7.618815426577475e-06
EXEROFT2,count,exact_values,290,25,3,22,0.12,9.523519283221845e-05
EXEROFT2,count,exact_values,299,25,2,23,0.08,9.523519283221845e-05
EXEROFT2,count,exact_values,777,1072,142,930,0.13246268656716417,0.004083685068645527
EXEROFT2,count,exact_values,999,253,30,223,0.11857707509881422,0.0009637801514620507
EXEROFT2,count,exact_values,<MISSING>,145189,15350,129839,0.105724262857379,0.5530840964846786
EXERHMM2,count,exact_values,1,434,36,398,0.08294930875576037,0.0016532829475673122
EXERHMM2,count,exact_values,2,353,32,321,0.0906515580736544,0.0013447209227909244
EXERHMM2,count,exact_values,3,231,20,211,0.08658008658008658,0.0008799731817696984
EXERHMM2,count,exact_values,4,143,14,129,0.0979020979020979,0.0005447453030002895
EXERHMM2,count,exact_values,5,959,101,858,0.10531803962460896,0.0036532219970438996
EXERHMM2,count,exact_values,6,96,17,79,0.17708333333333334,0.00036570314047571883
EXERHMM2,count,exact_values,7,87,9,78,0.10344827586206896,0.0003314184710561202
EXERHMM2,count,exact_values,8,103,16,87,0.1553398058252427,0.00039236899446874
EXERHMM2,count,exact_values,9,9,1,8,0.1111111111111111,3.4284669419598644e-05
EXERHMM2,count,exact_values,10,3285,347,2938,0.10563165905631659,0.012513904338153505
EXERHMM2,count,exact_values,11,11,2,9,0.18181818181818182,4.1903484846176115e-05
EXERHMM2,count,exact_values,12,136,14,122,0.10294117647058823,0.0005180794490072684
EXERHMM2,count,exact_values,13,28,2,26,0.07142857142857142,0.00010666341597208466
EXERHMM2,count,exact_values,14,22,1,21,0.045454545454545456,8.380696969235223e-05
EXERHMM2,count,exact_values,15,6135,564,5571,0.09193154034229829,0.023370716321026407
EXERHMM2,count,exact_values,16,25,2,23,0.08,9.523519283221845e-05
EXERHMM2,count,exact_values,17,23,4,19,0.17391304347826086,8.761637740564097e-05
EXERHMM2,count,exact_values,18,21,1,20,0.047619047619047616,7.999756197906349e-05
EXERHMM2,count,exact_values,19,3,0,3,0.0,1.1428223139866213e-05
EXERHMM2,count,exact_values,20,9031,540,8491,0.05979404274166759,0.03440276105871059
EXERHMM2,count,exact_values,21,2,1,1,0.5,7.618815426577475e-06
EXERHMM2,count,exact_values,22,20,2,18,0.1,7.618815426577475e-05
EXERHMM2,count,exact_values,23,9,0,9,0.0,3.4284669419598644e-05
EXERHMM2,count,exact_values,24,19,3,16,0.15789473684210525,7.237874655248601e-05
EXERHMM2,count,exact_values,25,1268,73,1195,0.057570977917981075,0.00483032898045012
EXERHMM2,count,exact_values,26,5,0,5,0.0,1.9047038566443688e-05
EXERHMM2,count,exact_values,27,6,0,6,0.0,2.2856446279732427e-05
EXERHMM2,count,exact_values,28,8,2,6,0.25,3.04752617063099e-05
EXERHMM2,count,exact_values,29,3,1,2,0.3333333333333333,1.1428223139866213e-05
EXERHMM2,count,exact_values,30,25591,1538,24053,0.06009925364385917,0.09748655279077209
EXERHMM2,count,exact_values,31,3,1,2,0.3333333333333333,1.1428223139866213e-05
EXERHMM2,count,exact_values,32,2,0,2,0.0,7.618815426577475e-06
EXERHMM2,count,exact_values,33,4,0,4,0.0,1.523763085315495e-05
EXERHMM2,count,exact_values,34,5,1,4,0.2,1.9047038566443688e-05
EXERHMM2,count,exact_values,35,698,40,658,0.05730659025787966,0.002658966583875539
EXERHMM2,count,exact_values,36,4,0,4,0.0,1.523763085315495e-05
EXERHMM2,count,exact_values,37,10,0,10,0.0,3.8094077132887376e-05
EXERHMM2,count,exact_values,38,10,1,9,0.1,3.8094077132887376e-05
EXERHMM2,count,exact_values,40,2255,104,2151,0.04611973392461197,0.008590214393466104
EXERHMM2,count,exact_values,41,1,0,1,0.0,3.8094077132887377e-06
EXERHMM2,count,exact_values,42,3,0,3,0.0,1.1428223139866213e-05
EXERHMM2,count,exact_values,43,3,0,3,0.0,1.1428223139866213e-05
EXERHMM2,count,exact_values,44,5,0,5,0.0,1.9047038566443688e-05
EXERHMM2,count,exact_values,45,8044,433,7611,0.05382894082545997,0.03064287564569461
EXERHMM2,count,exact_values,47,4,0,4,0.0,1.523763085315495e-05
EXERHMM2,count,exact_values,48,5,0,5,0.0,1.9047038566443688e-05
EXERHMM2,count,exact_values,50,491,22,469,0.04480651731160896,0.0018704191872247703
EXERHMM2,count,exact_values,52,4,0,4,0.0,1.523763085315495e-05
EXERHMM2,count,exact_values,54,2,0,2,0.0,7.618815426577475e-06
EXERHMM2,count,exact_values,55,65,4,61,0.06153846153846154,0.00024761150136376795
EXERHMM2,count,exact_values,58,1,0,1,0.0,3.8094077132887377e-06
EXERHMM2,count,exact_values,59,24,1,23,0.041666666666666664,9.142578511892971e-05
EXERHMM2,count,exact_values,100,25145,1383,23762,0.05500099423344601,0.09578755695064531
EXERHMM2,count,exact_values,101,30,1,29,0.03333333333333333,0.00011428223139866214
EXERHMM2,count,exact_values,102,7,1,6,0.14285714285714285,2.6665853993021166e-05
EXERHMM2,count,exact_values,103,5,0,5,0.0,1.9047038566443688e-05
EXERHMM2,count,exact_values,105,17,0,17,0.0,6.475993112590855e-05
EXERHMM2,count,exact_values,107,1,0,1,0.0,3.8094077132887377e-06
EXERHMM2,count,exact_values,109,1,0,1,0.0,3.8094077132887377e-06
EXERHMM2,count,exact_values,110,79,5,74,0.06329113924050633,0.0003009432093498103
EXERHMM2,count,exact_values,112,1,0,1,0.0,3.8094077132887377e-06
EXERHMM2,count,exact_values,113,1,0,1,0.0,3.8094077132887377e-06
EXERHMM2,count,exact_values,115,378,16,362,0.042328042328042326,0.0014399561156231428
EXERHMM2,count,exact_values,118,1,0,1,0.0,3.8094077132887377e-06
EXERHMM2,count,exact_values,120,170,9,161,0.052941176470588235,0.0006475993112590855
EXERHMM2,count,exact_values,121,1,1,0,1.0,3.8094077132887377e-06
EXERHMM2,count,exact_values,122,1,0,1,0.0,3.8094077132887377e-06
EXERHMM2,count,exact_values,125,18,0,18,0.0,6.856933883919729e-05
EXERHMM2,count,exact_values,126,1,0,1,0.0,3.8094077132887377e-06
EXERHMM2,count,exact_values,127,1,0,1,0.0,3.8094077132887377e-06
EXERHMM2,count,exact_values,130,4690,277,4413,0.05906183368869936,0.01786612217532418
EXERHMM2,count,exact_values,133,1,1,0,1.0,3.8094077132887377e-06
EXERHMM2,count,exact_values,135,4,0,4,0.0,1.523763085315495e-05
EXERHMM2,count,exact_values,140,19,1,18,0.05263157894736842,7.237874655248601e-05
EXERHMM2,count,exact_values,145,69,2,67,0.028985507246376812,0.0002628491322169229
EXERHMM2,count,exact_values,150,75,1,74,0.013333333333333334,0.00028570557849665534
EXERHMM2,count,exact_values,159,23,1,22,0.043478260869565216,8.761637740564097e-05
EXERHMM2,count,exact_values,200,10898,789,10109,0.07239860524866948,0.04151492525942067
EXERHMM2,count,exact_values,201,5,0,5,0.0,1.9047038566443688e-05
EXERHMM2,count,exact_values,202,12,1,11,0.08333333333333333,4.5712892559464854e-05
EXERHMM2,count,exact_values,203,2,1,1,0.5,7.618815426577475e-06
EXERHMM2,count,exact_values,204,2,0,2,0.0,7.618815426577475e-06
EXERHMM2,count,exact_values,205,2,0,2,0.0,7.618815426577475e-06
EXERHMM2,count,exact_values,207,1,0,1,0.0,3.8094077132887377e-06
EXERHMM2,count,exact_values,210,3,0,3,0.0,1.1428223139866213e-05
EXERHMM2,count,exact_values,212,1,0,1,0.0,3.8094077132887377e-06
EXERHMM2,count,exact_values,213,1,0,1,0.0,3.8094077132887377e-06
EXERHMM2,count,exact_values,215,12,1,11,0.08333333333333333,4.5712892559464854e-05
EXERHMM2,count,exact_values,220,7,0,7,0.0,2.6665853993021166e-05
EXERHMM2,count,exact_values,224,1,0,1,0.0,3.8094077132887377e-06
EXERHMM2,count,exact_values,225,3,0,3,0.0,1.1428223139866213e-05
EXERHMM2,count,exact_values,230,1083,86,997,0.07940904893813482,0.004125588553491703
EXERHMM2,count,exact_values,235,1,0,1,0.0,3.8094077132887377e-06
EXERHMM2,count,exact_values,240,12,2,10,0.16666666666666666,4.5712892559464854e-05
EXERHMM2,count,exact_values,245,7,0,7,0.0,2.6665853993021166e-05
EXERHMM2,count,exact_values,250,14,1,13,0.07142857142857142,5.333170798604233e-05
EXERHMM2,count,exact_values,259,9,2,7,0.2222222222222222,3.4284669419598644e-05
EXERHMM2,count,exact_values,300,4650,364,4286,0.07827956989247312,0.01771374586679263
EXERHMM2,count,exact_values,302,1,0,1,0.0,3.8094077132887377e-06
EXERHMM2,count,exact_values,303,7,3,4,0.42857142857142855,2.6665853993021166e-05
EXERHMM2,count,exact_values,304,1,0,1,0.0,3.8094077132887377e-06
EXERHMM2,count,exact_values,305,2,0,2,0.0,7.618815426577475e-06
EXERHMM2,count,exact_values,315,3,1,2,0.3333333333333333,1.1428223139866213e-05
EXERHMM2,count,exact_values,320,1,1,0,1.0,3.8094077132887377e-06
EXERHMM2,count,exact_values,330,230,26,204,0.11304347826086956,0.0008761637740564097
EXERHMM2,count,exact_values,345,5,0,5,0.0,1.9047038566443688e-05
EXERHMM2,count,exact_values,350,7,2,5,0.2857142857142857,2.6665853993021166e-05
EXERHMM2,count,exact_values,353,1,0,1,0.0,3.8094077132887377e-06
EXERHMM2,count,exact_values,359,2,0,2,0.0,7.618815426577475e-06
EXERHMM2,count,exact_values,400,3477,298,3179,0.08570606844981306,0.013245310619104942
EXERHMM2,count,exact_values,404,5,0,5,0.0,1.9047038566443688e-05
EXERHMM2,count,exact_values,415,5,1,4,0.2,1.9047038566443688e-05
EXERHMM2,count,exact_values,420,1,0,1,0.0,3.8094077132887377e-06
EXERHMM2,count,exact_values,430,207,24,183,0.11594202898550725,0.0007885473966507688
EXERHMM2,count,exact_values,445,2,1,1,0.5,7.618815426577475e-06
EXERHMM2,count,exact_values,450,9,0,9,0.0,3.4284669419598644e-05
EXERHMM2,count,exact_values,453,1,0,1,0.0,3.8094077132887377e-06
EXERHMM2,count,exact_values,459,3,0,3,0.0,1.1428223139866213e-05
EXERHMM2,count,exact_values,500,1253,101,1152,0.08060654429369513,0.004773187864750788
EXERHMM2,count,exact_values,502,1,0,1,0.0,3.8094077132887377e-06
EXERHMM2,count,exact_values,505,2,0,2,0.0,7.618815426577475e-06
EXERHMM2,count,exact_values,530,21,1,20,0.047619047619047616,7.999756197906349e-05
EXERHMM2,count,exact_values,559,3,0,3,0.0,1.1428223139866213e-05
EXERHMM2,count,exact_values,600,995,87,908,0.08743718592964825,0.003790360674722294
EXERHMM2,count,exact_values,601,1,0,1,0.0,3.8094077132887377e-06
EXERHMM2,count,exact_values,602,1,0,1,0.0,3.8094077132887377e-06
EXERHMM2,count,exact_values,630,8,1,7,0.125,3.04752617063099e-05
EXERHMM2,count,exact_values,650,3,0,3,0.0,1.1428223139866213e-05
EXERHMM2,count,exact_values,657,1,0,1,0.0,3.8094077132887377e-06
EXERHMM2,count,exact_values,659,47,2,45,0.0425531914893617,0.00017904216252457068
EXERHMM2,count,exact_values,700,193,15,178,0.07772020725388601,0.0007352156886647264
EXERHMM2,count,exact_values,720,2,0,2,0.0,7.618815426577475e-06
EXERHMM2,count,exact_values,730,1,0,1,0.0,3.8094077132887377e-06
EXERHMM2,count,exact_values,759,2,0,2,0.0,7.618815426577475e-06
EXERHMM2,count,exact_values,777,2374,265,2109,0.11162594776748104,0.009043533911347464
EXERHMM2,count,exact_values,800,609,48,561,0.07881773399014778,0.0023199292973928413
EXERHMM2,count,exact_values,808,3,0,3,0.0,1.1428223139866213e-05
EXERHMM2,count,exact_values,830,3,2,1,0.6666666666666666,1.1428223139866213e-05
EXERHMM2,count,exact_values,840,1,0,1,0.0,3.8094077132887377e-06
EXERHMM2,count,exact_values,859,3,0,3,0.0,1.1428223139866213e-05
EXERHMM2,count,exact_values,900,186,6,180,0.03225806451612903,0.0007085498346717053
EXERHMM2,count,exact_values,901,2,1,1,0.5,7.618815426577475e-06
EXERHMM2,count,exact_values,904,1,1,0,1.0,3.8094077132887377e-06
EXERHMM2,count,exact_values,909,1,0,1,0.0,3.8094077132887377e-06
EXERHMM2,count,exact_values,910,2,1,1,0.5,7.618815426577475e-06
EXERHMM2,count,exact_values,912,1,0,1,0.0,3.8094077132887377e-06
EXERHMM2,count,exact_values,915,1,1,0,1.0,3.8094077132887377e-06
EXERHMM2,count,exact_values,920,3,0,3,0.0,1.1428223139866213e-05
EXERHMM2,count,exact_values,925,1,0,1,0.0,3.8094077132887377e-06
EXERHMM2,count,exact_values,930,19,1,18,0.05263157894736842,7.237874655248601e-05
EXERHMM2,count,exact_values,940,2,0,2,0.0,7.618815426577475e-06
EXERHMM2,count,exact_values,945,4,0,4,0.0,1.523763085315495e-05
EXERHMM2,count,exact_values,950,3,1,2,0.3333333333333333,1.1428223139866213e-05
EXERHMM2,count,exact_values,955,2,1,1,0.5,7.618815426577475e-06
EXERHMM2,count,exact_values,959,60,5,55,0.08333333333333333,0.00022856446279732428
EXERHMM2,count,exact_values,999,251,26,225,0.10358565737051793,0.0009561613360354732
EXERHMM2,count,exact_values,<MISSING>,145298,15361,129937,0.10572065685694228,0.5534993219254271
STRENGTH,count,exact_values,101,8989,495,8494,0.055067304483257314,0.034242765934752464
STRENGTH,count,exact_values,102,14413,827,13586,0.05737875529036287,0.05490499337163058
STRENGTH,count,exact_values,103,16337,1131,15206,0.06922935667503213,0.06223429381199811
STRENGTH,count,exact_values,104,5994,313,5681,0.05221888555221889,0.022833589833452694
STRENGTH,count,exact_values,105,6118,333,5785,0.05442955214122262,0.0233059563899005
STRENGTH,count,exact_values,106,1907,106,1801,0.05558468799160986,0.007264540509241623
STRENGTH,count,exact_values,107,6566,692,5874,0.10539141029546147,0.025012571045453853
STRENGTH,count,exact_values,108,55,4,51,0.07272727272727272,0.0002095174242308806
STRENGTH,count,exact_values,109,12,2,10,0.16666666666666666,4.5712892559464854e-05
STRENGTH,count,exact_values,110,100,8,92,0.08,0.0003809407713288738
STRENGTH,count,exact_values,111,6,0,6,0.0,2.2856446279732427e-05
STRENGTH,count,exact_values,112,37,7,30,0.1891891891891892,0.00014094808539168331
STRENGTH,count,exact_values,113,5,0,5,0.0,1.9047038566443688e-05
STRENGTH,count,exact_values,114,257,36,221,0.14007782101167315,0.0009790177823152057
STRENGTH,count,exact_values,115,14,2,12,0.14285714285714285,5.333170798604233e-05
STRENGTH,count,exact_values,116,5,1,4,0.2,1.9047038566443688e-05
STRENGTH,count,exact_values,117,1,0,1,0.0,3.8094077132887377e-06
STRENGTH,count,exact_values,118,6,0,6,0.0,2.2856446279732427e-05
STRENGTH,count,exact_values,119,2,1,1,0.5,7.618815426577475e-06
STRENGTH,count,exact_values,120,29,6,23,0.20689655172413793,0.0001104728236853734
STRENGTH,count,exact_values,121,44,6,38,0.13636363636363635,0.00016761393938470446
STRENGTH,count,exact_values,124,1,0,1,0.0,3.8094077132887377e-06
STRENGTH,count,exact_values,125,9,2,7,0.2222222222222222,3.4284669419598644e-05
STRENGTH,count,exact_values,126,1,0,1,0.0,3.8094077132887377e-06
STRENGTH,count,exact_values,127,1,0,1,0.0,3.8094077132887377e-06
STRENGTH,count,exact_values,128,7,1,6,0.14285714285714285,2.6665853993021166e-05
STRENGTH,count,exact_values,130,17,2,15,0.11764705882352941,6.475993112590855e-05
STRENGTH,count,exact_values,132,1,0,1,0.0,3.8094077132887377e-06
STRENGTH,count,exact_values,135,8,0,8,0.0,3.04752617063099e-05
STRENGTH,count,exact_values,136,1,0,1,0.0,3.8094077132887377e-06
STRENGTH,count,exact_values,140,3,2,1,0.6666666666666666,1.1428223139866213e-05
STRENGTH,count,exact_values,142,1,0,1,0.0,3.8094077132887377e-06
STRENGTH,count,exact_values,145,1,1,0,1.0,3.8094077132887377e-06
STRENGTH,count,exact_values,150,4,1,3,0.25,1.523763085315495e-05
STRENGTH,count,exact_values,160,5,0,5,0.0,1.9047038566443688e-05
STRENGTH,count,exact_values,170,4,3,1,0.75,1.523763085315495e-05
STRENGTH,count,exact_values,173,2,0,2,0.0,7.618815426577475e-06
STRENGTH,count,exact_values,174,1,0,1,0.0,3.8094077132887377e-06
STRENGTH,count,exact_values,175,3,1,2,0.3333333333333333,1.1428223139866213e-05
STRENGTH,count,exact_values,180,1,0,1,0.0,3.8094077132887377e-06
STRENGTH,count,exact_values,188,2,0,2,0.0,7.618815426577475e-06
STRENGTH,count,exact_values,190,1,0,1,0.0,3.8094077132887377e-06
STRENGTH,count,exact_values,199,12,2,10,0.16666666666666666,4.5712892559464854e-05
STRENGTH,count,exact_values,201,2339,132,2207,0.05643437366395896,0.008910204641382358
STRENGTH,count,exact_values,202,4012,219,3793,0.05458624127617148,0.015283343745714417
STRENGTH,count,exact_values,203,2396,142,2254,0.05926544240400668,0.009127340881039815
STRENGTH,count,exact_values,204,2656,144,2512,0.05421686746987952,0.010117786886494888
STRENGTH,count,exact_values,205,2689,173,2516,0.06433618445518781,0.010243497341033416
STRENGTH,count,exact_values,206,897,52,845,0.057971014492753624,0.0034170387188199977
STRENGTH,count,exact_values,207,481,25,456,0.05197505197505198,0.001832325110091883
STRENGTH,count,exact_values,208,1389,83,1306,0.059755219582433405,0.0052912673137580565
STRENGTH,count,exact_values,209,123,9,114,0.07317073170731707,0.00046855714873451476
STRENGTH,count,exact_values,210,2622,175,2447,0.06674294431731502,0.009988267024243071
STRENGTH,count,exact_values,211,16,0,16,0.0,6.09505234126198e-05
STRENGTH,count,exact_values,212,1197,100,1097,0.0835421888053467,0.0045598610328066195
STRENGTH,count,exact_values,213,42,4,38,0.09523809523809523,0.00015999512395812698
STRENGTH,count,exact_values,214,218,18,200,0.08256880733944955,0.0008304508814969448
STRENGTH,count,exact_values,215,2455,186,2269,0.07576374745417515,0.009352095936123852
STRENGTH,count,exact_values,216,251,18,233,0.07171314741035857,0.0009561613360354732
STRENGTH,count,exact_values,217,33,1,32,0.030303030303030304,0.00012571045453852836
STRENGTH,count,exact_values,218,86,2,84,0.023255813953488372,0.00032760906334283144
STRENGTH,count,exact_values,219,8,0,8,0.0,3.04752617063099e-05
STRENGTH,count,exact_values,220,2071,130,1941,0.06277160791887977,0.007889283374220976
STRENGTH,count,exact_values,221,76,8,68,0.10526315789473684,0.00028951498620994405
STRENGTH,count,exact_values,222,62,1,61,0.016129032258064516,0.00023618327822390176
STRENGTH,count,exact_values,223,19,0,19,0.0,7.237874655248601e-05
STRENGTH,count,exact_values,224,103,6,97,0.05825242718446602,0.00039236899446874
STRENGTH,count,exact_values,225,664,46,618,0.06927710843373494,0.002529446721623722
STRENGTH,count,exact_values,226,67,7,60,0.1044776119402985,0.00025523031679034543
STRENGTH,count,exact_values,227,44,4,40,0.09090909090909091,0.00016761393938470446
STRENGTH,count,exact_values,228,133,8,125,0.06015037593984962,0.0005066512258674021
STRENGTH,count,exact_values,229,22,0,22,0.0,8.380696969235223e-05
STRENGTH,count,exact_values,230,2748,261,2487,0.09497816593886463,0.010468252396117452
STRENGTH,count,exact_values,231,37,1,36,0.02702702702702703,0.00014094808539168331
STRENGTH,count,exact_values,232,2,0,2,0.0,7.618815426577475e-06
STRENGTH,count,exact_values,235,7,0,7,0.0,2.6665853993021166e-05
STRENGTH,count,exact_values,236,2,0,2,0.0,7.618815426577475e-06
STRENGTH,count,exact_values,237,1,0,1,0.0,3.8094077132887377e-06
STRENGTH,count,exact_values,238,1,0,1,0.0,3.8094077132887377e-06
STRENGTH,count,exact_values,240,17,1,16,0.058823529411764705,6.475993112590855e-05
STRENGTH,count,exact_values,241,1,0,1,0.0,3.8094077132887377e-06
STRENGTH,count,exact_values,242,2,0,2,0.0,7.618815426577475e-06
STRENGTH,count,exact_values,243,1,1,0,1.0,3.8094077132887377e-06
STRENGTH,count,exact_values,245,9,2,7,0.2222222222222222,3.4284669419598644e-05
STRENGTH,count,exact_values,248,1,0,1,0.0,3.8094077132887377e-06
STRENGTH,count,exact_values,250,8,0,8,0.0,3.04752617063099e-05
STRENGTH,count,exact_values,255,2,0,2,0.0,7.618815426577475e-06
STRENGTH,count,exact_values,256,1,0,1,0.0,3.8094077132887377e-06
STRENGTH,count,exact_values,260,60,6,54,0.1,0.00022856446279732428
STRENGTH,count,exact_values,262,1,0,1,0.0,3.8094077132887377e-06
STRENGTH,count,exact_values,267,1,0,1,0.0,3.8094077132887377e-06
STRENGTH,count,exact_values,270,4,0,4,0.0,1.523763085315495e-05
STRENGTH,count,exact_values,272,1,0,1,0.0,3.8094077132887377e-06
STRENGTH,count,exact_values,275,2,0,2,0.0,7.618815426577475e-06
STRENGTH,count,exact_values,288,3,0,3,0.0,1.1428223139866213e-05
STRENGTH,count,exact_values,290,8,1,7,0.125,3.04752617063099e-05
STRENGTH,count,exact_values,298,1,1,0,1.0,3.8094077132887377e-06
STRENGTH,count,exact_values,299,12,0,12,0.0,4.5712892559464854e-05
STRENGTH,count,exact_values,777,1626,200,1426,0.12300123001230012,0.0061940969418074875
STRENGTH,count,exact_values,888,145293,15054,130239,0.10361132332596891,0.5534802748868606
STRENGTH,count,exact_values,999,1449,117,1332,0.08074534161490683,0.005519831776555381
STRENGTH,count,exact_values,<MISSING>,23053,1857,21196,0.0805535071357307,0.08781827601444528
LMTJOIN3,binary,exact_values,1,39635,7443,32192,0.18778857070770782,0.15098587471619912
LMTJOIN3,binary,exact_values,2,40359,4962,35397,0.12294655467182042,0.15374388590062016
LMTJOIN3,binary,exact_values,7,711,107,604,0.15049226441631505,0.0027084888841482926
LMTJOIN3,binary,exact_values,9,299,33,266,0.11036789297658862,0.0011390129062733326
LMTJOIN3,binary,exact_values,<MISSING>,181504,10635,170869,0.05859375,0.6914227375927591
ARTHDIS2,binary,exact_values,1,25054,4666,20388,0.1862377265107368,0.09544090084873603
ARTHDIS2,binary,exact_values,2,53496,7390,46106,0.13814116943322866,0.20378807503009433
ARTHDIS2,binary,exact_values,7,1428,279,1149,0.1953781512605042,0.005439834214576318
ARTHDIS2,binary,exact_values,9,923,188,735,0.20368364030335862,0.003516083319365505
ARTHDIS2,binary,exact_values,<MISSING>,181607,10657,170950,0.05868165874663422,0.6918151065872278
ARTHSOCL,ordinal,exact_values,1,14608,3423,11185,0.2343236582694414,0.05564782787572188
ARTHSOCL,ordinal,exact_values,2,19333,3183,16150,0.16464076966844257,0.07364727932101117
ARTHSOCL,ordinal,exact_values,3,46146,5756,40390,0.12473453820482816,0.1757889283374221
ARTHSOCL,ordinal,exact_values,7,344,79,265,0.22965116279069767,0.0013104362533713258
ARTHSOCL,ordinal,exact_values,9,344,57,287,0.16569767441860464,0.0013104362533713258
ARTHSOCL,ordinal,exact_values,<MISSING>,181733,10682,171051,0.0587785377449335,0.6922950919591022
JOINPAIN,count,exact_values,0,5321,646,4675,0.12140575079872204,0.020269858442409375
JOINPAIN,count,exact_values,1,5020,476,4544,0.09482071713147411,0.019123226720709464
JOINPAIN,count,exact_values,2,8405,900,7505,0.10707911957168352,0.03201807183019184
JOINPAIN,count,exact_values,3,10037,1218,8819,0.12135100129520773,0.03823502521827906
JOINPAIN,count,exact_values,4,8517,1099,7418,0.12903604555594694,0.03244472549408018
JOINPAIN,count,exact_values,5,12503,2026,10477,0.16204111013356795,0.04762902463924909
JOINPAIN,count,exact_values,6,6807,1160,5647,0.1704128103422947,0.02593063830435644
JOINPAIN,count,exact_values,7,7286,1339,5947,0.18377710678012626,0.027755344599021743
JOINPAIN,count,exact_values,8,7689,1621,6068,0.21082065288073873,0.029290535907477107
JOINPAIN,count,exact_values,9,1933,481,1452,0.2488360062079669,0.0073635851097871305
JOINPAIN,count,exact_values,10,4175,1015,3160,0.24311377245508983,0.01590427720298048
JOINPAIN,count,exact_values,77,1105,211,894,0.19095022624434388,0.004209395523184055
JOINPAIN,count,exact_values,99,466,74,392,0.15879828326180256,0.0017751839943925519
JOINPAIN,count,exact_values,<MISSING>,183244,10914,172330,0.059559931020933835,0.6980511070138815
SEATBELT,ordinal,exact_values,1,207480,18039,189441,0.08694331983805668,0.7903759123531473
SEATBELT,ordinal,exact_values,2,16180,1393,14787,0.08609394313967862,0.06163621680101178
SEATBELT,ordinal,exact_values,3,6530,696,5834,0.10658499234303216,0.02487543236777546
SEATBELT,ordinal,exact_values,4,2707,317,2390,0.1171038049501293,0.010312066679872613
SEATBELT,ordinal,exact_values,5,3642,508,3134,0.13948380010982978,0.013873862891797583
SEATBELT,ordinal,exact_values,7,153,20,133,0.13071895424836602,0.0005828393801331769
SEATBELT,ordinal,exact_values,8,519,101,418,0.19460500963391136,0.001977082603196855
SEATBELT,ordinal,exact_values,9,1232,83,1149,0.06737012987012987,0.004693190302771725
SEATBELT,ordinal,exact_values,<MISSING>,24065,2023,22042,0.08406399335134013,0.09167339662029347
FLUSHOT6,categorical,exact_values,1,113679,12593,101086,0.11077683653093359,0.4330496594389504
FLUSHOT6,categorical,exact_values,2,122422,8407,114015,0.06867229746287432,0.46635531107623385
FLUSHOT6,categorical,exact_values,7,568,41,527,0.0721830985915493,0.002163743581148003
FLUSHOT6,categorical,exact_values,9,1227,71,1156,0.05786471067644662,0.004674143264205281
FLUSHOT6,categorical,exact_values,<MISSING>,24612,2068,22544,0.08402405330732976,0.09375714263946242
FLSHTMY2,date,exact_values,12014,65,11,54,0.16923076923076924,0.00024761150136376795
FLSHTMY2,date,exact_values,12015,4117,486,3631,0.11804712169055137,0.015683331555609734
FLSHTMY2,date,exact_values,12016,20,2,18,0.1,7.618815426577475e-05
FLSHTMY2,date,exact_values,22014,86,7,79,0.08139534883720931,0.00032760906334283144
FLSHTMY2,date,exact_values,22015,2212,249,1963,0.11256781193490054,0.008426409861794689
FLSHTMY2,date,exact_values,22016,2,1,1,0.5,7.618815426577475e-06
FLSHTMY2,date,exact_values,32014,102,5,97,0.049019607843137254,0.00038855958675545126
FLSHTMY2,date,exact_values,32015,1081,127,954,0.11748381128584644,0.0041179697380651255
FLSHTMY2,date,exact_values,42014,84,7,77,0.08333333333333333,0.00031999024791625396
FLSHTMY2,date,exact_values,42015,569,78,491,0.13708260105448156,0.002167552988861292
FLSHTMY2,date,exact_values,52014,90,12,78,0.13333333333333333,0.0003428466941959864
FLSHTMY2,date,exact_values,52015,418,62,356,0.14832535885167464,0.0015923324241546924
FLSHTMY2,date,exact_values,62014,153,15,138,0.09803921568627451,0.0005828393801331769
FLSHTMY2,date,exact_values,62015,328,47,281,0.14329268292682926,0.001249485729958706
FLSHTMY2,date,exact_values,72014,208,17,191,0.08173076923076923,0.0007923568043640575
FLSHTMY2,date,exact_values,72015,284,42,242,0.14788732394366197,0.0010818717905740015
FLSHTMY2,date,exact_values,82014,1337,140,1197,0.10471204188481675,0.005093178112667043
FLSHTMY2,date,exact_values,82015,752,117,635,0.15558510638297873,0.002864674600393131
FLSHTMY2,date,exact_values,92014,10991,1311,9680,0.11927941042671276,0.041869200176756514
FLSHTMY2,date,exact_values,92015,5281,654,4627,0.12384018178375308,0.020117482133877825
FLSHTMY2,date,exact_values,102014,37220,3888,33332,0.1044599677592692,0.1417861550886068
FLSHTMY2,date,exact_values,102015,12763,1427,11336,0.11180756875342787,0.04861947064470416
FLSHTMY2,date,exact_values,112014,18248,1930,16318,0.1057650153441473,0.06951407195209289
FLSHTMY2,date,exact_values,112015,4070,448,3622,0.11007371007371007,0.015504289393085163
FLSHTMY2,date,exact_values,122014,5280,582,4698,0.11022727272727273,0.020113672726164537
FLSHTMY2,date,exact_values,122015,585,58,527,0.09914529914529914,0.002228503512273912
FLSHTMY2,date,exact_values,777777,6407,760,5647,0.11862025909161854,0.024406875219040943
FLSHTMY2,date,exact_values,999999,181,23,158,0.1270718232044199,0.0006895027961052615
FLSHTMY2,date,exact_values,<MISSING>,149574,10674,138900,0.07136266998275101,0.5697883493074497
IMFVPLAC,categorical,exact_values,1,43086,5825,37261,0.13519472682541894,0.16413214073475857
IMFVPLAC,categorical,exact_values,2,2692,266,2426,0.0988112927191679,0.010254925564173283
IMFVPLAC,categorical,exact_values,3,10428,1144,9284,0.10970464135021098,0.03972450363417496
IMFVPLAC,categorical,exact_values,4,1276,188,1088,0.14733542319749215,0.004860804242156429
IMFVPLAC,categorical,exact_values,5,28905,3369,25536,0.11655422937208096,0.11011092995261097
IMFVPLAC,categorical,exact_values,6,6419,823,5596,0.1282131173079919,0.024452588111600407
IMFVPLAC,categorical,exact_values,7,85,5,80,0.058823529411764705,0.00032379965562954273
IMFVPLAC,categorical,exact_values,8,16025,449,15576,0.028018720748829953,0.06104575860545203
IMFVPLAC,categorical,exact_values,9,3397,432,2965,0.12717103326464527,0.012940558002041842
IMFVPLAC,categorical,exact_values,10,50,10,40,0.2,0.0001904703856644369
IMFVPLAC,categorical,exact_values,11,797,27,770,0.033877038895859475,0.003036097947491124
IMFVPLAC,categorical,exact_values,77,327,40,287,0.12232415902140673,0.0012456763222454172
IMFVPLAC,categorical,exact_values,99,62,7,55,0.11290322580645161,0.00023618327822390176
IMFVPLAC,categorical,exact_values,<MISSING>,148959,10595,138364,0.07112695439684745,0.5674455635637771
PNEUVAC3,binary,exact_values,1,93438,14481,78957,0.15497977268349067,0.3559434379142731
PNEUVAC3,binary,exact_values,2,122740,5773,116967,0.04703438161968389,0.4675667027290597
PNEUVAC3,binary,exact_values,7,20144,767,19377,0.038075853852263704,0.07673670897648834
PNEUVAC3,binary,exact_values,9,1236,68,1168,0.05501618122977346,0.00470842793362488
PNEUVAC3,binary,exact_values,<MISSING>,24950,2091,22859,0.08380761523046092,0.09504472244655401
HIVTST6,categorical,exact_values,1,67841,4592,63249,0.06768768149054406,0.25843402867722126
HIVTST6,categorical,exact_values,2,160326,15509,144817,0.09673415416089717,0.6107471010407302
HIVTST6,categorical,exact_values,7,6769,802,5967,0.11848131186290442,0.025785880811251466
HIVTST6,categorical,exact_values,9,1771,124,1647,0.07001693958215698,0.0067464610602343544
HIVTST6,categorical,exact_values,<MISSING>,25801,2153,23648,0.0834463780473625,0.09828652841056272
HIVTSTD3,date,sample_quantile_bins,"[-inf, 31999]",411,31,380,0.07542579075425791,0.025597907324364722
HIVTSTD3,date,sample_quantile_bins,"[31999, 52009]",430,28,402,0.06511627906976744,0.026781265570503237
HIVTSTD3,date,sample_quantile_bins,"[52009, 71999]",413,30,383,0.07263922518159806,0.02572247135027404
HIVTSTD3,date,sample_quantile_bins,"[71999, 92012]",421,28,393,0.0665083135391924,0.02622072745391131
HIVTSTD3,date,sample_quantile_bins,"[92012, 112013]",421,24,397,0.057007125890736345,0.02622072745391131
HIVTSTD3,date,sample_quantile_bins,"[112013, 771996]",409,32,377,0.07823960880195599,0.025473343298455405
HIVTSTD3,date,sample_quantile_bins,"[771996, 772010]",459,37,422,0.08061002178649238,0.02858744394618834
HIVTSTD3,date,sample_quantile_bins,"[772010, 777777]",1195,110,1085,0.09205020920502092,0.07442700548081714
HIVTSTD3,date,sample_quantile_bins,"[777777, inf]",16,3,13,0.1875,0.000996512207274539
HIVTSTD3,date,sample_quantile_bins,<MISSING>,11881,1182,10699,0.0994865752041074,0.7399725959143
WHRTST10,categorical,exact_values,1,31108,1730,29378,0.05561270412755561,0.11850305514498606
WHRTST10,categorical,exact_values,2,2389,138,2251,0.05776475512766848,0.009100675027046794
WHRTST10,categorical,exact_values,3,6268,891,5377,0.1421506062539885,0.023877367546893808
WHRTST10,categorical,exact_values,4,14607,876,13731,0.05997124666255905,0.055644018468008594
WHRTST10,categorical,exact_values,5,735,70,665,0.09523809523809523,0.0027999146692672225
WHRTST10,categorical,exact_values,6,305,22,283,0.07213114754098361,0.0011618693525530651
WHRTST10,categorical,exact_values,7,1695,75,1620,0.04424778761061947,0.006456946074024411
WHRTST10,categorical,exact_values,8,8089,562,7527,0.0694770676226975,0.030814298992792602
WHRTST10,categorical,exact_values,9,1127,92,1035,0.08163265306122448,0.0042932024928764075
WHRTST10,categorical,exact_values,77,1185,106,1079,0.08945147679324894,0.004514148140247154
WHRTST10,categorical,exact_values,99,160,16,144,0.1,0.000609505234126198
WHRTST10,categorical,exact_values,<MISSING>,194840,18602,176238,0.09547320878669678,0.7422249988571776
PDIABTST,binary,exact_values,1,30223,2782,27441,0.09204910167753036,0.11513172931872552
PDIABTST,binary,exact_values,2,16670,982,15688,0.058908218356328736,0.06350282658052327
PDIABTST,binary,exact_values,7,2223,158,2065,0.07107512370670266,0.008468313346640863
PDIABTST,binary,exact_values,9,20,2,18,0.1,7.618815426577475e-05
PDIABTST,binary,exact_values,<MISSING>,213372,19256,194116,0.09024614288660181,0.8128209425998446
PREDIAB1,categorical,exact_values,1,5063,721,4342,0.1424056883270788,0.01928703125238088
PREDIAB1,categorical,exact_values,2,594,28,566,0.04713804713804714,0.0022627881816935104
PREDIAB1,categorical,exact_values,3,43301,3145,40156,0.07263111706427103,0.16495116339311564
PREDIAB1,categorical,exact_values,7,162,29,133,0.17901234567901234,0.0006171240495527755
PREDIAB1,categorical,exact_values,9,17,1,16,0.058823529411764705,6.475993112590855e-05
PREDIAB1,categorical,exact_values,<MISSING>,213371,19256,194115,0.09024656584071875,0.8128171331921313
INSULIN,binary,exact_values,1,5717,1577,4140,0.27584397411229666,0.021778383896871714
INSULIN,binary,exact_values,2,11667,2195,9472,0.18813748178623468,0.044444359790939705
INSULIN,binary,exact_values,9,19,7,12,0.3684210526315789,7.237874655248601e-05
INSULIN,binary,exact_values,<MISSING>,245105,19401,225704,0.07915383203117031,0.9337048775656361
BLDSUGAR,ordinal,exact_values,101,4440,948,3492,0.21351351351351353,0.016913770247001997
BLDSUGAR,ordinal,exact_values,102,3144,730,2414,0.2321882951653944,0.011976777850579792
BLDSUGAR,ordinal,exact_values,103,1599,458,1141,0.2864290181363352,0.006091242933548692
BLDSUGAR,ordinal,exact_values,104,896,252,644,0.28125,0.0034132293111067092
BLDSUGAR,ordinal,exact_values,105,232,62,170,0.2672413793103448,0.0008837825894829872
BLDSUGAR,ordinal,exact_values,106,134,31,103,0.23134328358208955,0.0005104606335806909
BLDSUGAR,ordinal,exact_values,107,39,9,30,0.23076923076923078,0.00014856690081826076
BLDSUGAR,ordinal,exact_values,108,43,6,37,0.13953488372093023,0.00016380453167141572
BLDSUGAR,ordinal,exact_values,109,3,1,2,0.3333333333333333,1.1428223139866213e-05
BLDSUGAR,ordinal,exact_values,110,24,6,18,0.25,9.142578511892971e-05
BLDSUGAR,ordinal,exact_values,111,2,2,0,1.0,7.618815426577475e-06
BLDSUGAR,ordinal,exact_values,112,5,1,4,0.2,1.9047038566443688e-05
BLDSUGAR,ordinal,exact_values,116,1,0,1,0.0,3.8094077132887377e-06
BLDSUGAR,ordinal,exact_values,148,1,0,1,0.0,3.8094077132887377e-06
BLDSUGAR,ordinal,exact_values,198,14,5,9,0.35714285714285715,5.333170798604233e-05
BLDSUGAR,ordinal,exact_values,199,1,1,0,1.0,3.8094077132887377e-06
BLDSUGAR,ordinal,exact_values,201,915,184,731,0.2010928961748634,0.003485608057659195
BLDSUGAR,ordinal,exact_values,202,664,131,533,0.19728915662650603,0.002529446721623722
BLDSUGAR,ordinal,exact_values,203,741,147,594,0.19838056680161945,0.0028227711155469548
BLDSUGAR,ordinal,exact_values,204,300,48,252,0.16,0.0011428223139866214
BLDSUGAR,ordinal,exact_values,205,114,19,95,0.16666666666666666,0.00043427247931491613
BLDSUGAR,ordinal,exact_values,206,24,5,19,0.20833333333333334,9.142578511892971e-05
BLDSUGAR,ordinal,exact_values,207,41,11,30,0.2682926829268293,0.00015618571624483824
BLDSUGAR,ordinal,exact_values,208,10,4,6,0.4,3.8094077132887376e-05
BLDSUGAR,ordinal,exact_values,209,3,1,2,0.3333333333333333,1.1428223139866213e-05
BLDSUGAR,ordinal,exact_values,210,7,2,5,0.2857142857142857,2.6665853993021166e-05
BLDSUGAR,ordinal,exact_values,212,2,0,2,0.0,7.618815426577475e-06
BLDSUGAR,ordinal,exact_values,214,1,1,0,1.0,3.8094077132887377e-06
BLDSUGAR,ordinal,exact_values,215,2,1,1,0.5,7.618815426577475e-06
BLDSUGAR,ordinal,exact_values,230,2,0,2,0.0,7.618815426577475e-06
BLDSUGAR,ordinal,exact_values,256,1,1,0,1.0,3.8094077132887377e-06
BLDSUGAR,ordinal,exact_values,301,464,82,382,0.17672413793103448,0.0017675651789659744
BLDSUGAR,ordinal,exact_values,302,220,39,181,0.17727272727272728,0.0008380696969235224
BLDSUGAR,ordinal,exact_values,303,72,15,57,0.20833333333333334,0.00027427735535678915
BLDSUGAR,ordinal,exact_values,304,49,10,39,0.20408163265306123,0.00018666097795114815
BLDSUGAR,ordinal,exact_values,305,21,2,19,0.09523809523809523,7.999756197906349e-05
BLDSUGAR,ordinal,exact_values,306,13,1,12,0.07692307692307693,4.952230027275359e-05
BLDSUGAR,ordinal,exact_values,307,8,2,6,0.25,3.04752617063099e-05
BLDSUGAR,ordinal,exact_values,308,4,0,4,0.0,1.523763085315495e-05
BLDSUGAR,ordinal,exact_values,309,1,1,0,1.0,3.8094077132887377e-06
BLDSUGAR,ordinal,exact_values,310,14,2,12,0.14285714285714285,5.333170798604233e-05
BLDSUGAR,ordinal,exact_values,312,5,1,4,0.2,1.9047038566443688e-05
BLDSUGAR,ordinal,exact_values,314,3,0,3,0.0,1.1428223139866213e-05
BLDSUGAR,ordinal,exact_values,315,49,11,38,0.22448979591836735,0.00018666097795114815
BLDSUGAR,ordinal,exact_values,318,2,0,2,0.0,7.618815426577475e-06
BLDSUGAR,ordinal,exact_values,320,10,1,9,0.1,3.8094077132887376e-05
BLDSUGAR,ordinal,exact_values,324,1,0,1,0.0,3.8094077132887377e-06
BLDSUGAR,ordinal,exact_values,330,34,9,25,0.2647058823529412,0.0001295198622518171
BLDSUGAR,ordinal,exact_values,331,1,0,1,0.0,3.8094077132887377e-06
BLDSUGAR,ordinal,exact_values,360,3,1,2,0.3333333333333333,1.1428223139866213e-05
BLDSUGAR,ordinal,exact_values,401,67,9,58,0.13432835820895522,0.00025523031679034543
BLDSUGAR,ordinal,exact_values,402,109,17,92,0.1559633027522936,0.0004152254407484724
BLDSUGAR,ordinal,exact_values,403,50,7,43,0.14,0.0001904703856644369
BLDSUGAR,ordinal,exact_values,404,112,16,96,0.14285714285714285,0.00042665366388833865
BLDSUGAR,ordinal,exact_values,405,14,4,10,0.2857142857142857,5.333170798604233e-05
BLDSUGAR,ordinal,exact_values,406,30,6,24,0.2,0.00011428223139866214
BLDSUGAR,ordinal,exact_values,407,3,1,2,0.3333333333333333,1.1428223139866213e-05
BLDSUGAR,ordinal,exact_values,408,2,1,1,0.5,7.618815426577475e-06
BLDSUGAR,ordinal,exact_values,409,1,1,0,1.0,3.8094077132887377e-06
BLDSUGAR,ordinal,exact_values,410,6,1,5,0.16666666666666666,2.2856446279732427e-05
BLDSUGAR,ordinal,exact_values,411,1,0,1,0.0,3.8094077132887377e-06
BLDSUGAR,ordinal,exact_values,412,6,2,4,0.3333333333333333,2.2856446279732427e-05
BLDSUGAR,ordinal,exact_values,415,3,0,3,0.0,1.1428223139866213e-05
BLDSUGAR,ordinal,exact_values,420,4,2,2,0.5,1.523763085315495e-05
BLDSUGAR,ordinal,exact_values,421,1,0,1,0.0,3.8094077132887377e-06
BLDSUGAR,ordinal,exact_values,424,2,1,1,0.5,7.618815426577475e-06
BLDSUGAR,ordinal,exact_values,425,2,1,1,0.5,7.618815426577475e-06
BLDSUGAR,ordinal,exact_values,430,6,1,5,0.16666666666666666,2.2856446279732427e-05
BLDSUGAR,ordinal,exact_values,450,2,0,2,0.0,7.618815426577475e-06
BLDSUGAR,ordinal,exact_values,475,1,0,1,0.0,3.8094077132887377e-06
BLDSUGAR,ordinal,exact_values,777,261,49,212,0.18773946360153257,0.0009942554131683605
BLDSUGAR,ordinal,exact_values,888,2296,405,1891,0.1763937282229965,0.008746400109710941
BLDSUGAR,ordinal,exact_values,999,44,11,33,0.25,0.00016761393938470446
BLDSUGAR,ordinal,exact_values,<MISSING>,245106,19401,225705,0.07915350909402463,0.9337086869733494
FEETCHK2,ordinal,exact_values,101,8990,1962,7028,0.21824249165739712,0.03424657534246575
FEETCHK2,ordinal,exact_values,102,873,243,630,0.27835051546391754,0.003325612933701068
FEETCHK2,ordinal,exact_values,103,163,49,114,0.3006134969325153,0.0006209334572660643
FEETCHK2,ordinal,exact_values,104,51,16,35,0.3137254901960784,0.00019427979337772563
FEETCHK2,ordinal,exact_values,105,35,5,30,0.14285714285714285,0.00013332926996510584
FEETCHK2,ordinal,exact_values,106,12,3,9,0.25,4.5712892559464854e-05
FEETCHK2,ordinal,exact_values,107,26,8,18,0.3076923076923077,9.904460054550719e-05
FEETCHK2,ordinal,exact_values,108,2,0,2,0.0,7.618815426577475e-06
FEETCHK2,ordinal,exact_values,109,1,0,1,0.0,3.8094077132887377e-06
FEETCHK2,ordinal,exact_values,110,6,1,5,0.16666666666666666,2.2856446279732427e-05
FEETCHK2,ordinal,exact_values,111,2,2,0,1.0,7.618815426577475e-06
FEETCHK2,ordinal,exact_values,112,1,1,0,1.0,3.8094077132887377e-06
FEETCHK2,ordinal,exact_values,130,2,1,1,0.5,7.618815426577475e-06
FEETCHK2,ordinal,exact_values,199,1,0,1,0.0,3.8094077132887377e-06
FEETCHK2,ordinal,exact_values,201,1422,299,1123,0.21026722925457103,0.005416977768296585
FEETCHK2,ordinal,exact_values,202,537,130,407,0.24208566108007448,0.0020456519420360524
FEETCHK2,ordinal,exact_values,203,449,103,346,0.22939866369710468,0.0017104240632666433
FEETCHK2,ordinal,exact_values,204,199,35,164,0.17587939698492464,0.0007580721349444589
FEETCHK2,ordinal,exact_values,205,103,21,82,0.20388349514563106,0.00039236899446874
FEETCHK2,ordinal,exact_values,206,19,4,15,0.21052631578947367,7.237874655248601e-05
FEETCHK2,ordinal,exact_values,207,176,35,141,0.19886363636363635,0.0006704557575388178
FEETCHK2,ordinal,exact_values,208,1,0,1,0.0,3.8094077132887377e-06
FEETCHK2,ordinal,exact_values,209,2,1,1,0.5,7.618815426577475e-06
FEETCHK2,ordinal,exact_values,210,2,1,1,0.5,7.618815426577475e-06
FEETCHK2,ordinal,exact_values,214,5,1,4,0.2,1.9047038566443688e-05
FEETCHK2,ordinal,exact_values,220,1,0,1,0.0,3.8094077132887377e-06
FEETCHK2,ordinal,exact_values,221,1,1,0,1.0,3.8094077132887377e-06
FEETCHK2,ordinal,exact_values,301,541,105,436,0.19408502772643252,0.002060889572889207
FEETCHK2,ordinal,exact_values,302,168,26,142,0.15476190476190477,0.0006399804958325079
FEETCHK2,ordinal,exact_values,303,33,9,24,0.2727272727272727,0.00012571045453852836
FEETCHK2,ordinal,exact_values,304,25,7,18,0.28,9.523519283221845e-05
FEETCHK2,ordinal,exact_values,305,14,2,12,0.14285714285714285,5.333170798604233e-05
FEETCHK2,ordinal,exact_values,306,4,1,3,0.25,1.523763085315495e-05
FEETCHK2,ordinal,exact_values,307,1,0,1,0.0,3.8094077132887377e-06
FEETCHK2,ordinal,exact_values,308,5,2,3,0.4,1.9047038566443688e-05
FEETCHK2,ordinal,exact_values,309,1,1,0,1.0,3.8094077132887377e-06
FEETCHK2,ordinal,exact_values,310,9,1,8,0.1111111111111111,3.4284669419598644e-05
FEETCHK2,ordinal,exact_values,312,2,0,2,0.0,7.618815426577475e-06
FEETCHK2,ordinal,exact_values,315,40,11,29,0.275,0.0001523763085315495
FEETCHK2,ordinal,exact_values,320,11,0,11,0.0,4.1903484846176115e-05
FEETCHK2,ordinal,exact_values,324,1,0,1,0.0,3.8094077132887377e-06
FEETCHK2,ordinal,exact_values,330,81,24,57,0.2962962962962963,0.0003085620247763878
FEETCHK2,ordinal,exact_values,331,1,0,1,0.0,3.8094077132887377e-06
FEETCHK2,ordinal,exact_values,360,1,1,0,1.0,3.8094077132887377e-06
FEETCHK2,ordinal,exact_values,399,2,0,2,0.0,7.618815426577475e-06
FEETCHK2,ordinal,exact_values,401,69,11,58,0.15942028985507245,0.0002628491322169229
FEETCHK2,ordinal,exact_values,402,70,14,56,0.2,0.00026665853993021167
FEETCHK2,ordinal,exact_values,403,28,7,21,0.25,0.00010666341597208466
FEETCHK2,ordinal,exact_values,404,63,18,45,0.2857142857142857,0.00023999268593719047
FEETCHK2,ordinal,exact_values,405,12,1,11,0.08333333333333333,4.5712892559464854e-05
FEETCHK2,ordinal,exact_values,406,17,4,13,0.23529411764705882,6.475993112590855e-05
FEETCHK2,ordinal,exact_values,407,1,1,0,1.0,3.8094077132887377e-06
FEETCHK2,ordinal,exact_values,408,1,0,1,0.0,3.8094077132887377e-06
FEETCHK2,ordinal,exact_values,409,1,0,1,0.0,3.8094077132887377e-06
FEETCHK2,ordinal,exact_values,410,3,1,2,0.3333333333333333,1.1428223139866213e-05
FEETCHK2,ordinal,exact_values,411,1,0,1,0.0,3.8094077132887377e-06
FEETCHK2,ordinal,exact_values,412,3,0,3,0.0,1.1428223139866213e-05
FEETCHK2,ordinal,exact_values,460,1,0,1,0.0,3.8094077132887377e-06
FEETCHK2,ordinal,exact_values,475,2,0,2,0.0,7.618815426577475e-06
FEETCHK2,ordinal,exact_values,499,3,2,1,0.6666666666666666,1.1428223139866213e-05
FEETCHK2,ordinal,exact_values,555,164,40,124,0.24390243902439024,0.000624742864979353
FEETCHK2,ordinal,exact_values,777,442,103,339,0.2330316742081448,0.0016837582092736221
FEETCHK2,ordinal,exact_values,888,2426,448,1978,0.18466611706512778,0.009241623112438478
FEETCHK2,ordinal,exact_values,999,71,16,55,0.22535211267605634,0.0002704679476435004
FEETCHK2,ordinal,exact_values,<MISSING>,245108,19402,225706,0.07915694306183396,0.933716305788776
DOCTDIAB,count,exact_values,1,2608,485,2123,0.18596625766871167,0.009934935316257028
DOCTDIAB,count,exact_values,2,3611,676,2935,0.18720576017723622,0.013755771252685633
DOCTDIAB,count,exact_values,3,2369,467,1902,0.19712959054453355,0.00902448687278102
DOCTDIAB,count,exact_values,4,4357,947,3410,0.21735138857011704,0.01659758940679903
DOCTDIAB,count,exact_values,5,375,99,276,0.264,0.0014285278924832767
DOCTDIAB,count,exact_values,6,613,183,430,0.29853181076672103,0.002335166928245996
DOCTDIAB,count,exact_values,7,77,19,58,0.24675324675324675,0.0002933243939232328
DOCTDIAB,count,exact_values,8,113,33,80,0.2920353982300885,0.00043046307160162737
DOCTDIAB,count,exact_values,9,27,4,23,0.14814814814814814,0.00010285400825879592
DOCTDIAB,count,exact_values,10,102,35,67,0.3431372549019608,0.00038855958675545126
DOCTDIAB,count,exact_values,11,12,3,9,0.25,4.5712892559464854e-05
DOCTDIAB,count,exact_values,12,650,215,435,0.33076923076923076,0.0024761150136376796
DOCTDIAB,count,exact_values,13,5,2,3,0.4,1.9047038566443688e-05
DOCTDIAB,count,exact_values,14,12,6,6,0.5,4.5712892559464854e-05
DOCTDIAB,count,exact_values,15,21,7,14,0.3333333333333333,7.999756197906349e-05
DOCTDIAB,count,exact_values,16,5,2,3,0.4,1.9047038566443688e-05
DOCTDIAB,count,exact_values,17,1,0,1,0.0,3.8094077132887377e-06
DOCTDIAB,count,exact_values,18,8,3,5,0.375,3.04752617063099e-05
DOCTDIAB,count,exact_values,20,27,9,18,0.3333333333333333,0.00010285400825879592
DOCTDIAB,count,exact_values,22,1,1,0,1.0,3.8094077132887377e-06
DOCTDIAB,count,exact_values,24,49,18,31,0.3673469387755102,0.00018666097795114815
DOCTDIAB,count,exact_values,25,4,1,3,0.25,1.523763085315495e-05
DOCTDIAB,count,exact_values,26,3,2,1,0.6666666666666666,1.1428223139866213e-05
DOCTDIAB,count,exact_values,27,2,0,2,0.0,7.618815426577475e-06
DOCTDIAB,count,exact_values,28,1,0,1,0.0,3.8094077132887377e-06
DOCTDIAB,count,exact_values,30,14,4,10,0.2857142857142857,5.333170798604233e-05
DOCTDIAB,count,exact_values,32,1,1,0,1.0,3.8094077132887377e-06
DOCTDIAB,count,exact_values,34,1,1,0,1.0,3.8094077132887377e-06
DOCTDIAB,count,exact_values,35,1,0,1,0.0,3.8094077132887377e-06
DOCTDIAB,count,exact_values,36,9,2,7,0.2222222222222222,3.4284669419598644e-05
DOCTDIAB,count,exact_values,40,7,4,3,0.5714285714285714,2.6665853993021166e-05
DOCTDIAB,count,exact_values,43,1,0,1,0.0,3.8094077132887377e-06
DOCTDIAB,count,exact_values,44,3,0,3,0.0,1.1428223139866213e-05
DOCTDIAB,count,exact_values,45,2,1,1,0.5,7.618815426577475e-06
DOCTDIAB,count,exact_values,47,1,0,1,0.0,3.8094077132887377e-06
DOCTDIAB,count,exact_values,48,5,1,4,0.2,1.9047038566443688e-05
DOCTDIAB,count,exact_values,50,5,2,3,0.4,1.9047038566443688e-05
DOCTDIAB,count,exact_values,52,9,4,5,0.4444444444444444,3.4284669419598644e-05
DOCTDIAB,count,exact_values,55,1,1,0,1.0,3.8094077132887377e-06
DOCTDIAB,count,exact_values,70,1,0,1,0.0,3.8094077132887377e-06
DOCTDIAB,count,exact_values,72,1,0,1,0.0,3.8094077132887377e-06
DOCTDIAB,count,exact_values,76,19,9,10,0.47368421052631576,7.237874655248601e-05
DOCTDIAB,count,exact_values,77,541,143,398,0.2643253234750462,0.002060889572889207
DOCTDIAB,count,exact_values,88,1652,368,1284,0.22276029055690072,0.006293141542352995
DOCTDIAB,count,exact_values,99,73,20,53,0.273972602739726,0.00027808676307007786
DOCTDIAB,count,exact_values,<MISSING>,245108,19402,225706,0.07915694306183396,0.933716305788776
CHKHEMO3,ordinal,exact_values,1,2698,491,2207,0.18198665678280207,0.010277782010453014
CHKHEMO3,ordinal,exact_values,2,4707,915,3792,0.19439133205863607,0.01793088210645009
CHKHEMO3,ordinal,exact_values,3,2678,596,2082,0.22255414488424197,0.01020159385618724
CHKHEMO3,ordinal,exact_values,4,4004,910,3094,0.22727272727272727,0.015252868484008107
CHKHEMO3,ordinal,exact_values,5,195,54,141,0.27692307692307694,0.0007428345040913039
CHKHEMO3,ordinal,exact_values,6,295,109,186,0.3694915254237288,0.0011237752754201776
CHKHEMO3,ordinal,exact_values,7,24,5,19,0.20833333333333334,9.142578511892971e-05
CHKHEMO3,ordinal,exact_values,8,39,13,26,0.3333333333333333,0.00014856690081826076
CHKHEMO3,ordinal,exact_values,9,14,3,11,0.21428571428571427,5.333170798604233e-05
CHKHEMO3,ordinal,exact_values,10,23,10,13,0.43478260869565216,8.761637740564097e-05
CHKHEMO3,ordinal,exact_values,11,1,0,1,0.0,3.8094077132887377e-06
CHKHEMO3,ordinal,exact_values,12,189,58,131,0.30687830687830686,0.0007199780578115714
CHKHEMO3,ordinal,exact_values,13,5,2,3,0.4,1.9047038566443688e-05
CHKHEMO3,ordinal,exact_values,14,2,0,2,0.0,7.618815426577475e-06
CHKHEMO3,ordinal,exact_values,15,10,6,4,0.6,3.8094077132887376e-05
CHKHEMO3,ordinal,exact_values,16,1,1,0,1.0,3.8094077132887377e-06
CHKHEMO3,ordinal,exact_values,18,2,1,1,0.5,7.618815426577475e-06
CHKHEMO3,ordinal,exact_values,20,6,3,3,0.5,2.2856446279732427e-05
CHKHEMO3,ordinal,exact_values,23,2,1,1,0.5,7.618815426577475e-06
CHKHEMO3,ordinal,exact_values,24,19,8,11,0.42105263157894735,7.237874655248601e-05
CHKHEMO3,ordinal,exact_values,25,2,0,2,0.0,7.618815426577475e-06
CHKHEMO3,ordinal,exact_values,27,1,1,0,1.0,3.8094077132887377e-06
CHKHEMO3,ordinal,exact_values,30,5,3,2,0.6,1.9047038566443688e-05
CHKHEMO3,ordinal,exact_values,32,1,0,1,0.0,3.8094077132887377e-06
CHKHEMO3,ordinal,exact_values,36,2,1,1,0.5,7.618815426577475e-06
CHKHEMO3,ordinal,exact_values,38,1,1,0,1.0,3.8094077132887377e-06
CHKHEMO3,ordinal,exact_values,40,1,0,1,0.0,3.8094077132887377e-06
CHKHEMO3,ordinal,exact_values,43,1,0,1,0.0,3.8094077132887377e-06
CHKHEMO3,ordinal,exact_values,48,4,2,2,0.5,1.523763085315495e-05
CHKHEMO3,ordinal,exact_values,52,4,1,3,0.25,1.523763085315495e-05
CHKHEMO3,ordinal,exact_values,60,1,1,0,1.0,3.8094077132887377e-06
CHKHEMO3,ordinal,exact_values,72,1,0,1,0.0,3.8094077132887377e-06
CHKHEMO3,ordinal,exact_values,74,1,0,1,0.0,3.8094077132887377e-06
CHKHEMO3,ordinal,exact_values,76,11,5,6,0.45454545454545453,4.1903484846176115e-05
CHKHEMO3,ordinal,exact_values,77,1098,294,804,0.2677595628415301,0.004182729669191034
CHKHEMO3,ordinal,exact_values,88,910,160,750,0.17582417582417584,0.0034665610190927516
CHKHEMO3,ordinal,exact_values,98,386,109,277,0.2823834196891192,0.0014704313773294527
CHKHEMO3,ordinal,exact_values,99,56,14,42,0.25,0.00021332683194416933
CHKHEMO3,ordinal,exact_values,<MISSING>,245108,19402,225706,0.07915694306183396,0.933716305788776
FEETCHK,count,exact_values,1,3856,700,3156,0.18153526970954356,0.014689076142441373
FEETCHK,count,exact_values,2,3344,707,2637,0.21142344497607657,0.01273865939323754
FEETCHK,count,exact_values,3,1648,363,1285,0.22026699029126215,0.00627790391149984
FEETCHK,count,exact_values,4,2617,613,2004,0.2342376767290791,0.009969219985676627
FEETCHK,count,exact_values,5,221,71,150,0.3212669683257919,0.0008418791046368111
FEETCHK,count,exact_values,6,497,147,350,0.29577464788732394,0.0018932756335045028
FEETCHK,count,exact_values,7,40,12,28,0.3,0.0001523763085315495
FEETCHK,count,exact_values,8,70,23,47,0.32857142857142857,0.00026665853993021167
FEETCHK,count,exact_values,9,32,6,26,0.1875,0.0001219010468252396
FEETCHK,count,exact_values,10,76,26,50,0.34210526315789475,0.00028951498620994405
FEETCHK,count,exact_values,11,5,1,4,0.2,1.9047038566443688e-05
FEETCHK,count,exact_values,12,330,118,212,0.3575757575757576,0.0012571045453852836
FEETCHK,count,exact_values,13,1,0,1,0.0,3.8094077132887377e-06
FEETCHK,count,exact_values,14,5,3,2,0.6,1.9047038566443688e-05
FEETCHK,count,exact_values,15,27,10,17,0.37037037037037035,0.00010285400825879592
FEETCHK,count,exact_values,16,3,1,2,0.3333333333333333,1.1428223139866213e-05
FEETCHK,count,exact_values,18,1,0,1,0.0,3.8094077132887377e-06
FEETCHK,count,exact_values,20,18,3,15,0.16666666666666666,6.856933883919729e-05
FEETCHK,count,exact_values,22,1,1,0,1.0,3.8094077132887377e-06
FEETCHK,count,exact_values,23,1,0,1,0.0,3.8094077132887377e-06
FEETCHK,count,exact_values,24,36,14,22,0.3888888888888889,0.00013713867767839458
FEETCHK,count,exact_values,25,3,1,2,0.3333333333333333,1.1428223139866213e-05
FEETCHK,count,exact_values,26,6,3,3,0.5,2.2856446279732427e-05
FEETCHK,count,exact_values,30,12,7,5,0.5833333333333334,4.5712892559464854e-05
FEETCHK,count,exact_values,32,1,0,1,0.0,3.8094077132887377e-06
FEETCHK,count,exact_values,35,3,0,3,0.0,1.1428223139866213e-05
FEETCHK,count,exact_values,36,5,3,2,0.6,1.9047038566443688e-05
FEETCHK,count,exact_values,38,1,1,0,1.0,3.8094077132887377e-06
FEETCHK,count,exact_values,40,4,1,3,0.25,1.523763085315495e-05
FEETCHK,count,exact_values,43,1,0,1,0.0,3.8094077132887377e-06
FEETCHK,count,exact_values,48,7,4,3,0.5714285714285714,2.6665853993021166e-05
FEETCHK,count,exact_values,50,6,5,1,0.8333333333333334,2.2856446279732427e-05
FEETCHK,count,exact_values,52,17,7,10,0.4117647058823529,6.475993112590855e-05
FEETCHK,count,exact_values,56,3,2,1,0.6666666666666666,1.1428223139866213e-05
FEETCHK,count,exact_values,60,1,0,1,0.0,3.8094077132887377e-06
FEETCHK,count,exact_values,65,1,0,1,0.0,3.8094077132887377e-06
FEETCHK,count,exact_values,70,1,1,0,1.0,3.8094077132887377e-06
FEETCHK,count,exact_values,72,2,0,2,0.0,7.618815426577475e-06
FEETCHK,count,exact_values,75,1,0,1,0.0,3.8094077132887377e-06
FEETCHK,count,exact_values,76,43,16,27,0.37209302325581395,0.00016380453167141572
FEETCHK,count,exact_values,77,459,138,321,0.3006535947712418,0.0017485181403995307
FEETCHK,count,exact_values,88,3782,721,3061,0.19063987308302485,0.014407179971658007
FEETCHK,count,exact_values,99,48,9,39,0.1875,0.00018285157023785942
FEETCHK,count,exact_values,<MISSING>,245272,19442,225830,0.07926709938354154,0.9343410486537553
EYEEXAM,categorical,exact_values,1,3650,847,2803,0.23205479452054795,0.013904338153503892
EYEEXAM,categorical,exact_values,2,8750,1870,6880,0.21371428571428572,0.03333231749127646
EYEEXAM,categorical,exact_values,3,2175,461,1714,0.21195402298850574,0.008285461776403005
EYEEXAM,categorical,exact_values,4,2026,463,1563,0.22852912142152024,0.007717860027122983
EYEEXAM,categorical,exact_values,7,250,48,202,0.192,0.0009523519283221845
EYEEXAM,categorical,exact_values,8,527,85,442,0.16129032258064516,0.002007557864903165
EYEEXAM,categorical,exact_values,9,22,4,18,0.18181818181818182,8.380696969235223e-05
EYEEXAM,categorical,exact_values,<MISSING>,245108,19402,225706,0.07915694306183396,0.933716305788776
DIABEYE,binary,exact_values,1,3075,935,2140,0.3040650406504065,0.01171392871836287
DIABEYE,binary,exact_values,2,14114,2781,11333,0.19703840158707667,0.053765980465357244
DIABEYE,binary,exact_values,7,198,59,139,0.29797979797979796,0.0007542627272311701
DIABEYE,binary,exact_values,9,12,3,9,0.25,4.5712892559464854e-05
DIABEYE,binary,exact_values,<MISSING>,245109,19402,225707,0.07915662011594841,0.9337201151964892
DIABEDU,binary,exact_values,1,9698,2152,7546,0.22190142297380902,0.03694363600347418
DIABEDU,binary,exact_values,2,7627,1609,6018,0.21096105939425724,0.029054352629253204
DIABEDU,binary,exact_values,7,61,14,47,0.22950819672131148,0.00023237387051061302
DIABEDU,binary,exact_values,9,13,3,10,0.23076923076923078,4.952230027275359e-05
DIABEDU,binary,exact_values,<MISSING>,245109,19402,225707,0.07915662011594841,0.9337201151964892
CAREGIV1,categorical,exact_values,1,14296,1346,12950,0.09415221040850588,0.0544592926691758
CAREGIV1,categorical,exact_values,2,49827,4890,44937,0.09813956288759107,0.18981135813003794
CAREGIV1,categorical,exact_values,7,129,21,108,0.16279069767441862,0.0004914135950142472
CAREGIV1,categorical,exact_values,8,131,12,119,0.0916030534351145,0.0004990324104408246
CAREGIV1,categorical,exact_values,9,69,4,65,0.057971014492753624,0.0002628491322169229
CAREGIV1,categorical,exact_values,<MISSING>,198056,16907,181149,0.08536474532455467,0.7544760540631142
CRGVREL1,categorical,exact_values,1,3186,196,2990,0.061519146264908973,0.01213677297453792
CRGVREL1,categorical,exact_values,2,1179,54,1125,0.04580152671755725,0.004491291693967422
CRGVREL1,categorical,exact_values,3,577,46,531,0.07972270363951472,0.0021980282505676017
CRGVREL1,categorical,exact_values,4,210,13,197,0.06190476190476191,0.0007999756197906349
CRGVREL1,categorical,exact_values,5,1232,132,1100,0.10714285714285714,0.004693190302771725
CRGVREL1,categorical,exact_values,6,1434,140,1294,0.09762900976290098,0.0054626906608560505
CRGVREL1,categorical,exact_values,7,999,223,776,0.22322322322322322,0.003805598305575449
CRGVREL1,categorical,exact_values,8,20,4,16,0.2,7.618815426577475e-05
CRGVREL1,categorical,exact_values,9,507,64,443,0.126232741617357,0.0019313697106373901
CRGVREL1,categorical,exact_values,10,708,80,628,0.11299435028248588,0.002697060661008426
CRGVREL1,categorical,exact_values,11,511,9,502,0.01761252446183953,0.001946607341490545
CRGVREL1,categorical,exact_values,12,173,4,169,0.023121387283236993,0.0006590275343989517
CRGVREL1,categorical,exact_values,13,135,21,114,0.15555555555555556,0.0005142700412939796
CRGVREL1,categorical,exact_values,14,999,92,907,0.0920920920920921,0.003805598305575449
CRGVREL1,categorical,exact_values,15,2324,260,2064,0.11187607573149742,0.008853063525683026
CRGVREL1,categorical,exact_values,77,28,1,27,0.03571428571428571,0.00010666341597208466
CRGVREL1,categorical,exact_values,99,70,6,64,0.08571428571428572,0.00026665853993021167
CRGVREL1,categorical,exact_values,<MISSING>,248216,21835,226381,0.08796773777677507,0.9455559449616774
CRGVLNG1,ordinal,exact_values,1,2640,216,2424,0.08181818181818182,0.010056836363082269
CRGVLNG1,ordinal,exact_values,2,1783,138,1645,0.07739764441951767,0.00679217395279382
CRGVLNG1,ordinal,exact_values,3,2556,240,2316,0.09389671361502347,0.009736846115166014
CRGVLNG1,ordinal,exact_values,4,2920,292,2628,0.1,0.011123470522803115
CRGVLNG1,ordinal,exact_values,5,4187,438,3749,0.10460950561261047,0.015949990095539945
CRGVLNG1,ordinal,exact_values,7,165,18,147,0.10909090909090909,0.0006285522726926418
CRGVLNG1,ordinal,exact_values,9,28,3,25,0.10714285714285714,0.00010666341597208466
CRGVLNG1,ordinal,exact_values,<MISSING>,248229,21835,226394,0.08796313081871981,0.9456054672619502
CRGVHRS1,ordinal,exact_values,1,7758,681,7077,0.08778035576179427,0.029553385039694027
CRGVHRS1,ordinal,exact_values,2,1743,141,1602,0.08089500860585198,0.0066397976442622705
CRGVHRS1,ordinal,exact_values,3,1369,113,1256,0.08254200146092038,0.005215079159492282
CRGVHRS1,ordinal,exact_values,4,2549,314,2235,0.12318556296586897,0.009710180261172994
CRGVHRS1,ordinal,exact_values,7,727,82,645,0.11279229711141678,0.0027694394075609124
CRGVHRS1,ordinal,exact_values,9,113,12,101,0.10619469026548672,0.00043046307160162737
CRGVHRS1,ordinal,exact_values,<MISSING>,248249,21837,226412,0.08796410056032451,0.9456816554162158
CRGVPRB1,categorical,exact_values,1,864,85,779,0.09837962962962964,0.0032913282642814696
CRGVPRB1,categorical,exact_values,2,79,9,70,0.11392405063291139,0.0003009432093498103
CRGVPRB1,categorical,exact_values,3,1108,106,1002,0.09566787003610108,0.004220823746323921
CRGVPRB1,categorical,exact_values,4,549,54,495,0.09836065573770492,0.002091364834595517
CRGVPRB1,categorical,exact_values,5,1400,127,1273,0.09071428571428572,0.005333170798604233
CRGVPRB1,categorical,exact_values,6,472,39,433,0.0826271186440678,0.0017980404406722844
CRGVPRB1,categorical,exact_values,7,757,65,692,0.08586525759577279,0.0028837216389595746
CRGVPRB1,categorical,exact_values,8,1007,105,902,0.10427010923535253,0.003836073567281759
CRGVPRB1,categorical,exact_values,9,25,5,20,0.2,9.523519283221845e-05
CRGVPRB1,categorical,exact_values,10,549,51,498,0.09289617486338798,0.002091364834595517
CRGVPRB1,categorical,exact_values,11,337,32,305,0.09495548961424333,0.0012837703993783046
CRGVPRB1,categorical,exact_values,12,40,4,36,0.1,0.0001523763085315495
CRGVPRB1,categorical,exact_values,13,6381,595,5786,0.09324557279423287,0.024307830618495438
CRGVPRB1,categorical,exact_values,77,322,32,290,0.09937888198757763,0.0012266292836789737
CRGVPRB1,categorical,exact_values,99,352,33,319,0.09375,0.0013409115150776357
CRGVPRB1,categorical,exact_values,<MISSING>,248266,21838,226428,0.08796210516139946,0.9457464153473418
CRGVPERS,binary,exact_values,1,7166,641,6525,0.0894501814122244,0.027298215673427096
CRGVPERS,binary,exact_values,2,6974,692,6282,0.09922569544020649,0.026566809392475656
CRGVPERS,binary,exact_values,7,31,3,28,0.0967741935483871,0.00011809163911195088
CRGVPERS,binary,exact_values,9,50,6,44,0.12,0.0001904703856644369
CRGVPERS,binary,exact_values,<MISSING>,248287,21838,226449,0.08795466536709534,0.9458264129093209
CRGVHOUS,binary,exact_values,1,11006,1003,10003,0.09113210975831365,0.04192634129245585
CRGVHOUS,binary,exact_values,2,3129,332,2797,0.1061041866410994,0.011919636734880461
CRGVHOUS,binary,exact_values,7,38,3,35,0.07894736842105263,0.00014475749310497203
CRGVHOUS,binary,exact_values,9,40,4,36,0.1,0.0001523763085315495
CRGVHOUS,binary,exact_values,<MISSING>,248295,21838,226457,0.08795183149076703,0.9458568881710272
CRGVMST2,categorical,exact_values,1,177,16,161,0.0903954802259887,0.0006742651652521066
CRGVMST2,categorical,exact_values,2,1155,102,1053,0.08831168831168831,0.004399865908848492
CRGVMST2,categorical,exact_values,3,372,49,323,0.13172043010752688,0.0014170996693434106
CRGVMST2,categorical,exact_values,4,271,25,246,0.09225092250922509,0.001032349490301248
CRGVMST2,categorical,exact_values,5,381,40,341,0.10498687664041995,0.0014513843387630092
CRGVMST2,categorical,exact_values,6,11374,1057,10317,0.09293124670300686,0.043328203330946106
CRGVMST2,categorical,exact_values,7,356,41,315,0.1151685393258427,0.0013561491459307907
CRGVMST2,categorical,exact_values,9,88,10,78,0.11363636363636363,0.0003352278787694089
CRGVMST2,categorical,exact_values,<MISSING>,248334,21840,226494,0.08794607262799295,0.9460054550718454
CRGVEXPT,binary,exact_values,1,7660,622,7038,0.08120104438642298,0.029180063083791733
CRGVEXPT,binary,exact_values,2,38630,3862,34768,0.09997411338338079,0.14715741996434395
CRGVEXPT,binary,exact_values,7,3588,409,3179,0.11399108138238573,0.013668154875279991
CRGVEXPT,binary,exact_values,9,116,18,98,0.15517241379310345,0.0004418912947414936
CRGVEXPT,binary,exact_values,<MISSING>,212514,18269,194245,0.08596610105687155,0.8095524707818429
VIDFCLT2,ordinal,exact_values,1,1492,171,1321,0.1146112600536193,0.005683636308226797
VIDFCLT2,ordinal,exact_values,2,247,38,209,0.15384615384615385,0.0009409237051823182
VIDFCLT2,ordinal,exact_values,3,114,19,95,0.16666666666666666,0.00043427247931491613
VIDFCLT2,ordinal,exact_values,4,31,6,25,0.1935483870967742,0.00011809163911195088
VIDFCLT2,ordinal,exact_values,5,19,8,11,0.42105263157894735,7.237874655248601e-05
VIDFCLT2,ordinal,exact_values,6,6,1,5,0.16666666666666666,2.2856446279732427e-05
VIDFCLT2,ordinal,exact_values,7,1,0,1,0.0,3.8094077132887377e-06
VIDFCLT2,ordinal,exact_values,8,3,0,3,0.0,1.1428223139866213e-05
VIDFCLT2,ordinal,exact_values,<MISSING>,260595,22937,237658,0.08801780540685739,0.9927126030444786
VIREDIF3,ordinal,exact_values,1,1109,122,987,0.11000901713255185,0.00422463315403721
VIREDIF3,ordinal,exact_values,2,396,59,337,0.14898989898989898,0.0015085254544623403
VIREDIF3,ordinal,exact_values,3,256,31,225,0.12109375,0.0009752083746019168
VIREDIF3,ordinal,exact_values,4,101,21,80,0.2079207920792079,0.0003847501790421625
VIREDIF3,ordinal,exact_values,5,27,8,19,0.2962962962962963,0.00010285400825879592
VIREDIF3,ordinal,exact_values,6,8,0,8,0.0,3.04752617063099e-05
VIREDIF3,ordinal,exact_values,7,10,2,8,0.2,3.8094077132887376e-05
VIREDIF3,ordinal,exact_values,<MISSING>,260601,22937,237664,0.0880157789110556,0.9927354594907584
VIPRFVS2,categorical,exact_values,1,304,47,257,0.15460526315789475,0.0011580599448397762
VIPRFVS2,categorical,exact_values,2,942,102,840,0.10828025477707007,0.0035884620659179913
VIPRFVS2,categorical,exact_values,3,316,39,277,0.12341772151898735,0.0012037728373992412
VIPRFVS2,categorical,exact_values,4,296,48,248,0.16216216216216217,0.0011275846831334665
VIPRFVS2,categorical,exact_values,5,30,1,29,0.03333333333333333,0.00011428223139866214
VIPRFVS2,categorical,exact_values,7,17,6,11,0.35294117647058826,6.475993112590855e-05
VIPRFVS2,categorical,exact_values,9,2,0,2,0.0,7.618815426577475e-06
VIPRFVS2,categorical,exact_values,<MISSING>,260601,22937,237664,0.0880157789110556,0.9927354594907584
VINOCRE2,categorical,exact_values,1,139,24,115,0.17266187050359713,0.0005295076721471345
VINOCRE2,categorical,exact_values,2,6,1,5,0.16666666666666666,2.2856446279732427e-05
VINOCRE2,categorical,exact_values,3,8,4,4,0.5,3.04752617063099e-05
VINOCRE2,categorical,exact_values,4,8,4,4,0.5,3.04752617063099e-05
VINOCRE2,categorical,exact_values,5,265,30,235,0.11320754716981132,0.0010094930440215156
VINOCRE2,categorical,exact_values,6,48,7,41,0.14583333333333334,0.00018285157023785942
VINOCRE2,categorical,exact_values,7,171,21,150,0.12280701754385964,0.0006514087189723742
VINOCRE2,categorical,exact_values,8,2,0,2,0.0,7.618815426577475e-06
VINOCRE2,categorical,exact_values,77,10,3,7,0.3,3.8094077132887376e-05
VINOCRE2,categorical,exact_values,99,3,0,3,0.0,1.1428223139866213e-05
VINOCRE2,categorical,exact_values,<MISSING>,261848,23086,238762,0.08816565335614555,0.9974857909092294
VIEYEXM2,categorical,exact_values,1,153,24,129,0.1568627450980392,0.0005828393801331769
VIEYEXM2,categorical,exact_values,2,662,55,607,0.08308157099697885,0.0025218279061971446
VIEYEXM2,categorical,exact_values,3,222,17,205,0.07657657657657657,0.0008456885123500998
VIEYEXM2,categorical,exact_values,4,337,35,302,0.10385756676557864,0.0012837703993783046
VIEYEXM2,categorical,exact_values,5,104,8,96,0.07692307692307693,0.00039617840218202874
VIEYEXM2,categorical,exact_values,7,39,3,36,0.07692307692307693,0.00014856690081826076
VIEYEXM2,categorical,exact_values,8,1,0,1,0.0,3.8094077132887377e-06
VIEYEXM2,categorical,exact_values,9,2,0,2,0.0,7.618815426577475e-06
VIEYEXM2,categorical,exact_values,<MISSING>,260988,23038,237950,0.08827225772832467,0.9942097002758011
VIINSUR2,categorical,exact_values,1,1050,120,930,0.11428571428571428,0.003999878098953175
VIINSUR2,categorical,exact_values,2,800,116,684,0.145,0.0030475261706309903
VIINSUR2,categorical,exact_values,7,51,7,44,0.13725490196078433,0.00019427979337772563
VIINSUR2,categorical,exact_values,8,1,0,1,0.0,3.8094077132887377e-06
VIINSUR2,categorical,exact_values,<MISSING>,260606,22937,237669,0.08801409023583494,0.9927545065293248
VICTRCT4,categorical,exact_values,1,382,57,325,0.14921465968586387,0.001455193746476298
VICTRCT4,categorical,exact_values,2,327,68,259,0.20795107033639143,0.0012456763222454172
VICTRCT4,categorical,exact_values,3,1186,118,1068,0.09949409780775717,0.004517957547960443
VICTRCT4,categorical,exact_values,7,6,0,6,0.0,2.2856446279732427e-05
VICTRCT4,categorical,exact_values,<MISSING>,260607,22937,237670,0.08801375250856654,0.9927583159370381
VIGLUMA2,binary,exact_values,1,128,25,103,0.1953125,0.0004876041873009584
VIGLUMA2,binary,exact_values,2,1764,215,1549,0.12188208616780045,0.006719795206241334
VIGLUMA2,binary,exact_values,7,9,3,6,0.3333333333333333,3.4284669419598644e-05
VIGLUMA2,binary,exact_values,<MISSING>,260607,22937,237670,0.08801375250856654,0.9927583159370381
VIMACDG2,binary,exact_values,1,116,25,91,0.21551724137931033,0.0004418912947414936
VIMACDG2,binary,exact_values,2,1765,217,1548,0.12294617563739377,0.006723604613954623
VIMACDG2,binary,exact_values,7,19,1,18,0.05263157894736842,7.237874655248601e-05
VIMACDG2,binary,exact_values,<MISSING>,260608,22937,237671,0.08801341478388998,0.9927621253447514
CIMEMLOS,categorical,exact_values,1,7237,1649,5588,0.22785684675970705,0.027568683621070594
CIMEMLOS,categorical,exact_values,2,61550,6637,54913,0.1078310316815597,0.23446904475292182
CIMEMLOS,categorical,exact_values,7,485,87,398,0.17938144329896907,0.0018475627409450378
CIMEMLOS,categorical,exact_values,9,110,23,87,0.20909090909090908,0.0004190348484617612
CIMEMLOS,categorical,exact_values,<MISSING>,193126,14784,178342,0.07655105992978677,0.7356956740366007
CDHOUSE,ordinal,exact_values,1,532,176,356,0.3308270676691729,0.0020266049034696086
CDHOUSE,ordinal,exact_values,2,476,128,348,0.2689075630252101,0.0018132780715254392
CDHOUSE,ordinal,exact_values,3,1799,480,1319,0.2668148971650917,0.006853124476206439
CDHOUSE,ordinal,exact_values,4,1039,229,810,0.22040423484119345,0.003957974614106998
CDHOUSE,ordinal,exact_values,5,3685,677,3008,0.18371777476255088,0.014037667423469
CDHOUSE,ordinal,exact_values,7,159,37,122,0.23270440251572327,0.0006056958264129093
CDHOUSE,ordinal,exact_values,9,28,8,20,0.2857142857142857,0.00010666341597208466
CDHOUSE,ordinal,exact_values,<MISSING>,254790,21445,233345,0.08416735350680953,0.9705989912688375
CDASSIST,ordinal,exact_values,1,457,153,304,0.3347921225382932,0.0017408993249729532
CDASSIST,ordinal,exact_values,2,376,105,271,0.27925531914893614,0.0014323373001965654
CDASSIST,ordinal,exact_values,3,1620,445,1175,0.27469135802469136,0.006171240495527756
CDASSIST,ordinal,exact_values,4,1157,263,894,0.22731201382886776,0.004407484724275069
CDASSIST,ordinal,exact_values,5,4008,748,3260,0.18662674650698602,0.015268106114861261
CDASSIST,ordinal,exact_values,7,69,15,54,0.21739130434782608,0.0002628491322169229
CDASSIST,ordinal,exact_values,9,20,5,15,0.25,7.618815426577475e-05
CDASSIST,ordinal,exact_values,<MISSING>,254801,21446,233355,0.08416764455398526,0.9706408947536836
CDHELP,ordinal,exact_values,1,1010,295,715,0.29207920792079206,0.0038475017904216254
CDHELP,ordinal,exact_values,2,492,141,351,0.2865853658536585,0.001874228594938059
CDHELP,ordinal,exact_values,3,614,181,433,0.2947882736156352,0.002338976335959285
CDHELP,ordinal,exact_values,4,170,41,129,0.2411764705882353,0.0006475993112590855
CDHELP,ordinal,exact_values,5,146,41,105,0.2808219178082192,0.0005561735261401557
CDHELP,ordinal,exact_values,7,18,4,14,0.2222222222222222,6.856933883919729e-05
CDHELP,ordinal,exact_values,9,2,0,2,0.0,7.618815426577475e-06
CDHELP,ordinal,exact_values,<MISSING>,260056,22477,237579,0.08643138400959793,0.990659332287016
CDSOCIAL,ordinal,exact_values,1,697,204,493,0.2926829268292683,0.00265515717616225
CDSOCIAL,ordinal,exact_values,2,419,129,290,0.30787589498806683,0.001596141831867981
CDSOCIAL,ordinal,exact_values,3,1398,345,1053,0.24678111587982832,0.005325551983177655
CDSOCIAL,ordinal,exact_values,4,1121,227,894,0.2024977698483497,0.004270346046596675
CDSOCIAL,ordinal,exact_values,5,3915,786,3129,0.20076628352490422,0.014913831197525408
CDSOCIAL,ordinal,exact_values,7,125,34,91,0.272,0.00047617596416109223
CDSOCIAL,ordinal,exact_values,9,19,8,11,0.42105263157894735,7.237874655248601e-05
CDSOCIAL,ordinal,exact_values,<MISSING>,254814,21447,233367,0.08416727495349549,0.9706904170539564
CDDISCUS,binary,exact_values,1,3397,865,2532,0.25463644392110685,0.012940558002041842
CDDISCUS,binary,exact_values,2,4215,845,3370,0.20047449584816132,0.01605665351151203
CDDISCUS,binary,exact_values,7,64,19,45,0.296875,0.0002438020936504792
CDDISCUS,binary,exact_values,9,10,3,7,0.3,3.8094077132887376e-05
CDDISCUS,binary,exact_values,<MISSING>,254822,21448,233374,0.0841685568749951,0.9707208923156627
WTCHSALT,categorical,exact_values,1,15017,1985,13032,0.13218352533795033,0.057205875630456975
WTCHSALT,categorical,exact_values,2,9324,606,8718,0.064993564993565,0.035518917518704195
WTCHSALT,categorical,exact_values,7,87,9,78,0.10344827586206896,0.0003314184710561202
WTCHSALT,categorical,exact_values,9,45,9,36,0.2,0.0001714233470979932
WTCHSALT,categorical,exact_values,<MISSING>,238035,20571,217464,0.0864200642762619,0.9067723650326848
LONGWTCH,count,exact_values,101,170,24,146,0.1411764705882353,0.0006475993112590855
LONGWTCH,count,exact_values,102,12,1,11,0.08333333333333333,4.5712892559464854e-05
LONGWTCH,count,exact_values,103,22,0,22,0.0,8.380696969235223e-05
LONGWTCH,count,exact_values,104,7,2,5,0.2857142857142857,2.6665853993021166e-05
LONGWTCH,count,exact_values,105,15,4,11,0.26666666666666666,5.714111569933107e-05
LONGWTCH,count,exact_values,106,3,0,3,0.0,1.1428223139866213e-05
LONGWTCH,count,exact_values,107,173,20,153,0.11560693641618497,0.0006590275343989517
LONGWTCH,count,exact_values,108,2,1,1,0.5,7.618815426577475e-06
LONGWTCH,count,exact_values,110,1,0,1,0.0,3.8094077132887377e-06
LONGWTCH,count,exact_values,111,1,0,1,0.0,3.8094077132887377e-06
LONGWTCH,count,exact_values,112,1,0,1,0.0,3.8094077132887377e-06
LONGWTCH,count,exact_values,114,3,0,3,0.0,1.1428223139866213e-05
LONGWTCH,count,exact_values,115,8,2,6,0.25,3.04752617063099e-05
LONGWTCH,count,exact_values,117,1,0,1,0.0,3.8094077132887377e-06
LONGWTCH,count,exact_values,120,3,0,3,0.0,1.1428223139866213e-05
LONGWTCH,count,exact_values,121,2,0,2,0.0,7.618815426577475e-06
LONGWTCH,count,exact_values,125,3,0,3,0.0,1.1428223139866213e-05
LONGWTCH,count,exact_values,128,2,1,1,0.5,7.618815426577475e-06
LONGWTCH,count,exact_values,129,1,0,1,0.0,3.8094077132887377e-06
LONGWTCH,count,exact_values,130,44,4,40,0.09090909090909091,0.00016761393938470446
LONGWTCH,count,exact_values,131,1,0,1,0.0,3.8094077132887377e-06
LONGWTCH,count,exact_values,140,4,0,4,0.0,1.523763085315495e-05
LONGWTCH,count,exact_values,160,5,0,5,0.0,1.9047038566443688e-05
LONGWTCH,count,exact_values,165,1,0,1,0.0,3.8094077132887377e-06
LONGWTCH,count,exact_values,190,2,1,1,0.5,7.618815426577475e-06
LONGWTCH,count,exact_values,199,3,1,2,0.3333333333333333,1.1428223139866213e-05
LONGWTCH,count,exact_values,201,50,1,49,0.02,0.0001904703856644369
LONGWTCH,count,exact_values,202,67,3,64,0.04477611940298507,0.00025523031679034543
LONGWTCH,count,exact_values,203,38,3,35,0.07894736842105263,0.00014475749310497203
LONGWTCH,count,exact_values,204,11,0,11,0.0,4.1903484846176115e-05
LONGWTCH,count,exact_values,205,6,0,6,0.0,2.2856446279732427e-05
LONGWTCH,count,exact_values,206,4,0,4,0.0,1.523763085315495e-05
LONGWTCH,count,exact_values,207,14,3,11,0.21428571428571427,5.333170798604233e-05
LONGWTCH,count,exact_values,208,2,1,1,0.5,7.618815426577475e-06
LONGWTCH,count,exact_values,210,1,1,0,1.0,3.8094077132887377e-06
LONGWTCH,count,exact_values,215,1,0,1,0.0,3.8094077132887377e-06
LONGWTCH,count,exact_values,220,1,0,1,0.0,3.8094077132887377e-06
LONGWTCH,count,exact_values,230,2,0,2,0.0,7.618815426577475e-06
LONGWTCH,count,exact_values,252,2,0,2,0.0,7.618815426577475e-06
LONGWTCH,count,exact_values,301,164,12,152,0.07317073170731707,0.000624742864979353
LONGWTCH,count,exact_values,302,233,19,214,0.0815450643776824,0.0008875919971962759
LONGWTCH,count,exact_values,303,204,12,192,0.058823529411764705,0.0007771191735109025
LONGWTCH,count,exact_values,304,97,8,89,0.08247422680412371,0.0003695125481890076
LONGWTCH,count,exact_values,305,90,10,80,0.1111111111111111,0.0003428466941959864
LONGWTCH,count,exact_values,306,407,42,365,0.10319410319410319,0.0015504289393085163
LONGWTCH,count,exact_values,307,33,3,30,0.09090909090909091,0.00012571045453852836
LONGWTCH,count,exact_values,308,50,8,42,0.16,0.0001904703856644369
LONGWTCH,count,exact_values,309,37,8,29,0.21621621621621623,0.00014094808539168331
LONGWTCH,count,exact_values,310,21,4,17,0.19047619047619047,7.999756197906349e-05
LONGWTCH,count,exact_values,311,6,0,6,0.0,2.2856446279732427e-05
LONGWTCH,count,exact_values,312,26,3,23,0.11538461538461539,9.904460054550719e-05
LONGWTCH,count,exact_values,315,3,0,3,0.0,1.1428223139866213e-05
LONGWTCH,count,exact_values,318,11,2,9,0.18181818181818182,4.1903484846176115e-05
LONGWTCH,count,exact_values,320,2,0,2,0.0,7.618815426577475e-06
LONGWTCH,count,exact_values,324,2,1,1,0.5,7.618815426577475e-06
LONGWTCH,count,exact_values,327,1,0,1,0.0,3.8094077132887377e-06
LONGWTCH,count,exact_values,330,21,2,19,0.09523809523809523,7.999756197906349e-05
LONGWTCH,count,exact_values,335,1,1,0,1.0,3.8094077132887377e-06
LONGWTCH,count,exact_values,399,2,0,2,0.0,7.618815426577475e-06
LONGWTCH,count,exact_values,401,1124,129,995,0.11476868327402136,0.004281774269736542
LONGWTCH,count,exact_values,402,1249,163,1086,0.13050440352281825,0.004757950233897633
LONGWTCH,count,exact_values,403,842,120,722,0.14251781472684086,0.0032075212945891175
LONGWTCH,count,exact_values,404,419,55,364,0.13126491646778043,0.001596141831867981
LONGWTCH,count,exact_values,405,1472,183,1289,0.12432065217391304,0.005607448153961022
LONGWTCH,count,exact_values,406,270,53,217,0.1962962962962963,0.0010285400825879591
LONGWTCH,count,exact_values,407,162,27,135,0.16666666666666666,0.0006171240495527755
LONGWTCH,count,exact_values,408,196,30,166,0.15306122448979592,0.0007466439118045926
LONGWTCH,count,exact_values,409,55,15,40,0.2727272727272727,0.0002095174242308806
LONGWTCH,count,exact_values,410,1637,240,1397,0.14660965180207697,0.006236000426653664
LONGWTCH,count,exact_values,411,25,7,18,0.28,9.523519283221845e-05
LONGWTCH,count,exact_values,412,83,13,70,0.1566265060240964,0.00031618084020296525
LONGWTCH,count,exact_values,413,36,9,27,0.25,0.00013713867767839458
LONGWTCH,count,exact_values,414,34,9,25,0.2647058823529412,0.0001295198622518171
LONGWTCH,count,exact_values,415,545,84,461,0.15412844036697249,0.002076127203742362
LONGWTCH,count,exact_values,416,22,5,17,0.22727272727272727,8.380696969235223e-05
LONGWTCH,count,exact_values,417,14,2,12,0.14285714285714285,5.333170798604233e-05
LONGWTCH,count,exact_values,418,35,9,26,0.2571428571428571,0.00013332926996510584
LONGWTCH,count,exact_values,419,11,1,10,0.09090909090909091,4.1903484846176115e-05
LONGWTCH,count,exact_values,420,939,148,791,0.15761448349307774,0.003577033842778125
LONGWTCH,count,exact_values,421,11,4,7,0.36363636363636365,4.1903484846176115e-05
LONGWTCH,count,exact_values,422,18,4,14,0.2222222222222222,6.856933883919729e-05
LONGWTCH,count,exact_values,423,6,0,6,0.0,2.2856446279732427e-05
LONGWTCH,count,exact_values,424,10,1,9,0.1,3.8094077132887376e-05
LONGWTCH,count,exact_values,425,172,31,141,0.18023255813953487,0.0006552181266856629
LONGWTCH,count,exact_values,426,6,1,5,0.16666666666666666,2.2856446279732427e-05
LONGWTCH,count,exact_values,427,13,3,10,0.23076923076923078,4.952230027275359e-05
LONGWTCH,count,exact_values,428,5,1,4,0.2,1.9047038566443688e-05
LONGWTCH,count,exact_values,429,4,0,4,0.0,1.523763085315495e-05
LONGWTCH,count,exact_values,430,385,54,331,0.14025974025974025,0.001466621969616164
LONGWTCH,count,exact_values,431,2,0,2,0.0,7.618815426577475e-06
LONGWTCH,count,exact_values,432,6,0,6,0.0,2.2856446279732427e-05
LONGWTCH,count,exact_values,433,5,1,4,0.2,1.9047038566443688e-05
LONGWTCH,count,exact_values,434,7,1,6,0.14285714285714285,2.6665853993021166e-05
LONGWTCH,count,exact_values,435,53,13,40,0.24528301886792453,0.0002018986088043031
LONGWTCH,count,exact_values,436,5,1,4,0.2,1.9047038566443688e-05
LONGWTCH,count,exact_values,437,11,0,11,0.0,4.1903484846176115e-05
LONGWTCH,count,exact_values,438,5,1,4,0.2,1.9047038566443688e-05
LONGWTCH,count,exact_values,439,7,0,7,0.0,2.6665853993021166e-05
LONGWTCH,count,exact_values,440,215,31,184,0.14418604651162792,0.0008190226583570787
LONGWTCH,count,exact_values,441,5,0,5,0.0,1.9047038566443688e-05
LONGWTCH,count,exact_values,442,4,1,3,0.25,1.523763085315495e-05
LONGWTCH,count,exact_values,443,3,0,3,0.0,1.1428223139866213e-05
LONGWTCH,count,exact_values,444,5,1,4,0.2,1.9047038566443688e-05
LONGWTCH,count,exact_values,445,18,3,15,0.16666666666666666,6.856933883919729e-05
LONGWTCH,count,exact_values,446,5,1,4,0.2,1.9047038566443688e-05
LONGWTCH,count,exact_values,447,6,1,5,0.16666666666666666,2.2856446279732427e-05
LONGWTCH,count,exact_values,448,5,1,4,0.2,1.9047038566443688e-05
LONGWTCH,count,exact_values,449,1,0,1,0.0,3.8094077132887377e-06
LONGWTCH,count,exact_values,450,103,21,82,0.20388349514563106,0.00039236899446874
LONGWTCH,count,exact_values,451,1,0,1,0.0,3.8094077132887377e-06
LONGWTCH,count,exact_values,452,5,0,5,0.0,1.9047038566443688e-05
LONGWTCH,count,exact_values,453,1,0,1,0.0,3.8094077132887377e-06
LONGWTCH,count,exact_values,454,3,0,3,0.0,1.1428223139866213e-05
LONGWTCH,count,exact_values,455,6,1,5,0.16666666666666666,2.2856446279732427e-05
LONGWTCH,count,exact_values,457,2,0,2,0.0,7.618815426577475e-06
LONGWTCH,count,exact_values,458,3,1,2,0.3333333333333333,1.1428223139866213e-05
LONGWTCH,count,exact_values,459,2,0,2,0.0,7.618815426577475e-06
LONGWTCH,count,exact_values,460,22,6,16,0.2727272727272727,8.380696969235223e-05
LONGWTCH,count,exact_values,462,2,1,1,0.5,7.618815426577475e-06
LONGWTCH,count,exact_values,463,3,1,2,0.3333333333333333,1.1428223139866213e-05
LONGWTCH,count,exact_values,465,4,3,1,0.75,1.523763085315495e-05
LONGWTCH,count,exact_values,466,2,1,1,0.5,7.618815426577475e-06
LONGWTCH,count,exact_values,470,3,3,0,1.0,1.1428223139866213e-05
LONGWTCH,count,exact_values,472,1,1,0,1.0,3.8094077132887377e-06
LONGWTCH,count,exact_values,474,1,0,1,0.0,3.8094077132887377e-06
LONGWTCH,count,exact_values,480,3,1,2,0.3333333333333333,1.1428223139866213e-05
LONGWTCH,count,exact_values,483,1,1,0,1.0,3.8094077132887377e-06
LONGWTCH,count,exact_values,499,1,0,1,0.0,3.8094077132887377e-06
LONGWTCH,count,exact_values,555,1726,166,1560,0.09617612977983778,0.006575037713136361
LONGWTCH,count,exact_values,777,817,107,710,0.13096695226438188,0.003112286101756899
LONGWTCH,count,exact_values,999,33,4,29,0.12121212121212122,0.00012571045453852836
LONGWTCH,count,exact_values,<MISSING>,247495,21197,226298,0.08564617467019536,0.9428093620003962
DRADVISE,binary,exact_values,1,7350,1492,5858,0.20299319727891157,0.027999146692672224
DRADVISE,binary,exact_values,2,16949,1089,15860,0.06425157826420438,0.06456565133253082
DRADVISE,binary,exact_values,7,127,17,110,0.13385826771653545,0.0004837947795876697
DRADVISE,binary,exact_values,9,24,5,19,0.20833333333333334,9.142578511892971e-05
DRADVISE,binary,exact_values,<MISSING>,238058,20577,217481,0.08643691873409001,0.9068599814100904
ASTHMAGE,count,exact_values,11,9,0,9,0.0,3.4284669419598644e-05
ASTHMAGE,count,exact_values,12,19,4,15,0.21052631578947367,7.237874655248601e-05
ASTHMAGE,count,exact_values,13,11,0,11,0.0,4.1903484846176115e-05
ASTHMAGE,count,exact_values,14,11,1,10,0.09090909090909091,4.1903484846176115e-05
ASTHMAGE,count,exact_values,15,8,1,7,0.125,3.04752617063099e-05
ASTHMAGE,count,exact_values,16,12,0,12,0.0,4.5712892559464854e-05
ASTHMAGE,count,exact_values,17,5,1,4,0.2,1.9047038566443688e-05
ASTHMAGE,count,exact_values,18,12,1,11,0.08333333333333333,4.5712892559464854e-05
ASTHMAGE,count,exact_values,19,6,1,5,0.16666666666666666,2.2856446279732427e-05
ASTHMAGE,count,exact_values,20,6,0,6,0.0,2.2856446279732427e-05
ASTHMAGE,count,exact_values,21,5,1,4,0.2,1.9047038566443688e-05
ASTHMAGE,count,exact_values,22,5,0,5,0.0,1.9047038566443688e-05
ASTHMAGE,count,exact_values,23,7,1,6,0.14285714285714285,2.6665853993021166e-05
ASTHMAGE,count,exact_values,24,4,0,4,0.0,1.523763085315495e-05
ASTHMAGE,count,exact_values,25,14,2,12,0.14285714285714285,5.333170798604233e-05
ASTHMAGE,count,exact_values,26,3,0,3,0.0,1.1428223139866213e-05
ASTHMAGE,count,exact_values,27,3,0,3,0.0,1.1428223139866213e-05
ASTHMAGE,count,exact_values,28,2,0,2,0.0,7.618815426577475e-06
ASTHMAGE,count,exact_values,29,3,2,1,0.6666666666666666,1.1428223139866213e-05
ASTHMAGE,count,exact_values,30,20,1,19,0.05,7.618815426577475e-05
ASTHMAGE,count,exact_values,31,2,0,2,0.0,7.618815426577475e-06
ASTHMAGE,count,exact_values,32,6,0,6,0.0,2.2856446279732427e-05
ASTHMAGE,count,exact_values,33,1,0,1,0.0,3.8094077132887377e-06
ASTHMAGE,count,exact_values,34,6,1,5,0.16666666666666666,2.2856446279732427e-05
ASTHMAGE,count,exact_values,35,16,3,13,0.1875,6.09505234126198e-05
ASTHMAGE,count,exact_values,36,1,0,1,0.0,3.8094077132887377e-06
ASTHMAGE,count,exact_values,37,1,0,1,0.0,3.8094077132887377e-06
ASTHMAGE,count,exact_values,38,4,0,4,0.0,1.523763085315495e-05
ASTHMAGE,count,exact_values,39,2,0,2,0.0,7.618815426577475e-06
ASTHMAGE,count,exact_values,40,19,6,13,0.3157894736842105,7.237874655248601e-05
ASTHMAGE,count,exact_values,41,2,1,1,0.5,7.618815426577475e-06
ASTHMAGE,count,exact_values,42,10,0,10,0.0,3.8094077132887376e-05
ASTHMAGE,count,exact_values,43,3,0,3,0.0,1.1428223139866213e-05
ASTHMAGE,count,exact_values,44,1,0,1,0.0,3.8094077132887377e-06
ASTHMAGE,count,exact_values,45,11,1,10,0.09090909090909091,4.1903484846176115e-05
ASTHMAGE,count,exact_values,46,2,1,1,0.5,7.618815426577475e-06
ASTHMAGE,count,exact_values,47,2,1,1,0.5,7.618815426577475e-06
ASTHMAGE,count,exact_values,48,2,0,2,0.0,7.618815426577475e-06
ASTHMAGE,count,exact_values,49,2,0,2,0.0,7.618815426577475e-06
ASTHMAGE,count,exact_values,50,18,3,15,0.16666666666666666,6.856933883919729e-05
ASTHMAGE,count,exact_values,51,1,0,1,0.0,3.8094077132887377e-06
ASTHMAGE,count,exact_values,52,5,1,4,0.2,1.9047038566443688e-05
ASTHMAGE,count,exact_values,54,1,1,0,1.0,3.8094077132887377e-06
ASTHMAGE,count,exact_values,55,7,0,7,0.0,2.6665853993021166e-05
ASTHMAGE,count,exact_values,56,3,1,2,0.3333333333333333,1.1428223139866213e-05
ASTHMAGE,count,exact_values,57,1,0,1,0.0,3.8094077132887377e-06
ASTHMAGE,count,exact_values,58,5,0,5,0.0,1.9047038566443688e-05
ASTHMAGE,count,exact_values,59,10,2,8,0.2,3.8094077132887376e-05
ASTHMAGE,count,exact_values,60,7,0,7,0.0,2.6665853993021166e-05
ASTHMAGE,count,exact_values,61,2,0,2,0.0,7.618815426577475e-06
ASTHMAGE,count,exact_values,62,1,0,1,0.0,3.8094077132887377e-06
ASTHMAGE,count,exact_values,63,8,4,4,0.5,3.04752617063099e-05
ASTHMAGE,count,exact_values,64,1,0,1,0.0,3.8094077132887377e-06
ASTHMAGE,count,exact_values,65,6,2,4,0.3333333333333333,2.2856446279732427e-05
ASTHMAGE,count,exact_values,66,2,0,2,0.0,7.618815426577475e-06
ASTHMAGE,count,exact_values,68,3,2,1,0.6666666666666666,1.1428223139866213e-05
ASTHMAGE,count,exact_values,70,4,1,3,0.25,1.523763085315495e-05
ASTHMAGE,count,exact_values,71,1,0,1,0.0,3.8094077132887377e-06
ASTHMAGE,count,exact_values,72,2,1,1,0.5,7.618815426577475e-06
ASTHMAGE,count,exact_values,73,2,1,1,0.5,7.618815426577475e-06
ASTHMAGE,count,exact_values,74,2,0,2,0.0,7.618815426577475e-06
ASTHMAGE,count,exact_values,75,6,3,3,0.5,2.2856446279732427e-05
ASTHMAGE,count,exact_values,77,1,0,1,0.0,3.8094077132887377e-06
ASTHMAGE,count,exact_values,79,1,1,0,1.0,3.8094077132887377e-06
ASTHMAGE,count,exact_values,80,1,0,1,0.0,3.8094077132887377e-06
ASTHMAGE,count,exact_values,82,1,1,0,1.0,3.8094077132887377e-06
ASTHMAGE,count,exact_values,90,2,0,2,0.0,7.618815426577475e-06
ASTHMAGE,count,exact_values,96,4,0,4,0.0,1.523763085315495e-05
ASTHMAGE,count,exact_values,97,212,19,193,0.08962264150943396,0.0008075944352172124
ASTHMAGE,count,exact_values,98,52,20,32,0.38461538461538464,0.00019808920109101437
ASTHMAGE,count,exact_values,99,3,0,3,0.0,1.1428223139866213e-05
ASTHMAGE,count,exact_values,<MISSING>,261875,23087,238788,0.08816038186157518,0.9975886449174882
ASATTACK,categorical,exact_values,1,190,34,156,0.17894736842105263,0.0007237874655248602
ASATTACK,categorical,exact_values,2,211,29,182,0.13744075829383887,0.0008037850275039237
ASATTACK,categorical,exact_values,7,6,3,3,0.5,2.2856446279732427e-05
ASATTACK,categorical,exact_values,<MISSING>,262101,23114,238987,0.08818737814811847,0.9984495710606914
ASERVIST,count,exact_values,1,23,7,16,0.30434782608695654,8.761637740564097e-05
ASERVIST,count,exact_values,2,22,4,18,0.18181818181818182,8.380696969235223e-05
ASERVIST,count,exact_values,3,6,1,5,0.16666666666666666,2.2856446279732427e-05
ASERVIST,count,exact_values,4,6,2,4,0.3333333333333333,2.2856446279732427e-05
ASERVIST,count,exact_values,25,1,0,1,0.0,3.8094077132887377e-06
ASERVIST,count,exact_values,87,1,1,0,1.0,3.8094077132887377e-06
ASERVIST,count,exact_values,88,127,18,109,0.14173228346456693,0.0004837947795876697
ASERVIST,count,exact_values,98,4,1,3,0.25,1.523763085315495e-05
ASERVIST,count,exact_values,<MISSING>,262318,23146,239172,0.08823641534320939,0.9992762125344752
ASDRVIST,count,exact_values,1,28,5,23,0.17857142857142858,0.00010666341597208466
ASDRVIST,count,exact_values,2,21,2,19,0.09523809523809523,7.999756197906349e-05
ASDRVIST,count,exact_values,3,15,4,11,0.26666666666666666,5.714111569933107e-05
ASDRVIST,count,exact_values,4,5,2,3,0.4,1.9047038566443688e-05
ASDRVIST,count,exact_values,5,3,0,3,0.0,1.1428223139866213e-05
ASDRVIST,count,exact_values,6,3,1,2,0.3333333333333333,1.1428223139866213e-05
ASDRVIST,count,exact_values,12,1,1,0,1.0,3.8094077132887377e-06
ASDRVIST,count,exact_values,30,1,0,1,0.0,3.8094077132887377e-06
ASDRVIST,count,exact_values,87,1,1,0,1.0,3.8094077132887377e-06
ASDRVIST,count,exact_values,88,107,17,90,0.1588785046728972,0.00040760662532189493
ASDRVIST,count,exact_values,98,5,1,4,0.2,1.9047038566443688e-05
ASDRVIST,count,exact_values,<MISSING>,262318,23146,239172,0.08823641534320939,0.9992762125344752
ASRCHKUP,count,exact_values,1,108,12,96,0.1111111111111111,0.0004114160330351837
ASRCHKUP,count,exact_values,2,61,11,50,0.18032786885245902,0.00023237387051061302
ASRCHKUP,count,exact_values,3,21,5,16,0.23809523809523808,7.999756197906349e-05
ASRCHKUP,count,exact_values,4,27,5,22,0.18518518518518517,0.00010285400825879592
ASRCHKUP,count,exact_values,5,7,0,7,0.0,2.6665853993021166e-05
ASRCHKUP,count,exact_values,6,7,3,4,0.42857142857142855,2.6665853993021166e-05
ASRCHKUP,count,exact_values,7,3,0,3,0.0,1.1428223139866213e-05
ASRCHKUP,count,exact_values,9,1,1,0,1.0,3.8094077132887377e-06
ASRCHKUP,count,exact_values,12,8,2,6,0.25,3.04752617063099e-05
ASRCHKUP,count,exact_values,30,2,1,1,0.5,7.618815426577475e-06
ASRCHKUP,count,exact_values,36,1,0,1,0.0,3.8094077132887377e-06
ASRCHKUP,count,exact_values,53,1,0,1,0.0,3.8094077132887377e-06
ASRCHKUP,count,exact_values,87,2,0,2,0.0,7.618815426577475e-06
ASRCHKUP,count,exact_values,88,146,22,124,0.1506849315068493,0.0005561735261401557
ASRCHKUP,count,exact_values,98,9,4,5,0.4444444444444444,3.4284669419598644e-05
ASRCHKUP,count,exact_values,99,1,0,1,0.0,3.8094077132887377e-06
ASRCHKUP,count,exact_values,<MISSING>,262103,23114,238989,0.08818670522657124,0.9984571898761181
ASACTLIM,ordinal,exact_values,1,19,2,17,0.10526315789473684,7.237874655248601e-05
ASACTLIM,ordinal,exact_values,2,13,1,12,0.07692307692307693,4.952230027275359e-05
ASACTLIM,ordinal,exact_values,3,11,3,8,0.2727272727272727,4.1903484846176115e-05
ASACTLIM,ordinal,exact_values,4,6,2,4,0.3333333333333333,2.2856446279732427e-05
ASACTLIM,ordinal,exact_values,5,4,1,3,0.25,1.523763085315495e-05
ASACTLIM,ordinal,exact_values,6,2,0,2,0.0,7.618815426577475e-06
ASACTLIM,ordinal,exact_values,7,5,1,4,0.2,1.9047038566443688e-05
ASACTLIM,ordinal,exact_values,8,1,0,1,0.0,3.8094077132887377e-06
ASACTLIM,ordinal,exact_values,9,1,1,0,1.0,3.8094077132887377e-06
ASACTLIM,ordinal,exact_values,10,5,0,5,0.0,1.9047038566443688e-05
ASACTLIM,ordinal,exact_values,12,3,1,2,0.3333333333333333,1.1428223139866213e-05
ASACTLIM,ordinal,exact_values,14,5,1,4,0.2,1.9047038566443688e-05
ASACTLIM,ordinal,exact_values,15,2,0,2,0.0,7.618815426577475e-06
ASACTLIM,ordinal,exact_values,20,1,0,1,0.0,3.8094077132887377e-06
ASACTLIM,ordinal,exact_values,30,4,2,2,0.5,1.523763085315495e-05
ASACTLIM,ordinal,exact_values,42,2,1,1,0.5,7.618815426577475e-06
ASACTLIM,ordinal,exact_values,48,1,1,0,1.0,3.8094077132887377e-06
ASACTLIM,ordinal,exact_values,60,4,0,4,0.0,1.523763085315495e-05
ASACTLIM,ordinal,exact_values,87,3,1,2,0.3333333333333333,1.1428223139866213e-05
ASACTLIM,ordinal,exact_values,88,1,1,0,1.0,3.8094077132887377e-06
ASACTLIM,ordinal,exact_values,100,1,1,0,1.0,3.8094077132887377e-06
ASACTLIM,ordinal,exact_values,365,4,3,1,0.75,1.523763085315495e-05
ASACTLIM,ordinal,exact_values,777,20,3,17,0.15,7.618815426577475e-05
ASACTLIM,ordinal,exact_values,888,285,40,245,0.14035087719298245,0.0010856811982872902
ASACTLIM,ordinal,exact_values,999,2,0,2,0.0,7.618815426577475e-06
ASACTLIM,ordinal,exact_values,<MISSING>,262103,23114,238989,0.08818670522657124,0.9984571898761181
ASYMPTOM,ordinal,exact_values,1,80,9,71,0.1125,0.000304752617063099
ASYMPTOM,ordinal,exact_values,2,90,18,72,0.2,0.0003428466941959864
ASYMPTOM,ordinal,exact_values,3,37,8,29,0.21621621621621623,0.00014094808539168331
ASYMPTOM,ordinal,exact_values,4,43,8,35,0.18604651162790697,0.00016380453167141572
ASYMPTOM,ordinal,exact_values,5,21,7,14,0.3333333333333333,7.999756197906349e-05
ASYMPTOM,ordinal,exact_values,7,9,4,5,0.4444444444444444,3.4284669419598644e-05
ASYMPTOM,ordinal,exact_values,8,123,11,112,0.08943089430894309,0.00046855714873451476
ASYMPTOM,ordinal,exact_values,9,1,0,1,0.0,3.8094077132887377e-06
ASYMPTOM,ordinal,exact_values,<MISSING>,262104,23115,238989,0.08819018404907976,0.9984609992838314
ASNOSLEP,ordinal,exact_values,1,50,3,47,0.06,0.0001904703856644369
ASNOSLEP,ordinal,exact_values,2,31,10,21,0.3225806451612903,0.00011809163911195088
ASNOSLEP,ordinal,exact_values,3,13,3,10,0.23076923076923078,4.952230027275359e-05
ASNOSLEP,ordinal,exact_values,4,20,4,16,0.2,7.618815426577475e-05
ASNOSLEP,ordinal,exact_values,5,28,7,21,0.25,0.00010666341597208466
ASNOSLEP,ordinal,exact_values,7,10,2,8,0.2,3.8094077132887376e-05
ASNOSLEP,ordinal,exact_values,8,129,25,104,0.1937984496124031,0.0004914135950142472
ASNOSLEP,ordinal,exact_values,<MISSING>,262227,23126,239101,0.08819076601570396,0.9989295564325659
ASTHMED3,count,exact_values,1,80,12,68,0.15,0.000304752617063099
ASTHMED3,count,exact_values,2,25,8,17,0.32,9.523519283221845e-05
ASTHMED3,count,exact_values,3,144,25,119,0.1736111111111111,0.0005485547107135783
ASTHMED3,count,exact_values,7,9,1,8,0.1111111111111111,3.4284669419598644e-05
ASTHMED3,count,exact_values,8,142,18,124,0.1267605633802817,0.0005409358952870008
ASTHMED3,count,exact_values,9,3,1,2,0.3333333333333333,1.1428223139866213e-05
ASTHMED3,count,exact_values,<MISSING>,262105,23115,238990,0.08818984758016825,0.9984648086915446
ASINHALR,ordinal,exact_values,1,121,21,100,0.17355371900826447,0.0004609383333079373
ASINHALR,ordinal,exact_values,2,29,2,27,0.06896551724137931,0.0001104728236853734
ASINHALR,ordinal,exact_values,3,20,6,14,0.3,7.618815426577475e-05
ASINHALR,ordinal,exact_values,4,26,6,20,0.23076923076923078,9.904460054550719e-05
ASINHALR,ordinal,exact_values,5,9,3,6,0.3333333333333333,3.4284669419598644e-05
ASINHALR,ordinal,exact_values,6,3,0,3,0.0,1.1428223139866213e-05
ASINHALR,ordinal,exact_values,7,6,2,4,0.3333333333333333,2.2856446279732427e-05
ASINHALR,ordinal,exact_values,8,188,25,163,0.13297872340425532,0.0007161686500982827
ASINHALR,ordinal,exact_values,9,1,0,1,0.0,3.8094077132887377e-06
ASINHALR,ordinal,exact_values,<MISSING>,262105,23115,238990,0.08818984758016825,0.9984648086915446
HAREHAB1,binary,exact_values,1,241,241,0,1.0,0.0009180672589025858
HAREHAB1,binary,exact_values,2,366,366,0,1.0,0.001394243223063678
HAREHAB1,binary,exact_values,7,7,7,0,1.0,2.6665853993021166e-05
HAREHAB1,binary,exact_values,9,6,6,0,1.0,2.2856446279732427e-05
HAREHAB1,binary,exact_values,<MISSING>,261888,22560,239328,0.08614369501466276,0.997638167217761
STREHAB1,binary,exact_values,1,152,56,96,0.3684210526315789,0.0005790299724198881
STREHAB1,binary,exact_values,2,253,90,163,0.3557312252964427,0.0009637801514620507
STREHAB1,binary,exact_values,7,1,0,1,0.0,3.8094077132887377e-06
STREHAB1,binary,exact_values,9,1,1,0,1.0,3.8094077132887377e-06
STREHAB1,binary,exact_values,<MISSING>,262101,23033,239068,0.0878783369769669,0.9984495710606914
CVDASPRN,binary,exact_values,1,3324,706,2618,0.21239470517448858,0.012662471238971764
CVDASPRN,binary,exact_values,2,7962,354,7608,0.044461190655614165,0.03033050421320493
CVDASPRN,binary,exact_values,7,15,4,11,0.26666666666666666,5.714111569933107e-05
CVDASPRN,binary,exact_values,9,2,0,2,0.0,7.618815426577475e-06
CVDASPRN,binary,exact_values,<MISSING>,251205,22116,229089,0.08803964889233892,0.9569422646166974
ASPUNSAF,categorical,exact_values,1,549,81,468,0.14754098360655737,0.002091364834595517
ASPUNSAF,categorical,exact_values,2,327,34,293,0.10397553516819572,0.0012456763222454172
ASPUNSAF,categorical,exact_values,3,7025,232,6793,0.03302491103202847,0.026761089185853383
ASPUNSAF,categorical,exact_values,7,69,11,58,0.15942028985507245,0.0002628491322169229
ASPUNSAF,categorical,exact_values,9,9,0,9,0.0,3.4284669419598644e-05
ASPUNSAF,categorical,exact_values,<MISSING>,254529,22822,231707,0.08966365325758557,0.9696047358556692
RLIVPAIN,binary,exact_values,1,693,108,585,0.15584415584415584,0.0026399195453090953
RLIVPAIN,binary,exact_values,2,2612,594,2018,0.22741194486983154,0.009950172947110184
RLIVPAIN,binary,exact_values,7,16,3,13,0.1875,6.09505234126198e-05
RLIVPAIN,binary,exact_values,9,2,1,1,0.5,7.618815426577475e-06
RLIVPAIN,binary,exact_values,<MISSING>,259185,22474,236711,0.08671026486872312,0.9873413381687415
RDUCHART,binary,exact_values,1,2750,655,2095,0.2381818181818182,0.010475871211544028
RDUCHART,binary,exact_values,2,478,32,446,0.06694560669456066,0.0018208968869520166
RDUCHART,binary,exact_values,7,96,19,77,0.19791666666666666,0.00036570314047571883
RDUCHART,binary,exact_values,<MISSING>,259184,22474,236710,0.08671059941971726,0.9873375287610282
RDUCSTRK,binary,exact_values,1,2217,501,1716,0.2259810554803789,0.008445456900361132
RDUCSTRK,binary,exact_values,2,862,151,711,0.1751740139211137,0.003283709448854892
RDUCSTRK,binary,exact_values,7,241,52,189,0.2157676348547718,0.0009180672589025858
RDUCSTRK,binary,exact_values,9,3,1,2,0.3333333333333333,1.1428223139866213e-05
RDUCSTRK,binary,exact_values,<MISSING>,259185,22475,236710,0.08671412311669272,0.9873413381687415
ARTTODAY,categorical,exact_values,1,2657,276,2381,0.10387655250282274,0.010121596294208177
ARTTODAY,categorical,exact_values,2,5023,649,4374,0.12920565399163847,0.01913465494384933
ARTTODAY,categorical,exact_values,3,2838,565,2273,0.19908386187455954,0.010811099090313438
ARTTODAY,categorical,exact_values,4,1078,276,802,0.2560296846011132,0.0041065415149252596
ARTTODAY,categorical,exact_values,7,52,11,41,0.21153846153846154,0.00019808920109101437
ARTTODAY,categorical,exact_values,9,29,5,24,0.1724137931034483,0.0001104728236853734
ARTTODAY,categorical,exact_values,<MISSING>,250831,21398,229433,0.08530843476284829,0.9555175461319274
ARTHWGT,binary,exact_values,1,4207,667,3540,0.15854528167340148,0.01602617824980572
ARTHWGT,binary,exact_values,2,7375,1098,6277,0.1488813559322034,0.028094381885504442
ARTHWGT,binary,exact_values,7,63,10,53,0.15873015873015872,0.00023999268593719047
ARTHWGT,binary,exact_values,9,23,6,17,0.2608695652173913,8.761637740564097e-05
ARTHWGT,binary,exact_values,<MISSING>,250840,21399,229441,0.08530936054855685,0.955551830801347
ARTHEXER,binary,exact_values,1,6653,1013,5640,0.15226213738163236,0.025343989516509974
ARTHEXER,binary,exact_values,2,4861,745,4116,0.1532606459576219,0.018517530894296554
ARTHEXER,binary,exact_values,7,126,18,108,0.14285714285714285,0.00047998537187438095
ARTHEXER,binary,exact_values,9,25,5,20,0.2,9.523519283221845e-05
ARTHEXER,binary,exact_values,<MISSING>,250843,21399,229444,0.08530834027658735,0.9555632590244869
ARTHEDU,binary,exact_values,1,1510,266,1244,0.176158940397351,0.005752205647065994
ARTHEDU,binary,exact_values,2,10089,1503,8586,0.14897413024085637,0.03843311441937008
ARTHEDU,binary,exact_values,7,38,5,33,0.13157894736842105,0.00014475749310497203
ARTHEDU,binary,exact_values,9,21,7,14,0.3333333333333333,7.999756197906349e-05
ARTHEDU,binary,exact_values,<MISSING>,250850,21399,229451,0.08530595973689456,0.9555899248784799
TETANUS,categorical,exact_values,1,3825,278,3547,0.0726797385620915,0.014570984503329422
TETANUS,categorical,exact_values,2,1720,190,1530,0.11046511627906977,0.0065521812668566295
TETANUS,categorical,exact_values,3,5950,732,5218,0.12302521008403361,0.02266597589406799
TETANUS,categorical,exact_values,4,10259,1106,9153,0.10780777853591968,0.039080713730629164
TETANUS,categorical,exact_values,7,2385,267,2118,0.1119496855345912,0.00908543739619364
TETANUS,categorical,exact_values,9,12,1,11,0.08333333333333333,4.5712892559464854e-05
TETANUS,categorical,exact_values,<MISSING>,238357,20606,217751,0.08645015669772652,0.9079989943163637
HPVADVC2,categorical,exact_values,1,873,10,863,0.011454753722794959,0.003325612933701068
HPVADVC2,categorical,exact_values,2,4886,113,4773,0.023127302496930003,0.018612766087128772
HPVADVC2,categorical,exact_values,3,8,1,7,0.125,3.04752617063099e-05
HPVADVC2,categorical,exact_values,7,607,14,593,0.023064250411861616,0.002312310481966264
HPVADVC2,categorical,exact_values,9,16,0,16,0.0,6.09505234126198e-05
HPVADVC2,categorical,exact_values,<MISSING>,256118,23042,233076,0.08996634363847913,0.9756578847120849
HPVADSHT,count,exact_values,1,157,0,157,0.0,0.0005980770109863319
HPVADSHT,count,exact_values,2,114,3,111,0.02631578947368421,0.00043427247931491613
HPVADSHT,count,exact_values,3,463,6,457,0.012958963282937365,0.0017637557712526857
HPVADSHT,count,exact_values,77,136,1,135,0.007352941176470588,0.0005180794490072684
HPVADSHT,count,exact_values,99,3,0,3,0.0,1.1428223139866213e-05
HPVADSHT,count,exact_values,<MISSING>,261635,23170,238465,0.08855848796988171,0.996674387066299
SHINGLE2,binary,exact_values,1,4708,679,4029,0.14422259983007646,0.017934691514163378
SHINGLE2,binary,exact_values,2,11719,1550,10169,0.13226384503797253,0.044642448992030716
SHINGLE2,binary,exact_values,7,256,47,209,0.18359375,0.0009752083746019168
SHINGLE2,binary,exact_values,9,8,0,8,0.0,3.04752617063099e-05
SHINGLE2,binary,exact_values,<MISSING>,245817,20904,224913,0.08503887037918452,0.9364171758574977
HADMAM,categorical,exact_values,1,11067,865,10202,0.07816029637661516,0.04215871516296646
HADMAM,categorical,exact_values,2,2447,53,2394,0.021659174499387004,0.009321620674417542
HADMAM,categorical,exact_values,7,18,0,18,0.0,6.856933883919729e-05
HADMAM,categorical,exact_values,9,24,4,20,0.16666666666666666,9.142578511892971e-05
HADMAM,categorical,exact_values,<MISSING>,248952,22258,226694,0.08940679327741893,0.9483596690386579
HOWLONG,ordinal,exact_values,1,6816,465,6351,0.0682218309859155,0.025964922973776037
HOWLONG,ordinal,exact_values,2,1898,165,1733,0.08693361433087461,0.007230255839822024
HOWLONG,ordinal,exact_values,3,766,59,707,0.07702349869451697,0.0029180063083791732
HOWLONG,ordinal,exact_values,4,576,62,514,0.1076388888888889,0.002194218842854313
HOWLONG,ordinal,exact_values,5,907,99,808,0.10915104740904079,0.0034551327959528853
HOWLONG,ordinal,exact_values,7,94,15,79,0.1595744680851064,0.00035808432504914135
HOWLONG,ordinal,exact_values,9,9,0,9,0.0,3.4284669419598644e-05
HOWLONG,ordinal,exact_values,<MISSING>,251442,22315,229127,0.08874810095369906,0.9578450942447468
HADPAP2,categorical,exact_values,1,12655,857,11798,0.06772026866851047,0.04820805461166898
HADPAP2,categorical,exact_values,2,809,53,756,0.06551297898640297,0.003081810840050589
HADPAP2,categorical,exact_values,7,65,8,57,0.12307692307692308,0.00024761150136376795
HADPAP2,categorical,exact_values,9,24,4,20,0.16666666666666666,9.142578511892971e-05
HADPAP2,categorical,exact_values,<MISSING>,248955,22258,226697,0.08940571589243036,0.9483710972617977
LASTPAP2,ordinal,exact_values,1,5107,219,4888,0.04288231838652829,0.019454645191765586
LASTPAP2,ordinal,exact_values,2,2351,124,2227,0.05274351339855381,0.008955917533941822
LASTPAP2,ordinal,exact_values,3,1279,77,1202,0.060203283815480846,0.004872232465296296
LASTPAP2,ordinal,exact_values,4,950,93,857,0.09789473684210526,0.003618937327624301
LASTPAP2,ordinal,exact_values,5,2653,312,2341,0.1176027139087825,0.010106358663355021
LASTPAP2,ordinal,exact_values,7,300,32,268,0.10666666666666667,0.0011428223139866214
LASTPAP2,ordinal,exact_values,9,13,0,13,0.0,4.952230027275359e-05
LASTPAP2,ordinal,exact_values,<MISSING>,249855,22323,227532,0.08934381941526084,0.9517995642037576
HPVTEST,count,exact_values,1,4117,197,3920,0.047850376487733784,0.015683331555609734
HPVTEST,count,exact_values,2,5536,432,5104,0.07803468208092486,0.021088881100766455
HPVTEST,count,exact_values,7,3865,289,3576,0.07477360931435964,0.014723360811860972
HPVTEST,count,exact_values,9,29,4,25,0.13793103448275862,0.0001104728236853734
HPVTEST,count,exact_values,<MISSING>,248961,22258,226703,0.08940356120034865,0.9483939537080774
HPLSTTST,ordinal,exact_values,1,1802,68,1734,0.03773584905660377,0.006864552699346306
HPLSTTST,ordinal,exact_values,2,752,29,723,0.03856382978723404,0.002864674600393131
HPLSTTST,ordinal,exact_values,3,368,13,355,0.035326086956521736,0.0014018620384902555
HPLSTTST,ordinal,exact_values,4,279,20,259,0.07168458781362007,0.0010628247520075578
HPLSTTST,ordinal,exact_values,5,691,54,637,0.07814761215629522,0.002632300729882518
HPLSTTST,ordinal,exact_values,7,221,13,208,0.058823529411764705,0.0008418791046368111
HPLSTTST,ordinal,exact_values,9,3,0,3,0.0,1.1428223139866213e-05
HPLSTTST,ordinal,exact_values,<MISSING>,258392,22983,235409,0.08894625220595065,0.9843204778521035
HADHYST2,binary,exact_values,1,3749,446,3303,0.1189650573486263,0.014281469517119479
HADHYST2,binary,exact_values,2,9605,462,9143,0.04809994794377928,0.036589361086138326
HADHYST2,binary,exact_values,7,33,6,27,0.18181818181818182,0.00012571045453852836
HADHYST2,binary,exact_values,9,36,5,31,0.1388888888888889,0.00013713867767839458
HADHYST2,binary,exact_values,<MISSING>,249085,22261,226824,0.0893710982194833,0.9488663202645252
PROFEXAM,categorical,exact_values,1,2972,188,2784,0.063257065948856,0.011321559723894129
PROFEXAM,categorical,exact_values,2,404,24,380,0.0594059405940594,0.00153900071616865
PROFEXAM,categorical,exact_values,7,6,0,6,0.0,2.2856446279732427e-05
PROFEXAM,categorical,exact_values,9,4,0,4,0.0,1.523763085315495e-05
PROFEXAM,categorical,exact_values,<MISSING>,259122,22968,236154,0.08863778451848936,0.9871013454828044
LENGEXAM,ordinal,exact_values,1,1828,104,1724,0.05689277899343545,0.006963597299891813
LENGEXAM,ordinal,exact_values,2,491,20,471,0.04073319755600815,0.0018704191872247703
LENGEXAM,ordinal,exact_values,3,221,13,208,0.058823529411764705,0.0008418791046368111
LENGEXAM,ordinal,exact_values,4,143,12,131,0.08391608391608392,0.0005447453030002895
LENGEXAM,ordinal,exact_values,5,260,35,225,0.1346153846153846,0.0009904460054550718
LENGEXAM,ordinal,exact_values,7,26,4,22,0.15384615384615385,9.904460054550719e-05
LENGEXAM,ordinal,exact_values,9,2,0,2,0.0,7.618815426577475e-06
LENGEXAM,ordinal,exact_values,<MISSING>,259537,22992,236545,0.08858852495019978,0.9886822496838191
BLDSTOOL,categorical,exact_values,1,11747,1574,10173,0.1339916574444539,0.044749112408002806
BLDSTOOL,categorical,exact_values,2,20205,2297,17908,0.11368473150210344,0.07696908284699895
BLDSTOOL,categorical,exact_values,7,263,44,219,0.16730038022813687,0.0010018742285949382
BLDSTOOL,categorical,exact_values,9,34,8,26,0.23529411764705882,0.0001295198622518171
BLDSTOOL,categorical,exact_values,<MISSING>,230259,19257,211002,0.08363191015334906,0.8771504106541514
LSTBLDS3,ordinal,exact_values,1,3154,440,2714,0.13950538998097653,0.012014871927712679
LSTBLDS3,ordinal,exact_values,2,1584,233,1351,0.14709595959595959,0.006034101817849361
LSTBLDS3,ordinal,exact_values,3,1168,156,1012,0.13356164383561644,0.004449388209121246
LSTBLDS3,ordinal,exact_values,4,1446,185,1261,0.12793914246196403,0.005508403553415515
LSTBLDS3,ordinal,exact_values,5,4049,515,3534,0.12719189923437885,0.0154242918311061
LSTBLDS3,ordinal,exact_values,7,337,44,293,0.13056379821958458,0.0012837703993783046
LSTBLDS3,ordinal,exact_values,9,8,1,7,0.125,3.04752617063099e-05
LSTBLDS3,ordinal,exact_values,<MISSING>,250762,21606,229156,0.08616138011341432,0.9552546969997104
HADSIGM3,categorical,exact_values,1,23384,2986,20398,0.12769414984604857,0.08907918996754384
HADSIGM3,categorical,exact_values,2,8682,901,7781,0.10377793135222299,0.033073277766772824
HADSIGM3,categorical,exact_values,7,128,27,101,0.2109375,0.0004876041873009584
HADSIGM3,categorical,exact_values,9,36,6,30,0.16666666666666666,0.00013713867767839458
HADSIGM3,categorical,exact_values,<MISSING>,230278,19260,211018,0.08363803750249699,0.877222789400704
HADSGCO1,binary,exact_values,1,928,135,793,0.14547413793103448,0.003535130357931949
HADSGCO1,binary,exact_values,2,21972,2767,19205,0.12593300564354634,0.08370030627638014
HADSGCO1,binary,exact_values,7,458,82,376,0.17903930131004367,0.001744708732686242
HADSGCO1,binary,exact_values,9,12,2,10,0.16666666666666666,4.5712892559464854e-05
HADSGCO1,binary,exact_values,<MISSING>,239138,20194,218944,0.08444496483202167,0.9109741417404422
LASTSIG3,ordinal,exact_values,1,5010,668,4342,0.13333333333333333,0.019085132643576575
LASTSIG3,ordinal,exact_values,2,3629,465,3164,0.1281344723064205,0.01382434059152483
LASTSIG3,ordinal,exact_values,3,3477,444,3033,0.1276962899050906,0.013245310619104942
LASTSIG3,ordinal,exact_values,4,5012,618,4394,0.12330407023144453,0.019092751459003153
LASTSIG3,ordinal,exact_values,5,4324,515,3809,0.11910268270120258,0.016471878952260502
LASTSIG3,ordinal,exact_values,6,1599,227,1372,0.14196372732958099,0.006091242933548692
LASTSIG3,ordinal,exact_values,7,297,48,249,0.16161616161616163,0.0011313940908467552
LASTSIG3,ordinal,exact_values,9,20,1,19,0.05,7.618815426577475e-05
LASTSIG3,ordinal,exact_values,<MISSING>,239140,20194,218946,0.08444425859329263,0.9109817605558688
PCPSAAD2,binary,exact_values,1,2230,299,1931,0.13408071748878925,0.008494979200633886
PCPSAAD2,binary,exact_values,2,1462,157,1305,0.10738714090287278,0.0055693540768281345
PCPSAAD2,binary,exact_values,7,143,21,122,0.14685314685314685,0.0005447453030002895
PCPSAAD2,binary,exact_values,9,21,2,19,0.09523809523809523,7.999756197906349e-05
PCPSAAD2,binary,exact_values,<MISSING>,258652,22701,235951,0.08776657439339344,0.9853109238575586
PCPSADI1,binary,exact_values,1,1058,133,925,0.12570888468809074,0.0040303533606594845
PCPSADI1,binary,exact_values,2,2610,323,2287,0.12375478927203065,0.009942554131683606
PCPSADI1,binary,exact_values,7,167,20,147,0.11976047904191617,0.0006361710881192192
PCPSADI1,binary,exact_values,9,16,2,14,0.125,6.09505234126198e-05
PCPSADI1,binary,exact_values,<MISSING>,258657,22702,235955,0.08776874393501818,0.9853299708961251
PCPSARE1,binary,exact_values,1,1995,291,1704,0.14586466165413534,0.007599768388011032
PCPSARE1,binary,exact_values,2,1700,166,1534,0.0976470588235294,0.006475993112590854
PCPSARE1,binary,exact_values,7,132,18,114,0.13636363636363635,0.0005028418181541134
PCPSARE1,binary,exact_values,9,21,2,19,0.09523809523809523,7.999756197906349e-05
PCPSARE1,binary,exact_values,<MISSING>,258660,22703,235957,0.08777159205134152,0.9853413991192649
PSATEST1,categorical,exact_values,1,2080,318,1762,0.1528846153846154,0.007923568043640574
PSATEST1,categorical,exact_values,2,1595,141,1454,0.08840125391849529,0.006076005302695537
PSATEST1,categorical,exact_values,7,155,16,139,0.1032258064516129,0.0005904581955597543
PSATEST1,categorical,exact_values,9,18,2,16,0.1111111111111111,6.856933883919729e-05
PSATEST1,categorical,exact_values,<MISSING>,258660,22703,235957,0.08777159205134152,0.9853413991192649
PSATIME,ordinal,exact_values,1,1308,181,1127,0.13837920489296637,0.004982705288981669
PSATIME,ordinal,exact_values,2,300,54,246,0.18,0.0011428223139866214
PSATIME,ordinal,exact_values,3,133,15,118,0.11278195488721804,0.0005066512258674021
PSATIME,ordinal,exact_values,4,123,20,103,0.16260162601626016,0.00046855714873451476
PSATIME,ordinal,exact_values,5,169,40,129,0.23668639053254437,0.0006437899035457967
PSATIME,ordinal,exact_values,7,44,7,37,0.1590909090909091,0.00016761393938470446
PSATIME,ordinal,exact_values,9,2,1,1,0.5,7.618815426577475e-06
PSATIME,ordinal,exact_values,<MISSING>,260429,22862,237567,0.08778592245871236,0.9920802413640727
PCPSARS1,categorical,exact_values,1,1543,224,1319,0.14517174335709657,0.005877916101604523
PCPSARS1,categorical,exact_values,2,146,30,116,0.2054794520547945,0.0005561735261401557
PCPSARS1,categorical,exact_values,3,105,14,91,0.13333333333333333,0.00039998780989531745
PCPSARS1,categorical,exact_values,4,85,18,67,0.21176470588235294,0.00032379965562954273
PCPSARS1,categorical,exact_values,5,181,28,153,0.15469613259668508,0.0006895027961052615
PCPSARS1,categorical,exact_values,7,13,3,10,0.23076923076923078,4.952230027275359e-05
PCPSARS1,categorical,exact_values,9,4,0,4,0.0,1.523763085315495e-05
PCPSARS1,categorical,exact_values,<MISSING>,260431,22863,237568,0.08778908808859161,0.9920878601794992
PCPSADE1,categorical,exact_values,1,114,15,99,0.13157894736842105,0.00043427247931491613
PCPSADE1,categorical,exact_values,2,155,26,129,0.16774193548387098,0.0005904581955597543
PCPSADE1,categorical,exact_values,3,139,23,116,0.16546762589928057,0.0005295076721471345
PCPSADE1,categorical,exact_values,4,56,16,40,0.2857142857142857,0.00021332683194416933
PCPSADE1,categorical,exact_values,9,4,2,2,0.5,1.523763085315495e-05
PCPSADE1,categorical,exact_values,<MISSING>,262040,23098,238942,0.08814684780949474,0.9982171971901809
PCDMDECN,categorical,exact_values,1,113,19,94,0.168141592920354,0.00043046307160162737
PCDMDECN,categorical,exact_values,2,18,4,14,0.2222222222222222,6.856933883919729e-05
PCDMDECN,categorical,exact_values,3,1,0,1,0.0,3.8094077132887377e-06
PCDMDECN,categorical,exact_values,4,4,0,4,0.0,1.523763085315495e-05
PCDMDECN,categorical,exact_values,9,3,1,2,0.3333333333333333,1.1428223139866213e-05
PCDMDECN,categorical,exact_values,12,2,1,1,0.5,7.618815426577475e-06
PCDMDECN,categorical,exact_values,21,2,0,2,0.0,7.618815426577475e-06
PCDMDECN,categorical,exact_values,<MISSING>,262365,23155,239210,0.08825491205000667,0.9994552546969997
SCNTMNY1,ordinal,exact_values,1,3523,544,2979,0.154413851830826,0.013420543373916223
SCNTMNY1,ordinal,exact_values,2,1711,157,1554,0.09175920514319112,0.006517896597437031
SCNTMNY1,ordinal,exact_values,3,6247,594,5653,0.09508564110773171,0.023797369984914746
SCNTMNY1,ordinal,exact_values,4,6691,439,6252,0.06561052159617396,0.025488747009614943
SCNTMNY1,ordinal,exact_values,5,22440,2002,20438,0.0892156862745098,0.08548310908619927
SCNTMNY1,ordinal,exact_values,7,76,24,52,0.3157894736842105,0.00028951498620994405
SCNTMNY1,ordinal,exact_values,8,598,98,500,0.16387959866220736,0.0022780258125466653
SCNTMNY1,ordinal,exact_values,9,81,7,74,0.08641975308641975,0.0003085620247763878
SCNTMNY1,ordinal,exact_values,<MISSING>,221141,19315,201826,0.08734246476230098,0.8424162311243848
SCNTMEL1,ordinal,exact_values,1,2432,423,2009,0.17393092105263158,0.00926447955871821
SCNTMEL1,ordinal,exact_values,2,1438,163,1275,0.1133518776077886,0.005477928291709205
SCNTMEL1,ordinal,exact_values,3,5191,526,4665,0.10132922365632827,0.01977463543968184
SCNTMEL1,ordinal,exact_values,4,5329,372,4957,0.06980671795834115,0.020300333704115683
SCNTMEL1,ordinal,exact_values,5,29058,2549,26509,0.08772110950512768,0.11069376933274415
SCNTMEL1,ordinal,exact_values,7,69,17,52,0.2463768115942029,0.0002628491322169229
SCNTMEL1,ordinal,exact_values,8,41,1,40,0.024390243902439025,0.00015618571624483824
SCNTMEL1,ordinal,exact_values,9,79,10,69,0.12658227848101267,0.0003009432093498103
SCNTMEL1,ordinal,exact_values,<MISSING>,218871,19119,199752,0.08735282426634867,0.8337688756152194
SCNTPAID,categorical,exact_values,1,7859,216,7643,0.027484412775162233,0.02993813521873619
SCNTPAID,categorical,exact_values,2,9727,330,9397,0.0339261848463041,0.03705410882715955
SCNTPAID,categorical,exact_values,3,1794,90,1704,0.05016722408026756,0.0068340774376399955
SCNTPAID,categorical,exact_values,4,1173,73,1100,0.06223358908780904,0.00446843524768769
SCNTPAID,categorical,exact_values,7,107,17,90,0.1588785046728972,0.00040760662532189493
SCNTPAID,categorical,exact_values,9,147,8,139,0.05442176870748299,0.0005599829338534444
SCNTPAID,categorical,exact_values,<MISSING>,241701,22446,219255,0.0928668065088684,0.9207376537096013
SCNTWRK1,count,exact_values,1,10,1,9,0.1,3.8094077132887376e-05
SCNTWRK1,count,exact_values,2,22,1,21,0.045454545454545456,8.380696969235223e-05
SCNTWRK1,count,exact_values,3,16,0,16,0.0,6.09505234126198e-05
SCNTWRK1,count,exact_values,4,39,2,37,0.05128205128205128,0.00014856690081826076
SCNTWRK1,count,exact_values,5,60,7,53,0.11666666666666667,0.00022856446279732428
SCNTWRK1,count,exact_values,6,36,4,32,0.1111111111111111,0.00013713867767839458
SCNTWRK1,count,exact_values,7,22,2,20,0.09090909090909091,8.380696969235223e-05
SCNTWRK1,count,exact_values,8,82,7,75,0.08536585365853659,0.0003123714324896765
SCNTWRK1,count,exact_values,9,18,1,17,0.05555555555555555,6.856933883919729e-05
SCNTWRK1,count,exact_values,10,208,20,188,0.09615384615384616,0.0007923568043640575
SCNTWRK1,count,exact_values,11,2,0,2,0.0,7.618815426577475e-06
SCNTWRK1,count,exact_values,12,89,6,83,0.06741573033707865,0.0003390372864826977
SCNTWRK1,count,exact_values,13,15,0,15,0.0,5.714111569933107e-05
SCNTWRK1,count,exact_values,14,23,2,21,0.08695652173913043,8.761637740564097e-05
SCNTWRK1,count,exact_values,15,221,12,209,0.05429864253393665,0.0008418791046368111
SCNTWRK1,count,exact_values,16,79,3,76,0.0379746835443038,0.0003009432093498103
SCNTWRK1,count,exact_values,17,27,0,27,0.0,0.00010285400825879592
SCNTWRK1,count,exact_values,18,47,2,45,0.0425531914893617,0.00017904216252457068
SCNTWRK1,count,exact_values,19,11,0,11,0.0,4.1903484846176115e-05
SCNTWRK1,count,exact_values,20,745,37,708,0.049664429530201344,0.0028380087464001096
SCNTWRK1,count,exact_values,21,30,3,27,0.1,0.00011428223139866214
SCNTWRK1,count,exact_values,22,28,1,27,0.03571428571428571,0.00010666341597208466
SCNTWRK1,count,exact_values,23,12,1,11,0.08333333333333333,4.5712892559464854e-05
SCNTWRK1,count,exact_values,24,184,12,172,0.06521739130434782,0.0007009310192451278
SCNTWRK1,count,exact_values,25,428,23,405,0.053738317757009345,0.0016304265012875797
SCNTWRK1,count,exact_values,26,30,1,29,0.03333333333333333,0.00011428223139866214
SCNTWRK1,count,exact_values,27,32,1,31,0.03125,0.0001219010468252396
SCNTWRK1,count,exact_values,28,88,6,82,0.06818181818181818,0.0003352278787694089
SCNTWRK1,count,exact_values,29,30,3,27,0.1,0.00011428223139866214
SCNTWRK1,count,exact_values,30,962,42,920,0.04365904365904366,0.003664650220183766
SCNTWRK1,count,exact_values,31,7,0,7,0.0,2.6665853993021166e-05
SCNTWRK1,count,exact_values,32,315,13,302,0.04126984126984127,0.0011999634296859525
SCNTWRK1,count,exact_values,33,27,0,27,0.0,0.00010285400825879592
SCNTWRK1,count,exact_values,34,38,1,37,0.02631578947368421,0.00014475749310497203
SCNTWRK1,count,exact_values,35,673,25,648,0.03714710252600297,0.0025637313910433206
SCNTWRK1,count,exact_values,36,242,8,234,0.03305785123966942,0.0009218766666158746
SCNTWRK1,count,exact_values,37,135,6,129,0.044444444444444446,0.0005142700412939796
SCNTWRK1,count,exact_values,38,180,2,178,0.011111111111111112,0.0006856933883919728
SCNTWRK1,count,exact_values,39,31,1,30,0.03225806451612903,0.00011809163911195088
SCNTWRK1,count,exact_values,40,6630,184,6446,0.027752639517345398,0.02525637313910433
SCNTWRK1,count,exact_values,41,27,0,27,0.0,0.00010285400825879592
SCNTWRK1,count,exact_values,42,194,5,189,0.02577319587628866,0.0007390250963780152
SCNTWRK1,count,exact_values,43,81,4,77,0.04938271604938271,0.0003085620247763878
SCNTWRK1,count,exact_values,44,106,2,104,0.018867924528301886,0.0004037972176086062
SCNTWRK1,count,exact_values,45,1498,44,1454,0.029372496662216287,0.005706492754506529
SCNTWRK1,count,exact_values,46,45,1,44,0.022222222222222223,0.0001714233470979932
SCNTWRK1,count,exact_values,47,34,1,33,0.029411764705882353,0.0001295198622518171
SCNTWRK1,count,exact_values,48,252,7,245,0.027777777777777776,0.0009599707437487619
SCNTWRK1,count,exact_values,49,9,0,9,0.0,3.4284669419598644e-05
SCNTWRK1,count,exact_values,50,2704,75,2629,0.027736686390532544,0.010300638456732748
SCNTWRK1,count,exact_values,51,3,0,3,0.0,1.1428223139866213e-05
SCNTWRK1,count,exact_values,52,55,3,52,0.05454545454545454,0.0002095174242308806
SCNTWRK1,count,exact_values,53,10,1,9,0.1,3.8094077132887376e-05
SCNTWRK1,count,exact_values,54,15,4,11,0.26666666666666666,5.714111569933107e-05
SCNTWRK1,count,exact_values,55,596,13,583,0.02181208053691275,0.002270406997120088
SCNTWRK1,count,exact_values,56,40,1,39,0.025,0.0001523763085315495
SCNTWRK1,count,exact_values,57,8,0,8,0.0,3.04752617063099e-05
SCNTWRK1,count,exact_values,58,16,0,16,0.0,6.09505234126198e-05
SCNTWRK1,count,exact_values,59,1,0,1,0.0,3.8094077132887377e-06
SCNTWRK1,count,exact_values,60,1429,45,1384,0.031490552834149754,0.005443643622289607
SCNTWRK1,count,exact_values,61,4,0,4,0.0,1.523763085315495e-05
SCNTWRK1,count,exact_values,62,7,0,7,0.0,2.6665853993021166e-05
SCNTWRK1,count,exact_values,63,8,0,8,0.0,3.04752617063099e-05
SCNTWRK1,count,exact_values,64,11,0,11,0.0,4.1903484846176115e-05
SCNTWRK1,count,exact_values,65,251,17,234,0.06772908366533864,0.0009561613360354732
SCNTWRK1,count,exact_values,66,1,0,1,0.0,3.8094077132887377e-06
SCNTWRK1,count,exact_values,67,3,0,3,0.0,1.1428223139866213e-05
SCNTWRK1,count,exact_values,68,7,0,7,0.0,2.6665853993021166e-05
SCNTWRK1,count,exact_values,69,2,0,2,0.0,7.618815426577475e-06
SCNTWRK1,count,exact_values,70,368,13,355,0.035326086956521736,0.0014018620384902555
SCNTWRK1,count,exact_values,71,2,0,2,0.0,7.618815426577475e-06
SCNTWRK1,count,exact_values,72,42,4,38,0.09523809523809523,0.00015999512395812698
SCNTWRK1,count,exact_values,74,3,0,3,0.0,1.1428223139866213e-05
SCNTWRK1,count,exact_values,75,69,2,67,0.028985507246376812,0.0002628491322169229
SCNTWRK1,count,exact_values,76,2,0,2,0.0,7.618815426577475e-06
SCNTWRK1,count,exact_values,77,5,0,5,0.0,1.9047038566443688e-05
SCNTWRK1,count,exact_values,78,8,0,8,0.0,3.04752617063099e-05
SCNTWRK1,count,exact_values,80,250,7,243,0.028,0.0009523519283221845
SCNTWRK1,count,exact_values,82,1,0,1,0.0,3.8094077132887377e-06
SCNTWRK1,count,exact_values,84,41,3,38,0.07317073170731707,0.00015618571624483824
SCNTWRK1,count,exact_values,85,19,1,18,0.05263157894736842,7.237874655248601e-05
SCNTWRK1,count,exact_values,86,3,0,3,0.0,1.1428223139866213e-05
SCNTWRK1,count,exact_values,87,2,0,2,0.0,7.618815426577475e-06
SCNTWRK1,count,exact_values,88,6,0,6,0.0,2.2856446279732427e-05
SCNTWRK1,count,exact_values,89,1,0,1,0.0,3.8094077132887377e-06
SCNTWRK1,count,exact_values,90,52,2,50,0.038461538461538464,0.00019808920109101437
SCNTWRK1,count,exact_values,91,2,0,2,0.0,7.618815426577475e-06
SCNTWRK1,count,exact_values,92,1,0,1,0.0,3.8094077132887377e-06
SCNTWRK1,count,exact_values,96,75,1,74,0.013333333333333334,0.00028570557849665534
SCNTWRK1,count,exact_values,97,371,23,348,0.06199460916442048,0.0014132902616301219
SCNTWRK1,count,exact_values,98,73,7,66,0.0958904109589041,0.00027808676307007786
SCNTWRK1,count,exact_values,99,110,7,103,0.06363636363636363,0.0004190348484617612
SCNTWRK1,count,exact_values,<MISSING>,241711,22447,219264,0.09286710162135774,0.9207757477867341
SCNTLPAD,categorical,exact_values,1,6695,976,5719,0.14578043315907394,0.0255039846404681
SCNTLPAD,categorical,exact_values,2,6434,941,5493,0.14625427416847994,0.02450972922729974
SCNTLPAD,categorical,exact_values,3,848,161,687,0.18985849056603774,0.0032303777408688498
SCNTLPAD,categorical,exact_values,4,801,145,656,0.18102372034956304,0.0030513355783442792
SCNTLPAD,categorical,exact_values,7,318,65,253,0.20440251572327045,0.0012113916528258186
SCNTLPAD,categorical,exact_values,9,99,18,81,0.18181818181818182,0.0003771313636155851
SCNTLPAD,categorical,exact_values,<MISSING>,247313,20874,226439,0.08440316521978222,0.9421160497965776
SCNTLWK1,count,exact_values,1,8,0,8,0.0,3.04752617063099e-05
SCNTLWK1,count,exact_values,2,22,3,19,0.13636363636363635,8.380696969235223e-05
SCNTLWK1,count,exact_values,3,30,4,26,0.13333333333333333,0.00011428223139866214
SCNTLWK1,count,exact_values,4,61,11,50,0.18032786885245902,0.00023237387051061302
SCNTLWK1,count,exact_values,5,62,6,56,0.0967741935483871,0.00023618327822390176
SCNTLWK1,count,exact_values,6,64,6,58,0.09375,0.0002438020936504792
SCNTLWK1,count,exact_values,7,24,4,20,0.16666666666666666,9.142578511892971e-05
SCNTLWK1,count,exact_values,8,237,34,203,0.14345991561181434,0.0009028296280494309
SCNTLWK1,count,exact_values,9,32,3,29,0.09375,0.0001219010468252396
SCNTLWK1,count,exact_values,10,224,24,200,0.10714285714285714,0.0008533073277766773
SCNTLWK1,count,exact_values,11,8,3,5,0.375,3.04752617063099e-05
SCNTLWK1,count,exact_values,12,124,28,96,0.22580645161290322,0.0004723665564478035
SCNTLWK1,count,exact_values,13,8,0,8,0.0,3.04752617063099e-05
SCNTLWK1,count,exact_values,14,27,3,24,0.1111111111111111,0.00010285400825879592
SCNTLWK1,count,exact_values,15,210,19,191,0.09047619047619047,0.0007999756197906349
SCNTLWK1,count,exact_values,16,130,17,113,0.13076923076923078,0.0004952230027275359
SCNTLWK1,count,exact_values,17,14,0,14,0.0,5.333170798604233e-05
SCNTLWK1,count,exact_values,18,42,3,39,0.07142857142857142,0.00015999512395812698
SCNTLWK1,count,exact_values,19,6,0,6,0.0,2.2856446279732427e-05
SCNTLWK1,count,exact_values,20,840,61,779,0.07261904761904762,0.0031999024791625396
SCNTLWK1,count,exact_values,21,22,4,18,0.18181818181818182,8.380696969235223e-05
SCNTLWK1,count,exact_values,22,14,0,14,0.0,5.333170798604233e-05
SCNTLWK1,count,exact_values,23,13,0,13,0.0,4.952230027275359e-05
SCNTLWK1,count,exact_values,24,212,22,190,0.10377358490566038,0.0008075944352172124
SCNTLWK1,count,exact_values,25,313,33,280,0.10543130990415335,0.001192344614259375
SCNTLWK1,count,exact_values,26,18,0,18,0.0,6.856933883919729e-05
SCNTLWK1,count,exact_values,27,12,2,10,0.16666666666666666,4.5712892559464854e-05
SCNTLWK1,count,exact_values,28,43,5,38,0.11627906976744186,0.00016380453167141572
SCNTLWK1,count,exact_values,29,10,0,10,0.0,3.8094077132887376e-05
SCNTLWK1,count,exact_values,30,935,91,844,0.09732620320855614,0.00356179621192497
SCNTLWK1,count,exact_values,31,2,0,2,0.0,7.618815426577475e-06
SCNTLWK1,count,exact_values,32,237,22,215,0.09282700421940929,0.0009028296280494309
SCNTLWK1,count,exact_values,33,8,0,8,0.0,3.04752617063099e-05
SCNTLWK1,count,exact_values,34,18,1,17,0.05555555555555555,6.856933883919729e-05
SCNTLWK1,count,exact_values,35,469,49,420,0.1044776119402985,0.001786612217532418
SCNTLWK1,count,exact_values,36,146,16,130,0.1095890410958904,0.0005561735261401557
SCNTLWK1,count,exact_values,37,110,15,95,0.13636363636363635,0.0004190348484617612
SCNTLWK1,count,exact_values,38,124,11,113,0.08870967741935484,0.0004723665564478035
SCNTLWK1,count,exact_values,39,14,1,13,0.07142857142857142,5.333170798604233e-05
SCNTLWK1,count,exact_values,40,9240,1331,7909,0.14404761904761904,0.03519892727078794
SCNTLWK1,count,exact_values,41,10,2,8,0.2,3.8094077132887376e-05
SCNTLWK1,count,exact_values,42,76,9,67,0.11842105263157894,0.00028951498620994405
SCNTLWK1,count,exact_values,43,30,4,26,0.13333333333333333,0.00011428223139866214
SCNTLWK1,count,exact_values,44,60,11,49,0.18333333333333332,0.00022856446279732428
SCNTLWK1,count,exact_values,45,894,141,753,0.15771812080536912,0.003405610495680132
SCNTLWK1,count,exact_values,46,40,7,33,0.175,0.0001523763085315495
SCNTLWK1,count,exact_values,47,19,3,16,0.15789473684210525,7.237874655248601e-05
SCNTLWK1,count,exact_values,48,272,47,225,0.17279411764705882,0.0010361588980145368
SCNTLWK1,count,exact_values,49,9,1,8,0.1111111111111111,3.4284669419598644e-05
SCNTLWK1,count,exact_values,50,1866,315,1551,0.16881028938906753,0.0071083547929967844
SCNTLWK1,count,exact_values,51,1,0,1,0.0,3.8094077132887377e-06
SCNTLWK1,count,exact_values,52,26,4,22,0.15384615384615385,9.904460054550719e-05
SCNTLWK1,count,exact_values,53,3,1,2,0.3333333333333333,1.1428223139866213e-05
SCNTLWK1,count,exact_values,54,13,0,13,0.0,4.952230027275359e-05
SCNTLWK1,count,exact_values,55,290,47,243,0.16206896551724137,0.001104728236853734
SCNTLWK1,count,exact_values,56,33,6,27,0.18181818181818182,0.00012571045453852836
SCNTLWK1,count,exact_values,57,4,2,2,0.5,1.523763085315495e-05
SCNTLWK1,count,exact_values,58,5,2,3,0.4,1.9047038566443688e-05
SCNTLWK1,count,exact_values,60,1251,246,1005,0.19664268585131894,0.004765569049324211
SCNTLWK1,count,exact_values,62,3,0,3,0.0,1.1428223139866213e-05
SCNTLWK1,count,exact_values,63,3,0,3,0.0,1.1428223139866213e-05
SCNTLWK1,count,exact_values,64,6,0,6,0.0,2.2856446279732427e-05
SCNTLWK1,count,exact_values,65,110,20,90,0.18181818181818182,0.0004190348484617612
SCNTLWK1,count,exact_values,66,5,2,3,0.4,1.9047038566443688e-05
SCNTLWK1,count,exact_values,67,5,1,4,0.2,1.9047038566443688e-05
SCNTLWK1,count,exact_values,68,8,5,3,0.625,3.04752617063099e-05
SCNTLWK1,count,exact_values,70,242,53,189,0.2190082644628099,0.0009218766666158746
SCNTLWK1,count,exact_values,71,1,0,1,0.0,3.8094077132887377e-06
SCNTLWK1,count,exact_values,72,47,9,38,0.19148936170212766,0.00017904216252457068
SCNTLWK1,count,exact_values,73,2,0,2,0.0,7.618815426577475e-06
SCNTLWK1,count,exact_values,74,2,1,1,0.5,7.618815426577475e-06
SCNTLWK1,count,exact_values,75,35,9,26,0.2571428571428571,0.00013332926996510584
SCNTLWK1,count,exact_values,76,1,0,1,0.0,3.8094077132887377e-06
SCNTLWK1,count,exact_values,77,17,1,16,0.058823529411764705,6.475993112590855e-05
SCNTLWK1,count,exact_values,78,5,0,5,0.0,1.9047038566443688e-05
SCNTLWK1,count,exact_values,79,1,0,1,0.0,3.8094077132887377e-06
SCNTLWK1,count,exact_values,80,205,39,166,0.1902439024390244,0.0007809285812241912
SCNTLWK1,count,exact_values,82,2,1,1,0.5,7.618815426577475e-06
SCNTLWK1,count,exact_values,84,51,10,41,0.19607843137254902,0.00019427979337772563
SCNTLWK1,count,exact_values,85,7,3,4,0.42857142857142855,2.6665853993021166e-05
SCNTLWK1,count,exact_values,86,2,0,2,0.0,7.618815426577475e-06
SCNTLWK1,count,exact_values,88,9,1,8,0.1111111111111111,3.4284669419598644e-05
SCNTLWK1,count,exact_values,90,25,5,20,0.2,9.523519283221845e-05
SCNTLWK1,count,exact_values,93,1,0,1,0.0,3.8094077132887377e-06
SCNTLWK1,count,exact_values,95,2,0,2,0.0,7.618815426577475e-06
SCNTLWK1,count,exact_values,96,80,28,52,0.35,0.000304752617063099
SCNTLWK1,count,exact_values,97,1549,262,1287,0.16914138153647515,0.005900772547884255
SCNTLWK1,count,exact_values,98,1141,161,980,0.1411042944785276,0.00434653420086245
SCNTLWK1,count,exact_values,99,120,26,94,0.21666666666666667,0.00045712892559464857
SCNTLWK1,count,exact_values,<MISSING>,239786,19863,219923,0.08283636242316066,0.9134426379386533
SXORIENT,categorical,exact_values,1,93397,8126,85271,0.0870049359187126,0.35578725219802826
SXORIENT,categorical,exact_values,2,1330,103,1227,0.0774436090225564,0.005066512258674021
SXORIENT,categorical,exact_values,3,1368,98,1270,0.07163742690058479,0.005211269751778993
SXORIENT,categorical,exact_values,4,341,44,297,0.12903225806451613,0.0012990080302314596
SXORIENT,categorical,exact_values,7,1031,128,903,0.12415130940834142,0.003927499352400689
SXORIENT,categorical,exact_values,9,1754,203,1551,0.11573546180159636,0.006681701129108446
SXORIENT,categorical,exact_values,<MISSING>,163287,14478,148809,0.08866596850943431,0.6220267572797782
TRNSGNDR,categorical,exact_values,1,219,27,192,0.1232876712328767,0.0008342602892102336
TRNSGNDR,categorical,exact_values,2,138,11,127,0.07971014492753623,0.0005256982644338458
TRNSGNDR,categorical,exact_values,3,93,17,76,0.1827956989247312,0.00035427491733585264
TRNSGNDR,categorical,exact_values,4,97282,8452,88830,0.08688143747044674,0.370586801164155
TRNSGNDR,categorical,exact_values,7,548,91,457,0.16605839416058393,0.0020875554268822284
TRNSGNDR,categorical,exact_values,9,887,94,793,0.10597519729425028,0.0033789446416871106
TRNSGNDR,categorical,exact_values,<MISSING>,163341,14488,148853,0.08869787744656883,0.6222324652962957
RCSGENDR,binary,exact_values,1,17562,555,17007,0.03160232319781346,0.06690081826077682
RCSGENDR,binary,exact_values,2,16353,508,15845,0.031064636458142236,0.062295244335410734
RCSGENDR,binary,exact_values,9,1700,57,1643,0.033529411764705884,0.006475993112590854
RCSGENDR,binary,exact_values,<MISSING>,226893,22060,204833,0.09722644594588639,0.8643279442912216
RCSRLTN2,categorical,exact_values,1,27799,562,27237,0.020216554552322026,0.10589772502171363
RCSRLTN2,categorical,exact_values,2,3022,392,2630,0.12971542025148908,0.011512030109558567
RCSRLTN2,categorical,exact_values,3,412,32,380,0.07766990291262135,0.00156947597787496
RCSRLTN2,categorical,exact_values,4,1568,9,1559,0.005739795918367347,0.005973151294436741
RCSRLTN2,categorical,exact_values,5,797,40,757,0.050188205771643665,0.003036097947491124
RCSRLTN2,categorical,exact_values,6,531,30,501,0.05649717514124294,0.0020227954957563197
RCSRLTN2,categorical,exact_values,7,27,1,26,0.037037037037037035,0.00010285400825879592
RCSRLTN2,categorical,exact_values,9,1327,51,1276,0.03843255463451394,0.005055084035534155
RCSRLTN2,categorical,exact_values,<MISSING>,227025,22063,204962,0.09718312961127629,0.8648307861093757
CASTHDX2,categorical,exact_values,1,3854,160,3694,0.04151530877010898,0.014681457327014796
CASTHDX2,categorical,exact_values,2,25837,714,25123,0.027634787320509346,0.09842366708824112
CASTHDX2,categorical,exact_values,7,331,19,312,0.05740181268882175,0.0012609139530985723
CASTHDX2,categorical,exact_values,9,1159,50,1109,0.04314063848144953,0.004415103539701647
CASTHDX2,categorical,exact_values,<MISSING>,231327,22237,209090,0.09612799197672559,0.8812188580919439
CASTHNO2,binary,exact_values,1,2527,116,2411,0.04590423426988524,0.00962637329148064
CASTHNO2,binary,exact_values,2,1226,40,1186,0.03262642740619902,0.004670333856491992
CASTHNO2,binary,exact_values,7,95,4,91,0.042105263157894736,0.0003618937327624301
CASTHNO2,binary,exact_values,9,1,0,1,0.0,3.8094077132887377e-06
CASTHNO2,binary,exact_values,<MISSING>,258659,23020,235639,0.08899748317282599,0.9853375897115516
EMTSUPRT,ordinal,exact_values,1,6437,445,5992,0.06913158303557558,0.024521157450439604
EMTSUPRT,ordinal,exact_values,2,3387,199,3188,0.05875405963979923,0.012902463924908954
EMTSUPRT,ordinal,exact_values,3,1240,98,1142,0.07903225806451612,0.004723665564478035
EMTSUPRT,ordinal,exact_values,4,359,42,317,0.116991643454039,0.0013675773690706569
EMTSUPRT,ordinal,exact_values,5,413,43,370,0.10411622276029056,0.0015732853855882488
EMTSUPRT,ordinal,exact_values,7,137,13,124,0.0948905109489051,0.0005218888567205571
EMTSUPRT,ordinal,exact_values,9,60,6,54,0.1,0.00022856446279732428
EMTSUPRT,ordinal,exact_values,<MISSING>,250475,22334,228141,0.0891665834913664,0.9541613969859967
LSATISFY,ordinal,exact_values,1,5458,305,5153,0.05588127519237816,0.020791747299129932
LSATISFY,ordinal,exact_values,2,5785,451,5334,0.07796024200518582,0.022037423621375347
LSATISFY,ordinal,exact_values,3,498,55,443,0.11044176706827309,0.0018970850412177915
LSATISFY,ordinal,exact_values,4,150,21,129,0.14,0.0005714111569933107
LSATISFY,ordinal,exact_values,7,86,11,75,0.12790697674418605,0.00032760906334283144
LSATISFY,ordinal,exact_values,9,47,2,45,0.0425531914893617,0.00017904216252457068
LSATISFY,ordinal,exact_values,<MISSING>,250484,22335,228149,0.08916737196787021,0.9541956816554162
ADPLEASR,count,exact_values,1,484,42,442,0.08677685950413223,0.0018437533332317491
ADPLEASR,count,exact_values,2,768,96,672,0.125,0.0029256251238057506
ADPLEASR,count,exact_values,3,384,47,337,0.12239583333333333,0.0014628125619028753
ADPLEASR,count,exact_values,4,267,34,233,0.12734082397003746,0.001017111859448093
ADPLEASR,count,exact_values,5,269,35,234,0.13011152416356878,0.0010247306748746704
ADPLEASR,count,exact_values,6,75,12,63,0.16,0.00028570557849665534
ADPLEASR,count,exact_values,7,272,49,223,0.1801470588235294,0.0010361588980145368
ADPLEASR,count,exact_values,8,58,11,47,0.1896551724137931,0.0002209456473707468
ADPLEASR,count,exact_values,9,24,1,23,0.041666666666666664,9.142578511892971e-05
ADPLEASR,count,exact_values,10,202,37,165,0.18316831683168316,0.000769500358084325
ADPLEASR,count,exact_values,11,3,1,2,0.3333333333333333,1.1428223139866213e-05
ADPLEASR,count,exact_values,12,63,10,53,0.15873015873015872,0.00023999268593719047
ADPLEASR,count,exact_values,13,12,2,10,0.16666666666666666,4.5712892559464854e-05
ADPLEASR,count,exact_values,14,661,132,529,0.19969742813918306,0.0025180184984838557
ADPLEASR,count,exact_values,77,341,74,267,0.21700879765395895,0.0012990080302314596
ADPLEASR,count,exact_values,88,8135,816,7319,0.10030731407498464,0.030989531747603882
ADPLEASR,count,exact_values,99,73,12,61,0.1643835616438356,0.00027808676307007786
ADPLEASR,count,exact_values,<MISSING>,250417,21769,228648,0.08693099909351203,0.9539404513386258
ADDOWN,count,exact_values,1,541,46,495,0.08502772643253234,0.002060889572889207
ADDOWN,count,exact_values,2,681,75,606,0.11013215859030837,0.0025942066527496303
ADDOWN,count,exact_values,3,317,47,270,0.14826498422712933,0.00120758224511253
ADDOWN,count,exact_values,4,181,22,159,0.12154696132596685,0.0006895027961052615
ADDOWN,count,exact_values,5,222,32,190,0.14414414414414414,0.0008456885123500998
ADDOWN,count,exact_values,6,50,10,40,0.2,0.0001904703856644369
ADDOWN,count,exact_values,7,229,42,187,0.18340611353711792,0.000872354366343121
ADDOWN,count,exact_values,8,61,11,50,0.18032786885245902,0.00023237387051061302
ADDOWN,count,exact_values,9,7,0,7,0.0,2.6665853993021166e-05
ADDOWN,count,exact_values,10,149,24,125,0.1610738255033557,0.000567601749280022
ADDOWN,count,exact_values,11,4,2,2,0.5,1.523763085315495e-05
ADDOWN,count,exact_values,12,43,7,36,0.16279069767441862,0.00016380453167141572
ADDOWN,count,exact_values,13,6,2,4,0.3333333333333333,2.2856446279732427e-05
ADDOWN,count,exact_values,14,582,135,447,0.23195876288659795,0.0022170752891340455
ADDOWN,count,exact_values,77,108,23,85,0.21296296296296297,0.0004114160330351837
ADDOWN,count,exact_values,88,8864,923,7941,0.10412906137184115,0.03376658997059137
ADDOWN,count,exact_values,99,33,8,25,0.24242424242424243,0.00012571045453852836
ADDOWN,count,exact_values,<MISSING>,250430,21771,228659,0.08693447270694406,0.9539899736388986
ADSLEEP,count,exact_values,1,450,30,420,0.06666666666666667,0.001714233470979932
ADSLEEP,count,exact_values,2,806,70,736,0.08684863523573201,0.0030703826169107226
ADSLEEP,count,exact_values,3,552,55,497,0.09963768115942029,0.0021027930577353833
ADSLEEP,count,exact_values,4,398,39,359,0.09798994974874371,0.0015161442698889177
ADSLEEP,count,exact_values,5,365,34,331,0.09315068493150686,0.0013904338153503894
ADSLEEP,count,exact_values,6,160,21,139,0.13125,0.000609505234126198
ADSLEEP,count,exact_values,7,322,45,277,0.13975155279503104,0.0012266292836789737
ADSLEEP,count,exact_values,8,105,13,92,0.12380952380952381,0.00039998780989531745
ADSLEEP,count,exact_values,9,20,4,16,0.2,7.618815426577475e-05
ADSLEEP,count,exact_values,10,275,39,236,0.14181818181818182,0.001047587121154403
ADSLEEP,count,exact_values,11,8,1,7,0.125,3.04752617063099e-05
ADSLEEP,count,exact_values,12,87,14,73,0.16091954022988506,0.0003314184710561202
ADSLEEP,count,exact_values,13,36,7,29,0.19444444444444445,0.00013713867767839458
ADSLEEP,count,exact_values,14,1904,375,1529,0.19695378151260504,0.007253112286101757
ADSLEEP,count,exact_values,77,144,25,119,0.1736111111111111,0.0005485547107135783
ADSLEEP,count,exact_values,88,6407,633,5774,0.09879818948025597,0.024406875219040943
ADSLEEP,count,exact_values,99,34,4,30,0.11764705882352941,0.0001295198622518171
ADSLEEP,count,exact_values,<MISSING>,250435,21771,228664,0.08693273703755465,0.9540090206774651
ADENERGY,count,exact_values,1,698,56,642,0.08022922636103152,0.002658966583875539
ADENERGY,count,exact_values,2,1419,121,1298,0.08527131782945736,0.005405549545156719
ADENERGY,count,exact_values,3,768,76,692,0.09895833333333333,0.0029256251238057506
ADENERGY,count,exact_values,4,488,61,427,0.125,0.0018589909640849042
ADENERGY,count,exact_values,5,501,58,443,0.1157684630738523,0.0019085132643576576
ADENERGY,count,exact_values,6,170,19,151,0.11176470588235295,0.0006475993112590855
ADENERGY,count,exact_values,7,432,58,374,0.13425925925925927,0.0016456641321407348
ADENERGY,count,exact_values,8,119,27,92,0.226890756302521,0.0004533195178813598
ADENERGY,count,exact_values,9,21,4,17,0.19047619047619047,7.999756197906349e-05
ADENERGY,count,exact_values,10,352,50,302,0.14204545454545456,0.0013409115150776357
ADENERGY,count,exact_values,11,10,1,9,0.1,3.8094077132887376e-05
ADENERGY,count,exact_values,12,107,13,94,0.12149532710280374,0.00040760662532189493
ADENERGY,count,exact_values,13,25,6,19,0.24,9.523519283221845e-05
ADENERGY,count,exact_values,14,2070,421,1649,0.2033816425120773,0.007885473966507687
ADENERGY,count,exact_values,77,189,41,148,0.21693121693121692,0.0007199780578115714
ADENERGY,count,exact_values,88,4662,390,4272,0.08365508365508366,0.017759458759352097
ADENERGY,count,exact_values,99,39,7,32,0.1794871794871795,0.00014856690081826076
ADENERGY,count,exact_values,<MISSING>,250438,21771,228667,0.08693169566918758,0.9540204489006049
ADEAT1,count,exact_values,1,470,44,426,0.09361702127659574,0.0017904216252457067
ADEAT1,count,exact_values,2,768,68,700,0.08854166666666667,0.0029256251238057506
ADEAT1,count,exact_values,3,470,56,414,0.11914893617021277,0.0017904216252457067
ADEAT1,count,exact_values,4,298,44,254,0.1476510067114094,0.001135203498560044
ADEAT1,count,exact_values,5,335,46,289,0.1373134328358209,0.0012761515839517271
ADEAT1,count,exact_values,6,112,11,101,0.09821428571428571,0.00042665366388833865
ADEAT1,count,exact_values,7,281,41,240,0.14590747330960854,0.0010704435674341354
ADEAT1,count,exact_values,8,66,8,58,0.12121212121212122,0.0002514209090770567
ADEAT1,count,exact_values,9,13,1,12,0.07692307692307693,4.952230027275359e-05
ADEAT1,count,exact_values,10,202,28,174,0.13861386138613863,0.000769500358084325
ADEAT1,count,exact_values,11,5,1,4,0.2,1.9047038566443688e-05
ADEAT1,count,exact_values,12,33,12,21,0.36363636363636365,0.00012571045453852836
ADEAT1,count,exact_values,13,7,1,6,0.14285714285714285,2.6665853993021166e-05
ADEAT1,count,exact_values,14,1090,227,863,0.20825688073394497,0.004152254407484724
ADEAT1,count,exact_values,77,164,32,132,0.1951219512195122,0.000624742864979353
ADEAT1,count,exact_values,88,7713,784,6929,0.10164657072475042,0.029381961692596034
ADEAT1,count,exact_values,99,37,5,32,0.13513513513513514,0.00014094808539168331
ADEAT1,count,exact_values,<MISSING>,250444,21771,228673,0.08692961300729904,0.9540433053468846
ADFAIL,count,exact_values,1,341,27,314,0.07917888563049853,0.0012990080302314596
ADFAIL,count,exact_values,2,386,31,355,0.08031088082901554,0.0014704313773294527
ADFAIL,count,exact_values,3,182,25,157,0.13736263736263737,0.0006933122038185503
ADFAIL,count,exact_values,4,105,18,87,0.17142857142857143,0.00039998780989531745
ADFAIL,count,exact_values,5,129,14,115,0.10852713178294573,0.0004914135950142472
ADFAIL,count,exact_values,6,45,7,38,0.15555555555555556,0.0001714233470979932
ADFAIL,count,exact_values,7,128,26,102,0.203125,0.0004876041873009584
ADFAIL,count,exact_values,8,43,10,33,0.23255813953488372,0.00016380453167141572
ADFAIL,count,exact_values,9,5,0,5,0.0,1.9047038566443688e-05
ADFAIL,count,exact_values,10,95,14,81,0.14736842105263157,0.0003618937327624301
ADFAIL,count,exact_values,11,6,2,4,0.3333333333333333,2.2856446279732427e-05
ADFAIL,count,exact_values,12,17,4,13,0.23529411764705882,6.475993112590855e-05
ADFAIL,count,exact_values,13,6,0,6,0.0,2.2856446279732427e-05
ADFAIL,count,exact_values,14,544,120,424,0.22058823529411764,0.0020723177960290736
ADFAIL,count,exact_values,77,95,19,76,0.2,0.0003618937327624301
ADFAIL,count,exact_values,88,9888,1085,8803,0.1097289644012945,0.03766742346899904
ADFAIL,count,exact_values,99,45,7,38,0.15555555555555556,0.0001714233470979932
ADFAIL,count,exact_values,<MISSING>,250448,21771,228677,0.08692822462147831,0.9540585429777378
ADTHINK,count,exact_values,1,183,15,168,0.08196721311475409,0.000697121611531839
ADTHINK,count,exact_values,2,338,43,295,0.12721893491124261,0.0012875798070915935
ADTHINK,count,exact_values,3,146,14,132,0.0958904109589041,0.0005561735261401557
ADTHINK,count,exact_values,4,123,12,111,0.0975609756097561,0.00046855714873451476
ADTHINK,count,exact_values,5,136,28,108,0.20588235294117646,0.0005180794490072684
ADTHINK,count,exact_values,6,48,7,41,0.14583333333333334,0.00018285157023785942
ADTHINK,count,exact_values,7,141,14,127,0.09929078014184398,0.0005371264875737121
ADTHINK,count,exact_values,8,32,7,25,0.21875,0.0001219010468252396
ADTHINK,count,exact_values,9,10,2,8,0.2,3.8094077132887376e-05
ADTHINK,count,exact_values,10,77,14,63,0.18181818181818182,0.0002933243939232328
ADTHINK,count,exact_values,11,3,0,3,0.0,1.1428223139866213e-05
ADTHINK,count,exact_values,12,25,3,22,0.12,9.523519283221845e-05
ADTHINK,count,exact_values,13,4,0,4,0.0,1.523763085315495e-05
ADTHINK,count,exact_values,14,504,103,401,0.20436507936507936,0.0019199414874975238
ADTHINK,count,exact_values,77,94,16,78,0.1702127659574468,0.00035808432504914135
ADTHINK,count,exact_values,88,10155,1127,9028,0.11097981290004924,0.03868453532844713
ADTHINK,count,exact_values,99,30,3,27,0.1,0.00011428223139866214
ADTHINK,count,exact_values,<MISSING>,250459,21772,228687,0.08692839945859403,0.954100446462584
ADMOVE,count,exact_values,1,141,15,126,0.10638297872340426,0.0005371264875737121
ADMOVE,count,exact_values,2,231,45,186,0.19480519480519481,0.0008799731817696984
ADMOVE,count,exact_values,3,137,24,113,0.17518248175182483,0.0005218888567205571
ADMOVE,count,exact_values,4,89,25,64,0.2808988764044944,0.0003390372864826977
ADMOVE,count,exact_values,5,114,22,92,0.19298245614035087,0.00043427247931491613
ADMOVE,count,exact_values,6,24,2,22,0.08333333333333333,9.142578511892971e-05
ADMOVE,count,exact_values,7,113,25,88,0.22123893805309736,0.00043046307160162737
ADMOVE,count,exact_values,8,21,3,18,0.14285714285714285,7.999756197906349e-05
ADMOVE,count,exact_values,9,7,3,4,0.42857142857142855,2.6665853993021166e-05
ADMOVE,count,exact_values,10,59,15,44,0.2542372881355932,0.00022475505508403554
ADMOVE,count,exact_values,11,1,0,1,0.0,3.8094077132887377e-06
ADMOVE,count,exact_values,12,12,2,10,0.16666666666666666,4.5712892559464854e-05
ADMOVE,count,exact_values,13,4,0,4,0.0,1.523763085315495e-05
ADMOVE,count,exact_values,14,358,94,264,0.26256983240223464,0.0013637679613573682
ADMOVE,count,exact_values,77,213,49,164,0.2300469483568075,0.0008114038429305012
ADMOVE,count,exact_values,88,10482,1075,9407,0.10255676397634039,0.03993021165069255
ADMOVE,count,exact_values,99,34,6,28,0.17647058823529413,0.0001295198622518171
ADMOVE,count,exact_values,<MISSING>,250468,21775,228693,0.08693725346152004,0.9541347311320036
MISTMNT,binary,exact_values,1,1763,306,1457,0.1735677821894498,0.006715985798528045
MISTMNT,binary,exact_values,2,10216,1091,9125,0.10679326546593579,0.038916909198957746
MISTMNT,binary,exact_values,7,25,3,22,0.12,9.523519283221845e-05
MISTMNT,binary,exact_values,9,25,3,22,0.12,9.523519283221845e-05
MISTMNT,binary,exact_values,<MISSING>,250479,21777,228702,0.08694142023882241,0.9541766346168498
ADANXEV,binary,exact_values,1,1921,317,1604,0.16501821967725144,0.007317872217227665
ADANXEV,binary,exact_values,2,10024,1070,8954,0.10674381484437351,0.038185502918006306
ADANXEV,binary,exact_values,7,56,11,45,0.19642857142857142,0.00021332683194416933
ADANXEV,binary,exact_values,9,24,4,20,0.16666666666666666,9.142578511892971e-05
ADANXEV,binary,exact_values,<MISSING>,250483,21778,228705,0.08694402414535118,0.954191872247703
QSTVER,survey_design,exact_values,10,89086,9682,79404,0.10868149877646319,0.3393648955460405
QSTVER,survey_design,exact_values,11,31184,3387,27797,0.1086133914828117,0.118792570131196
QSTVER,survey_design,exact_values,12,28072,2912,25160,0.10373325733827302,0.10693769332744145
QSTVER,survey_design,exact_values,13,2524,263,2261,0.10419968304278922,0.009614945068340774
QSTVER,survey_design,exact_values,20,66587,4335,62252,0.06510279784342289,0.2536570314047572
QSTVER,survey_design,exact_values,21,21303,1278,20025,0.05999155048584706,0.08115181251618998
QSTVER,survey_design,exact_values,22,20239,1139,19100,0.05627748406541825,0.07709860270925077
QSTVER,survey_design,exact_values,23,3513,184,3329,0.05237688585254768,0.013382449296783337
QSTLANG,survey_design,exact_values,1,252646,22442,230204,0.08882784607711977,0.9624316211315465
QSTLANG,survey_design,exact_values,2,9851,737,9114,0.07481473962034312,0.03752647538360736
QSTLANG,survey_design,exact_values,3,4,1,3,0.25,1.523763085315495e-05
QSTLANG,survey_design,exact_values,<MISSING>,7,0,7,0.0,2.6665853993021166e-05
MSCODE,survey_design,exact_values,1,66243,6659,59584,0.10052382893286838,0.25234659515138586
MSCODE,survey_design,exact_values,2,26051,2688,23363,0.10318221949253388,0.09923888033888491
MSCODE,survey_design,exact_values,3,10768,1233,9535,0.11450594353640416,0.04101970225669313
MSCODE,survey_design,exact_values,5,45379,5401,39978,0.11901981092575861,0.17286711262132964
MSCODE,survey_design,exact_values,<MISSING>,114067,7199,106868,0.06311203064865387,0.43452770963170645
_STSTR,survey_design,sample_quantile_bins,"[-inf, 82019]",1609,147,1462,0.09136109384711001,0.10021175884404585
_STSTR,survey_design,sample_quantile_bins,"[82019, 152019]",1669,146,1523,0.08747753145596165,0.10394867962132535
_STSTR,survey_design,sample_quantile_bins,"[152019, 202079]",1623,161,1462,0.09919901417128774,0.10108370702541106
_STSTR,survey_design,sample_quantile_bins,"[202079, 251071]",1541,142,1399,0.09214795587280987,0.09597658196312905
_STSTR,survey_design,sample_quantile_bins,"[251071, 292059]",1573,127,1446,0.080737444373808,0.09796960637767813
_STSTR,survey_design,sample_quantile_bins,"[292059, 342029]",1615,159,1456,0.09845201238390093,0.10058545092177379
_STSTR,survey_design,sample_quantile_bins,"[342029, 392039]",1618,164,1454,0.10135970333745364,0.10077229696063776
_STSTR,survey_design,sample_quantile_bins,"[392039, 462089]",1593,169,1424,0.10608913998744507,0.0992152466367713
_STSTR,survey_design,sample_quantile_bins,"[462089, 512019]",1625,145,1480,0.08923076923076922,0.10120827105132038
_STSTR,survey_design,sample_quantile_bins,"[512019, inf]",1590,145,1445,0.09119496855345911,0.09902840059790732
_STRWT,survey_design,sample_quantile_bins,"[-inf, 9.30022]",1637,195,1442,0.11912034208918754,0.10195565520677628
_STRWT,survey_design,sample_quantile_bins,"[9.30022, 14.4209]",1595,162,1433,0.10156739811912226,0.09933981066268062
_STRWT,survey_design,sample_quantile_bins,"[14.4209, 21.0774]",1617,184,1433,0.11379097093382808,0.10071001494768311
_STRWT,survey_design,sample_quantile_bins,"[21.0774, 29.368]",1658,160,1498,0.09650180940892641,0.10326357747882411
_STRWT,survey_design,sample_quantile_bins,"[29.368, 44.8971]",1557,131,1426,0.08413615928066795,0.09697309417040359
_STRWT,survey_design,sample_quantile_bins,"[44.8971, 64.9205]",1697,154,1543,0.09074837949322334,0.1056925759840558
_STRWT,survey_design,sample_quantile_bins,"[64.9205, 82.011]",1506,132,1374,0.08764940239043825,0.093796711509716
_STRWT,survey_design,sample_quantile_bins,"[82.011, 143.488]",1581,128,1453,0.08096141682479444,0.0984678624813154
_STRWT,survey_design,sample_quantile_bins,"[143.488, 290.576]",1594,145,1449,0.09096612296110414,0.09927752864972596
_STRWT,survey_design,sample_quantile_bins,"[290.576, inf]",1613,114,1499,0.07067575945443273,0.10046088689586448
_STRWT,survey_design,sample_quantile_bins,<MISSING>,1,0,1,0.0,6.228201295465869e-05
_RAWRAKE,survey_design,exact_values,0.333333333333333,119,18,101,0.15126050420168066,0.0004533195178813598
_RAWRAKE,survey_design,exact_values,0.5,828,114,714,0.13768115942028986,0.003154189586603075
_RAWRAKE,survey_design,exact_values,0.666666666666667,313,42,271,0.134185303514377,0.001192344614259375
_RAWRAKE,survey_design,exact_values,1,169386,14568,154818,0.08600474655520528,0.6452603349231262
_RAWRAKE,survey_design,exact_values,1.33333333333333,24,2,22,0.08333333333333333,9.142578511892971e-05
_RAWRAKE,survey_design,exact_values,1.5,336,26,310,0.07738095238095238,0.0012799609916650159
_RAWRAKE,survey_design,exact_values,1.66666666666667,10,2,8,0.2,3.8094077132887376e-05
_RAWRAKE,survey_design,exact_values,2,73640,7094,66546,0.0963335143943509,0.28052478400658265
_RAWRAKE,survey_design,exact_values,2.5,43,2,41,0.046511627906976744,0.00016380453167141572
_RAWRAKE,survey_design,exact_values,3,12510,958,11552,0.07657873701039168,0.04765569049324211
_RAWRAKE,survey_design,exact_values,4,4054,270,3784,0.06660088801184016,0.015443338869672543
_RAWRAKE,survey_design,exact_values,5,1245,84,1161,0.06746987951807229,0.0047427126030444786
_WT2RAKE,survey_design,sample_quantile_bins,"[-inf, 11.8691]",1615,206,1409,0.12755417956656348,0.10058545092177379
_WT2RAKE,survey_design,sample_quantile_bins,"[11.8691, 21.0393]",1667,184,1483,0.11037792441511697,0.10382411559541604
_WT2RAKE,survey_design,sample_quantile_bins,"[21.0393, 29.368]",1608,146,1462,0.09079601990049752,0.10014947683109118
_WT2RAKE,survey_design,sample_quantile_bins,"[29.368, 44.7456]",1566,149,1417,0.09514687100893997,0.09753363228699552
_WT2RAKE,survey_design,sample_quantile_bins,"[44.7456, 61.6255]",1648,151,1497,0.09162621359223301,0.10264075734927752
_WT2RAKE,survey_design,sample_quantile_bins,"[61.6255, 78.664]",1557,128,1429,0.08220937700706486,0.09697309417040359
_WT2RAKE,survey_design,sample_quantile_bins,"[78.664, 104.633]",1597,141,1456,0.08829054477144646,0.09946437468858993
_WT2RAKE,survey_design,sample_quantile_bins,"[104.633, 183.112]",1589,137,1452,0.08621774701069855,0.09896611858495266
_WT2RAKE,survey_design,sample_quantile_bins,"[183.112, 322.746]",1606,140,1466,0.08717310087173101,0.10002491280518186
_WT2RAKE,survey_design,sample_quantile_bins,"[322.746, inf]",1603,123,1480,0.07673112913287586,0.09983806676631789
_CHISPNC,survey_design,exact_values,1,6293,215,6078,0.034164945177180994,0.023972602739726026
_CHISPNC,survey_design,exact_values,2,30578,932,29646,0.030479429655307737,0.11648406905694303
_CHISPNC,survey_design,exact_values,9,153309,15254,138055,0.09949839865891762,0.5840164871165832
_CHISPNC,survey_design,exact_values,<MISSING>,72328,6779,65549,0.09372580466762526,0.27552684108674785
_CRACE1,survey_design,exact_values,1,27831,811,27020,0.02914016743918652,0.10601962606853886
_CRACE1,survey_design,exact_values,2,3470,135,3335,0.03890489913544669,0.01321864476511192
_CRACE1,survey_design,exact_values,3,1064,59,1005,0.05545112781954887,0.004053209806939217
_CRACE1,survey_design,exact_values,4,1123,21,1102,0.018699910952804988,0.004277964862023253
_CRACE1,survey_design,exact_values,5,132,6,126,0.045454545454545456,0.0005028418181541134
_CRACE1,survey_design,exact_values,6,1041,38,1003,0.03650336215177714,0.003965593429533576
_CRACE1,survey_design,exact_values,7,1861,64,1797,0.03439011284255777,0.0070893077544303415
_CRACE1,survey_design,exact_values,77,434,12,422,0.027649769585253458,0.0016532829475673122
_CRACE1,survey_design,exact_values,99,1880,70,1810,0.03723404255319149,0.007161686500982827
_CRACE1,survey_design,exact_values,<MISSING>,223672,21964,201708,0.0981973604206159,0.8520578420467185
_CPRACE,survey_design,exact_values,1,27831,811,27020,0.02914016743918652,0.10601962606853886
_CPRACE,survey_design,exact_values,2,3470,135,3335,0.03890489913544669,0.01321864476511192
_CPRACE,survey_design,exact_values,3,1064,59,1005,0.05545112781954887,0.004053209806939217
_CPRACE,survey_design,exact_values,4,1123,21,1102,0.018699910952804988,0.004277964862023253
_CPRACE,survey_design,exact_values,5,132,6,126,0.045454545454545456,0.0005028418181541134
_CPRACE,survey_design,exact_values,6,1041,38,1003,0.03650336215177714,0.003965593429533576
_CPRACE,survey_design,exact_values,7,1861,64,1797,0.03439011284255777,0.0070893077544303415
_CPRACE,survey_design,exact_values,77,434,12,422,0.027649769585253458,0.0016532829475673122
_CPRACE,survey_design,exact_values,99,1880,70,1810,0.03723404255319149,0.007161686500982827
_CPRACE,survey_design,exact_values,<MISSING>,223672,21964,201708,0.0981973604206159,0.8520578420467185
_CLLCPWT,survey_design,sample_quantile_bins,"[-inf, 59.5552]",212,9,203,0.04245283018867924,0.013203786746387643
_CLLCPWT,survey_design,sample_quantile_bins,"[59.5552, 103.91]",214,9,205,0.04205607476635514,0.01332835077229696
_CLLCPWT,survey_design,sample_quantile_bins,"[103.91, 163.116]",237,5,232,0.02109704641350211,0.01476083707025411
_CLLCPWT,survey_design,sample_quantile_bins,"[163.116, 229.216]",226,10,216,0.04424778761061947,0.014075734927752865
_CLLCPWT,survey_design,sample_quantile_bins,"[229.216, 316.761]",215,4,211,0.018604651162790697,0.013390632785251618
_CLLCPWT,survey_design,sample_quantile_bins,"[316.761, 432.592]",233,6,227,0.02575107296137339,0.014511709018435476
_CLLCPWT,survey_design,sample_quantile_bins,"[432.592, 666.257]",221,11,210,0.049773755656108594,0.013764324862979571
_CLLCPWT,survey_design,sample_quantile_bins,"[666.257, 1108.89]",218,5,213,0.022935779816513763,0.013577478824115596
_CLLCPWT,survey_design,sample_quantile_bins,"[1108.89, 2067.65]",213,8,205,0.03755868544600939,0.013266068759342301
_CLLCPWT,survey_design,sample_quantile_bins,"[2067.65, inf]",221,3,218,0.013574660633484163,0.013764324862979571
_CLLCPWT,survey_design,sample_quantile_bins,<MISSING>,13846,1435,12411,0.10364004044489383,0.8623567513702043
_DUALUSE,survey_design,exact_values,1,122026,11884,110142,0.09738908101552128,0.4648467856217715
_DUALUSE,survey_design,exact_values,2,41928,3168,38760,0.0755580995993131,0.1597208466027702
_DUALUSE,survey_design,exact_values,9,98554,8128,90426,0.08247255311808754,0.3754323677754583
_DUALCOR,survey_design,exact_values,0.0794375210079174,396,18,378,0.045454545454545456,0.0015085254544623403
_DUALCOR,survey_design,exact_values,0.0855040225599762,124,4,120,0.03225806451612903,0.0004723665564478035
_DUALCOR,survey_design,exact_values,0.1169015707809,1098,61,1037,0.05555555555555555,0.004182729669191034
_DUALCOR,survey_design,exact_values,0.129251163970047,250,21,229,0.084,0.0009523519283221845
_DUALCOR,survey_design,exact_values,0.142678820817569,233,29,204,0.12446351931330472,0.0008875919971962759
_DUALCOR,survey_design,exact_values,0.174504870020258,685,51,634,0.07445255474452554,0.0026094442836027856
_DUALCOR,survey_design,exact_values,0.178690422681028,446,28,418,0.06278026905829596,0.0016989958401267772
_DUALCOR,survey_design,exact_values,0.181217440804464,380,38,342,0.1,0.0014475749310497205
_DUALCOR,survey_design,exact_values,0.192093758329665,691,57,634,0.0824891461649783,0.002632300729882518
_DUALCOR,survey_design,exact_values,0.196391729411179,457,41,416,0.08971553610503283,0.0017408993249729532
_DUALCOR,survey_design,exact_values,0.197725973843295,370,22,348,0.05945945945945946,0.001409480853916833
_DUALCOR,survey_design,exact_values,0.213428441073126,597,41,556,0.06867671691792294,0.0022742164048333764
_DUALCOR,survey_design,exact_values,0.218331468887123,356,31,325,0.08707865168539326,0.0013561491459307907
_DUALCOR,survey_design,exact_values,0.220445879597817,209,19,190,0.09090909090909091,0.0007961662120773462
_DUALCOR,survey_design,exact_values,0.220785275362796,266,17,249,0.06390977443609022,0.0010133024517348043
_DUALCOR,survey_design,exact_values,0.223165291591483,302,34,268,0.11258278145695365,0.0011504411294131988
_DUALCOR,survey_design,exact_values,0.233947890307348,1224,87,1137,0.07107843137254902,0.004662715041065415
_DUALCOR,survey_design,exact_values,0.236845984321282,743,54,689,0.07267833109017496,0.002830389930973532
_DUALCOR,survey_design,exact_values,0.246067238021974,1046,64,982,0.06118546845124283,0.00398464046810002
_DUALCOR,survey_design,exact_values,0.24712560816136,845,96,749,0.1136094674556213,0.0032189495177289834
_DUALCOR,survey_design,exact_values,0.25063977286922,718,47,671,0.06545961002785515,0.0027351547381413138
_DUALCOR,survey_design,exact_values,0.252353891433423,137,8,129,0.058394160583941604,0.0005218888567205571
_DUALCOR,survey_design,exact_values,0.263855636520504,623,61,562,0.09791332263242375,0.0023732610053788837
_DUALCOR,survey_design,exact_values,0.267357089738993,815,65,750,0.07975460122699386,0.003104667286330321
_DUALCOR,survey_design,exact_values,0.27172877261603,408,39,369,0.09558823529411764,0.001554238347021805
_DUALCOR,survey_design,exact_values,0.273940531924635,531,42,489,0.07909604519774012,0.0020227954957563197
_DUALCOR,survey_design,exact_values,0.279053876383751,1050,77,973,0.07333333333333333,0.003999878098953175
_DUALCOR,survey_design,exact_values,0.288995647480194,531,46,485,0.08662900188323917,0.0020227954957563197
_DUALCOR,survey_design,exact_values,0.289103509991673,505,33,472,0.06534653465346535,0.0019237508952108127
_DUALCOR,survey_design,exact_values,0.306835166844388,630,57,573,0.09047619047619047,0.002399926859371905
_DUALCOR,survey_design,exact_values,0.311697237418096,2109,175,1934,0.08297771455666192,0.008034040867325948
_DUALCOR,survey_design,exact_values,0.312980454578357,455,52,403,0.11428571428571428,0.0017332805095463758
_DUALCOR,survey_design,exact_values,0.319349928771519,511,38,473,0.07436399217221135,0.001946607341490545
_DUALCOR,survey_design,exact_values,0.323562687210434,359,31,328,0.08635097493036212,0.0013675773690706569
_DUALCOR,survey_design,exact_values,0.330232718097855,2408,200,2208,0.08305647840531562,0.00917305377359928
_DUALCOR,survey_design,exact_values,0.33270695442828,1295,91,1204,0.07027027027027027,0.0049331829887089155
_DUALCOR,survey_design,exact_values,0.351999812627133,561,47,514,0.08377896613190731,0.002137077727154982
_DUALCOR,survey_design,exact_values,0.352685973067784,477,42,435,0.0880503144654088,0.001817087479238728
_DUALCOR,survey_design,exact_values,0.369293376489649,684,50,634,0.07309941520467836,0.0026056348758894967
_DUALCOR,survey_design,exact_values,0.373530124144667,1371,120,1251,0.087527352297593,0.005222697974918859
_DUALCOR,survey_design,exact_values,0.373821758591359,1035,85,950,0.0821256038647343,0.003942736983253843
_DUALCOR,survey_design,exact_values,0.385875317868158,948,103,845,0.10864978902953587,0.0036113185121977236
_DUALCOR,survey_design,exact_values,0.394226241947829,2220,128,2092,0.05765765765765766,0.008456885123500998
_DUALCOR,survey_design,exact_values,0.403344890477217,2021,163,1858,0.08065314200890648,0.007698812988556539
_DUALCOR,survey_design,exact_values,0.409940567460395,739,91,648,0.12313937753721245,0.0028151523001203774
_DUALCOR,survey_design,exact_values,0.412940312114685,743,67,676,0.0901749663526245,0.002830389930973532
_DUALCOR,survey_design,exact_values,0.41953354924234,1727,160,1567,0.09264620729588882,0.00657884712084965
_DUALCOR,survey_design,exact_values,0.423990185864861,2093,142,1951,0.0678451982799809,0.007973090343913329
_DUALCOR,survey_design,exact_values,0.427569482547453,927,71,856,0.07659115426105717,0.00353132095021866
_DUALCOR,survey_design,exact_values,0.447805171052848,844,57,787,0.06753554502369669,0.003215140110015695
_DUALCOR,survey_design,exact_values,0.464705227646612,1017,68,949,0.06686332350049164,0.0038741676444146466
_DUALCOR,survey_design,exact_values,0.48259325726128,937,56,881,0.05976520811099253,0.0035694150273515475
_DUALCOR,survey_design,exact_values,0.49980728432298,994,85,909,0.08551307847082495,0.0037865512670090056
_DUALCOR,survey_design,exact_values,0.500192715664925,1129,134,995,0.11868910540301152,0.004300821308302985
_DUALCOR,survey_design,exact_values,0.517406742722334,1298,95,1203,0.07318952234206472,0.004944611211848781
_DUALCOR,survey_design,exact_values,0.535294772363369,1452,108,1344,0.0743801652892562,0.005531259999695248
_DUALCOR,survey_design,exact_values,0.552194828930642,1283,128,1155,0.09976617303195635,0.004887470096149451
_DUALCOR,survey_design,exact_values,0.572430517455714,2428,200,2228,0.08237232289950576,0.009249241927865056
_DUALCOR,survey_design,exact_values,0.576009814135802,1375,53,1322,0.03854545454545454,0.005237935605772014
_DUALCOR,survey_design,exact_values,0.580466450755995,1902,87,1815,0.04574132492113565,0.00724549347067518
_DUALCOR,survey_design,exact_values,0.587059687876626,2061,245,1816,0.11887433284813198,0.007851189297088088
_DUALCOR,survey_design,exact_values,0.590059432549252,1294,184,1110,0.14219474497681608,0.0049293735809956265
_DUALCOR,survey_design,exact_values,0.596655109533678,1351,83,1268,0.0614359733530718,0.005146509820653085
_DUALCOR,survey_design,exact_values,0.605773758054205,3986,305,3681,0.07651781234320121,0.01518429914516891
_DUALCOR,survey_design,exact_values,0.614124682130868,1587,215,1372,0.13547574039067423,0.006045530040989227
_DUALCOR,survey_design,exact_values,0.62617824139921,2096,235,1861,0.11211832061068702,0.007984518567053194
_DUALCOR,survey_design,exact_values,0.626469875850218,2942,344,2598,0.11692726036709722,0.011207277492495466
_DUALCOR,survey_design,exact_values,0.630706623498519,1448,117,1331,0.08080110497237569,0.005516022368842092
_DUALCOR,survey_design,exact_values,0.647314026918325,1057,120,937,0.11352885525070956,0.0040265439529461955
_DUALCOR,survey_design,exact_values,0.648000187371612,1224,117,1107,0.09558823529411764,0.004662715041065415
_DUALCOR,survey_design,exact_values,0.667293045571096,3897,321,3576,0.08237105465742879,0.014845261858686211
_DUALCOR,survey_design,exact_values,0.66976728191594,5684,596,5088,0.10485573539760731,0.021652673442333185
_DUALCOR,survey_design,exact_values,0.676437312814157,957,118,839,0.12330198537095088,0.003645603181617322
_DUALCOR,survey_design,exact_values,0.680650071235916,1367,139,1228,0.10168251645940014,0.0052074603440657044
_DUALCOR,survey_design,exact_values,0.687019545411317,1892,208,1684,0.10993657505285412,0.007207399393542292
_DUALCOR,survey_design,exact_values,0.688302762588734,4170,401,3769,0.0961630695443645,0.015885230164414038
_DUALCOR,survey_design,exact_values,0.693164833168657,1712,142,1570,0.08294392523364486,0.006521706005150319
_DUALCOR,survey_design,exact_values,0.710896489988912,1816,153,1663,0.0842511013215859,0.0069178844073323476
_DUALCOR,survey_design,exact_values,0.711004352517817,1515,138,1377,0.09108910891089109,0.005771252685632438
_DUALCOR,survey_design,exact_values,0.720946123614305,3900,294,3606,0.07538461538461538,0.014856690081826078
_DUALCOR,survey_design,exact_values,0.726059468076322,1771,166,1605,0.09373235460191982,0.0067464610602343544
_DUALCOR,survey_design,exact_values,0.728271227392697,1363,184,1179,0.13499633162142333,0.00519222271321255
_DUALCOR,survey_design,exact_values,0.732642910246319,4370,458,3912,0.10480549199084668,0.016647111707071786
_DUALCOR,survey_design,exact_values,0.736144363494161,2025,237,1788,0.11703703703703704,0.007714050619409694
_DUALCOR,survey_design,exact_values,0.747646108564504,541,30,511,0.05545286506469501,0.002060889572889207
_DUALCOR,survey_design,exact_values,0.74936022713249,1888,147,1741,0.07786016949152542,0.007192161762689137
_DUALCOR,survey_design,exact_values,0.75287439183822,2439,298,2141,0.12218122181221812,0.009291145412711232
_DUALCOR,survey_design,exact_values,0.753932761985053,4014,330,3684,0.08221225710014948,0.015290962561140993
_DUALCOR,survey_design,exact_values,0.7631540156769,2932,340,2592,0.11596180081855388,0.011169183415362579
_DUALCOR,survey_design,exact_values,0.766052109697784,5013,445,4568,0.08876920007979254,0.019096560866716444
_DUALCOR,survey_design,exact_values,0.776834708404772,1426,153,1273,0.10729312762973352,0.00543221539914974
_DUALCOR,survey_design,exact_values,0.779214724656793,1219,88,1131,0.07219031993437244,0.004643668002498972
_DUALCOR,survey_design,exact_values,0.779554120430721,879,84,795,0.09556313993174062,0.0033484693799808005
_DUALCOR,survey_design,exact_values,0.781668531106685,1698,212,1486,0.1248527679623086,0.0064683742971642765
_DUALCOR,survey_design,exact_values,0.786571558917654,2417,219,2198,0.0906081919735209,0.00920733844301888
_DUALCOR,survey_design,exact_values,0.802274026143085,1510,125,1385,0.08278145695364239,0.005752205647065994
_DUALCOR,survey_design,exact_values,0.803608270587378,2181,289,1892,0.1325080238422742,0.008308318222682737
_DUALCOR,survey_design,exact_values,0.807906241674433,4060,483,3577,0.11896551724137931,0.015466195315952275
_DUALCOR,survey_design,exact_values,0.818782559189481,1863,220,1643,0.11808910359634997,0.0070969265698569185
_DUALCOR,survey_design,exact_values,0.821309577307908,2551,248,2303,0.09721677773422187,0.00971779907659957
_DUALCOR,survey_design,exact_values,0.825495129969576,3019,279,2740,0.09241470685657502,0.0115006018864187
_DUALCOR,survey_design,exact_values,0.857321179189541,1863,268,1595,0.1438539989264627,0.0070969265698569185
_DUALCOR,survey_design,exact_values,0.870748836023011,1971,192,1779,0.0974124809741248,0.007508342602892102
_DUALCOR,survey_design,exact_values,0.883098429218877,3730,260,3470,0.06970509383378017,0.014209090770566993
_DUALCOR,survey_design,exact_values,0.914495977442912,1668,117,1551,0.07014388489208633,0.006354092065765615
_DUALCOR,survey_design,exact_values,0.920562478988266,5579,490,5089,0.08782936010037641,0.02125268563243787
_DUALCOR,survey_design,exact_values,<MISSING>,98554,8128,90426,0.08247255311808754,0.3754323677754583
_LLCPWT,survey_design,sample_quantile_bins,"[-inf, 41.1918]",1598,195,1403,0.12202753441802253,0.09952665670154459
_LLCPWT,survey_design,sample_quantile_bins,"[41.1918, 74.1647]",1625,172,1453,0.10584615384615384,0.10120827105132038
_LLCPWT,survey_design,sample_quantile_bins,"[74.1647, 114.42]",1619,162,1457,0.10006176652254478,0.10083457897359242
_LLCPWT,survey_design,sample_quantile_bins,"[114.42, 166.072]",1649,141,1508,0.08550636749545179,0.10270303936223218
_LLCPWT,survey_design,sample_quantile_bins,"[166.072, 229.08]",1624,172,1452,0.10591133004926108,0.10114598903836572
_LLCPWT,survey_design,sample_quantile_bins,"[229.08, 331.309]",1589,150,1439,0.09439899307740718,0.09896611858495266
_LLCPWT,survey_design,sample_quantile_bins,"[331.309, 493.203]",1566,136,1430,0.08684546615581099,0.09753363228699552
_LLCPWT,survey_design,sample_quantile_bins,"[493.203, 779.905]",1577,143,1434,0.09067850348763475,0.09821873442949676
_LLCPWT,survey_design,sample_quantile_bins,"[779.905, 1384.51]",1595,136,1459,0.08526645768025079,0.09933981066268062
_LLCPWT,survey_design,sample_quantile_bins,"[1384.51, inf]",1614,98,1516,0.06071871127633209,0.10052316890881913
_RFHLTH,binary,exact_values,1,213578,12107,201471,0.05668655011283934,0.813605680588782
_RFHLTH,binary,exact_values,2,48219,10971,37248,0.22752441983450508,0.18368583052706966
_RFHLTH,binary,exact_values,9,711,102,609,0.14345991561181434,0.0027084888841482926
_HCVU651,binary,exact_values,1,150613,7037,143576,0.04672239448122008,0.5737463239215567
_HCVU651,binary,exact_values,2,17658,714,16944,0.04043493034318722,0.06726652140125253
_HCVU651,binary,exact_values,9,94237,15429,78808,0.16372550059955218,0.3589871546771908
_RFHYPE5,binary,exact_values,1,156270,5916,150354,0.03785755423305817,0.5952961433556311
_RFHYPE5,binary,exact_values,2,105481,17182,88299,0.16289189522283634,0.40182013500540936
_RFHYPE5,binary,exact_values,9,757,82,675,0.1083223249669749,0.0028837216389595746
_CHOLCHK,categorical,exact_values,1,215975,21702,194273,0.10048385229771964,0.8227368308775351
_CHOLCHK,categorical,exact_values,2,8089,244,7845,0.030164420818395352,0.030814298992792602
_CHOLCHK,categorical,exact_values,3,29404,629,28775,0.021391647394912255,0.11201182440154205
_CHOLCHK,categorical,exact_values,9,9040,605,8435,0.06692477876106195,0.03443704572813019
_RFCHOL,binary,exact_values,1,130645,6799,123846,0.05204179264418845,0.49768007070260717
_RFCHOL,binary,exact_values,2,94805,15231,79574,0.1606560835398977,0.3611508982583388
_RFCHOL,binary,exact_values,9,2062,276,1786,0.1338506304558681,0.007854998704801377
_RFCHOL,binary,exact_values,<MISSING>,34996,874,34122,0.024974282775174307,0.13331403233425268
_LTASTH1,binary,exact_values,1,226520,18719,207801,0.08263729472011301,0.8629070352141649
_LTASTH1,binary,exact_values,2,35181,4345,30836,0.12350416417952872,0.13401877276121107
_LTASTH1,binary,exact_values,9,807,116,691,0.14374225526641884,0.0030741920246240115
_CASTHM1,binary,exact_values,1,237025,19656,217369,0.08292796118552895,0.9029248632422631
_CASTHM1,binary,exact_values,2,23608,3293,20315,0.13948661470687904,0.08993249729532052
_CASTHM1,binary,exact_values,9,1875,231,1644,0.1232,0.007142639462416383
_ASTHMS1,categorical,exact_values,1,23608,3293,20315,0.13948661470687904,0.08993249729532052
_ASTHMS1,categorical,exact_values,2,10505,937,9568,0.0891956211327939,0.04001782802809819
_ASTHMS1,categorical,exact_values,3,226520,18719,207801,0.08263729472011301,0.8629070352141649
_ASTHMS1,categorical,exact_values,9,1875,231,1644,0.1232,0.007142639462416383
_DRDXAR1,binary,exact_values,1,87688,13582,74106,0.15489006477511175,0.33403934356286286
_DRDXAR1,binary,exact_values,2,173319,9430,163889,0.05440834530547718,0.6602427354594907
_DRDXAR1,binary,exact_values,<MISSING>,1501,168,1333,0.11192538307794804,0.005717920977646396
_PRACE1,categorical,exact_values,1,216388,19651,196737,0.09081372349668189,0.8243101162631234
_PRACE1,categorical,exact_values,2,21756,1815,19941,0.08342526199669056,0.08287747421030978
_PRACE1,categorical,exact_values,3,5133,544,4589,0.10598090785115917,0.01955368979231109
_PRACE1,categorical,exact_values,4,6389,231,6158,0.03615589294099233,0.024338305880201746
_PRACE1,categorical,exact_values,5,1703,120,1583,0.07046388725778038,0.00648742133573072
_PRACE1,categorical,exact_values,6,5280,398,4882,0.07537878787878788,0.020113672726164537
_PRACE1,categorical,exact_values,7,674,45,629,0.06676557863501484,0.002567540798756609
_PRACE1,categorical,exact_values,8,5,0,5,0.0,1.9047038566443688e-05
_PRACE1,categorical,exact_values,77,2044,136,1908,0.06653620352250489,0.00778642936596218
_PRACE1,categorical,exact_values,99,3136,240,2896,0.07653061224489796,0.011946302588873482
_MRACE1,categorical,exact_values,1,214025,19364,194661,0.09047541175096367,0.8153084858366221
_MRACE1,categorical,exact_values,2,21178,1767,19411,0.08343564075927849,0.08067563655202889
_MRACE1,categorical,exact_values,3,4656,473,4183,0.1015893470790378,0.017736602313072364
_MRACE1,categorical,exact_values,4,5939,209,5730,0.0351911096144132,0.022624072409221815
_MRACE1,categorical,exact_values,5,1010,71,939,0.0702970297029703,0.0038475017904216254
_MRACE1,categorical,exact_values,6,5144,383,4761,0.0744556765163297,0.019595593277157267
_MRACE1,categorical,exact_values,7,5376,537,4839,0.09988839285714286,0.020479375866640254
_MRACE1,categorical,exact_values,77,2044,136,1908,0.06653620352250489,0.00778642936596218
_MRACE1,categorical,exact_values,99,3136,240,2896,0.07653061224489796,0.011946302588873482
_HISPANC,binary,exact_values,1,21242,1306,19936,0.06148196968270408,0.08091943864567937
_HISPANC,binary,exact_values,2,238841,21639,217202,0.09060002260918351,0.9098427476495955
_HISPANC,binary,exact_values,9,2425,235,2190,0.09690721649484536,0.009237813704725189
_RACE,categorical,exact_values,1,200254,18475,181779,0.09225783255265813,0.762849132216923
_RACE,categorical,exact_values,2,20261,1694,18567,0.0836089038053403,0.07718240967894312
_RACE,categorical,exact_values,3,3846,417,3429,0.10842433697347893,0.014650982065308486
_RACE,categorical,exact_values,4,5737,195,5542,0.03398989018650863,0.02185457205113749
_RACE,categorical,exact_values,5,821,56,765,0.0682095006090134,0.003127523732610054
_RACE,categorical,exact_values,6,1152,118,1034,0.10243055555555555,0.004388437685708626
_RACE,categorical,exact_values,7,4829,491,4338,0.10167736591426796,0.018395629847471315
_RACE,categorical,exact_values,8,21242,1306,19936,0.06148196968270408,0.08091943864567937
_RACE,categorical,exact_values,9,4366,428,3938,0.09803023362345396,0.01663187407621863
_RACEG21,binary,exact_values,1,200254,18475,181779,0.09225783255265813,0.762849132216923
_RACEG21,binary,exact_values,2,57888,4277,53611,0.07388405196241017,0.22051899370685846
_RACEG21,binary,exact_values,9,4366,428,3938,0.09803023362345396,0.01663187407621863
_RACEGR3,categorical,exact_values,1,200254,18475,181779,0.09225783255265813,0.762849132216923
_RACEGR3,categorical,exact_values,2,20261,1694,18567,0.0836089038053403,0.07718240967894312
_RACEGR3,categorical,exact_values,3,11556,786,10770,0.0680166147455867,0.04402151553476465
_RACEGR3,categorical,exact_values,4,4829,491,4338,0.10167736591426796,0.018395629847471315
_RACEGR3,categorical,exact_values,5,21242,1306,19936,0.06148196968270408,0.08091943864567937
_RACEGR3,categorical,exact_values,9,4366,428,3938,0.09803023362345396,0.01663187407621863
_RACE_G1,categorical,exact_values,1,200254,18475,181779,0.09225783255265813,0.762849132216923
_RACE_G1,categorical,exact_values,2,20261,1694,18567,0.0836089038053403,0.07718240967894312
_RACE_G1,categorical,exact_values,3,21242,1306,19936,0.06148196968270408,0.08091943864567937
_RACE_G1,categorical,exact_values,4,11556,786,10770,0.0680166147455867,0.04402151553476465
_RACE_G1,categorical,exact_values,5,4829,491,4338,0.10167736591426796,0.018395629847471315
_RACE_G1,categorical,exact_values,<MISSING>,4366,428,3938,0.09803023362345396,0.01663187407621863
_AGEG5YR,ordinal,exact_values,1,14458,74,14384,0.005118273620141099,0.05507641671872857
_AGEG5YR,ordinal,exact_values,2,11702,91,11611,0.007776448470346949,0.04457768906090481
_AGEG5YR,ordinal,exact_values,3,13725,142,13583,0.01034608378870674,0.05228412086488793
_AGEG5YR,ordinal,exact_values,4,14683,206,14477,0.014029830416127494,0.05593353345421854
_AGEG5YR,ordinal,exact_values,5,15369,356,15013,0.023163510963628082,0.058546787145534615
_AGEG5YR,ordinal,exact_values,6,18004,661,17343,0.036714063541435235,0.06858457647005044
_AGEG5YR,ordinal,exact_values,7,23786,1323,22463,0.05562095350206003,0.09061057186828592
_AGEG5YR,ordinal,exact_values,8,27506,1970,25536,0.07162073729368137,0.10478156856172002
_AGEG5YR,ordinal,exact_values,9,29778,2951,26827,0.09910000671636779,0.11343654288631204
_AGEG5YR,ordinal,exact_values,10,29279,3628,25651,0.12391133576966426,0.11153564843738095
_AGEG5YR,ordinal,exact_values,11,22530,3623,18907,0.16080781180648024,0.08582595578039526
_AGEG5YR,ordinal,exact_values,12,16827,3142,13685,0.18672371783443276,0.06410090359150959
_AGEG5YR,ordinal,exact_values,13,21740,4834,16906,0.22235510579576817,0.08281652368689717
_AGEG5YR,ordinal,exact_values,14,3121,179,2942,0.05735341236783082,0.011889161473174151
_AGE65YR,binary,exact_values,1,169011,7774,161237,0.04599700611202821,0.6438318070306429
_AGE65YR,binary,exact_values,2,90376,15227,75149,0.16848499601664157,0.344279031496183
_AGE65YR,binary,exact_values,3,3121,179,2942,0.05735341236783082,0.011889161473174151
_AGE80,continuous,exact_values,18,2058,9,2049,0.004373177842565598,0.007839761073948223
_AGE80,continuous,exact_values,19,1916,9,1907,0.004697286012526096,0.007298825178661221
_AGE80,continuous,exact_values,20,1893,3,1890,0.001584786053882726,0.007211208801255581
_AGE80,continuous,exact_values,21,2133,19,2114,0.008907641819034223,0.008125466652444877
_AGE80,continuous,exact_values,22,2096,9,2087,0.004293893129770993,0.007984518567053194
_AGE80,continuous,exact_values,23,2150,14,2136,0.0065116279069767444,0.008190226583570786
_AGE80,continuous,exact_values,24,2214,11,2203,0.004968383017163505,0.008434028677221265
_AGE80,continuous,exact_values,25,2411,19,2392,0.007880547490667772,0.009184481996739147
_AGE80,continuous,exact_values,26,2203,15,2188,0.006808896958692692,0.00839212519237509
_AGE80,continuous,exact_values,27,2262,16,2246,0.007073386383731211,0.008616880247459125
_AGE80,continuous,exact_values,28,2447,23,2424,0.00939926440539436,0.009321620674417542
_AGE80,continuous,exact_values,29,2385,18,2367,0.007547169811320755,0.00908543739619364
_AGE80,continuous,exact_values,30,2836,26,2810,0.009167842031029619,0.01080348027488686
_AGE80,continuous,exact_values,31,2492,29,2463,0.011637239165329053,0.009493044021515535
_AGE80,continuous,exact_values,32,2866,23,2843,0.008025122121423587,0.010917762506285523
_AGE80,continuous,exact_values,33,2795,24,2771,0.008586762075134168,0.010647294558642023
_AGE80,continuous,exact_values,34,2763,40,2723,0.014477017734346724,0.010525393511816783
_AGE80,continuous,exact_values,35,3229,29,3200,0.00898110870238464,0.012300577506209335
_AGE80,continuous,exact_values,36,2836,40,2796,0.014104372355430184,0.01080348027488686
_AGE80,continuous,exact_values,37,2861,49,2812,0.017126878713736457,0.010898715467719079
_AGE80,continuous,exact_values,38,3027,35,2992,0.011562603237528906,0.01153107714812501
_AGE80,continuous,exact_values,39,2794,54,2740,0.019327129563350035,0.010643485150928734
_AGE80,continuous,exact_values,40,3302,71,3231,0.02150211992731678,0.012578664269279413
_AGE80,continuous,exact_values,41,2556,42,2514,0.01643192488262911,0.009736846115166014
_AGE80,continuous,exact_values,42,3170,75,3095,0.02365930599369085,0.012075822451125299
_AGE80,continuous,exact_values,43,3225,82,3143,0.025426356589147287,0.01228533987535618
_AGE80,continuous,exact_values,44,3240,92,3148,0.028395061728395062,0.012342480991055511
_AGE80,continuous,exact_values,45,3741,120,3621,0.03207698476343224,0.014250994255413168
_AGE80,continuous,exact_values,46,3513,115,3398,0.0327355536578423,0.013382449296783337
_AGE80,continuous,exact_values,47,3648,138,3510,0.03782894736842105,0.013896719338077316
_AGE80,continuous,exact_values,48,3878,134,3744,0.03455389375966993,0.014772883112133725
_AGE80,continuous,exact_values,49,3889,187,3702,0.04808434044741579,0.014814786596979901
_AGE80,continuous,exact_values,50,4942,224,4718,0.0453257790368272,0.018826092919072942
_AGE80,continuous,exact_values,51,4150,214,3936,0.051566265060240965,0.015809042010148263
_AGE80,continuous,exact_values,52,5054,277,4777,0.05480807281361298,0.01925274658296128
_AGE80,continuous,exact_values,53,4943,284,4659,0.05745498685009104,0.018829902326786233
_AGE80,continuous,exact_values,54,5077,344,4733,0.0677565491431948,0.01934036296036692
_AGE80,continuous,exact_values,55,5734,372,5362,0.064876177188699,0.021843143827997624
_AGE80,continuous,exact_values,56,4999,342,4657,0.06841368273654731,0.019043229158730402
_AGE80,continuous,exact_values,57,5508,394,5114,0.07153231663035585,0.020982217684794368
_AGE80,continuous,exact_values,58,5814,450,5364,0.07739938080495357,0.02214789644506072
_AGE80,continuous,exact_values,59,5702,424,5278,0.07435987372851631,0.021721242781172382
_AGE80,continuous,exact_values,60,6407,571,5836,0.08912127360699235,0.024406875219040943
_AGE80,continuous,exact_values,61,5671,538,5133,0.09486862987127491,0.021603151142060434
_AGE80,continuous,exact_values,62,6674,632,6042,0.09469583458195985,0.025423987078489037
_AGE80,continuous,exact_values,63,6253,625,5628,0.09995202302894611,0.02382022643119448
_AGE80,continuous,exact_values,64,6052,664,5388,0.10971579643093192,0.02305453548082344
_AGE80,continuous,exact_values,65,6394,666,5728,0.10416015014075695,0.02435735291876819
_AGE80,continuous,exact_values,66,5906,689,5217,0.11666102268879106,0.022498361954683285
_AGE80,continuous,exact_values,67,6107,765,5342,0.12526608809562798,0.023264052905054323
_AGE80,continuous,exact_values,68,6244,880,5364,0.14093529788597053,0.02378594176177488
_AGE80,continuous,exact_values,69,4935,654,4281,0.1325227963525836,0.01879942706507992
_AGE80,continuous,exact_values,70,4941,767,4174,0.15523173446670716,0.018822283511359655
_AGE80,continuous,exact_values,71,4371,675,3696,0.15442690459849004,0.016650921114785073
_AGE80,continuous,exact_values,72,5124,799,4325,0.1559328649492584,0.019519405122891492
_AGE80,continuous,exact_values,73,4245,713,3532,0.167962308598351,0.016170935742910692
_AGE80,continuous,exact_values,74,3862,670,3192,0.17348524080787156,0.014711932588721105
_AGE80,continuous,exact_values,75,4075,722,3353,0.17717791411042944,0.015523336431651607
_AGE80,continuous,exact_values,76,3410,610,2800,0.17888563049853373,0.012990080302314596
_AGE80,continuous,exact_values,77,3413,641,2772,0.18781130969821272,0.013001508525454463
_AGE80,continuous,exact_values,78,3098,622,2476,0.20077469335054873,0.01180154509576851
_AGE80,continuous,exact_values,79,2832,547,2285,0.1931497175141243,0.010788242644033705
_AGE80,continuous,exact_values,80,21742,4835,16907,0.22238064575476038,0.08282414250232374
_AGE_G,ordinal,exact_values,1,14460,74,14386,0.005117565698478562,0.05508403553415515
_AGE_G,ordinal,exact_values,2,25460,233,25227,0.009151610369206599,0.09698752038033126
_AGE_G,ordinal,exact_values,3,30240,569,29671,0.018816137566137568,0.11519648924985143
_AGE_G,ordinal,exact_values,4,42835,2037,40798,0.0475545698610949,0.16317597939872308
_AGE_G,ordinal,exact_values,5,58814,5012,53802,0.08521780528445608,0.22404650524936384
_AGE_G,ordinal,exact_values,6,90699,15255,75444,0.16819369563060232,0.3455094701875752
HTIN4,continuous,exact_values,36,2,0,2,0.0,7.618815426577475e-06
HTIN4,continuous,exact_values,38,1,0,1,0.0,3.8094077132887377e-06
HTIN4,continuous,exact_values,40,1,1,0,1.0,3.8094077132887377e-06
HTIN4,continuous,exact_values,41,2,0,2,0.0,7.618815426577475e-06
HTIN4,continuous,exact_values,45,2,0,2,0.0,7.618815426577475e-06
HTIN4,continuous,exact_values,46,2,1,1,0.5,7.618815426577475e-06
HTIN4,continuous,exact_values,47,4,0,4,0.0,1.523763085315495e-05
HTIN4,continuous,exact_values,48,66,5,61,0.07575757575757576,0.0002514209090770567
HTIN4,continuous,exact_values,49,14,1,13,0.07142857142857142,5.333170798604233e-05
HTIN4,continuous,exact_values,50,28,3,25,0.10714285714285714,0.00010666341597208466
HTIN4,continuous,exact_values,51,28,3,25,0.10714285714285714,0.00010666341597208466
HTIN4,continuous,exact_values,52,16,3,13,0.1875,6.09505234126198e-05
HTIN4,continuous,exact_values,53,77,8,69,0.1038961038961039,0.0002933243939232328
HTIN4,continuous,exact_values,54,49,10,39,0.20408163265306123,0.00018666097795114815
HTIN4,continuous,exact_values,55,90,13,77,0.14444444444444443,0.0003428466941959864
HTIN4,continuous,exact_values,56,224,36,188,0.16071428571428573,0.0008533073277766773
HTIN4,continuous,exact_values,57,530,79,451,0.1490566037735849,0.002018986088043031
HTIN4,continuous,exact_values,58,913,119,794,0.1303395399780942,0.0034779892422326176
HTIN4,continuous,exact_values,59,2693,303,2390,0.11251392499071668,0.010258734971886571
HTIN4,continuous,exact_values,60,8929,930,7999,0.10415500055997312,0.03401420147195514
HTIN4,continuous,exact_values,61,9163,787,8376,0.08588890101495143,0.03490560287686471
HTIN4,continuous,exact_values,62,18461,1559,16902,0.08444829640864525,0.07032547579502339
HTIN4,continuous,exact_values,63,19011,1519,17492,0.07990110988375151,0.0724206500373322
HTIN4,continuous,exact_values,64,23454,1679,21775,0.07158693613029761,0.08934584850747405
HTIN4,continuous,exact_values,65,20737,1560,19177,0.07522785359502339,0.07899568775046856
HTIN4,continuous,exact_values,66,23338,1877,21461,0.08042677178849944,0.08890395721273256
HTIN4,continuous,exact_values,67,20539,1722,18817,0.08384049856370807,0.07824142502323739
HTIN4,continuous,exact_values,68,18771,1852,16919,0.09866283096265516,0.0715063921861429
HTIN4,continuous,exact_values,69,16358,1759,14599,0.10753148306638953,0.062314291373977176
HTIN4,continuous,exact_values,70,17616,1801,15815,0.10223660308810173,0.06710652627729441
HTIN4,continuous,exact_values,71,13821,1453,12368,0.10512987482816005,0.052649824005363645
HTIN4,continuous,exact_values,72,16192,1564,14628,0.09659090909090909,0.061681929693571245
HTIN4,continuous,exact_values,73,7492,708,6784,0.09450080085424453,0.028540082587959224
HTIN4,continuous,exact_values,74,6416,581,5835,0.09055486284289277,0.024441159888460542
HTIN4,continuous,exact_values,75,3400,288,3112,0.08470588235294117,0.012951986225181709
HTIN4,continuous,exact_values,76,2129,164,1965,0.07703147017379051,0.008110229021591723
HTIN4,continuous,exact_values,77,927,57,870,0.061488673139158574,0.00353132095021866
HTIN4,continuous,exact_values,78,404,32,372,0.07920792079207921,0.00153900071616865
HTIN4,continuous,exact_values,79,175,14,161,0.08,0.0006666463498255291
HTIN4,continuous,exact_values,80,129,15,114,0.11627906976744186,0.0004914135950142472
HTIN4,continuous,exact_values,81,44,4,40,0.09090909090909091,0.00016761393938470446
HTIN4,continuous,exact_values,82,28,1,27,0.03571428571428571,0.00010666341597208466
HTIN4,continuous,exact_values,83,10,0,10,0.0,3.8094077132887376e-05
HTIN4,continuous,exact_values,84,11,0,11,0.0,4.1903484846176115e-05
HTIN4,continuous,exact_values,85,2,0,2,0.0,7.618815426577475e-06
HTIN4,continuous,exact_values,86,3,0,3,0.0,1.1428223139866213e-05
HTIN4,continuous,exact_values,87,1,0,1,0.0,3.8094077132887377e-06
HTIN4,continuous,exact_values,88,3,0,3,0.0,1.1428223139866213e-05
HTIN4,continuous,exact_values,89,2,0,2,0.0,7.618815426577475e-06
HTIN4,continuous,exact_values,90,1,0,1,0.0,3.8094077132887377e-06
HTIN4,continuous,exact_values,91,1,0,1,0.0,3.8094077132887377e-06
HTIN4,continuous,exact_values,<MISSING>,10198,669,9529,0.06560109825455972,0.03884833986011855
HTM4,continuous,exact_values,0.91,2,0,2,0.0,7.618815426577475e-06
HTM4,continuous,exact_values,0.97,1,0,1,0.0,3.8094077132887377e-06
HTM4,continuous,exact_values,1,1,0,1,0.0,3.8094077132887377e-06
HTM4,continuous,exact_values,1.02,1,1,0,1.0,3.8094077132887377e-06
HTM4,continuous,exact_values,1.03,6,2,4,0.3333333333333333,2.2856446279732427e-05
HTM4,continuous,exact_values,1.04,7,0,7,0.0,2.6665853993021166e-05
HTM4,continuous,exact_values,1.05,15,1,14,0.06666666666666667,5.714111569933107e-05
HTM4,continuous,exact_values,1.06,4,0,4,0.0,1.523763085315495e-05
HTM4,continuous,exact_values,1.07,2,0,2,0.0,7.618815426577475e-06
HTM4,continuous,exact_values,1.08,1,0,1,0.0,3.8094077132887377e-06
HTM4,continuous,exact_values,1.1,2,0,2,0.0,7.618815426577475e-06
HTM4,continuous,exact_values,1.14,2,0,2,0.0,7.618815426577475e-06
HTM4,continuous,exact_values,1.15,2,0,2,0.0,7.618815426577475e-06
HTM4,continuous,exact_values,1.17,2,1,1,0.5,7.618815426577475e-06
HTM4,continuous,exact_values,1.18,1,0,1,0.0,3.8094077132887377e-06
HTM4,continuous,exact_values,1.19,4,0,4,0.0,1.523763085315495e-05
HTM4,continuous,exact_values,1.2,6,0,6,0.0,2.2856446279732427e-05
HTM4,continuous,exact_values,1.22,66,5,61,0.07575757575757576,0.0002514209090770567
HTM4,continuous,exact_values,1.24,14,1,13,0.07142857142857142,5.333170798604233e-05
HTM4,continuous,exact_values,1.25,2,0,2,0.0,7.618815426577475e-06
HTM4,continuous,exact_values,1.27,28,3,25,0.10714285714285714,0.00010666341597208466
HTM4,continuous,exact_values,1.29,1,0,1,0.0,3.8094077132887377e-06
HTM4,continuous,exact_values,1.3,34,4,30,0.11764705882352941,0.0001295198622518171
HTM4,continuous,exact_values,1.32,17,3,14,0.17647058823529413,6.475993112590855e-05
HTM4,continuous,exact_values,1.35,78,8,70,0.10256410256410256,0.00029713380163652153
HTM4,continuous,exact_values,1.37,49,10,39,0.20408163265306123,0.00018666097795114815
HTM4,continuous,exact_values,1.38,2,0,2,0.0,7.618815426577475e-06
HTM4,continuous,exact_values,1.4,99,14,85,0.1414141414141414,0.0003771313636155851
HTM4,continuous,exact_values,1.42,227,36,191,0.15859030837004406,0.0008647355509165434
HTM4,continuous,exact_values,1.43,2,0,2,0.0,7.618815426577475e-06
HTM4,continuous,exact_values,1.44,1,1,0,1.0,3.8094077132887377e-06
HTM4,continuous,exact_values,1.45,537,79,458,0.14711359404096835,0.0020456519420360524
HTM4,continuous,exact_values,1.46,1,0,1,0.0,3.8094077132887377e-06
HTM4,continuous,exact_values,1.47,916,119,797,0.1299126637554585,0.003489417465372484
HTM4,continuous,exact_values,1.48,2,0,2,0.0,7.618815426577475e-06
HTM4,continuous,exact_values,1.49,7,0,7,0.0,2.6665853993021166e-05
HTM4,continuous,exact_values,1.5,2775,308,2467,0.110990990990991,0.010571106404376248
HTM4,continuous,exact_values,1.51,9,1,8,0.1111111111111111,3.4284669419598644e-05
HTM4,continuous,exact_values,1.52,8952,932,8020,0.10411081322609472,0.03410181784936078
HTM4,continuous,exact_values,1.53,18,1,17,0.05555555555555555,6.856933883919729e-05
HTM4,continuous,exact_values,1.54,16,1,15,0.0625,6.09505234126198e-05
HTM4,continuous,exact_values,1.55,9208,789,8419,0.0856863596872285,0.0350770262239627
HTM4,continuous,exact_values,1.56,22,2,20,0.09090909090909091,8.380696969235223e-05
HTM4,continuous,exact_values,1.57,18476,1559,16917,0.0843797358735657,0.07038261691072271
HTM4,continuous,exact_values,1.58,24,0,24,0.0,9.142578511892971e-05
HTM4,continuous,exact_values,1.59,9,1,8,0.1111111111111111,3.4284669419598644e-05
HTM4,continuous,exact_values,1.6,19109,1519,17590,0.07949133915955832,0.0727939719932345
HTM4,continuous,exact_values,1.61,10,0,10,0.0,3.8094077132887376e-05
HTM4,continuous,exact_values,1.62,30,0,30,0.0,0.00011428223139866214
HTM4,continuous,exact_values,1.63,23480,1679,21801,0.0715076660988075,0.08944489310801956
HTM4,continuous,exact_values,1.64,22,1,21,0.045454545454545456,8.380696969235223e-05
HTM4,continuous,exact_values,1.65,20819,1563,19256,0.07507565204860944,0.07930805918295823
HTM4,continuous,exact_values,1.66,7,1,6,0.14285714285714285,2.6665853993021166e-05
HTM4,continuous,exact_values,1.67,16,1,15,0.0625,6.09505234126198e-05
HTM4,continuous,exact_values,1.68,23372,1878,21494,0.08035255861714873,0.08903347707498438
HTM4,continuous,exact_values,1.69,13,0,13,0.0,4.952230027275359e-05
HTM4,continuous,exact_values,1.7,20638,1726,18912,0.08363213489679233,0.07861855638685297
HTM4,continuous,exact_values,1.71,7,0,7,0.0,2.6665853993021166e-05
HTM4,continuous,exact_values,1.72,36,2,34,0.05555555555555555,0.00013713867767839458
HTM4,continuous,exact_values,1.73,18790,1853,16937,0.09861628525811601,0.07157877093269538
HTM4,continuous,exact_values,1.74,11,1,10,0.09090909090909091,4.1903484846176115e-05
HTM4,continuous,exact_values,1.75,16424,1761,14663,0.10722113979542133,0.06256571228305423
HTM4,continuous,exact_values,1.76,14,0,14,0.0,5.333170798604233e-05
HTM4,continuous,exact_values,1.77,8,1,7,0.125,3.04752617063099e-05
HTM4,continuous,exact_values,1.78,17638,1803,15835,0.10222247420342442,0.06719033324698676
HTM4,continuous,exact_values,1.79,9,0,9,0.0,3.4284669419598644e-05
HTM4,continuous,exact_values,1.8,13855,1453,12402,0.10487188740526886,0.052779343867615465
HTM4,continuous,exact_values,1.81,2,0,2,0.0,7.618815426577475e-06
HTM4,continuous,exact_values,1.82,8,0,8,0.0,3.04752617063099e-05
HTM4,continuous,exact_values,1.83,16197,1564,14633,0.09656109156016546,0.06170097673213769
HTM4,continuous,exact_values,1.84,1,0,1,0.0,3.8094077132887377e-06
HTM4,continuous,exact_values,1.85,7505,710,6795,0.09460359760159893,0.02858960488823198
HTM4,continuous,exact_values,1.86,6,0,6,0.0,2.2856446279732427e-05
HTM4,continuous,exact_values,1.87,4,1,3,0.25,1.523763085315495e-05
HTM4,continuous,exact_values,1.88,6417,581,5836,0.09054075112981144,0.024444969296173832
HTM4,continuous,exact_values,1.9,6,1,5,0.16666666666666666,2.2856446279732427e-05
HTM4,continuous,exact_values,1.91,3400,288,3112,0.08470588235294117,0.012951986225181709
HTM4,continuous,exact_values,1.93,2131,164,1967,0.07695917409666823,0.008117847837018301
HTM4,continuous,exact_values,1.96,928,57,871,0.061422413793103446,0.003535130357931949
HTM4,continuous,exact_values,1.97,1,0,1,0.0,3.8094077132887377e-06
HTM4,continuous,exact_values,1.98,404,32,372,0.07920792079207921,0.00153900071616865
HTM4,continuous,exact_values,2,5,0,5,0.0,1.9047038566443688e-05
HTM4,continuous,exact_values,2.01,177,14,163,0.07909604519774012,0.0006742651652521066
HTM4,continuous,exact_values,2.03,129,15,114,0.11627906976744186,0.0004914135950142472
HTM4,continuous,exact_values,2.05,2,0,2,0.0,7.618815426577475e-06
HTM4,continuous,exact_values,2.06,48,4,44,0.08333333333333333,0.00018285157023785942
HTM4,continuous,exact_values,2.07,6,0,6,0.0,2.2856446279732427e-05
HTM4,continuous,exact_values,2.08,32,3,29,0.09375,0.0001219010468252396
HTM4,continuous,exact_values,2.09,2,1,1,0.5,7.618815426577475e-06
HTM4,continuous,exact_values,2.1,3,0,3,0.0,1.1428223139866213e-05
HTM4,continuous,exact_values,2.11,15,1,14,0.06666666666666667,5.714111569933107e-05
HTM4,continuous,exact_values,2.13,11,0,11,0.0,4.1903484846176115e-05
HTM4,continuous,exact_values,2.16,2,0,2,0.0,7.618815426577475e-06
HTM4,continuous,exact_values,2.18,3,0,3,0.0,1.1428223139866213e-05
HTM4,continuous,exact_values,2.21,1,0,1,0.0,3.8094077132887377e-06
HTM4,continuous,exact_values,2.24,3,0,3,0.0,1.1428223139866213e-05
HTM4,continuous,exact_values,2.26,2,0,2,0.0,7.618815426577475e-06
HTM4,continuous,exact_values,2.29,1,0,1,0.0,3.8094077132887377e-06
HTM4,continuous,exact_values,2.31,1,0,1,0.0,3.8094077132887377e-06
HTM4,continuous,exact_values,<MISSING>,9096,620,8476,0.0681618293755497,0.03465037256007436
WTKG3,continuous,sample_quantile_bins,"[-inf, 57.61]",1504,103,1401,0.06848404255319149,0.09367214748380667
WTKG3,continuous,sample_quantile_bins,"[57.61, 63.5]",1802,126,1676,0.06992230854605994,0.11223218734429496
WTKG3,continuous,sample_quantile_bins,"[63.5, 68.04]",1455,107,1348,0.07353951890034365,0.0906203288490284
WTKG3,continuous,sample_quantile_bins,"[68.04, 72.57]",1357,129,1228,0.0950626381724392,0.08451669157947185
WTKG3,continuous,sample_quantile_bins,"[72.57, 77.56]",1414,159,1255,0.11244695898161244,0.08806676631788739
WTKG3,continuous,sample_quantile_bins,"[77.56, 81.65]",1485,147,1338,0.09898989898989899,0.09248878923766816
WTKG3,continuous,sample_quantile_bins,"[81.65, 88.45]",1511,158,1353,0.10456651224354732,0.09410812157448929
WTKG3,continuous,sample_quantile_bins,"[88.45, 95.25]",1630,162,1468,0.09938650306748466,0.10151968111609368
WTKG3,continuous,sample_quantile_bins,"[95.25, 107.95]",1334,156,1178,0.11694152923538231,0.0830842052815147
WTKG3,continuous,sample_quantile_bins,"[107.95, inf]",1469,192,1277,0.1307011572498298,0.09149227703039363
WTKG3,continuous,sample_quantile_bins,<MISSING>,1095,66,1029,0.06027397260273973,0.06819880418535126
_BMI5,continuous,sample_quantile_bins,"[-inf, 21.26]",1475,97,1378,0.06576271186440678,0.09186596910812157
_BMI5,continuous,sample_quantile_bins,"[21.26, 23.03]",1555,97,1458,0.062379421221864954,0.09684853014449427
_BMI5,continuous,sample_quantile_bins,"[23.03, 24.39]",1457,122,1335,0.08373369938229239,0.09074489287493771
_BMI5,continuous,sample_quantile_bins,"[24.39, 25.75]",1526,140,1386,0.09174311926605505,0.09504235176880917
_BMI5,continuous,sample_quantile_bins,"[25.75, 26.95]",1397,143,1254,0.10236220472440945,0.08700797209765819
_BMI5,continuous,sample_quantile_bins,"[26.95, 28.31]",1468,149,1319,0.10149863760217984,0.09142999501743897
_BMI5,continuous,sample_quantile_bins,"[28.31, 29.99]",1498,150,1348,0.10013351134846461,0.09329845540607873
_BMI5,continuous,sample_quantile_bins,"[29.99, 32.22]",1472,167,1305,0.11345108695652174,0.0916791230692576
_BMI5,continuous,sample_quantile_bins,"[32.22, 35.87]",1492,174,1318,0.11662198391420911,0.09292476332835077
_BMI5,continuous,sample_quantile_bins,"[35.87, inf]",1426,191,1235,0.13394109396914447,0.0888141504733433
_BMI5,continuous,sample_quantile_bins,<MISSING>,1290,75,1215,0.05813953488372093,0.08034379671150972
_BMI5CAT,categorical,exact_values,1,4013,341,3672,0.08497383503613257,0.015287153153427706
_BMI5CAT,categorical,exact_values,2,78174,5293,72881,0.06770793358405608,0.2977966385786338
_BMI5CAT,categorical,exact_values,3,87570,8125,79445,0.09278291652392372,0.3335898334526948
_BMI5CAT,categorical,exact_values,4,71096,8109,62987,0.1140570496230449,0.2708336507839761
_BMI5CAT,categorical,exact_values,<MISSING>,21655,1312,20343,0.060586469637497115,0.08249272403126762
_RFBMI5,binary,exact_values,1,82187,5634,76553,0.06855098738243275,0.3130837917320615
_RFBMI5,binary,exact_values,2,158666,16234,142432,0.10231555594771406,0.6044234842366709
_RFBMI5,binary,exact_values,9,21655,1312,20343,0.060586469637497115,0.08249272403126762
_CHLDCNT,count,exact_values,1,192541,20869,171672,0.10838730452215373,0.7334671705243269
_CHLDCNT,count,exact_values,2,27447,1187,26260,0.04324698509855358,0.10455681350663598
_CHLDCNT,count,exact_values,3,24176,606,23570,0.025066181336863006,0.09209624087646853
_CHLDCNT,count,exact_values,4,10372,267,10105,0.025742383339760894,0.03951117680223079
_CHLDCNT,count,exact_values,5,3841,108,3733,0.028117677688102055,0.014631935026742041
_CHLDCNT,count,exact_values,6,1940,54,1886,0.027835051546391754,0.007390250963780151
_CHLDCNT,count,exact_values,9,2191,89,2102,0.040620721131903244,0.008346412299815625
_EDUCAG,ordinal,exact_values,1,20231,3033,17198,0.14991844199495824,0.07706812744754446
_EDUCAG,ordinal,exact_values,2,73188,7662,65526,0.10468929332677489,0.2788029317201762
_EDUCAG,ordinal,exact_values,3,71572,6360,65212,0.08886156597552115,0.27264692885550157
_EDUCAG,ordinal,exact_values,4,96483,6027,90456,0.06246696309194366,0.3675430844012373
_EDUCAG,ordinal,exact_values,9,1034,98,936,0.09477756286266925,0.003938927575540555
_INCOMG,ordinal,exact_values,1,22425,3324,19101,0.14822742474916387,0.08542596797049995
_INCOMG,ordinal,exact_values,2,34973,4377,30596,0.12515368998942042,0.13322641595684703
_INCOMG,ordinal,exact_values,3,23354,2517,20837,0.10777596985527105,0.08896490773614518
_INCOMG,ordinal,exact_values,4,31050,2746,28304,0.08843800322061192,0.1182821094976153
_INCOMG,ordinal,exact_values,5,103686,5765,97921,0.05560056323901009,0.39498224816005606
_INCOMG,ordinal,exact_values,9,47020,4451,42569,0.09466184602296895,0.17911835067883644
_SMOKER3,categorical,exact_values,1,25920,2686,23234,0.10362654320987655,0.09873984792844409
_SMOKER3,categorical,exact_values,2,10579,1026,9553,0.09698459211645713,0.04029972419888156
_SMOKER3,categorical,exact_values,3,72561,9735,62826,0.134162980113284,0.2764144330839441
_SMOKER3,categorical,exact_values,4,142751,8890,133861,0.06227627126955328,0.5437967604796806
_SMOKER3,categorical,exact_values,9,10697,843,9854,0.0788071421893989,0.04074923430904963
_RFSMOK3,binary,exact_values,1,215312,18625,196687,0.08650237794456417,0.8202111935636247
_RFSMOK3,binary,exact_values,2,36499,3712,32787,0.10170141647716376,0.13903957212732565
_RFSMOK3,binary,exact_values,9,10697,843,9854,0.0788071421893989,0.04074923430904963
DRNKANY5,binary,exact_values,1,126105,8017,118088,0.06357400578882677,0.4803853596842763
DRNKANY5,binary,exact_values,2,123530,14140,109390,0.11446612158989719,0.4705761348225578
DRNKANY5,binary,exact_values,7,1869,176,1693,0.09416800428036383,0.007119783016136651
DRNKANY5,binary,exact_values,9,11004,847,10157,0.07697201017811704,0.04191872247702927
DROCDY3_,continuous,exact_values,0,123530,14140,109390,0.11446612158989719,0.4705761348225578
DROCDY3_,continuous,exact_values,3,20138,1512,18626,0.07508193465090873,0.0767138525302086
DROCDY3_,continuous,exact_values,7,15045,927,14118,0.061615154536390826,0.057312539046429065
DROCDY3_,continuous,exact_values,10,8348,485,7863,0.05809774796358409,0.03180093559053438
DROCDY3_,continuous,exact_values,13,7047,369,6678,0.05236270753512133,0.026844896155545736
DROCDY3_,continuous,exact_values,14,9871,667,9204,0.06757167460237058,0.03760266353787313
DROCDY3_,continuous,exact_values,17,7088,327,6761,0.04613431151241535,0.027001081871790573
DROCDY3_,continuous,exact_values,20,2546,146,2400,0.05734485467399843,0.009698752038033127
DROCDY3_,continuous,exact_values,23,1745,69,1676,0.03954154727793696,0.0066474164596888475
DROCDY3_,continuous,exact_values,27,1854,73,1781,0.039374325782092774,0.00706264190043732
DROCDY3_,continuous,exact_values,29,8056,410,7646,0.05089374379344588,0.030688588538254073
DROCDY3_,continuous,exact_values,30,156,8,148,0.05128205128205128,0.0005942676032730431
DROCDY3_,continuous,exact_values,33,5410,256,5154,0.04731977818853974,0.02060889572889207
DROCDY3_,continuous,exact_values,37,30,2,28,0.06666666666666667,0.00011428223139866214
DROCDY3_,continuous,exact_values,40,1019,57,962,0.05593719332679097,0.003881786459841224
DROCDY3_,continuous,exact_values,43,5468,292,5176,0.053401609363569864,0.020829841376262818
DROCDY3_,continuous,exact_values,47,407,24,383,0.05896805896805897,0.0015504289393085163
DROCDY3_,continuous,exact_values,50,4220,223,3997,0.052843601895734595,0.016075700550078474
DROCDY3_,continuous,exact_values,53,119,6,113,0.05042016806722689,0.0004533195178813598
DROCDY3_,continuous,exact_values,57,2481,136,2345,0.054816606207174524,0.009451140536669358
DROCDY3_,continuous,exact_values,60,142,9,133,0.06338028169014084,0.0005409358952870008
DROCDY3_,continuous,exact_values,63,5,0,5,0.0,1.9047038566443688e-05
DROCDY3_,continuous,exact_values,67,4378,255,4123,0.058245774326176336,0.016677586968778094
DROCDY3_,continuous,exact_values,70,111,6,105,0.05405405405405406,0.0004228442561750499
DROCDY3_,continuous,exact_values,71,2553,174,2379,0.0681551116333725,0.009725417892026147
DROCDY3_,continuous,exact_values,73,96,6,90,0.0625,0.00036570314047571883
DROCDY3_,continuous,exact_values,77,49,2,47,0.04081632653061224,0.00018666097795114815
DROCDY3_,continuous,exact_values,80,115,12,103,0.10434782608695652,0.00043808188702820484
DROCDY3_,continuous,exact_values,83,1921,110,1811,0.05726184279021343,0.007317872217227665
DROCDY3_,continuous,exact_values,86,893,53,840,0.0593505039193729,0.003401801087966843
DROCDY3_,continuous,exact_values,87,85,4,81,0.047058823529411764,0.00032379965562954273
DROCDY3_,continuous,exact_values,90,143,9,134,0.06293706293706294,0.0005447453030002895
DROCDY3_,continuous,exact_values,93,500,37,463,0.074,0.001904703856644369
DROCDY3_,continuous,exact_values,97,174,12,162,0.06896551724137931,0.0006628369421122404
DROCDY3_,continuous,exact_values,100,13892,1339,12553,0.09638640944428448,0.05292029195300715
DROCDY3_,continuous,exact_values,900,12873,1023,11850,0.07946865532509904,0.04903850549316592
_RFBING5,binary,exact_values,1,217203,20736,196467,0.0954682946368144,0.8274147835494537
_RFBING5,binary,exact_values,2,30151,1244,28907,0.041258996384862856,0.11485745196336873
_RFBING5,binary,exact_values,9,15154,1200,13954,0.07918701332981391,0.057727764487177535
_DRNKWEK,count,exact_values,0,123530,14140,109390,0.11446612158989719,0.4705761348225578
_DRNKWEK,count,exact_values,23,14127,1199,12928,0.0848729383450131,0.05381550276563
_DRNKWEK,count,exact_values,47,11052,726,10326,0.06568946796959826,0.04210157404726713
_DRNKWEK,count,exact_values,70,5145,334,4811,0.06491739552964043,0.019599402684870558
_DRNKWEK,count,exact_values,93,8101,458,7643,0.056536230095049995,0.030860011885352066
_DRNKWEK,count,exact_values,100,4925,386,4539,0.0783756345177665,0.018761332987947035
_DRNKWEK,count,exact_values,117,3178,168,3010,0.05286343612334802,0.012106297712831608
_DRNKWEK,count,exact_values,140,4449,237,4212,0.053270397842211735,0.016948054916421595
_DRNKWEK,count,exact_values,163,654,32,622,0.04892966360856269,0.0024913526444908345
_DRNKWEK,count,exact_values,187,3191,153,3038,0.04794735192729552,0.012155820013104363
_DRNKWEK,count,exact_values,200,5314,308,5006,0.05796010538200978,0.020243192588416354
_DRNKWEK,count,exact_values,210,1171,60,1111,0.05123825789923143,0.004460816432261112
_DRNKWEK,count,exact_values,233,4635,224,4411,0.04832793959007551,0.0176566047510933
_DRNKWEK,count,exact_values,257,12,2,10,0.16666666666666666,4.5712892559464854e-05
_DRNKWEK,count,exact_values,280,2610,133,2477,0.050957854406130265,0.009942554131683606
_DRNKWEK,count,exact_values,300,2858,163,2695,0.05703289013296011,0.010887287244579213
_DRNKWEK,count,exact_values,303,19,1,18,0.05263157894736842,7.237874655248601e-05
_DRNKWEK,count,exact_values,327,728,29,699,0.03983516483516483,0.0027732488152742013
_DRNKWEK,count,exact_values,350,2711,134,2577,0.04942825525636296,0.010327304310725769
_DRNKWEK,count,exact_values,373,1313,71,1242,0.05407463823305408,0.005001752327548113
_DRNKWEK,count,exact_values,397,7,0,7,0.0,2.6665853993021166e-05
_DRNKWEK,count,exact_values,400,4467,243,4224,0.05439892545332438,0.017016624255260793
_DRNKWEK,count,exact_values,420,585,20,565,0.03418803418803419,0.002228503512273912
_DRNKWEK,count,exact_values,443,2,0,2,0.0,7.618815426577475e-06
_DRNKWEK,count,exact_values,467,4257,207,4050,0.048625792811839326,0.016216648635470156
_DRNKWEK,count,exact_values,490,285,9,276,0.031578947368421054,0.0010856811982872902
_DRNKWEK,count,exact_values,500,1345,92,1253,0.06840148698884758,0.005123653374373352
_DRNKWEK,count,exact_values,513,35,4,31,0.11428571428571428,0.00013332926996510584
_DRNKWEK,count,exact_values,537,19,1,18,0.05263157894736842,7.237874655248601e-05
_DRNKWEK,count,exact_values,560,1095,46,1049,0.04200913242009133,0.004171301446051168
_DRNKWEK,count,exact_values,583,1059,70,989,0.06610009442870633,0.004034162768372773
_DRNKWEK,count,exact_values,600,3305,157,3148,0.04750378214826021,0.012590092492419278
_DRNKWEK,count,exact_values,607,50,3,47,0.06,0.0001904703856644369
_DRNKWEK,count,exact_values,630,78,4,74,0.05128205128205128,0.00029713380163652153
_DRNKWEK,count,exact_values,653,458,28,430,0.0611353711790393,0.001744708732686242
_DRNKWEK,count,exact_values,677,48,3,45,0.0625,0.00018285157023785942
_DRNKWEK,count,exact_values,700,7515,608,6907,0.08090485695276114,0.028627698965364864
_DRNKWEK,count,exact_values,747,241,10,231,0.04149377593360996,0.0009180672589025858
_DRNKWEK,count,exact_values,770,6,0,6,0.0,2.2856446279732427e-05
_DRNKWEK,count,exact_values,793,15,1,14,0.06666666666666667,5.714111569933107e-05
_DRNKWEK,count,exact_values,800,1361,65,1296,0.04775900073475386,0.005184603897785973
_DRNKWEK,count,exact_values,817,109,2,107,0.01834862385321101,0.0004152254407484724
_DRNKWEK,count,exact_values,840,355,15,340,0.04225352112676056,0.001352339738217502
_DRNKWEK,count,exact_values,887,1,0,1,0.0,3.8094077132887377e-06
_DRNKWEK,count,exact_values,900,914,43,871,0.047045951859956234,0.0034817986499459065
_DRNKWEK,count,exact_values,910,11,0,11,0.0,4.1903484846176115e-05
_DRNKWEK,count,exact_values,933,1974,97,1877,0.04913880445795339,0.007519770826031969
_DRNKWEK,count,exact_values,980,148,5,143,0.033783783783783786,0.0005637923415667333
_DRNKWEK,count,exact_values,1000,1137,63,1074,0.055408970976253295,0.004331296570009295
_DRNKWEK,count,exact_values,1027,46,1,45,0.021739130434782608,0.00017523275481128194
_DRNKWEK,count,exact_values,1050,538,19,519,0.03531598513011153,0.002049461349749341
_DRNKWEK,count,exact_values,1073,17,1,16,0.058823529411764705,6.475993112590855e-05
_DRNKWEK,count,exact_values,1120,238,15,223,0.06302521008403361,0.0009066390357627196
_DRNKWEK,count,exact_values,1143,22,0,22,0.0,8.380696969235223e-05
_DRNKWEK,count,exact_values,1167,942,41,901,0.0435244161358811,0.0035884620659179913
_DRNKWEK,count,exact_values,1190,10,1,9,0.1,3.8094077132887376e-05
_DRNKWEK,count,exact_values,1200,1177,53,1124,0.045029736618521665,0.004483672878540844
_DRNKWEK,count,exact_values,1213,35,0,35,0.0,0.00013332926996510584
_DRNKWEK,count,exact_values,1260,90,4,86,0.044444444444444446,0.0003428466941959864
_DRNKWEK,count,exact_values,1283,1,0,1,0.0,3.8094077132887377e-06
_DRNKWEK,count,exact_values,1300,1,0,1,0.0,3.8094077132887377e-06
_DRNKWEK,count,exact_values,1307,243,11,232,0.04526748971193416,0.0009256860743291633
_DRNKWEK,count,exact_values,1330,1,0,1,0.0,3.8094077132887377e-06
_DRNKWEK,count,exact_values,1353,70,4,66,0.05714285714285714,0.00026665853993021167
_DRNKWEK,count,exact_values,1400,5375,473,4902,0.088,0.020475566458926966
_DRNKWEK,count,exact_values,1470,23,1,22,0.043478260869565216,8.761637740564097e-05
_DRNKWEK,count,exact_values,1493,59,3,56,0.05084745762711865,0.00022475505508403554
_DRNKWEK,count,exact_values,1500,413,26,387,0.06295399515738499,0.0015732853855882488
_DRNKWEK,count,exact_values,1517,7,0,7,0.0,2.6665853993021166e-05
_DRNKWEK,count,exact_values,1540,13,0,13,0.0,4.952230027275359e-05
_DRNKWEK,count,exact_values,1587,3,0,3,0.0,1.1428223139866213e-05
_DRNKWEK,count,exact_values,1600,258,11,247,0.04263565891472868,0.0009828271900284944
_DRNKWEK,count,exact_values,1610,5,0,5,0.0,1.9047038566443688e-05
_DRNKWEK,count,exact_values,1633,55,2,53,0.03636363636363636,0.0002095174242308806
_DRNKWEK,count,exact_values,1680,78,5,73,0.0641025641025641,0.00029713380163652153
_DRNKWEK,count,exact_values,1700,1,0,1,0.0,3.8094077132887377e-06
_DRNKWEK,count,exact_values,1750,329,15,314,0.04559270516717325,0.0012532951376719947
_DRNKWEK,count,exact_values,1773,1,0,1,0.0,3.8094077132887377e-06
_DRNKWEK,count,exact_values,1800,245,12,233,0.04897959183673469,0.0009333048897557408
_DRNKWEK,count,exact_values,1820,10,2,8,0.2,3.8094077132887376e-05
_DRNKWEK,count,exact_values,1867,213,12,201,0.056338028169014086,0.0008114038429305012
_DRNKWEK,count,exact_values,1890,19,2,17,0.10526315789473684,7.237874655248601e-05
_DRNKWEK,count,exact_values,1960,113,7,106,0.061946902654867256,0.00043046307160162737
_DRNKWEK,count,exact_values,1983,2,0,2,0.0,7.618815426577475e-06
_DRNKWEK,count,exact_values,2000,242,18,224,0.0743801652892562,0.0009218766666158746
_DRNKWEK,count,exact_values,2030,28,2,26,0.07142857142857142,0.00010666341597208466
_DRNKWEK,count,exact_values,2053,7,1,6,0.14285714285714285,2.6665853993021166e-05
_DRNKWEK,count,exact_values,2100,1952,178,1774,0.09118852459016394,0.007435963856339617
_DRNKWEK,count,exact_values,2123,2,1,1,0.5,7.618815426577475e-06
_DRNKWEK,count,exact_values,2147,1,0,1,0.0,3.8094077132887377e-06
_DRNKWEK,count,exact_values,2200,3,0,3,0.0,1.1428223139866213e-05
_DRNKWEK,count,exact_values,2240,36,1,35,0.027777777777777776,0.00013713867767839458
_DRNKWEK,count,exact_values,2287,5,1,4,0.2,1.9047038566443688e-05
_DRNKWEK,count,exact_values,2300,1,0,1,0.0,3.8094077132887377e-06
_DRNKWEK,count,exact_values,2333,245,14,231,0.05714285714285714,0.0009333048897557408
_DRNKWEK,count,exact_values,2380,2,0,2,0.0,7.618815426577475e-06
_DRNKWEK,count,exact_values,2400,168,11,157,0.06547619047619048,0.0006399804958325079
_DRNKWEK,count,exact_values,2427,9,1,8,0.1111111111111111,3.4284669419598644e-05
_DRNKWEK,count,exact_values,2450,21,1,20,0.047619047619047616,7.999756197906349e-05
_DRNKWEK,count,exact_values,2500,58,3,55,0.05172413793103448,0.0002209456473707468
_DRNKWEK,count,exact_values,2520,24,2,22,0.08333333333333333,9.142578511892971e-05
_DRNKWEK,count,exact_values,2567,3,0,3,0.0,1.1428223139866213e-05
_DRNKWEK,count,exact_values,2600,1,0,1,0.0,3.8094077132887377e-06
_DRNKWEK,count,exact_values,2613,38,4,34,0.10526315789473684,0.00014475749310497203
_DRNKWEK,count,exact_values,2660,1,0,1,0.0,3.8094077132887377e-06
_DRNKWEK,count,exact_values,2683,1,0,1,0.0,3.8094077132887377e-06
_DRNKWEK,count,exact_values,2700,7,2,5,0.2857142857142857,2.6665853993021166e-05
_DRNKWEK,count,exact_values,2707,9,1,8,0.1111111111111111,3.4284669419598644e-05
_DRNKWEK,count,exact_values,2800,867,80,787,0.0922722029988466,0.003302756487421336
_DRNKWEK,count,exact_values,2917,45,1,44,0.022222222222222223,0.0001714233470979932
_DRNKWEK,count,exact_values,2940,3,0,3,0.0,1.1428223139866213e-05
_DRNKWEK,count,exact_values,2987,3,0,3,0.0,1.1428223139866213e-05
_DRNKWEK,count,exact_values,3000,110,7,103,0.06363636363636363,0.0004190348484617612
_DRNKWEK,count,exact_values,3033,5,0,5,0.0,1.9047038566443688e-05
_DRNKWEK,count,exact_values,3080,5,0,5,0.0,1.9047038566443688e-05
_DRNKWEK,count,exact_values,3150,7,0,7,0.0,2.6665853993021166e-05
_DRNKWEK,count,exact_values,3200,17,2,15,0.11764705882352941,6.475993112590855e-05
_DRNKWEK,count,exact_values,3220,5,0,5,0.0,1.9047038566443688e-05
_DRNKWEK,count,exact_values,3267,28,1,27,0.03571428571428571,0.00010666341597208466
_DRNKWEK,count,exact_values,3300,1,0,1,0.0,3.8094077132887377e-06
_DRNKWEK,count,exact_values,3360,29,5,24,0.1724137931034483,0.0001104728236853734
_DRNKWEK,count,exact_values,3383,5,0,5,0.0,1.9047038566443688e-05
_DRNKWEK,count,exact_values,3430,1,1,0,1.0,3.8094077132887377e-06
_DRNKWEK,count,exact_values,3500,455,32,423,0.07032967032967033,0.0017332805095463758
_DRNKWEK,count,exact_values,3593,1,0,1,0.0,3.8094077132887377e-06
_DRNKWEK,count,exact_values,3600,60,5,55,0.08333333333333333,0.00022856446279732428
_DRNKWEK,count,exact_values,3640,2,0,2,0.0,7.618815426577475e-06
_DRNKWEK,count,exact_values,3733,25,2,23,0.08,9.523519283221845e-05
_DRNKWEK,count,exact_values,3780,3,0,3,0.0,1.1428223139866213e-05
_DRNKWEK,count,exact_values,3850,1,0,1,0.0,3.8094077132887377e-06
_DRNKWEK,count,exact_values,3900,1,0,1,0.0,3.8094077132887377e-06
_DRNKWEK,count,exact_values,3920,19,1,18,0.05263157894736842,7.237874655248601e-05
_DRNKWEK,count,exact_values,4000,32,0,32,0.0,0.0001219010468252396
_DRNKWEK,count,exact_values,4060,6,0,6,0.0,2.2856446279732427e-05
_DRNKWEK,count,exact_values,4083,3,0,3,0.0,1.1428223139866213e-05
_DRNKWEK,count,exact_values,4200,512,41,471,0.080078125,0.0019504167492038337
_DRNKWEK,count,exact_values,4247,1,0,1,0.0,3.8094077132887377e-06
_DRNKWEK,count,exact_values,4400,1,0,1,0.0,3.8094077132887377e-06
_DRNKWEK,count,exact_values,4410,3,0,3,0.0,1.1428223139866213e-05
_DRNKWEK,count,exact_values,4480,2,0,2,0.0,7.618815426577475e-06
_DRNKWEK,count,exact_values,4500,9,0,9,0.0,3.4284669419598644e-05
_DRNKWEK,count,exact_values,4573,7,0,7,0.0,2.6665853993021166e-05
_DRNKWEK,count,exact_values,4620,1,0,1,0.0,3.8094077132887377e-06
_DRNKWEK,count,exact_values,4667,38,1,37,0.02631578947368421,0.00014475749310497203
_DRNKWEK,count,exact_values,4737,1,1,0,1.0,3.8094077132887377e-06
_DRNKWEK,count,exact_values,4760,1,0,1,0.0,3.8094077132887377e-06
_DRNKWEK,count,exact_values,4800,14,2,12,0.14285714285714285,5.333170798604233e-05
_DRNKWEK,count,exact_values,4853,4,1,3,0.25,1.523763085315495e-05
_DRNKWEK,count,exact_values,4900,64,4,60,0.0625,0.0002438020936504792
_DRNKWEK,count,exact_values,5000,10,0,10,0.0,3.8094077132887376e-05
_DRNKWEK,count,exact_values,5040,4,0,4,0.0,1.523763085315495e-05
_DRNKWEK,count,exact_values,5133,1,0,1,0.0,3.8094077132887377e-06
_DRNKWEK,count,exact_values,5200,2,0,2,0.0,7.618815426577475e-06
_DRNKWEK,count,exact_values,5227,4,0,4,0.0,1.523763085315495e-05
_DRNKWEK,count,exact_values,5250,28,3,25,0.10714285714285714,0.00010666341597208466
_DRNKWEK,count,exact_values,5320,1,0,1,0.0,3.8094077132887377e-06
_DRNKWEK,count,exact_values,5367,1,0,1,0.0,3.8094077132887377e-06
_DRNKWEK,count,exact_values,5400,2,0,2,0.0,7.618815426577475e-06
_DRNKWEK,count,exact_values,5600,147,13,134,0.08843537414965986,0.0005599829338534444
_DRNKWEK,count,exact_values,5670,1,0,1,0.0,3.8094077132887377e-06
_DRNKWEK,count,exact_values,5833,5,0,5,0.0,1.9047038566443688e-05
_DRNKWEK,count,exact_values,5880,1,0,1,0.0,3.8094077132887377e-06
_DRNKWEK,count,exact_values,6000,23,2,21,0.08695652173913043,8.761637740564097e-05
_DRNKWEK,count,exact_values,6067,1,0,1,0.0,3.8094077132887377e-06
_DRNKWEK,count,exact_values,6160,1,0,1,0.0,3.8094077132887377e-06
_DRNKWEK,count,exact_values,6300,22,2,20,0.09090909090909091,8.380696969235223e-05
_DRNKWEK,count,exact_values,6400,3,0,3,0.0,1.1428223139866213e-05
_DRNKWEK,count,exact_values,6500,2,0,2,0.0,7.618815426577475e-06
_DRNKWEK,count,exact_values,6533,3,1,2,0.3333333333333333,1.1428223139866213e-05
_DRNKWEK,count,exact_values,6720,3,0,3,0.0,1.1428223139866213e-05
_DRNKWEK,count,exact_values,6767,2,1,1,0.5,7.618815426577475e-06
_DRNKWEK,count,exact_values,7000,95,9,86,0.09473684210526316,0.0003618937327624301
_DRNKWEK,count,exact_values,7200,11,2,9,0.18181818181818182,4.1903484846176115e-05
_DRNKWEK,count,exact_values,7350,1,1,0,1.0,3.8094077132887377e-06
_DRNKWEK,count,exact_values,7500,6,0,6,0.0,2.2856446279732427e-05
_DRNKWEK,count,exact_values,7560,1,0,1,0.0,3.8094077132887377e-06
_DRNKWEK,count,exact_values,7700,8,2,6,0.25,3.04752617063099e-05
_DRNKWEK,count,exact_values,7840,2,0,2,0.0,7.618815426577475e-06
_DRNKWEK,count,exact_values,8000,4,0,4,0.0,1.523763085315495e-05
_DRNKWEK,count,exact_values,8120,1,0,1,0.0,3.8094077132887377e-06
_DRNKWEK,count,exact_values,8330,1,0,1,0.0,3.8094077132887377e-06
_DRNKWEK,count,exact_values,8400,133,12,121,0.09022556390977443,0.0005066512258674021
_DRNKWEK,count,exact_values,8750,5,0,5,0.0,1.9047038566443688e-05
_DRNKWEK,count,exact_values,8960,2,0,2,0.0,7.618815426577475e-06
_DRNKWEK,count,exact_values,9000,3,1,2,0.3333333333333333,1.1428223139866213e-05
_DRNKWEK,count,exact_values,9100,4,0,4,0.0,1.523763085315495e-05
_DRNKWEK,count,exact_values,9333,8,0,8,0.0,3.04752617063099e-05
_DRNKWEK,count,exact_values,9800,5,1,4,0.2,1.9047038566443688e-05
_DRNKWEK,count,exact_values,10000,2,0,2,0.0,7.618815426577475e-06
_DRNKWEK,count,exact_values,10080,1,0,1,0.0,3.8094077132887377e-06
_DRNKWEK,count,exact_values,10500,29,3,26,0.10344827586206896,0.0001104728236853734
_DRNKWEK,count,exact_values,11200,6,2,4,0.3333333333333333,2.2856446279732427e-05
_DRNKWEK,count,exact_values,11667,3,0,3,0.0,1.1428223139866213e-05
_DRNKWEK,count,exact_values,11760,1,0,1,0.0,3.8094077132887377e-06
_DRNKWEK,count,exact_values,11900,2,0,2,0.0,7.618815426577475e-06
_DRNKWEK,count,exact_values,12000,5,1,4,0.2,1.9047038566443688e-05
_DRNKWEK,count,exact_values,12133,1,0,1,0.0,3.8094077132887377e-06
_DRNKWEK,count,exact_values,12500,1,0,1,0.0,3.8094077132887377e-06
_DRNKWEK,count,exact_values,12600,5,1,4,0.2,1.9047038566443688e-05
_DRNKWEK,count,exact_values,13440,2,1,1,0.5,7.618815426577475e-06
_DRNKWEK,count,exact_values,14000,24,2,22,0.08333333333333333,9.142578511892971e-05
_DRNKWEK,count,exact_values,14400,1,0,1,0.0,3.8094077132887377e-06
_DRNKWEK,count,exact_values,14700,3,1,2,0.3333333333333333,1.1428223139866213e-05
_DRNKWEK,count,exact_values,15000,4,0,4,0.0,1.523763085315495e-05
_DRNKWEK,count,exact_values,15680,1,0,1,0.0,3.8094077132887377e-06
_DRNKWEK,count,exact_values,16800,6,0,6,0.0,2.2856446279732427e-05
_DRNKWEK,count,exact_values,17500,4,0,4,0.0,1.523763085315495e-05
_DRNKWEK,count,exact_values,18000,2,0,2,0.0,7.618815426577475e-06
_DRNKWEK,count,exact_values,18667,1,0,1,0.0,3.8094077132887377e-06
_DRNKWEK,count,exact_values,18900,1,0,1,0.0,3.8094077132887377e-06
_DRNKWEK,count,exact_values,20000,2,0,2,0.0,7.618815426577475e-06
_DRNKWEK,count,exact_values,21000,37,2,35,0.05405405405405406,0.00014094808539168331
_DRNKWEK,count,exact_values,21700,1,0,1,0.0,3.8094077132887377e-06
_DRNKWEK,count,exact_values,23333,1,0,1,0.0,3.8094077132887377e-06
_DRNKWEK,count,exact_values,23893,1,0,1,0.0,3.8094077132887377e-06
_DRNKWEK,count,exact_values,25000,1,0,1,0.0,3.8094077132887377e-06
_DRNKWEK,count,exact_values,27067,1,0,1,0.0,3.8094077132887377e-06
_DRNKWEK,count,exact_values,28000,2,0,2,0.0,7.618815426577475e-06
_DRNKWEK,count,exact_values,30240,1,0,1,0.0,3.8094077132887377e-06
_DRNKWEK,count,exact_values,31500,1,0,1,0.0,3.8094077132887377e-06
_DRNKWEK,count,exact_values,33600,1,0,1,0.0,3.8094077132887377e-06
_DRNKWEK,count,exact_values,35000,1,0,1,0.0,3.8094077132887377e-06
_DRNKWEK,count,exact_values,35467,1,0,1,0.0,3.8094077132887377e-06
_DRNKWEK,count,exact_values,38500,1,0,1,0.0,3.8094077132887377e-06
_DRNKWEK,count,exact_values,42000,7,0,7,0.0,2.6665853993021166e-05
_DRNKWEK,count,exact_values,49000,1,0,1,0.0,3.8094077132887377e-06
_DRNKWEK,count,exact_values,52500,1,0,1,0.0,3.8094077132887377e-06
_DRNKWEK,count,exact_values,53200,3,1,2,0.3333333333333333,1.1428223139866213e-05
_DRNKWEK,count,exact_values,99900,15263,1213,14050,0.07947323593002686,0.058142989927926006
_RFDRHV5,binary,exact_values,1,234024,21212,212812,0.09064027621098691,0.8914928306946835
_RFDRHV5,binary,exact_values,2,13221,755,12466,0.05710611905302171,0.050364179377390406
_RFDRHV5,binary,exact_values,9,15263,1213,14050,0.07947323593002686,0.058142989927926006
FTJUDA1_,count,exact_values,0,98685,8998,89687,0.09117900390130212,0.3759314001858991
FTJUDA1_,count,exact_values,0.02,2153,215,1938,0.09986065954482118,0.008201654806710652
FTJUDA1_,count,exact_values,0.03,8559,601,7958,0.07021848346769483,0.032604720618038305
FTJUDA1_,count,exact_values,0.07,10687,707,9980,0.06615514176101805,0.04071114023191674
FTJUDA1_,count,exact_values,0.1,6573,520,6053,0.07911151681119732,0.025039236899446874
FTJUDA1_,count,exact_values,0.13,4422,329,4093,0.07440072365445499,0.0168452009081628
FTJUDA1_,count,exact_values,0.14,9611,682,8929,0.07096035792321298,0.03661221753241806
FTJUDA1_,count,exact_values,0.17,6360,440,5920,0.06918238993710692,0.024227833056516372
FTJUDA1_,count,exact_values,0.2,1601,138,1463,0.08619612742036227,0.0060988617489752695
FTJUDA1_,count,exact_values,0.23,1287,91,1196,0.0707070707070707,0.004902707727002606
FTJUDA1_,count,exact_values,0.27,953,81,872,0.08499475341028331,0.0036303655507641673
FTJUDA1_,count,exact_values,0.29,10931,762,10169,0.06970999908517062,0.04164063571395919
FTJUDA1_,count,exact_values,0.3,83,7,76,0.08433734939759036,0.00031618084020296525
FTJUDA1_,count,exact_values,0.33,4683,349,4334,0.07452487721546018,0.01783945632133116
FTJUDA1_,count,exact_values,0.37,16,1,15,0.0625,6.09505234126198e-05
FTJUDA1_,count,exact_values,0.4,594,39,555,0.06565656565656566,0.0022627881816935104
FTJUDA1_,count,exact_values,0.43,9256,728,8528,0.07865168539325842,0.035259877794200555
FTJUDA1_,count,exact_values,0.47,396,39,357,0.09848484848484848,0.0015085254544623403
FTJUDA1_,count,exact_values,0.5,3608,362,3246,0.10033259423503325,0.013744343029545766
FTJUDA1_,count,exact_values,0.53,103,13,90,0.1262135922330097,0.00039236899446874
FTJUDA1_,count,exact_values,0.57,3489,254,3235,0.07280022929206076,0.013291023511664406
FTJUDA1_,count,exact_values,0.6,72,3,69,0.041666666666666664,0.00027427735535678915
FTJUDA1_,count,exact_values,0.63,11,1,10,0.09090909090909091,4.1903484846176115e-05
FTJUDA1_,count,exact_values,0.67,2935,274,2661,0.09335604770017036,0.011180611638502445
FTJUDA1_,count,exact_values,0.7,84,4,80,0.047619047619047616,0.00031999024791625396
FTJUDA1_,count,exact_values,0.71,2755,196,2559,0.07114337568058077,0.010494918250110473
FTJUDA1_,count,exact_values,0.73,37,7,30,0.1891891891891892,0.00014094808539168331
FTJUDA1_,count,exact_values,0.77,15,1,14,0.06666666666666667,5.714111569933107e-05
FTJUDA1_,count,exact_values,0.8,44,3,41,0.06818181818181818,0.00016761393938470446
FTJUDA1_,count,exact_values,0.83,983,83,900,0.0844354018311292,0.003744647782162829
FTJUDA1_,count,exact_values,0.86,435,32,403,0.0735632183908046,0.001657092355280601
FTJUDA1_,count,exact_values,0.87,33,3,30,0.09090909090909091,0.00012571045453852836
FTJUDA1_,count,exact_values,0.9,37,3,34,0.08108108108108109,0.00014094808539168331
FTJUDA1_,count,exact_values,0.93,160,22,138,0.1375,0.000609505234126198
FTJUDA1_,count,exact_values,0.97,33,3,30,0.09090909090909091,0.00012571045453852836
FTJUDA1_,count,exact_values,1,39494,4338,35156,0.1098394692864739,0.15044874822862542
FTJUDA1_,count,exact_values,1.03,29,5,24,0.1724137931034483,0.0001104728236853734
FTJUDA1_,count,exact_values,1.07,3,0,3,0.0,1.1428223139866213e-05
FTJUDA1_,count,exact_values,1.1,6,2,4,0.3333333333333333,2.2856446279732427e-05
FTJUDA1_,count,exact_values,1.13,1,0,1,0.0,3.8094077132887377e-06
FTJUDA1_,count,exact_values,1.14,56,2,54,0.03571428571428571,0.00021332683194416933
FTJUDA1_,count,exact_values,1.17,7,1,6,0.14285714285714285,2.6665853993021166e-05
FTJUDA1_,count,exact_values,1.2,2,1,1,0.5,7.618815426577475e-06
FTJUDA1_,count,exact_values,1.23,2,0,2,0.0,7.618815426577475e-06
FTJUDA1_,count,exact_values,1.29,11,1,10,0.09090909090909091,4.1903484846176115e-05
FTJUDA1_,count,exact_values,1.33,32,3,29,0.09375,0.0001219010468252396
FTJUDA1_,count,exact_values,1.4,1,0,1,0.0,3.8094077132887377e-06
FTJUDA1_,count,exact_values,1.43,170,12,158,0.07058823529411765,0.0006475993112590855
FTJUDA1_,count,exact_values,1.47,1,0,1,0.0,3.8094077132887377e-06
FTJUDA1_,count,exact_values,1.5,19,0,19,0.0,7.237874655248601e-05
FTJUDA1_,count,exact_values,1.57,3,0,3,0.0,1.1428223139866213e-05
FTJUDA1_,count,exact_values,1.6,2,0,2,0.0,7.618815426577475e-06
FTJUDA1_,count,exact_values,1.63,1,0,1,0.0,3.8094077132887377e-06
FTJUDA1_,count,exact_values,1.67,23,2,21,0.08695652173913043,8.761637740564097e-05
FTJUDA1_,count,exact_values,1.71,23,2,21,0.08695652173913043,8.761637740564097e-05
FTJUDA1_,count,exact_values,1.73,1,0,1,0.0,3.8094077132887377e-06
FTJUDA1_,count,exact_values,1.83,1,0,1,0.0,3.8094077132887377e-06
FTJUDA1_,count,exact_values,1.86,1,0,1,0.0,3.8094077132887377e-06
FTJUDA1_,count,exact_values,2,5350,561,4789,0.10485981308411214,0.02038033126609475
FTJUDA1_,count,exact_values,2.14,35,2,33,0.05714285714285714,0.00013332926996510584
FTJUDA1_,count,exact_values,2.17,1,1,0,1.0,3.8094077132887377e-06
FTJUDA1_,count,exact_values,2.29,5,0,5,0.0,1.9047038566443688e-05
FTJUDA1_,count,exact_values,2.33,2,0,2,0.0,7.618815426577475e-06
FTJUDA1_,count,exact_values,2.5,5,1,4,0.2,1.9047038566443688e-05
FTJUDA1_,count,exact_values,2.53,1,0,1,0.0,3.8094077132887377e-06
FTJUDA1_,count,exact_values,2.57,2,0,2,0.0,7.618815426577475e-06
FTJUDA1_,count,exact_values,2.67,3,0,3,0.0,1.1428223139866213e-05
FTJUDA1_,count,exact_values,2.86,18,2,16,0.1111111111111111,6.856933883919729e-05
FTJUDA1_,count,exact_values,2.93,2,0,2,0.0,7.618815426577475e-06
FTJUDA1_,count,exact_values,3,1715,178,1537,0.10379008746355685,0.006533134228290186
FTJUDA1_,count,exact_values,3.14,2,0,2,0.0,7.618815426577475e-06
FTJUDA1_,count,exact_values,3.3,9,1,8,0.1111111111111111,3.4284669419598644e-05
FTJUDA1_,count,exact_values,3.57,6,1,5,0.16666666666666666,2.2856446279732427e-05
FTJUDA1_,count,exact_values,4,433,41,392,0.09468822170900693,0.0016494735398540235
FTJUDA1_,count,exact_values,4.29,27,3,24,0.1111111111111111,0.00010285400825879592
FTJUDA1_,count,exact_values,4.43,1,0,1,0.0,3.8094077132887377e-06
FTJUDA1_,count,exact_values,5,312,37,275,0.11858974358974358,0.0011885352065460861
FTJUDA1_,count,exact_values,6,50,9,41,0.18,0.0001904703856644369
FTJUDA1_,count,exact_values,6.43,1,0,1,0.0,3.8094077132887377e-06
FTJUDA1_,count,exact_values,7,46,6,40,0.13043478260869565,0.00017523275481128194
FTJUDA1_,count,exact_values,8,16,1,15,0.0625,6.09505234126198e-05
FTJUDA1_,count,exact_values,10,14,1,13,0.07142857142857142,5.333170798604233e-05
FTJUDA1_,count,exact_values,11,1,0,1,0.0,3.8094077132887377e-06
FTJUDA1_,count,exact_values,12,3,1,2,0.3333333333333333,1.1428223139866213e-05
FTJUDA1_,count,exact_values,14,1,0,1,0.0,3.8094077132887377e-06
FTJUDA1_,count,exact_values,15,3,1,2,0.3333333333333333,1.1428223139866213e-05
FTJUDA1_,count,exact_values,20,11,2,9,0.18181818181818182,4.1903484846176115e-05
FTJUDA1_,count,exact_values,25,1,0,1,0.0,3.8094077132887377e-06
FTJUDA1_,count,exact_values,28,1,0,1,0.0,3.8094077132887377e-06
FTJUDA1_,count,exact_values,30,3,0,3,0.0,1.1428223139866213e-05
FTJUDA1_,count,exact_values,60,1,1,0,1.0,3.8094077132887377e-06
FTJUDA1_,count,exact_values,99,2,0,2,0.0,7.618815426577475e-06
FTJUDA1_,count,exact_values,<MISSING>,22852,1970,20882,0.08620689655172414,0.08705258506407423
FRUTDA1_,count,exact_values,0,9654,1096,8558,0.11352807126579656,0.036776022064089475
FRUTDA1_,count,exact_values,0.02,223,21,202,0.09417040358744394,0.0008494979200633886
FRUTDA1_,count,exact_values,0.03,2861,351,2510,0.12268437609227544,0.010898715467719079
FRUTDA1_,count,exact_values,0.07,4706,548,4158,0.11644708882277943,0.0179270726987368
FRUTDA1_,count,exact_values,0.1,4059,435,3624,0.10716925351071692,0.015462385908238988
FRUTDA1_,count,exact_values,0.13,3271,400,2871,0.12228676245796392,0.012460572630167461
FRUTDA1_,count,exact_values,0.14,7093,731,6362,0.1030593542929649,0.027020128910357016
FRUTDA1_,count,exact_values,0.17,5141,542,4599,0.10542695973546003,0.019584165054017402
FRUTDA1_,count,exact_values,0.2,1839,209,1630,0.11364872213159326,0.007005500784737989
FRUTDA1_,count,exact_values,0.23,1425,137,1288,0.09614035087719298,0.005428405991436451
FRUTDA1_,count,exact_values,0.27,1123,127,996,0.11308993766696349,0.004277964862023253
FRUTDA1_,count,exact_values,0.29,12363,1151,11212,0.09310038016662622,0.04709570755938867
FRUTDA1_,count,exact_values,0.3,126,16,110,0.12698412698412698,0.00047998537187438095
FRUTDA1_,count,exact_values,0.33,6761,649,6112,0.0959917172015974,0.025755405549545158
FRUTDA1_,count,exact_values,0.37,63,4,59,0.06349206349206349,0.00023999268593719047
FRUTDA1_,count,exact_values,0.4,1312,123,1189,0.09375,0.004997942919834824
FRUTDA1_,count,exact_values,0.43,15557,1365,14192,0.08774185254226394,0.05926295579563289
FRUTDA1_,count,exact_values,0.47,504,37,467,0.07341269841269842,0.0019199414874975238
FRUTDA1_,count,exact_values,0.5,7822,790,7032,0.10099718742009717,0.02979718713334451
FRUTDA1_,count,exact_values,0.53,228,19,209,0.08333333333333333,0.0008685449586298323
FRUTDA1_,count,exact_values,0.57,8782,742,8040,0.08449100432703256,0.033454218538101696
FRUTDA1_,count,exact_values,0.6,186,24,162,0.12903225806451613,0.0007085498346717053
FRUTDA1_,count,exact_values,0.63,16,1,15,0.0625,6.09505234126198e-05
FRUTDA1_,count,exact_values,0.67,8635,704,7931,0.08152866242038216,0.03289423560424825
FRUTDA1_,count,exact_values,0.7,212,20,192,0.09433962264150944,0.0008075944352172124
FRUTDA1_,count,exact_values,0.71,7441,519,6922,0.06974868969224567,0.028345802794581498
FRUTDA1_,count,exact_values,0.73,151,9,142,0.059602649006622516,0.0005752205647065994
FRUTDA1_,count,exact_values,0.77,61,2,59,0.03278688524590164,0.00023237387051061302
FRUTDA1_,count,exact_values,0.8,130,10,120,0.07692307692307693,0.0004952230027275359
FRUTDA1_,count,exact_values,0.83,3769,338,3431,0.08967895993632263,0.014357657671385252
FRUTDA1_,count,exact_values,0.86,1571,123,1448,0.07829408020369191,0.005984579517576607
FRUTDA1_,count,exact_values,0.87,101,8,93,0.07920792079207921,0.0003847501790421625
FRUTDA1_,count,exact_values,0.9,157,11,146,0.07006369426751592,0.0005980770109863319
FRUTDA1_,count,exact_values,0.93,545,41,504,0.07522935779816514,0.002076127203742362
FRUTDA1_,count,exact_values,0.97,90,6,84,0.06666666666666667,0.0003428466941959864
FRUTDA1_,count,exact_values,1,71644,6446,65198,0.08997264251018927,0.27292120621085836
FRUTDA1_,count,exact_values,1.03,74,9,65,0.12162162162162163,0.00028189617078336663
FRUTDA1_,count,exact_values,1.07,5,2,3,0.4,1.9047038566443688e-05
FRUTDA1_,count,exact_values,1.1,6,1,5,0.16666666666666666,2.2856446279732427e-05
FRUTDA1_,count,exact_values,1.13,3,0,3,0.0,1.1428223139866213e-05
FRUTDA1_,count,exact_values,1.14,145,14,131,0.09655172413793103,0.000552364118426867
FRUTDA1_,count,exact_values,1.17,44,1,43,0.022727272727272728,0.00016761393938470446
FRUTDA1_,count,exact_values,1.2,6,0,6,0.0,2.2856446279732427e-05
FRUTDA1_,count,exact_values,1.23,3,2,1,0.6666666666666666,1.1428223139866213e-05
FRUTDA1_,count,exact_values,1.27,2,1,1,0.5,7.618815426577475e-06
FRUTDA1_,count,exact_values,1.29,39,4,35,0.10256410256410256,0.00014856690081826076
FRUTDA1_,count,exact_values,1.33,197,16,181,0.08121827411167512,0.0007504533195178813
FRUTDA1_,count,exact_values,1.4,4,2,2,0.5,1.523763085315495e-05
FRUTDA1_,count,exact_values,1.43,497,43,454,0.08651911468812877,0.0018932756335045028
FRUTDA1_,count,exact_values,1.47,1,0,1,0.0,3.8094077132887377e-06
FRUTDA1_,count,exact_values,1.5,140,7,133,0.05,0.0005333170798604233
FRUTDA1_,count,exact_values,1.53,1,0,1,0.0,3.8094077132887377e-06
FRUTDA1_,count,exact_values,1.57,8,1,7,0.125,3.04752617063099e-05
FRUTDA1_,count,exact_values,1.6,1,0,1,0.0,3.8094077132887377e-06
FRUTDA1_,count,exact_values,1.67,120,10,110,0.08333333333333333,0.00045712892559464857
FRUTDA1_,count,exact_values,1.7,1,0,1,0.0,3.8094077132887377e-06
FRUTDA1_,count,exact_values,1.71,83,8,75,0.0963855421686747,0.00031618084020296525
FRUTDA1_,count,exact_values,1.73,4,0,4,0.0,1.523763085315495e-05
FRUTDA1_,count,exact_values,1.83,3,0,3,0.0,1.1428223139866213e-05
FRUTDA1_,count,exact_values,1.86,6,0,6,0.0,2.2856446279732427e-05
FRUTDA1_,count,exact_values,1.87,2,1,1,0.5,7.618815426577475e-06
FRUTDA1_,count,exact_values,1.93,1,0,1,0.0,3.8094077132887377e-06
FRUTDA1_,count,exact_values,2,32955,2325,30630,0.07055075102412381,0.12553903119143037
FRUTDA1_,count,exact_values,2.03,1,0,1,0.0,3.8094077132887377e-06
FRUTDA1_,count,exact_values,2.07,2,0,2,0.0,7.618815426577475e-06
FRUTDA1_,count,exact_values,2.13,1,0,1,0.0,3.8094077132887377e-06
FRUTDA1_,count,exact_values,2.14,109,7,102,0.06422018348623854,0.0004152254407484724
FRUTDA1_,count,exact_values,2.17,3,0,3,0.0,1.1428223139866213e-05
FRUTDA1_,count,exact_values,2.23,1,0,1,0.0,3.8094077132887377e-06
FRUTDA1_,count,exact_values,2.29,2,0,2,0.0,7.618815426577475e-06
FRUTDA1_,count,exact_values,2.33,14,2,12,0.14285714285714285,5.333170798604233e-05
FRUTDA1_,count,exact_values,2.43,1,0,1,0.0,3.8094077132887377e-06
FRUTDA1_,count,exact_values,2.5,42,3,39,0.07142857142857142,0.00015999512395812698
FRUTDA1_,count,exact_values,2.53,3,0,3,0.0,1.1428223139866213e-05
FRUTDA1_,count,exact_values,2.57,5,0,5,0.0,1.9047038566443688e-05
FRUTDA1_,count,exact_values,2.63,1,0,1,0.0,3.8094077132887377e-06
FRUTDA1_,count,exact_values,2.67,7,0,7,0.0,2.6665853993021166e-05
FRUTDA1_,count,exact_values,2.71,1,0,1,0.0,3.8094077132887377e-06
FRUTDA1_,count,exact_values,2.86,82,6,76,0.07317073170731707,0.0003123714324896765
FRUTDA1_,count,exact_values,2.87,1,0,1,0.0,3.8094077132887377e-06
FRUTDA1_,count,exact_values,3,12136,801,11335,0.06600197758734344,0.04623097200847212
FRUTDA1_,count,exact_values,3.17,1,0,1,0.0,3.8094077132887377e-06
FRUTDA1_,count,exact_values,3.29,2,1,1,0.5,7.618815426577475e-06
FRUTDA1_,count,exact_values,3.3,31,1,30,0.03225806451612903,0.00011809163911195088
FRUTDA1_,count,exact_values,3.43,3,0,3,0.0,1.1428223139866213e-05
FRUTDA1_,count,exact_values,3.57,26,4,22,0.15384615384615385,9.904460054550719e-05
FRUTDA1_,count,exact_values,4,2576,148,2428,0.05745341614906832,0.00981303426943179
FRUTDA1_,count,exact_values,4.29,38,1,37,0.02631578947368421,0.00014475749310497203
FRUTDA1_,count,exact_values,4.43,1,0,1,0.0,3.8094077132887377e-06
FRUTDA1_,count,exact_values,4.57,1,0,1,0.0,3.8094077132887377e-06
FRUTDA1_,count,exact_values,4.71,1,0,1,0.0,3.8094077132887377e-06
FRUTDA1_,count,exact_values,5,1348,94,1254,0.06973293768545995,0.005135081597513218
FRUTDA1_,count,exact_values,6,215,16,199,0.07441860465116279,0.0008190226583570787
FRUTDA1_,count,exact_values,7,116,9,107,0.07758620689655173,0.0004418912947414936
FRUTDA1_,count,exact_values,7.14,1,0,1,0.0,3.8094077132887377e-06
FRUTDA1_,count,exact_values,8,37,4,33,0.10810810810810811,0.00014094808539168331
FRUTDA1_,count,exact_values,8.57,1,0,1,0.0,3.8094077132887377e-06
FRUTDA1_,count,exact_values,9,9,1,8,0.1111111111111111,3.4284669419598644e-05
FRUTDA1_,count,exact_values,10,36,6,30,0.16666666666666666,0.00013713867767839458
FRUTDA1_,count,exact_values,11,1,1,0,1.0,3.8094077132887377e-06
FRUTDA1_,count,exact_values,12,6,1,5,0.16666666666666666,2.2856446279732427e-05
FRUTDA1_,count,exact_values,13,1,0,1,0.0,3.8094077132887377e-06
FRUTDA1_,count,exact_values,14,2,0,2,0.0,7.618815426577475e-06
FRUTDA1_,count,exact_values,15,10,0,10,0.0,3.8094077132887376e-05
FRUTDA1_,count,exact_values,20,6,1,5,0.16666666666666666,2.2856446279732427e-05
FRUTDA1_,count,exact_values,22,1,0,1,0.0,3.8094077132887377e-06
FRUTDA1_,count,exact_values,25,3,0,3,0.0,1.1428223139866213e-05
FRUTDA1_,count,exact_values,26,1,0,1,0.0,3.8094077132887377e-06
FRUTDA1_,count,exact_values,30,6,0,6,0.0,2.2856446279732427e-05
FRUTDA1_,count,exact_values,40,1,0,1,0.0,3.8094077132887377e-06
FRUTDA1_,count,exact_values,42,1,0,1,0.0,3.8094077132887377e-06
FRUTDA1_,count,exact_values,50,2,0,2,0.0,7.618815426577475e-06
FRUTDA1_,count,exact_values,60,1,0,1,0.0,3.8094077132887377e-06
FRUTDA1_,count,exact_values,72,1,0,1,0.0,3.8094077132887377e-06
FRUTDA1_,count,exact_values,75,2,0,2,0.0,7.618815426577475e-06
FRUTDA1_,count,exact_values,99,7,1,6,0.14285714285714285,2.6665853993021166e-05
FRUTDA1_,count,exact_values,<MISSING>,21628,1870,19758,0.086461993711855,0.08238987002300882
BEANDAY_,count,exact_values,0,40887,4059,36828,0.09927360774818401,0.15575525317323663
BEANDAY_,count,exact_values,0.02,1030,97,933,0.0941747572815534,0.0039236899446874
BEANDAY_,count,exact_values,0.03,12770,1233,11537,0.09655442443226311,0.04864613649869718
BEANDAY_,count,exact_values,0.07,19624,1829,17795,0.09320220138605789,0.07475581696557819
BEANDAY_,count,exact_values,0.1,12629,1179,11450,0.09335656029772746,0.04810901001112347
BEANDAY_,count,exact_values,0.13,10427,948,9479,0.09091780953294332,0.03972069422646167
BEANDAY_,count,exact_values,0.14,25371,2110,23261,0.08316581924244215,0.09664848309384858
BEANDAY_,count,exact_values,0.17,12717,999,11718,0.07855626326963906,0.04844423788989288
BEANDAY_,count,exact_values,0.2,4176,392,3784,0.09386973180076628,0.015908086610693768
BEANDAY_,count,exact_values,0.23,2675,208,2467,0.0777570093457944,0.010190165633047374
BEANDAY_,count,exact_values,0.27,2466,204,2262,0.0827250608272506,0.009393999420970028
BEANDAY_,count,exact_values,0.29,24398,1986,22412,0.0814001147635052,0.09294192938881862
BEANDAY_,count,exact_values,0.3,217,20,197,0.09216589861751152,0.0008266414737836561
BEANDAY_,count,exact_values,0.33,10484,829,9655,0.07907287294925601,0.03993783046611913
BEANDAY_,count,exact_values,0.37,42,0,42,0.0,0.00015999512395812698
BEANDAY_,count,exact_values,0.4,1635,131,1504,0.0801223241590214,0.006228381611227086
BEANDAY_,count,exact_values,0.43,17296,1360,15936,0.0786308973172988,0.06588751580904201
BEANDAY_,count,exact_values,0.47,447,41,406,0.09172259507829977,0.001702805247840066
BEANDAY_,count,exact_values,0.5,7036,650,6386,0.0923820352472996,0.02680299267069956
BEANDAY_,count,exact_values,0.53,148,11,137,0.07432432432432433,0.0005637923415667333
BEANDAY_,count,exact_values,0.57,6437,493,5944,0.07658847289109834,0.024521157450439604
BEANDAY_,count,exact_values,0.6,158,16,142,0.10126582278481013,0.0006018864186996206
BEANDAY_,count,exact_values,0.63,11,0,11,0.0,4.1903484846176115e-05
BEANDAY_,count,exact_values,0.67,4385,400,3985,0.09122006841505131,0.016704252822771114
BEANDAY_,count,exact_values,0.7,94,5,89,0.05319148936170213,0.00035808432504914135
BEANDAY_,count,exact_values,0.71,3378,245,3133,0.07252812314979278,0.012868179255489356
BEANDAY_,count,exact_values,0.73,42,3,39,0.07142857142857142,0.00015999512395812698
BEANDAY_,count,exact_values,0.77,15,0,15,0.0,5.714111569933107e-05
BEANDAY_,count,exact_values,0.8,29,3,26,0.10344827586206896,0.0001104728236853734
BEANDAY_,count,exact_values,0.83,933,79,854,0.08467309753483387,0.0035541773964983922
BEANDAY_,count,exact_values,0.86,542,48,494,0.08856088560885608,0.002064698980602496
BEANDAY_,count,exact_values,0.87,22,0,22,0.0,8.380696969235223e-05
BEANDAY_,count,exact_values,0.9,31,3,28,0.0967741935483871,0.00011809163911195088
BEANDAY_,count,exact_values,0.93,99,9,90,0.09090909090909091,0.0003771313636155851
BEANDAY_,count,exact_values,0.97,10,0,10,0.0,3.8094077132887376e-05
BEANDAY_,count,exact_values,1,12592,1151,11441,0.09140724269377383,0.04796806192573179
BEANDAY_,count,exact_values,1.03,7,0,7,0.0,2.6665853993021166e-05
BEANDAY_,count,exact_values,1.07,2,1,1,0.5,7.618815426577475e-06
BEANDAY_,count,exact_values,1.1,4,0,4,0.0,1.523763085315495e-05
BEANDAY_,count,exact_values,1.14,45,6,39,0.13333333333333333,0.0001714233470979932
BEANDAY_,count,exact_values,1.17,7,1,6,0.14285714285714285,2.6665853993021166e-05
BEANDAY_,count,exact_values,1.2,3,0,3,0.0,1.1428223139866213e-05
BEANDAY_,count,exact_values,1.23,1,0,1,0.0,3.8094077132887377e-06
BEANDAY_,count,exact_values,1.29,13,0,13,0.0,4.952230027275359e-05
BEANDAY_,count,exact_values,1.3,1,0,1,0.0,3.8094077132887377e-06
BEANDAY_,count,exact_values,1.33,47,6,41,0.1276595744680851,0.00017904216252457068
BEANDAY_,count,exact_values,1.37,1,0,1,0.0,3.8094077132887377e-06
BEANDAY_,count,exact_values,1.4,1,0,1,0.0,3.8094077132887377e-06
BEANDAY_,count,exact_values,1.43,121,11,110,0.09090909090909091,0.0004609383333079373
BEANDAY_,count,exact_values,1.5,21,2,19,0.09523809523809523,7.999756197906349e-05
BEANDAY_,count,exact_values,1.67,26,1,25,0.038461538461538464,9.904460054550719e-05
BEANDAY_,count,exact_values,1.71,21,3,18,0.14285714285714285,7.999756197906349e-05
BEANDAY_,count,exact_values,1.77,2,0,2,0.0,7.618815426577475e-06
BEANDAY_,count,exact_values,1.8,1,0,1,0.0,3.8094077132887377e-06
BEANDAY_,count,exact_values,1.83,1,0,1,0.0,3.8094077132887377e-06
BEANDAY_,count,exact_values,1.86,6,1,5,0.16666666666666666,2.2856446279732427e-05
BEANDAY_,count,exact_values,1.87,1,0,1,0.0,3.8094077132887377e-06
BEANDAY_,count,exact_values,1.93,1,0,1,0.0,3.8094077132887377e-06
BEANDAY_,count,exact_values,2,2294,186,2108,0.08108108108108109,0.008738781294284365
BEANDAY_,count,exact_values,2.14,35,3,32,0.08571428571428572,0.00013332926996510584
BEANDAY_,count,exact_values,2.17,1,0,1,0.0,3.8094077132887377e-06
BEANDAY_,count,exact_values,2.3,1,0,1,0.0,3.8094077132887377e-06
BEANDAY_,count,exact_values,2.33,2,0,2,0.0,7.618815426577475e-06
BEANDAY_,count,exact_values,2.4,1,0,1,0.0,3.8094077132887377e-06
BEANDAY_,count,exact_values,2.43,2,0,2,0.0,7.618815426577475e-06
BEANDAY_,count,exact_values,2.47,1,0,1,0.0,3.8094077132887377e-06
BEANDAY_,count,exact_values,2.5,4,0,4,0.0,1.523763085315495e-05
BEANDAY_,count,exact_values,2.57,2,0,2,0.0,7.618815426577475e-06
BEANDAY_,count,exact_values,2.86,26,1,25,0.038461538461538464,9.904460054550719e-05
BEANDAY_,count,exact_values,2.9,1,0,1,0.0,3.8094077132887377e-06
BEANDAY_,count,exact_values,2.93,1,0,1,0.0,3.8094077132887377e-06
BEANDAY_,count,exact_values,3,601,53,548,0.08818635607321132,0.0022894540356865316
BEANDAY_,count,exact_values,3.07,1,0,1,0.0,3.8094077132887377e-06
BEANDAY_,count,exact_values,3.14,1,1,0,1.0,3.8094077132887377e-06
BEANDAY_,count,exact_values,3.29,4,0,4,0.0,1.523763085315495e-05
BEANDAY_,count,exact_values,3.3,6,1,5,0.16666666666666666,2.2856446279732427e-05
BEANDAY_,count,exact_values,3.57,7,0,7,0.0,2.6665853993021166e-05
BEANDAY_,count,exact_values,4,163,17,146,0.10429447852760736,0.0006209334572660643
BEANDAY_,count,exact_values,4.29,6,0,6,0.0,2.2856446279732427e-05
BEANDAY_,count,exact_values,4.43,1,0,1,0.0,3.8094077132887377e-06
BEANDAY_,count,exact_values,5,118,7,111,0.059322033898305086,0.0004495101101680711
BEANDAY_,count,exact_values,6,14,2,12,0.14285714285714285,5.333170798604233e-05
BEANDAY_,count,exact_values,7,10,0,10,0.0,3.8094077132887376e-05
BEANDAY_,count,exact_values,8,5,1,4,0.2,1.9047038566443688e-05
BEANDAY_,count,exact_values,10,2,0,2,0.0,7.618815426577475e-06
BEANDAY_,count,exact_values,14,1,0,1,0.0,3.8094077132887377e-06
BEANDAY_,count,exact_values,15,5,2,3,0.4,1.9047038566443688e-05
BEANDAY_,count,exact_values,16,1,0,1,0.0,3.8094077132887377e-06
BEANDAY_,count,exact_values,20,1,0,1,0.0,3.8094077132887377e-06
BEANDAY_,count,exact_values,25,1,0,1,0.0,3.8094077132887377e-06
BEANDAY_,count,exact_values,50,1,0,1,0.0,3.8094077132887377e-06
BEANDAY_,count,exact_values,99,2,0,2,0.0,7.618815426577475e-06
BEANDAY_,count,exact_values,<MISSING>,23600,2133,21467,0.0903813559322034,0.0899020220336142
GRENDAY_,count,exact_values,0,18583,2486,16097,0.13377818436205133,0.07079022353604461
GRENDAY_,count,exact_values,0.02,590,83,507,0.14067796610169492,0.002247550550840355
GRENDAY_,count,exact_values,0.03,4986,637,4349,0.1277577216205375,0.018993706858457648
GRENDAY_,count,exact_values,0.07,8090,922,7168,0.11396786155747837,0.03081810840050589
GRENDAY_,count,exact_values,0.1,6180,693,5487,0.11213592233009709,0.0235421396681244
GRENDAY_,count,exact_values,0.13,5871,670,5201,0.114120252086527,0.02236503268471818
GRENDAY_,count,exact_values,0.14,15841,1560,14281,0.09847863139953286,0.0603448275862069
GRENDAY_,count,exact_values,0.17,7391,753,6638,0.10188066567446895,0.02815533240891706
GRENDAY_,count,exact_values,0.2,2872,325,2547,0.11316155988857939,0.010940618952565255
GRENDAY_,count,exact_values,0.23,1975,167,1808,0.08455696202531646,0.007523580233745257
GRENDAY_,count,exact_values,0.27,2327,217,2110,0.09325311559948432,0.008864491748822893
GRENDAY_,count,exact_values,0.29,21369,1891,19478,0.08849267630679956,0.08140323342526704
GRENDAY_,count,exact_values,0.3,237,24,213,0.10126582278481013,0.0009028296280494309
GRENDAY_,count,exact_values,0.33,9929,899,9030,0.09054285426528351,0.03782360918524388
GRENDAY_,count,exact_values,0.37,62,5,57,0.08064516129032258,0.00023618327822390176
GRENDAY_,count,exact_values,0.4,2203,190,2013,0.08624602814344076,0.00839212519237509
GRENDAY_,count,exact_values,0.43,22797,1903,20894,0.08347589595122165,0.08684306763984335
GRENDAY_,count,exact_values,0.47,592,46,546,0.0777027027027027,0.002255169366266933
GRENDAY_,count,exact_values,0.5,10166,870,9296,0.08557938225457407,0.03872643881329331
GRENDAY_,count,exact_values,0.53,308,26,282,0.08441558441558442,0.0011732975756929313
GRENDAY_,count,exact_values,0.57,13147,937,12210,0.07127101239826576,0.050082283206607035
GRENDAY_,count,exact_values,0.6,315,20,295,0.06349206349206349,0.0011999634296859525
GRENDAY_,count,exact_values,0.63,23,4,19,0.17391304347826086,8.761637740564097e-05
GRENDAY_,count,exact_values,0.67,10944,831,10113,0.07593201754385964,0.04169015801423195
GRENDAY_,count,exact_values,0.7,252,9,243,0.03571428571428571,0.0009599707437487619
GRENDAY_,count,exact_values,0.71,9727,561,9166,0.05767451423871697,0.03705410882715955
GRENDAY_,count,exact_values,0.73,208,16,192,0.07692307692307693,0.0007923568043640575
GRENDAY_,count,exact_values,0.77,93,6,87,0.06451612903225806,0.00035427491733585264
GRENDAY_,count,exact_values,0.8,175,18,157,0.10285714285714286,0.0006666463498255291
GRENDAY_,count,exact_values,0.83,4557,335,4222,0.07351327627825324,0.01735947094945678
GRENDAY_,count,exact_values,0.86,2182,126,2056,0.05774518790100825,0.008312127630396026
GRENDAY_,count,exact_values,0.87,122,8,114,0.06557377049180328,0.00046474774102122604
GRENDAY_,count,exact_values,0.9,141,11,130,0.07801418439716312,0.0005371264875737121
GRENDAY_,count,exact_values,0.93,515,22,493,0.04271844660194175,0.0019618449723437
GRENDAY_,count,exact_values,0.97,86,4,82,0.046511627906976744,0.00032760906334283144
GRENDAY_,count,exact_values,1,40498,3064,37434,0.07565805718800929,0.15427339357276731
GRENDAY_,count,exact_values,1.03,33,5,28,0.15151515151515152,0.00012571045453852836
GRENDAY_,count,exact_values,1.07,4,0,4,0.0,1.523763085315495e-05
GRENDAY_,count,exact_values,1.1,2,0,2,0.0,7.618815426577475e-06
GRENDAY_,count,exact_values,1.13,2,0,2,0.0,7.618815426577475e-06
GRENDAY_,count,exact_values,1.14,131,12,119,0.0916030534351145,0.0004990324104408246
GRENDAY_,count,exact_values,1.17,51,1,50,0.0196078431372549,0.00019427979337772563
GRENDAY_,count,exact_values,1.2,4,2,2,0.5,1.523763085315495e-05
GRENDAY_,count,exact_values,1.27,2,0,2,0.0,7.618815426577475e-06
GRENDAY_,count,exact_values,1.29,27,0,27,0.0,0.00010285400825879592
GRENDAY_,count,exact_values,1.3,1,0,1,0.0,3.8094077132887377e-06
GRENDAY_,count,exact_values,1.33,187,8,179,0.0427807486631016,0.000712359242384994
GRENDAY_,count,exact_values,1.43,285,20,265,0.07017543859649122,0.0010856811982872902
GRENDAY_,count,exact_values,1.5,134,3,131,0.022388059701492536,0.0005104606335806909
GRENDAY_,count,exact_values,1.53,1,0,1,0.0,3.8094077132887377e-06
GRENDAY_,count,exact_values,1.57,12,1,11,0.08333333333333333,4.5712892559464854e-05
GRENDAY_,count,exact_values,1.67,102,10,92,0.09803921568627451,0.00038855958675545126
GRENDAY_,count,exact_values,1.71,63,4,59,0.06349206349206349,0.00023999268593719047
GRENDAY_,count,exact_values,1.77,1,0,1,0.0,3.8094077132887377e-06
GRENDAY_,count,exact_values,1.8,1,0,1,0.0,3.8094077132887377e-06
GRENDAY_,count,exact_values,1.83,8,0,8,0.0,3.04752617063099e-05
GRENDAY_,count,exact_values,1.86,3,0,3,0.0,1.1428223139866213e-05
GRENDAY_,count,exact_values,2,10516,647,9869,0.06152529478889312,0.04005973151294437
GRENDAY_,count,exact_values,2.03,1,0,1,0.0,3.8094077132887377e-06
GRENDAY_,count,exact_values,2.14,56,7,49,0.125,0.00021332683194416933
GRENDAY_,count,exact_values,2.17,2,1,1,0.5,7.618815426577475e-06
GRENDAY_,count,exact_values,2.23,1,0,1,0.0,3.8094077132887377e-06
GRENDAY_,count,exact_values,2.29,3,0,3,0.0,1.1428223139866213e-05
GRENDAY_,count,exact_values,2.33,5,0,5,0.0,1.9047038566443688e-05
GRENDAY_,count,exact_values,2.5,19,2,17,0.10526315789473684,7.237874655248601e-05
GRENDAY_,count,exact_values,2.57,3,1,2,0.3333333333333333,1.1428223139866213e-05
GRENDAY_,count,exact_values,2.67,5,0,5,0.0,1.9047038566443688e-05
GRENDAY_,count,exact_values,2.83,1,0,1,0.0,3.8094077132887377e-06
GRENDAY_,count,exact_values,2.86,45,1,44,0.022222222222222223,0.0001714233470979932
GRENDAY_,count,exact_values,3,2042,112,1930,0.05484818805093046,0.007778810550535603
GRENDAY_,count,exact_values,3.07,1,0,1,0.0,3.8094077132887377e-06
GRENDAY_,count,exact_values,3.14,2,0,2,0.0,7.618815426577475e-06
GRENDAY_,count,exact_values,3.2,1,0,1,0.0,3.8094077132887377e-06
GRENDAY_,count,exact_values,3.29,2,0,2,0.0,7.618815426577475e-06
GRENDAY_,count,exact_values,3.3,14,2,12,0.14285714285714285,5.333170798604233e-05
GRENDAY_,count,exact_values,3.43,1,0,1,0.0,3.8094077132887377e-06
GRENDAY_,count,exact_values,3.57,11,0,11,0.0,4.1903484846176115e-05
GRENDAY_,count,exact_values,3.86,1,0,1,0.0,3.8094077132887377e-06
GRENDAY_,count,exact_values,4,464,20,444,0.04310344827586207,0.0017675651789659744
GRENDAY_,count,exact_values,4.29,20,3,17,0.15,7.618815426577475e-05
GRENDAY_,count,exact_values,4.43,1,0,1,0.0,3.8094077132887377e-06
GRENDAY_,count,exact_values,4.57,1,0,1,0.0,3.8094077132887377e-06
GRENDAY_,count,exact_values,4.71,4,0,4,0.0,1.523763085315495e-05
GRENDAY_,count,exact_values,5,321,24,297,0.07476635514018691,0.001222819875965685
GRENDAY_,count,exact_values,5.14,3,1,2,0.3333333333333333,1.1428223139866213e-05
GRENDAY_,count,exact_values,6,35,2,33,0.05714285714285714,0.00013332926996510584
GRENDAY_,count,exact_values,7,47,5,42,0.10638297872340426,0.00017904216252457068
GRENDAY_,count,exact_values,8,9,0,9,0.0,3.4284669419598644e-05
GRENDAY_,count,exact_values,9,2,0,2,0.0,7.618815426577475e-06
GRENDAY_,count,exact_values,10,7,0,7,0.0,2.6665853993021166e-05
GRENDAY_,count,exact_values,11,3,1,2,0.3333333333333333,1.1428223139866213e-05
GRENDAY_,count,exact_values,12,2,0,2,0.0,7.618815426577475e-06
GRENDAY_,count,exact_values,15,2,0,2,0.0,7.618815426577475e-06
GRENDAY_,count,exact_values,20,2,0,2,0.0,7.618815426577475e-06
GRENDAY_,count,exact_values,30,4,1,3,0.25,1.523763085315495e-05
GRENDAY_,count,exact_values,31,1,0,1,0.0,3.8094077132887377e-06
GRENDAY_,count,exact_values,75,1,0,1,0.0,3.8094077132887377e-06
GRENDAY_,count,exact_values,99,2,0,2,0.0,7.618815426577475e-06
GRENDAY_,count,exact_values,<MISSING>,22437,1945,20492,0.08668716851629006,0.08547168086305941
ORNGDAY_,count,exact_values,0,35362,3376,31986,0.09546971325151292,0.13470827555731635
ORNGDAY_,count,exact_values,0.02,970,102,868,0.10515463917525773,0.0036951254818900756
ORNGDAY_,count,exact_values,0.03,12650,1298,11352,0.10260869565217391,0.04818900757310254
ORNGDAY_,count,exact_values,0.07,18632,1787,16845,0.09591026191498497,0.07097688451399577
ORNGDAY_,count,exact_values,0.1,10957,1118,9839,0.10203522862097289,0.0417396803145047
ORNGDAY_,count,exact_values,0.13,8894,920,7974,0.10344052170002249,0.033880872201990035
ORNGDAY_,count,exact_values,0.14,29916,2498,27418,0.08350046797700228,0.11396224115074588
ORNGDAY_,count,exact_values,0.17,13457,1122,12335,0.08337668128111764,0.051263199597726544
ORNGDAY_,count,exact_values,0.2,3588,378,3210,0.10535117056856187,0.013668154875279991
ORNGDAY_,count,exact_values,0.23,2329,202,2127,0.08673250322026621,0.00887211056424947
ORNGDAY_,count,exact_values,0.27,2395,201,2194,0.08392484342379958,0.009123531473326528
ORNGDAY_,count,exact_values,0.29,25209,2027,23182,0.08040779086834067,0.09603135904429579
ORNGDAY_,count,exact_values,0.3,187,21,166,0.11229946524064172,0.000712359242384994
ORNGDAY_,count,exact_values,0.33,11657,958,10699,0.08218237968602557,0.04440626571380682
ORNGDAY_,count,exact_values,0.37,62,7,55,0.11290322580645161,0.00023618327822390176
ORNGDAY_,count,exact_values,0.4,1474,130,1344,0.08819538670284939,0.0056150669693876
ORNGDAY_,count,exact_values,0.43,17160,1403,15757,0.08175990675990676,0.06536943636003474
ORNGDAY_,count,exact_values,0.47,422,35,387,0.08293838862559241,0.0016075700550078475
ORNGDAY_,count,exact_values,0.5,7543,656,6887,0.08696804984754077,0.02873436238133695
ORNGDAY_,count,exact_values,0.53,137,9,128,0.06569343065693431,0.0005218888567205571
ORNGDAY_,count,exact_values,0.57,6605,534,6071,0.08084784254352763,0.025161137946272113
ORNGDAY_,count,exact_values,0.6,152,15,137,0.09868421052631579,0.0005790299724198881
ORNGDAY_,count,exact_values,0.63,9,0,9,0.0,3.4284669419598644e-05
ORNGDAY_,count,exact_values,0.67,4540,372,4168,0.08193832599118943,0.01729471101833087
ORNGDAY_,count,exact_values,0.7,92,8,84,0.08695652173913043,0.0003504655096225639
ORNGDAY_,count,exact_values,0.71,3719,236,3483,0.0634579187953751,0.014167187285720816
ORNGDAY_,count,exact_values,0.73,56,3,53,0.05357142857142857,0.00021332683194416933
ORNGDAY_,count,exact_values,0.77,22,2,20,0.09090909090909091,8.380696969235223e-05
ORNGDAY_,count,exact_values,0.8,50,5,45,0.1,0.0001904703856644369
ORNGDAY_,count,exact_values,0.83,1134,105,1029,0.09259259259259259,0.004319868346869429
ORNGDAY_,count,exact_values,0.86,597,53,544,0.08877721943048576,0.0022742164048333764
ORNGDAY_,count,exact_values,0.87,17,1,16,0.058823529411764705,6.475993112590855e-05
ORNGDAY_,count,exact_values,0.9,29,1,28,0.034482758620689655,0.0001104728236853734
ORNGDAY_,count,exact_values,0.93,115,12,103,0.10434782608695652,0.00043808188702820484
ORNGDAY_,count,exact_values,0.97,19,0,19,0.0,7.237874655248601e-05
ORNGDAY_,count,exact_values,1,15637,1308,14329,0.08364775852145552,0.05956770841269599
ORNGDAY_,count,exact_values,1.03,9,1,8,0.1111111111111111,3.4284669419598644e-05
ORNGDAY_,count,exact_values,1.07,6,2,4,0.3333333333333333,2.2856446279732427e-05
ORNGDAY_,count,exact_values,1.1,4,1,3,0.25,1.523763085315495e-05
ORNGDAY_,count,exact_values,1.13,2,1,1,0.5,7.618815426577475e-06
ORNGDAY_,count,exact_values,1.14,66,12,54,0.18181818181818182,0.0002514209090770567
ORNGDAY_,count,exact_values,1.17,8,2,6,0.25,3.04752617063099e-05
ORNGDAY_,count,exact_values,1.2,2,1,1,0.5,7.618815426577475e-06
ORNGDAY_,count,exact_values,1.27,1,0,1,0.0,3.8094077132887377e-06
ORNGDAY_,count,exact_values,1.29,6,1,5,0.16666666666666666,2.2856446279732427e-05
ORNGDAY_,count,exact_values,1.33,35,4,31,0.11428571428571428,0.00013332926996510584
ORNGDAY_,count,exact_values,1.43,109,2,107,0.01834862385321101,0.0004152254407484724
ORNGDAY_,count,exact_values,1.5,21,1,20,0.047619047619047616,7.999756197906349e-05
ORNGDAY_,count,exact_values,1.53,1,0,1,0.0,3.8094077132887377e-06
ORNGDAY_,count,exact_values,1.57,3,0,3,0.0,1.1428223139866213e-05
ORNGDAY_,count,exact_values,1.6,1,0,1,0.0,3.8094077132887377e-06
ORNGDAY_,count,exact_values,1.67,25,2,23,0.08,9.523519283221845e-05
ORNGDAY_,count,exact_values,1.71,17,0,17,0.0,6.475993112590855e-05
ORNGDAY_,count,exact_values,1.83,1,0,1,0.0,3.8094077132887377e-06
ORNGDAY_,count,exact_values,1.86,2,0,2,0.0,7.618815426577475e-06
ORNGDAY_,count,exact_values,1.87,1,0,1,0.0,3.8094077132887377e-06
ORNGDAY_,count,exact_values,2,2174,190,1984,0.08739650413983441,0.008281652368689716
ORNGDAY_,count,exact_values,2.03,1,0,1,0.0,3.8094077132887377e-06
ORNGDAY_,count,exact_values,2.14,27,1,26,0.037037037037037035,0.00010285400825879592
ORNGDAY_,count,exact_values,2.17,1,1,0,1.0,3.8094077132887377e-06
ORNGDAY_,count,exact_values,2.29,1,1,0,1.0,3.8094077132887377e-06
ORNGDAY_,count,exact_values,2.33,2,0,2,0.0,7.618815426577475e-06
ORNGDAY_,count,exact_values,2.43,1,0,1,0.0,3.8094077132887377e-06
ORNGDAY_,count,exact_values,2.5,3,0,3,0.0,1.1428223139866213e-05
ORNGDAY_,count,exact_values,2.86,22,3,19,0.13636363636363635,8.380696969235223e-05
ORNGDAY_,count,exact_values,3,556,42,514,0.07553956834532374,0.002118030688588538
ORNGDAY_,count,exact_values,3.13,1,1,0,1.0,3.8094077132887377e-06
ORNGDAY_,count,exact_values,3.14,4,1,3,0.25,1.523763085315495e-05
ORNGDAY_,count,exact_values,3.23,1,0,1,0.0,3.8094077132887377e-06
ORNGDAY_,count,exact_values,3.29,1,0,1,0.0,3.8094077132887377e-06
ORNGDAY_,count,exact_values,3.3,4,0,4,0.0,1.523763085315495e-05
ORNGDAY_,count,exact_values,3.57,1,0,1,0.0,3.8094077132887377e-06
ORNGDAY_,count,exact_values,3.86,1,0,1,0.0,3.8094077132887377e-06
ORNGDAY_,count,exact_values,4,137,11,126,0.08029197080291971,0.0005218888567205571
ORNGDAY_,count,exact_values,4.29,12,2,10,0.16666666666666666,4.5712892559464854e-05
ORNGDAY_,count,exact_values,4.43,2,0,2,0.0,7.618815426577475e-06
ORNGDAY_,count,exact_values,4.57,1,0,1,0.0,3.8094077132887377e-06
ORNGDAY_,count,exact_values,4.71,2,1,1,0.5,7.618815426577475e-06
ORNGDAY_,count,exact_values,5,115,11,104,0.09565217391304348,0.00043808188702820484
ORNGDAY_,count,exact_values,6,15,2,13,0.13333333333333333,5.714111569933107e-05
ORNGDAY_,count,exact_values,6.71,1,0,1,0.0,3.8094077132887377e-06
ORNGDAY_,count,exact_values,7,7,0,7,0.0,2.6665853993021166e-05
ORNGDAY_,count,exact_values,8,2,0,2,0.0,7.618815426577475e-06
ORNGDAY_,count,exact_values,10,4,1,3,0.25,1.523763085315495e-05
ORNGDAY_,count,exact_values,12,1,0,1,0.0,3.8094077132887377e-06
ORNGDAY_,count,exact_values,15,3,0,3,0.0,1.1428223139866213e-05
ORNGDAY_,count,exact_values,25,2,0,2,0.0,7.618815426577475e-06
ORNGDAY_,count,exact_values,30,2,0,2,0.0,7.618815426577475e-06
ORNGDAY_,count,exact_values,31,1,0,1,0.0,3.8094077132887377e-06
ORNGDAY_,count,exact_values,99,1,0,1,0.0,3.8094077132887377e-06
ORNGDAY_,count,exact_values,<MISSING>,23285,1979,21306,0.08499033712690574,0.08870205860392825
VEGEDA1_,count,exact_values,0,4354,430,3924,0.09875976113918236,0.016586161183659166
VEGEDA1_,count,exact_values,0.02,95,9,86,0.09473684210526316,0.0003618937327624301
VEGEDA1_,count,exact_values,0.03,1899,205,1694,0.10795155344918378,0.007234065247535313
VEGEDA1_,count,exact_values,0.07,3401,369,3032,0.10849750073507791,0.012955795632894998
VEGEDA1_,count,exact_values,0.1,3142,327,2815,0.10407383831954169,0.011969159035153214
VEGEDA1_,count,exact_values,0.13,3417,396,3021,0.11589113257243196,0.013016746156307617
VEGEDA1_,count,exact_values,0.14,8995,809,8186,0.08993885491939967,0.034265622381032194
VEGEDA1_,count,exact_values,0.17,4574,426,4148,0.09313511149978138,0.017424230880582686
VEGEDA1_,count,exact_values,0.2,2151,244,1907,0.11343561134356113,0.008194035991284074
VEGEDA1_,count,exact_values,0.23,1376,130,1246,0.09447674418604651,0.005241745013485303
VEGEDA1_,count,exact_values,0.27,1868,194,1674,0.10385438972162742,0.007115973608423362
VEGEDA1_,count,exact_values,0.29,15602,1286,14316,0.08242533008588643,0.059434379142730885
VEGEDA1_,count,exact_values,0.3,215,15,200,0.06976744186046512,0.0008190226583570787
VEGEDA1_,count,exact_values,0.33,8720,790,7930,0.09059633027522936,0.03321803525987779
VEGEDA1_,count,exact_values,0.37,86,8,78,0.09302325581395349,0.00032760906334283144
VEGEDA1_,count,exact_values,0.4,2099,204,1895,0.09718913768461172,0.00799594679019306
VEGEDA1_,count,exact_values,0.43,19441,1692,17749,0.08703256005349519,0.07405869535404636
VEGEDA1_,count,exact_values,0.47,577,45,532,0.0779896013864818,0.0021980282505676017
VEGEDA1_,count,exact_values,0.5,10053,908,9145,0.09032129712523625,0.03829597574169168
VEGEDA1_,count,exact_values,0.53,320,35,285,0.109375,0.001219010468252396
VEGEDA1_,count,exact_values,0.57,12777,1008,11769,0.0788917586287861,0.048672802352690205
VEGEDA1_,count,exact_values,0.6,329,26,303,0.0790273556231003,0.0012532951376719947
VEGEDA1_,count,exact_values,0.63,27,4,23,0.14814814814814814,0.00010285400825879592
VEGEDA1_,count,exact_values,0.67,13170,1196,11974,0.09081245254365983,0.050169899584012675
VEGEDA1_,count,exact_values,0.7,284,28,256,0.09859154929577464,0.0010818717905740015
VEGEDA1_,count,exact_values,0.71,10326,788,9538,0.07631222157660275,0.03933594404741951
VEGEDA1_,count,exact_values,0.73,158,12,146,0.0759493670886076,0.0006018864186996206
VEGEDA1_,count,exact_values,0.77,99,11,88,0.1111111111111111,0.0003771313636155851
VEGEDA1_,count,exact_values,0.8,173,22,151,0.12716763005780346,0.0006590275343989517
VEGEDA1_,count,exact_values,0.83,6058,589,5469,0.09722680752723671,0.023077391927103175
VEGEDA1_,count,exact_values,0.86,2873,240,2633,0.08353637312913331,0.010944428360278544
VEGEDA1_,count,exact_values,0.87,133,10,123,0.07518796992481203,0.0005066512258674021
VEGEDA1_,count,exact_values,0.9,134,7,127,0.05223880597014925,0.0005104606335806909
VEGEDA1_,count,exact_values,0.93,761,68,693,0.08935611038107753,0.0028989592698127294
VEGEDA1_,count,exact_values,0.97,124,10,114,0.08064516129032258,0.0004723665564478035
VEGEDA1_,count,exact_values,1,71663,6637,65026,0.09261404071836234,0.27299358495741083
VEGEDA1_,count,exact_values,1.03,91,13,78,0.14285714285714285,0.00034665610190927516
VEGEDA1_,count,exact_values,1.07,12,2,10,0.16666666666666666,4.5712892559464854e-05
VEGEDA1_,count,exact_values,1.1,7,1,6,0.14285714285714285,2.6665853993021166e-05
VEGEDA1_,count,exact_values,1.13,4,0,4,0.0,1.523763085315495e-05
VEGEDA1_,count,exact_values,1.14,220,19,201,0.08636363636363636,0.0008380696969235224
VEGEDA1_,count,exact_values,1.17,98,3,95,0.030612244897959183,0.0003733219559022963
VEGEDA1_,count,exact_values,1.2,2,0,2,0.0,7.618815426577475e-06
VEGEDA1_,count,exact_values,1.23,3,1,2,0.3333333333333333,1.1428223139866213e-05
VEGEDA1_,count,exact_values,1.27,6,0,6,0.0,2.2856446279732427e-05
VEGEDA1_,count,exact_values,1.29,64,2,62,0.03125,0.0002438020936504792
VEGEDA1_,count,exact_values,1.3,2,0,2,0.0,7.618815426577475e-06
VEGEDA1_,count,exact_values,1.33,376,28,348,0.07446808510638298,0.0014323373001965654
VEGEDA1_,count,exact_values,1.4,6,0,6,0.0,2.2856446279732427e-05
VEGEDA1_,count,exact_values,1.43,564,43,521,0.07624113475177305,0.0021485059502948482
VEGEDA1_,count,exact_values,1.47,4,1,3,0.25,1.523763085315495e-05
VEGEDA1_,count,exact_values,1.5,267,20,247,0.0749063670411985,0.001017111859448093
VEGEDA1_,count,exact_values,1.57,13,2,11,0.15384615384615385,4.952230027275359e-05
VEGEDA1_,count,exact_values,1.6,4,1,3,0.25,1.523763085315495e-05
VEGEDA1_,count,exact_values,1.67,234,19,215,0.0811965811965812,0.0008914014049095646
VEGEDA1_,count,exact_values,1.71,94,13,81,0.13829787234042554,0.00035808432504914135
VEGEDA1_,count,exact_values,1.73,1,0,1,0.0,3.8094077132887377e-06
VEGEDA1_,count,exact_values,1.77,1,0,1,0.0,3.8094077132887377e-06
VEGEDA1_,count,exact_values,1.83,10,0,10,0.0,3.8094077132887376e-05
VEGEDA1_,count,exact_values,1.86,12,0,12,0.0,4.5712892559464854e-05
VEGEDA1_,count,exact_values,1.87,1,0,1,0.0,3.8094077132887377e-06
VEGEDA1_,count,exact_values,1.9,1,0,1,0.0,3.8094077132887377e-06
VEGEDA1_,count,exact_values,2,19132,1300,17832,0.06794898599205519,0.07288158837064013
VEGEDA1_,count,exact_values,2.03,2,0,2,0.0,7.618815426577475e-06
VEGEDA1_,count,exact_values,2.07,1,0,1,0.0,3.8094077132887377e-06
VEGEDA1_,count,exact_values,2.14,95,11,84,0.11578947368421053,0.0003618937327624301
VEGEDA1_,count,exact_values,2.17,8,0,8,0.0,3.04752617063099e-05
VEGEDA1_,count,exact_values,2.23,1,1,0,1.0,3.8094077132887377e-06
VEGEDA1_,count,exact_values,2.29,12,1,11,0.08333333333333333,4.5712892559464854e-05
VEGEDA1_,count,exact_values,2.33,17,1,16,0.058823529411764705,6.475993112590855e-05
VEGEDA1_,count,exact_values,2.43,5,1,4,0.2,1.9047038566443688e-05
VEGEDA1_,count,exact_values,2.5,30,2,28,0.06666666666666667,0.00011428223139866214
VEGEDA1_,count,exact_values,2.53,1,0,1,0.0,3.8094077132887377e-06
VEGEDA1_,count,exact_values,2.57,8,0,8,0.0,3.04752617063099e-05
VEGEDA1_,count,exact_values,2.63,1,0,1,0.0,3.8094077132887377e-06
VEGEDA1_,count,exact_values,2.67,11,3,8,0.2727272727272727,4.1903484846176115e-05
VEGEDA1_,count,exact_values,2.8,1,0,1,0.0,3.8094077132887377e-06
VEGEDA1_,count,exact_values,2.83,2,1,1,0.5,7.618815426577475e-06
VEGEDA1_,count,exact_values,2.86,80,5,75,0.0625,0.000304752617063099
VEGEDA1_,count,exact_values,3,3515,237,3278,0.06742532005689901,0.013390068112209913
VEGEDA1_,count,exact_values,3.14,1,1,0,1.0,3.8094077132887377e-06
VEGEDA1_,count,exact_values,3.17,1,0,1,0.0,3.8094077132887377e-06
VEGEDA1_,count,exact_values,3.29,4,0,4,0.0,1.523763085315495e-05
VEGEDA1_,count,exact_values,3.3,40,4,36,0.1,0.0001523763085315495
VEGEDA1_,count,exact_values,3.43,1,0,1,0.0,3.8094077132887377e-06
VEGEDA1_,count,exact_values,3.57,20,1,19,0.05,7.618815426577475e-05
VEGEDA1_,count,exact_values,3.86,2,1,1,0.5,7.618815426577475e-06
VEGEDA1_,count,exact_values,4,753,51,702,0.06772908366533864,0.0028684840081064198
VEGEDA1_,count,exact_values,4.14,1,0,1,0.0,3.8094077132887377e-06
VEGEDA1_,count,exact_values,4.29,32,4,28,0.125,0.0001219010468252396
VEGEDA1_,count,exact_values,4.57,5,0,5,0.0,1.9047038566443688e-05
VEGEDA1_,count,exact_values,4.71,1,0,1,0.0,3.8094077132887377e-06
VEGEDA1_,count,exact_values,5,408,33,375,0.08088235294117647,0.001554238347021805
VEGEDA1_,count,exact_values,5.14,1,0,1,0.0,3.8094077132887377e-06
VEGEDA1_,count,exact_values,5.71,1,0,1,0.0,3.8094077132887377e-06
VEGEDA1_,count,exact_values,6,53,2,51,0.03773584905660377,0.0002018986088043031
VEGEDA1_,count,exact_values,6.43,1,0,1,0.0,3.8094077132887377e-06
VEGEDA1_,count,exact_values,7,78,9,69,0.11538461538461539,0.00029713380163652153
VEGEDA1_,count,exact_values,7.14,1,0,1,0.0,3.8094077132887377e-06
VEGEDA1_,count,exact_values,8,14,2,12,0.14285714285714285,5.333170798604233e-05
VEGEDA1_,count,exact_values,10,13,2,11,0.15384615384615385,4.952230027275359e-05
VEGEDA1_,count,exact_values,12,2,0,2,0.0,7.618815426577475e-06
VEGEDA1_,count,exact_values,14,2,0,2,0.0,7.618815426577475e-06
VEGEDA1_,count,exact_values,15,5,0,5,0.0,1.9047038566443688e-05
VEGEDA1_,count,exact_values,20,4,0,4,0.0,1.523763085315495e-05
VEGEDA1_,count,exact_values,25,2,0,2,0.0,7.618815426577475e-06
VEGEDA1_,count,exact_values,26,1,0,1,0.0,3.8094077132887377e-06
VEGEDA1_,count,exact_values,30,2,0,2,0.0,7.618815426577475e-06
VEGEDA1_,count,exact_values,31,2,0,2,0.0,7.618815426577475e-06
VEGEDA1_,count,exact_values,75,1,0,1,0.0,3.8094077132887377e-06
VEGEDA1_,count,exact_values,99,5,0,5,0.0,1.9047038566443688e-05
VEGEDA1_,count,exact_values,<MISSING>,24558,2161,22397,0.08799576512745337,0.09355143462294482
_MISFRTN,count,exact_values,0,236687,20856,215831,0.08811637310033926,0.9016372834351715
_MISFRTN,count,exact_values,1,7162,808,6354,0.11281764870148003,0.02728297804257394
_MISFRTN,count,exact_values,2,18659,1516,17143,0.08124765528699288,0.07107973852225456
_MISVEGN,count,exact_values,0,232306,20295,212011,0.08736321920225909,0.8849482682432536
_MISVEGN,count,exact_values,1,7219,901,6318,0.12480953040587339,0.027500114282231397
_MISVEGN,count,exact_values,2,2005,251,1754,0.12518703241895263,0.0076378624651439195
_MISVEGN,count,exact_values,3,1261,117,1144,0.09278350515463918,0.004803663126457099
_MISVEGN,count,exact_values,4,19717,1616,18101,0.08195973018207638,0.07511009188291405
_FRTRESP,categorical,exact_values,0,25821,2324,23497,0.09000426009836954,0.0983627165648285
_FRTRESP,categorical,exact_values,1,236687,20856,215831,0.08811637310033926,0.9016372834351715
_VEGRESP,categorical,exact_values,0,30202,2885,27317,0.09552347526653863,0.11505173175674646
_VEGRESP,categorical,exact_values,1,232306,20295,212011,0.08736321920225909,0.8849482682432536
_FRUTSUM,continuous,sample_quantile_bins,"[-inf, 0.17]",1444,185,1259,0.1281163434903047,0.08993522670652715
_FRUTSUM,continuous,sample_quantile_bins,"[0.17, 0.43]",1610,152,1458,0.09440993788819876,0.1002740408570005
_FRUTSUM,continuous,sample_quantile_bins,"[0.43, 0.69]",1251,118,1133,0.09432454036770584,0.07791479820627803
_FRUTSUM,continuous,sample_quantile_bins,"[0.69, 1]",2953,253,2700,0.08567558415171013,0.18391878425510713
_FRUTSUM,continuous,sample_quantile_bins,"[1, 1.29]",1635,126,1509,0.07706422018348624,0.10183109118086696
_FRUTSUM,continuous,sample_quantile_bins,"[1.29, 2]",3047,298,2749,0.09780111585165736,0.18977329347284505
_FRUTSUM,continuous,sample_quantile_bins,"[2, 3]",1647,132,1515,0.08014571948998178,0.10257847533632287
_FRUTSUM,continuous,sample_quantile_bins,"[3, inf]",904,88,816,0.09734513274336283,0.05630293971101146
_FRUTSUM,continuous,sample_quantile_bins,<MISSING>,1565,153,1412,0.09776357827476038,0.09747135027404086
_VEGESUM,continuous,sample_quantile_bins,"[-inf, 0.6]",1483,170,1313,0.11463250168577209,0.09236422521175884
_VEGESUM,continuous,sample_quantile_bins,"[0.6, 0.96]",1398,138,1260,0.09871244635193133,0.08707025411061285
_VEGESUM,continuous,sample_quantile_bins,"[0.96, 1.21]",1408,154,1254,0.109375,0.08769307424015944
_VEGESUM,continuous,sample_quantile_bins,"[1.21, 1.43]",1441,138,1303,0.09576682859125607,0.08974838066766318
_VEGESUM,continuous,sample_quantile_bins,"[1.43, 1.67]",1397,122,1275,0.08732999284180387,0.08700797209765819
_VEGESUM,continuous,sample_quantile_bins,"[1.67, 1.99]",1465,135,1330,0.09215017064846416,0.09124314897857498
_VEGESUM,continuous,sample_quantile_bins,"[1.99, 2.28]",1470,128,1342,0.08707482993197278,0.09155455904334828
_VEGESUM,continuous,sample_quantile_bins,"[2.28, 2.67]",1338,124,1214,0.09267563527653214,0.08333333333333333
_VEGESUM,continuous,sample_quantile_bins,"[2.67, 3.43]",1489,125,1364,0.08394895903290799,0.0927379172894868
_VEGESUM,continuous,sample_quantile_bins,"[3.43, inf]",1327,98,1229,0.07385079125847777,0.08264823119083209
_VEGESUM,continuous,sample_quantile_bins,<MISSING>,1840,173,1667,0.09402173913043478,0.114598903836572
_FRTLT1,binary,exact_values,1,147667,12607,135060,0.0853745251139388,0.5625238087982081
_FRTLT1,binary,exact_values,2,89020,8249,80771,0.09266456975960459,0.33911347463696345
_FRTLT1,binary,exact_values,9,25821,2324,23497,0.09000426009836954,0.0983627165648285
_VEGLT1,binary,exact_values,1,184374,15292,169082,0.08294011086161823,0.7023557377298978
_VEGLT1,binary,exact_values,2,47932,5003,42929,0.10437703413168656,0.18259253051335578
_VEGLT1,binary,exact_values,9,30202,2885,27317,0.09552347526653863,0.11505173175674646
_FRT16,binary,exact_values,0,53,6,47,0.11320754716981132,0.0002018986088043031
_FRT16,binary,exact_values,1,262455,23174,239281,0.08829704139757291,0.9997981013911957
_VEG23,binary,exact_values,0,27,2,25,0.07407407407407407,0.00010285400825879592
_VEG23,binary,exact_values,1,262481,23178,239303,0.0883035343510578,0.9998971459917412
_FRUITEX,categorical,exact_values,0,236634,20850,215784,0.08811075331524633,0.9014353848263672
_FRUITEX,categorical,exact_values,1,25821,2324,23497,0.09000426009836954,0.0983627165648285
_FRUITEX,categorical,exact_values,2,53,6,47,0.11320754716981132,0.0002018986088043031
_VEGETEX,categorical,exact_values,0,232279,20293,211986,0.08736476392614055,0.8848454142349947
_VEGETEX,categorical,exact_values,1,30202,2885,27317,0.09552347526653863,0.11505173175674646
_VEGETEX,categorical,exact_values,2,27,2,25,0.07407407407407407,0.00010285400825879592
_TOTINDA,binary,exact_values,1,176080,13260,162820,0.07530667878237166,0.670760510155881
_TOTINDA,binary,exact_values,2,63850,8095,55755,0.12678151918559122,0.24323068249348592
_TOTINDA,binary,exact_values,9,22578,1825,20753,0.08083089733368766,0.08600880735063313
METVL11_,continuous,exact_values,0,8830,323,8507,0.03657984144960363,0.03363707010833956
METVL11_,continuous,exact_values,2.5,50,7,43,0.14,0.0001904703856644369
METVL11_,continuous,exact_values,3,459,24,435,0.05228758169934641,0.0017485181403995307
METVL11_,continuous,exact_values,3.3,1235,142,1093,0.11497975708502024,0.004704618525911591
METVL11_,continuous,exact_values,3.5,98738,8652,90086,0.08762583807652576,0.3761332987947034
METVL11_,continuous,exact_values,3.8,3364,268,3096,0.07966706302021404,0.012814847547503314
METVL11_,continuous,exact_values,4,2922,266,2656,0.09103353867214237,0.011131089338229693
METVL11_,continuous,exact_values,4.3,1133,76,1057,0.06707855251544571,0.00431605893915614
METVL11_,continuous,exact_values,4.5,7101,670,6431,0.09435290804112097,0.027050604172063328
METVL11_,continuous,exact_values,4.8,637,60,577,0.09419152276295134,0.002426592713364926
METVL11_,continuous,exact_values,5,12945,992,11953,0.07663190421011974,0.04931278284852271
METVL11_,continuous,exact_values,5.3,567,42,525,0.07407407407407407,0.0021599341734347146
METVL11_,continuous,exact_values,5.5,1008,85,923,0.08432539682539683,0.0038398829749950476
METVL11_,continuous,exact_values,5.8,1045,53,992,0.05071770334928229,0.003980831060386731
METVL11_,continuous,exact_values,6,15183,306,14877,0.02015411973918198,0.057838237310862906
METVL11_,continuous,exact_values,6.3,16,1,15,0.0625,6.09505234126198e-05
METVL11_,continuous,exact_values,6.5,1091,13,1078,0.011915673693858845,0.004156063815198013
METVL11_,continuous,exact_values,6.8,8347,750,7597,0.08985264166766503,0.031797126182821094
METVL11_,continuous,exact_values,7,2959,65,2894,0.021966880702940183,0.011272037423621376
METVL11_,continuous,exact_values,7.3,4859,256,4603,0.05268573780613295,0.018509912078869976
METVL11_,continuous,exact_values,7.8,1183,61,1122,0.05156382079459002,0.004506529324820577
METVL11_,continuous,exact_values,8,383,4,379,0.010443864229765013,0.0014590031541895866
METVL11_,continuous,exact_values,9,551,49,502,0.08892921960072596,0.0020989836500220948
METVL11_,continuous,exact_values,9.8,14,1,13,0.07142857142857142,5.333170798604233e-05
METVL11_,continuous,exact_values,10.3,297,6,291,0.020202020202020204,0.0011313940908467552
METVL11_,continuous,exact_values,11,24,1,23,0.041666666666666664,9.142578511892971e-05
METVL11_,continuous,exact_values,12,15,1,14,0.06666666666666667,5.714111569933107e-05
METVL11_,continuous,exact_values,12.5,61,3,58,0.04918032786885246,0.00023237387051061302
METVL11_,continuous,exact_values,12.8,206,3,203,0.014563106796116505,0.00078473798893748
METVL11_,continuous,exact_values,<MISSING>,87285,10000,77285,0.11456722231769491,0.3325041522544075
METVL21_,continuous,exact_values,0,69337,5695,63642,0.0821350793948397,0.26413290261630124
METVL21_,continuous,exact_values,2.5,85,10,75,0.11764705882352941,0.00032379965562954273
METVL21_,continuous,exact_values,3,691,42,649,0.060781476121562955,0.002632300729882518
METVL21_,continuous,exact_values,3.3,8709,914,7795,0.10494890343322999,0.03317613177503162
METVL21_,continuous,exact_values,3.5,27707,1896,25811,0.06843036055870358,0.10554725951209105
METVL21_,continuous,exact_values,3.8,4113,291,3822,0.07075127644055434,0.015668093924756578
METVL21_,continuous,exact_values,4,6116,670,5446,0.10954872465663833,0.023298337574473922
METVL21_,continuous,exact_values,4.3,1151,81,1070,0.07037358818418767,0.0043846282779953375
METVL21_,continuous,exact_values,4.5,9062,799,8263,0.08817038181416906,0.03452085269782254
METVL21_,continuous,exact_values,4.8,1037,108,929,0.10414657666345227,0.003950355798680421
METVL21_,continuous,exact_values,5,10667,713,9954,0.06684166119808756,0.040634952077650964
METVL21_,continuous,exact_values,5.3,1097,81,1016,0.07383773928896992,0.004178920261477746
METVL21_,continuous,exact_values,5.5,1849,198,1651,0.10708491076257437,0.007043594861870876
METVL21_,continuous,exact_values,5.8,1179,41,1138,0.03477523324851569,0.004491291693967422
METVL21_,continuous,exact_values,6,9882,282,9600,0.02853673345476624,0.03764456702271931
METVL21_,continuous,exact_values,6.3,14,2,12,0.14285714285714285,5.333170798604233e-05
METVL21_,continuous,exact_values,6.5,1163,20,1143,0.017196904557179708,0.004430341170554802
METVL21_,continuous,exact_values,6.8,8321,589,7732,0.07078476144694147,0.031698081582275585
METVL21_,continuous,exact_values,7,2435,78,2357,0.032032854209445585,0.009275907781858076
METVL21_,continuous,exact_values,7.3,3438,156,3282,0.04537521815008726,0.013096743718286681
METVL21_,continuous,exact_values,7.8,1498,78,1420,0.0520694259012016,0.005706492754506529
METVL21_,continuous,exact_values,8,294,8,286,0.027210884353741496,0.0011199658677068889
METVL21_,continuous,exact_values,9,1840,154,1686,0.08369565217391305,0.0070093101924512775
METVL21_,continuous,exact_values,9.8,9,1,8,0.1111111111111111,3.4284669419598644e-05
METVL21_,continuous,exact_values,10.3,182,4,178,0.02197802197802198,0.0006933122038185503
METVL21_,continuous,exact_values,11,62,3,59,0.04838709677419355,0.00023618327822390176
METVL21_,continuous,exact_values,12,16,1,15,0.0625,6.09505234126198e-05
METVL21_,continuous,exact_values,12.5,94,1,93,0.010638297872340425,0.00035808432504914135
METVL21_,continuous,exact_values,12.8,172,2,170,0.011627906976744186,0.0006552181266856629
METVL21_,continuous,exact_values,<MISSING>,90288,10262,80026,0.11365851497430444,0.34394380361741356
MAXVO2_,continuous,exact_values,5.55,49,6,43,0.12244897959183673,0.00018666097795114815
MAXVO2_,continuous,exact_values,6.1,5,1,4,0.2,1.9047038566443688e-05
MAXVO2_,continuous,exact_values,6.65,9,2,7,0.2222222222222222,3.4284669419598644e-05
MAXVO2_,continuous,exact_values,7.2,24,7,17,0.2916666666666667,9.142578511892971e-05
MAXVO2_,continuous,exact_values,7.75,49,20,29,0.40816326530612246,0.00018666097795114815
MAXVO2_,continuous,exact_values,8.3,73,27,46,0.3698630136986301,0.00027808676307007786
MAXVO2_,continuous,exact_values,8.85,112,30,82,0.26785714285714285,0.00042665366388833865
MAXVO2_,continuous,exact_values,9.4,146,48,98,0.3287671232876712,0.0005561735261401557
MAXVO2_,continuous,exact_values,9.95,185,56,129,0.3027027027027027,0.0007047404269584165
MAXVO2_,continuous,exact_values,10.5,220,67,153,0.30454545454545456,0.0008380696969235224
MAXVO2_,continuous,exact_values,11.05,291,78,213,0.26804123711340205,0.0011085376445670227
MAXVO2_,continuous,exact_values,11.37,88,7,81,0.07954545454545454,0.0003352278787694089
MAXVO2_,continuous,exact_values,11.6,345,120,225,0.34782608695652173,0.0013142456610846145
MAXVO2_,continuous,exact_values,11.74,26,8,18,0.3076923076923077,9.904460054550719e-05
MAXVO2_,continuous,exact_values,12.11,47,7,40,0.14893617021276595,0.00017904216252457068
MAXVO2_,continuous,exact_values,12.15,438,135,303,0.3082191780821918,0.0016685205784204673
MAXVO2_,continuous,exact_values,12.48,52,11,41,0.21153846153846154,0.00019808920109101437
MAXVO2_,continuous,exact_values,12.7,460,156,304,0.3391304347826087,0.0017523275481128194
MAXVO2_,continuous,exact_values,12.85,107,26,81,0.24299065420560748,0.00040760662532189493
MAXVO2_,continuous,exact_values,13.22,154,31,123,0.2012987012987013,0.0005866487878464656
MAXVO2_,continuous,exact_values,13.25,697,223,474,0.3199426111908178,0.00265515717616225
MAXVO2_,continuous,exact_values,13.59,229,52,177,0.22707423580786026,0.000872354366343121
MAXVO2_,continuous,exact_values,13.8,650,184,466,0.28307692307692306,0.0024761150136376796
MAXVO2_,continuous,exact_values,13.96,301,58,243,0.19269102990033224,0.00114663172169991
MAXVO2_,continuous,exact_values,14.33,414,81,333,0.1956521739130435,0.0015770947933015375
MAXVO2_,continuous,exact_values,14.35,769,214,555,0.27828348504551365,0.0029294345315190396
MAXVO2_,continuous,exact_values,14.7,575,130,445,0.22608695652173913,0.0021904094351410243
MAXVO2_,continuous,exact_values,14.9,888,258,630,0.2905405405405405,0.003382754049400399
MAXVO2_,continuous,exact_values,15.07,597,113,484,0.18927973199329984,0.0022742164048333764
MAXVO2_,continuous,exact_values,15.44,811,158,653,0.19482120838471023,0.0030894296554771663
MAXVO2_,continuous,exact_values,15.45,836,234,602,0.2799043062200957,0.003184664848309385
MAXVO2_,continuous,exact_values,15.81,898,196,702,0.2182628062360802,0.0034208481265332867
MAXVO2_,continuous,exact_values,16,1075,290,785,0.26976744186046514,0.004095113291785393
MAXVO2_,continuous,exact_values,16.18,1058,209,849,0.19754253308128544,0.0040303533606594845
MAXVO2_,continuous,exact_values,16.55,2210,509,1701,0.23031674208144795,0.00841879104636811
MAXVO2_,continuous,exact_values,16.92,1348,238,1110,0.17655786350148367,0.005135081597513218
MAXVO2_,continuous,exact_values,17.1,1130,326,804,0.2884955752212389,0.0043046307160162734
MAXVO2_,continuous,exact_values,17.29,1455,252,1203,0.1731958762886598,0.005542688222835114
MAXVO2_,continuous,exact_values,17.65,1295,345,950,0.26640926640926643,0.0049331829887089155
MAXVO2_,continuous,exact_values,17.66,1534,274,1260,0.17861799217731422,0.005843631432184924
MAXVO2_,continuous,exact_values,18.03,1503,240,1263,0.1596806387225549,0.005725539793072973
MAXVO2_,continuous,exact_values,18.2,1320,317,1003,0.24015151515151514,0.005028418181541134
MAXVO2_,continuous,exact_values,18.4,1996,348,1648,0.1743486973947896,0.007603577795724321
MAXVO2_,continuous,exact_values,18.75,1560,398,1162,0.2551282051282051,0.005942676032730431
MAXVO2_,continuous,exact_values,18.77,1848,277,1571,0.14989177489177488,0.007039785454157587
MAXVO2_,continuous,exact_values,19.14,1968,296,1672,0.15040650406504066,0.007496914379752236
MAXVO2_,continuous,exact_values,19.3,1486,354,1132,0.23822341857335128,0.005660779861947064
MAXVO2_,continuous,exact_values,19.51,2117,296,1821,0.13982050070854984,0.008064516129032258
MAXVO2_,continuous,exact_values,19.85,1639,389,1250,0.237339841366687,0.006243619242080241
MAXVO2_,continuous,exact_values,19.88,2090,293,1797,0.14019138755980862,0.007961662120773462
MAXVO2_,continuous,exact_values,20.25,2515,324,2191,0.12882703777335985,0.009580660398921175
MAXVO2_,continuous,exact_values,20.4,2066,445,1621,0.2153920619554695,0.007870236335654533
MAXVO2_,continuous,exact_values,20.62,2376,316,2060,0.132996632996633,0.009051152726774042
MAXVO2_,continuous,exact_values,20.95,1777,410,1367,0.23072594259988746,0.006769317506514087
MAXVO2_,continuous,exact_values,20.99,2605,324,2281,0.12437619961612284,0.009923507093117161
MAXVO2_,continuous,exact_values,21.36,3058,354,2704,0.1157619359058208,0.011649168787236961
MAXVO2_,continuous,exact_values,21.5,2118,470,1648,0.2219074598677998,0.008068325536745547
MAXVO2_,continuous,exact_values,21.73,2593,265,2328,0.10219822599305824,0.009877794200557698
MAXVO2_,continuous,exact_values,22.05,2027,376,1651,0.18549580661075482,0.007721669434836272
MAXVO2_,continuous,exact_values,22.1,2812,296,2516,0.10526315789473684,0.010712054489767931
MAXVO2_,continuous,exact_values,22.47,2901,278,2623,0.0958290244743192,0.011051091776250629
MAXVO2_,continuous,exact_values,22.6,2651,526,2125,0.1984156921916258,0.010098739847928443
MAXVO2_,continuous,exact_values,22.84,3568,353,3215,0.09893497757847533,0.013591966721014218
MAXVO2_,continuous,exact_values,23.15,2484,451,2033,0.18156199677938809,0.009462568759809225
MAXVO2_,continuous,exact_values,23.21,3599,309,3290,0.08585718255070852,0.013710058360126167
MAXVO2_,continuous,exact_values,23.58,3368,271,3097,0.08046318289786224,0.01283008517835647
MAXVO2_,continuous,exact_values,23.7,2452,408,2044,0.16639477977161501,0.009340667712983985
MAXVO2_,continuous,exact_values,23.95,3579,261,3318,0.07292539815590947,0.013633870205860392
MAXVO2_,continuous,exact_values,24.25,2650,395,2255,0.1490566037735849,0.010094930440215154
MAXVO2_,continuous,exact_values,24.32,3230,260,2970,0.0804953560371517,0.012304386913922624
MAXVO2_,continuous,exact_values,24.69,3358,254,3104,0.07564026206075045,0.012791991101223582
MAXVO2_,continuous,exact_values,24.8,2569,392,2177,0.15258855585831063,0.009786368415438767
MAXVO2_,continuous,exact_values,25.06,3617,246,3371,0.06801216477743986,0.013778627698965365
MAXVO2_,continuous,exact_values,25.35,2549,349,2200,0.13691643781875246,0.009710180261172994
MAXVO2_,continuous,exact_values,25.43,3140,209,2931,0.06656050955414013,0.011961540219726638
MAXVO2_,continuous,exact_values,25.8,3621,264,3357,0.07290803645401822,0.01379386532981852
MAXVO2_,continuous,exact_values,25.9,2719,367,2352,0.13497609415226186,0.010357779572432078
MAXVO2_,continuous,exact_values,26.17,3294,184,3110,0.05585913782635094,0.012548189007573103
MAXVO2_,continuous,exact_values,26.45,2280,312,1968,0.1368421052631579,0.008685449586298322
MAXVO2_,continuous,exact_values,26.54,3394,209,3185,0.06157925751325869,0.012929129778901977
MAXVO2_,continuous,exact_values,26.91,3185,171,3014,0.05368916797488226,0.01213296356682463
MAXVO2_,continuous,exact_values,27,2695,298,2397,0.11057513914656772,0.01026635378731315
MAXVO2_,continuous,exact_values,27.28,2875,165,2710,0.057391304347826085,0.010952047175705122
MAXVO2_,continuous,exact_values,27.55,2324,234,2090,0.10068846815834767,0.008853063525683026
MAXVO2_,continuous,exact_values,27.65,3232,170,3062,0.0525990099009901,0.0123120057293492
MAXVO2_,continuous,exact_values,28.02,2893,156,2737,0.05392326304873833,0.011020616514544319
MAXVO2_,continuous,exact_values,28.1,2372,238,2134,0.10033726812816189,0.009035915095920886
MAXVO2_,continuous,exact_values,28.39,2767,124,2643,0.04481387784604265,0.010540631142669938
MAXVO2_,continuous,exact_values,28.65,2268,222,2046,0.09788359788359788,0.008639736693738858
MAXVO2_,continuous,exact_values,28.76,2852,131,2721,0.04593267882187938,0.01086443079829948
MAXVO2_,continuous,exact_values,29.13,2321,101,2220,0.043515725980180955,0.008841635302543161
MAXVO2_,continuous,exact_values,29.2,2090,177,1913,0.08468899521531101,0.007961662120773462
MAXVO2_,continuous,exact_values,29.5,2692,108,2584,0.04011887072808321,0.010254925564173283
MAXVO2_,continuous,exact_values,29.75,2472,200,2272,0.08090614886731391,0.00941685586724976
MAXVO2_,continuous,exact_values,29.87,2055,85,1970,0.0413625304136253,0.007828332850808356
MAXVO2_,continuous,exact_values,30.24,2036,54,1982,0.026522593320235755,0.00775595410425587
MAXVO2_,continuous,exact_values,30.3,2150,185,1965,0.08604651162790698,0.008190226583570786
MAXVO2_,continuous,exact_values,30.61,1947,64,1883,0.03287108371854135,0.007416916817773173
MAXVO2_,continuous,exact_values,30.85,2115,157,1958,0.07423167848699763,0.00805689731360568
MAXVO2_,continuous,exact_values,30.98,1923,54,1869,0.028081123244929798,0.007325491032654243
MAXVO2_,continuous,exact_values,31.35,2067,61,2006,0.029511369134010642,0.007874045743367822
MAXVO2_,continuous,exact_values,31.4,2136,142,1994,0.06647940074906367,0.008136894875584744
MAXVO2_,continuous,exact_values,31.72,1831,34,1797,0.018569087930092845,0.006975025523031679
MAXVO2_,continuous,exact_values,31.95,1745,109,1636,0.06246418338108883,0.0066474164596888475
MAXVO2_,continuous,exact_values,32.09,1793,49,1744,0.027328499721137756,0.006830268029926707
MAXVO2_,continuous,exact_values,32.46,1758,34,1724,0.019340159271899887,0.006696938759961601
MAXVO2_,continuous,exact_values,32.5,2115,110,2005,0.05200945626477541,0.00805689731360568
MAXVO2_,continuous,exact_values,32.83,1408,19,1389,0.013494318181818182,0.005363646060310543
MAXVO2_,continuous,exact_values,33.05,1672,93,1579,0.05562200956937799,0.00636932969661877
MAXVO2_,continuous,exact_values,33.2,1811,36,1775,0.019878520154610713,0.006898837368765905
MAXVO2_,continuous,exact_values,33.57,1543,26,1517,0.016850291639662993,0.005877916101604523
MAXVO2_,continuous,exact_values,33.6,1611,67,1544,0.04158907510862818,0.006136955826108157
MAXVO2_,continuous,exact_values,33.94,1702,20,1682,0.011750881316098707,0.006483611928017432
MAXVO2_,continuous,exact_values,34.15,1547,67,1480,0.04330963154492566,0.005893153732457678
MAXVO2_,continuous,exact_values,34.31,1592,27,1565,0.016959798994974875,0.006064577079555671
MAXVO2_,continuous,exact_values,34.68,1543,23,1520,0.014906027219701879,0.005877916101604523
MAXVO2_,continuous,exact_values,34.7,1516,58,1458,0.03825857519788918,0.005775062093345726
MAXVO2_,continuous,exact_values,35.05,1752,13,1739,0.007420091324200913,0.006674082313681869
MAXVO2_,continuous,exact_values,35.25,1630,58,1572,0.03558282208588957,0.006209334572660642
MAXVO2_,continuous,exact_values,35.42,1556,21,1535,0.013496143958868894,0.005927438401877276
MAXVO2_,continuous,exact_values,35.79,1588,17,1571,0.010705289672544081,0.006049339448702516
MAXVO2_,continuous,exact_values,35.8,1383,57,1326,0.04121475054229935,0.005268410867478325
MAXVO2_,continuous,exact_values,36.16,1565,11,1554,0.007028753993610224,0.005961723071296875
MAXVO2_,continuous,exact_values,36.35,1404,31,1373,0.02207977207977208,0.005348408429457388
MAXVO2_,continuous,exact_values,36.53,1413,21,1392,0.014861995753715499,0.0053826930988769865
MAXVO2_,continuous,exact_values,36.9,2876,50,2826,0.017385257301808066,0.01095585658341841
MAXVO2_,continuous,exact_values,37.27,1339,12,1327,0.008961911874533234,0.00510079692809362
MAXVO2_,continuous,exact_values,37.45,1128,22,1106,0.01950354609929078,0.0042970119005896965
MAXVO2_,continuous,exact_values,37.64,1286,12,1274,0.00933125972006221,0.004898898319289317
MAXVO2_,continuous,exact_values,38,1466,33,1433,0.022510231923601638,0.005584591707681289
MAXVO2_,continuous,exact_values,38.01,1154,5,1149,0.004332755632582322,0.004396056501135203
MAXVO2_,continuous,exact_values,38.38,1122,7,1115,0.006238859180035651,0.004274155454309964
MAXVO2_,continuous,exact_values,38.55,1242,28,1214,0.02254428341384863,0.004731284379904613
MAXVO2_,continuous,exact_values,38.75,1177,5,1172,0.004248088360237893,0.004483672878540844
MAXVO2_,continuous,exact_values,39.1,1302,14,1288,0.010752688172043012,0.004959848842701937
MAXVO2_,continuous,exact_values,39.12,1128,4,1124,0.0035460992907801418,0.0042970119005896965
MAXVO2_,continuous,exact_values,39.49,1101,8,1093,0.007266121707538601,0.004194157892330901
MAXVO2_,continuous,exact_values,39.65,1250,22,1228,0.0176,0.004761759641610922
MAXVO2_,continuous,exact_values,39.86,1007,4,1003,0.003972194637537239,0.003836073567281759
MAXVO2_,continuous,exact_values,40.2,1284,17,1267,0.0132398753894081,0.00489127950386274
MAXVO2_,continuous,exact_values,40.23,1020,7,1013,0.006862745098039216,0.0038855958675545125
MAXVO2_,continuous,exact_values,40.6,882,1,881,0.0011337868480725624,0.003359897603120667
MAXVO2_,continuous,exact_values,40.75,1473,16,1457,0.010862186014935505,0.005611257561674311
MAXVO2_,continuous,exact_values,40.97,876,3,873,0.003424657534246575,0.0033370411568409346
MAXVO2_,continuous,exact_values,41.3,1199,19,1180,0.0158465387823186,0.0045674798482331965
MAXVO2_,continuous,exact_values,41.34,942,2,940,0.0021231422505307855,0.0035884620659179913
MAXVO2_,continuous,exact_values,41.85,1199,7,1192,0.005838198498748957,0.0045674798482331965
MAXVO2_,continuous,exact_values,42.4,1299,12,1287,0.009237875288683603,0.00494842061956207
MAXVO2_,continuous,exact_values,42.95,1072,8,1064,0.007462686567164179,0.004083685068645527
MAXVO2_,continuous,exact_values,43.5,1345,17,1328,0.012639405204460967,0.005123653374373352
MAXVO2_,continuous,exact_values,44.05,1045,6,1039,0.005741626794258373,0.003980831060386731
MAXVO2_,continuous,exact_values,44.6,1158,11,1147,0.009499136442141624,0.004411294131988358
MAXVO2_,continuous,exact_values,45.15,1108,11,1097,0.009927797833935019,0.004220823746323921
MAXVO2_,continuous,exact_values,45.7,1081,8,1073,0.0074005550416281225,0.0041179697380651255
MAXVO2_,continuous,exact_values,46.25,1232,14,1218,0.011363636363636364,0.004693190302771725
MAXVO2_,continuous,exact_values,46.8,1086,7,1079,0.006445672191528545,0.004137016776631569
MAXVO2_,continuous,exact_values,47.35,1048,6,1042,0.0057251908396946565,0.003992259283526597
MAXVO2_,continuous,exact_values,47.9,1089,5,1084,0.004591368227731864,0.004148444999771435
MAXVO2_,continuous,exact_values,48.45,1113,12,1101,0.01078167115902965,0.004239870784890365
MAXVO2_,continuous,exact_values,49,1011,2,1009,0.0019782393669634025,0.003851311198134914
MAXVO2_,continuous,exact_values,49.55,1040,6,1034,0.0057692307692307696,0.003961784021820287
MAXVO2_,continuous,exact_values,50.1,1115,7,1108,0.006278026905829596,0.004247489600316943
MAXVO2_,continuous,exact_values,999,3121,179,2942,0.05735341236783082,0.011889161473174151
FC60_,continuous,exact_values,0.95,49,6,43,0.12244897959183673,0.00018666097795114815
FC60_,continuous,exact_values,1.05,5,1,4,0.2,1.9047038566443688e-05
FC60_,continuous,exact_values,1.14,9,2,7,0.2222222222222222,3.4284669419598644e-05
FC60_,continuous,exact_values,1.23,24,7,17,0.2916666666666667,9.142578511892971e-05
FC60_,continuous,exact_values,1.33,49,20,29,0.40816326530612246,0.00018666097795114815
FC60_,continuous,exact_values,1.42,73,27,46,0.3698630136986301,0.00027808676307007786
FC60_,continuous,exact_values,1.52,112,30,82,0.26785714285714285,0.00042665366388833865
FC60_,continuous,exact_values,1.61,146,48,98,0.3287671232876712,0.0005561735261401557
FC60_,continuous,exact_values,1.71,185,56,129,0.3027027027027027,0.0007047404269584165
FC60_,continuous,exact_values,1.8,220,67,153,0.30454545454545456,0.0008380696969235224
FC60_,continuous,exact_values,1.89,291,78,213,0.26804123711340205,0.0011085376445670227
FC60_,continuous,exact_values,1.95,88,7,81,0.07954545454545454,0.0003352278787694089
FC60_,continuous,exact_values,1.99,345,120,225,0.34782608695652173,0.0013142456610846145
FC60_,continuous,exact_values,2.01,26,8,18,0.3076923076923077,9.904460054550719e-05
FC60_,continuous,exact_values,2.08,485,142,343,0.2927835051546392,0.0018475627409450378
FC60_,continuous,exact_values,2.14,52,11,41,0.21153846153846154,0.00019808920109101437
FC60_,continuous,exact_values,2.18,460,156,304,0.3391304347826087,0.0017523275481128194
FC60_,continuous,exact_values,2.2,107,26,81,0.24299065420560748,0.00040760662532189493
FC60_,continuous,exact_values,2.27,851,254,597,0.2984723854289072,0.003241805964008716
FC60_,continuous,exact_values,2.33,229,52,177,0.22707423580786026,0.000872354366343121
FC60_,continuous,exact_values,2.37,650,184,466,0.28307692307692306,0.0024761150136376796
FC60_,continuous,exact_values,2.39,301,58,243,0.19269102990033224,0.00114663172169991
FC60_,continuous,exact_values,2.46,1183,295,888,0.24936601859678784,0.004506529324820577
FC60_,continuous,exact_values,2.52,575,130,445,0.22608695652173913,0.0021904094351410243
FC60_,continuous,exact_values,2.55,888,258,630,0.2905405405405405,0.003382754049400399
FC60_,continuous,exact_values,2.58,597,113,484,0.18927973199329984,0.0022742164048333764
FC60_,continuous,exact_values,2.65,1647,392,1255,0.23800850030358228,0.0062740945037865516
FC60_,continuous,exact_values,2.71,898,196,702,0.2182628062360802,0.0034208481265332867
FC60_,continuous,exact_values,2.74,1075,290,785,0.26976744186046514,0.004095113291785393
FC60_,continuous,exact_values,2.77,1058,209,849,0.19754253308128544,0.0040303533606594845
FC60_,continuous,exact_values,2.84,2210,509,1701,0.23031674208144795,0.00841879104636811
FC60_,continuous,exact_values,2.9,1348,238,1110,0.17655786350148367,0.005135081597513218
FC60_,continuous,exact_values,2.93,1130,326,804,0.2884955752212389,0.0043046307160162734
FC60_,continuous,exact_values,2.96,1455,252,1203,0.1731958762886598,0.005542688222835114
FC60_,continuous,exact_values,3.03,2829,619,2210,0.21880523153057618,0.01077681442089384
FC60_,continuous,exact_values,3.09,1503,240,1263,0.1596806387225549,0.005725539793072973
FC60_,continuous,exact_values,3.12,1320,317,1003,0.24015151515151514,0.005028418181541134
FC60_,continuous,exact_values,3.15,1996,348,1648,0.1743486973947896,0.007603577795724321
FC60_,continuous,exact_values,3.21,1560,398,1162,0.2551282051282051,0.005942676032730431
FC60_,continuous,exact_values,3.22,1848,277,1571,0.14989177489177488,0.007039785454157587
FC60_,continuous,exact_values,3.28,1968,296,1672,0.15040650406504066,0.007496914379752236
FC60_,continuous,exact_values,3.31,1486,354,1132,0.23822341857335128,0.005660779861947064
FC60_,continuous,exact_values,3.34,2117,296,1821,0.13982050070854984,0.008064516129032258
FC60_,continuous,exact_values,3.4,1639,389,1250,0.237339841366687,0.006243619242080241
FC60_,continuous,exact_values,3.41,2090,293,1797,0.14019138755980862,0.007961662120773462
FC60_,continuous,exact_values,3.47,2515,324,2191,0.12882703777335985,0.009580660398921175
FC60_,continuous,exact_values,3.5,2066,445,1621,0.2153920619554695,0.007870236335654533
FC60_,continuous,exact_values,3.53,2376,316,2060,0.132996632996633,0.009051152726774042
FC60_,continuous,exact_values,3.59,1777,410,1367,0.23072594259988746,0.006769317506514087
FC60_,continuous,exact_values,3.6,2605,324,2281,0.12437619961612284,0.009923507093117161
FC60_,continuous,exact_values,3.66,3058,354,2704,0.1157619359058208,0.011649168787236961
FC60_,continuous,exact_values,3.69,2118,470,1648,0.2219074598677998,0.008068325536745547
FC60_,continuous,exact_values,3.73,2593,265,2328,0.10219822599305824,0.009877794200557698
FC60_,continuous,exact_values,3.78,2027,376,1651,0.18549580661075482,0.007721669434836272
FC60_,continuous,exact_values,3.79,2812,296,2516,0.10526315789473684,0.010712054489767931
FC60_,continuous,exact_values,3.85,2901,278,2623,0.0958290244743192,0.011051091776250629
FC60_,continuous,exact_values,3.87,2651,526,2125,0.1984156921916258,0.010098739847928443
FC60_,continuous,exact_values,3.92,3568,353,3215,0.09893497757847533,0.013591966721014218
FC60_,continuous,exact_values,3.97,2484,451,2033,0.18156199677938809,0.009462568759809225
FC60_,continuous,exact_values,3.98,3599,309,3290,0.08585718255070852,0.013710058360126167
FC60_,continuous,exact_values,4.04,3368,271,3097,0.08046318289786224,0.01283008517835647
FC60_,continuous,exact_values,4.06,2452,408,2044,0.16639477977161501,0.009340667712983985
FC60_,continuous,exact_values,4.11,3579,261,3318,0.07292539815590947,0.013633870205860392
FC60_,continuous,exact_values,4.16,2650,395,2255,0.1490566037735849,0.010094930440215154
FC60_,continuous,exact_values,4.17,3230,260,2970,0.0804953560371517,0.012304386913922624
FC60_,continuous,exact_values,4.23,3358,254,3104,0.07564026206075045,0.012791991101223582
FC60_,continuous,exact_values,4.25,2569,392,2177,0.15258855585831063,0.009786368415438767
FC60_,continuous,exact_values,4.3,3617,246,3371,0.06801216477743986,0.013778627698965365
FC60_,continuous,exact_values,4.35,2549,349,2200,0.13691643781875246,0.009710180261172994
FC60_,continuous,exact_values,4.36,3140,209,2931,0.06656050955414013,0.011961540219726638
FC60_,continuous,exact_values,4.42,3621,264,3357,0.07290803645401822,0.01379386532981852
FC60_,continuous,exact_values,4.44,2719,367,2352,0.13497609415226186,0.010357779572432078
FC60_,continuous,exact_values,4.49,3294,184,3110,0.05585913782635094,0.012548189007573103
FC60_,continuous,exact_values,4.53,2280,312,1968,0.1368421052631579,0.008685449586298322
FC60_,continuous,exact_values,4.55,3394,209,3185,0.06157925751325869,0.012929129778901977
FC60_,continuous,exact_values,4.61,3185,171,3014,0.05368916797488226,0.01213296356682463
FC60_,continuous,exact_values,4.63,2695,298,2397,0.11057513914656772,0.01026635378731315
FC60_,continuous,exact_values,4.68,2875,165,2710,0.057391304347826085,0.010952047175705122
FC60_,continuous,exact_values,4.72,2324,234,2090,0.10068846815834767,0.008853063525683026
FC60_,continuous,exact_values,4.74,3232,170,3062,0.0525990099009901,0.0123120057293492
FC60_,continuous,exact_values,4.8,2893,156,2737,0.05392326304873833,0.011020616514544319
FC60_,continuous,exact_values,4.82,2372,238,2134,0.10033726812816189,0.009035915095920886
FC60_,continuous,exact_values,4.87,2767,124,2643,0.04481387784604265,0.010540631142669938
FC60_,continuous,exact_values,4.91,2268,222,2046,0.09788359788359788,0.008639736693738858
FC60_,continuous,exact_values,4.93,2852,131,2721,0.04593267882187938,0.01086443079829948
FC60_,continuous,exact_values,4.99,2321,101,2220,0.043515725980180955,0.008841635302543161
FC60_,continuous,exact_values,5.01,2090,177,1913,0.08468899521531101,0.007961662120773462
FC60_,continuous,exact_values,5.06,2692,108,2584,0.04011887072808321,0.010254925564173283
FC60_,continuous,exact_values,5.1,2472,200,2272,0.08090614886731391,0.00941685586724976
FC60_,continuous,exact_values,5.12,2055,85,1970,0.0413625304136253,0.007828332850808356
FC60_,continuous,exact_values,5.18,2036,54,1982,0.026522593320235755,0.00775595410425587
FC60_,continuous,exact_values,5.19,2150,185,1965,0.08604651162790698,0.008190226583570786
FC60_,continuous,exact_values,5.25,1947,64,1883,0.03287108371854135,0.007416916817773173
FC60_,continuous,exact_values,5.29,2115,157,1958,0.07423167848699763,0.00805689731360568
FC60_,continuous,exact_values,5.31,1923,54,1869,0.028081123244929798,0.007325491032654243
FC60_,continuous,exact_values,5.37,2067,61,2006,0.029511369134010642,0.007874045743367822
FC60_,continuous,exact_values,5.38,2136,142,1994,0.06647940074906367,0.008136894875584744
FC60_,continuous,exact_values,5.44,1831,34,1797,0.018569087930092845,0.006975025523031679
FC60_,continuous,exact_values,5.48,1745,109,1636,0.06246418338108883,0.0066474164596888475
FC60_,continuous,exact_values,5.5,1793,49,1744,0.027328499721137756,0.006830268029926707
FC60_,continuous,exact_values,5.56,1758,34,1724,0.019340159271899887,0.006696938759961601
FC60_,continuous,exact_values,5.57,2115,110,2005,0.05200945626477541,0.00805689731360568
FC60_,continuous,exact_values,5.63,1408,19,1389,0.013494318181818182,0.005363646060310543
FC60_,continuous,exact_values,5.67,1672,93,1579,0.05562200956937799,0.00636932969661877
FC60_,continuous,exact_values,5.69,1811,36,1775,0.019878520154610713,0.006898837368765905
FC60_,continuous,exact_values,5.75,1543,26,1517,0.016850291639662993,0.005877916101604523
FC60_,continuous,exact_values,5.76,1611,67,1544,0.04158907510862818,0.006136955826108157
FC60_,continuous,exact_values,5.82,1702,20,1682,0.011750881316098707,0.006483611928017432
FC60_,continuous,exact_values,5.85,1547,67,1480,0.04330963154492566,0.005893153732457678
FC60_,continuous,exact_values,5.88,1592,27,1565,0.016959798994974875,0.006064577079555671
FC60_,continuous,exact_values,5.95,3059,81,2978,0.02647924158221641,0.01165297819495025
FC60_,continuous,exact_values,6.01,1752,13,1739,0.007420091324200913,0.006674082313681869
FC60_,continuous,exact_values,6.04,1630,58,1572,0.03558282208588957,0.006209334572660642
FC60_,continuous,exact_values,6.07,1556,21,1535,0.013496143958868894,0.005927438401877276
FC60_,continuous,exact_values,6.14,2971,74,2897,0.024907438572871088,0.01131775031618084
FC60_,continuous,exact_values,6.2,1565,11,1554,0.007028753993610224,0.005961723071296875
FC60_,continuous,exact_values,6.23,1404,31,1373,0.02207977207977208,0.005348408429457388
FC60_,continuous,exact_values,6.26,1413,21,1392,0.014861995753715499,0.0053826930988769865
FC60_,continuous,exact_values,6.33,2876,50,2826,0.017385257301808066,0.01095585658341841
FC60_,continuous,exact_values,6.39,1339,12,1327,0.008961911874533234,0.00510079692809362
FC60_,continuous,exact_values,6.42,1128,22,1106,0.01950354609929078,0.0042970119005896965
FC60_,continuous,exact_values,6.45,1286,12,1274,0.00933125972006221,0.004898898319289317
FC60_,continuous,exact_values,6.51,1466,33,1433,0.022510231923601638,0.005584591707681289
FC60_,continuous,exact_values,6.52,1154,5,1149,0.004332755632582322,0.004396056501135203
FC60_,continuous,exact_values,6.58,1122,7,1115,0.006238859180035651,0.004274155454309964
FC60_,continuous,exact_values,6.61,1242,28,1214,0.02254428341384863,0.004731284379904613
FC60_,continuous,exact_values,6.64,1177,5,1172,0.004248088360237893,0.004483672878540844
FC60_,continuous,exact_values,6.7,1302,14,1288,0.010752688172043012,0.004959848842701937
FC60_,continuous,exact_values,6.71,1128,4,1124,0.0035460992907801418,0.0042970119005896965
FC60_,continuous,exact_values,6.77,1101,8,1093,0.007266121707538601,0.004194157892330901
FC60_,continuous,exact_values,6.8,1250,22,1228,0.0176,0.004761759641610922
FC60_,continuous,exact_values,6.83,1007,4,1003,0.003972194637537239,0.003836073567281759
FC60_,continuous,exact_values,6.89,1284,17,1267,0.0132398753894081,0.00489127950386274
FC60_,continuous,exact_values,6.9,1020,7,1013,0.006862745098039216,0.0038855958675545125
FC60_,continuous,exact_values,6.96,882,1,881,0.0011337868480725624,0.003359897603120667
FC60_,continuous,exact_values,6.99,1473,16,1457,0.010862186014935505,0.005611257561674311
FC60_,continuous,exact_values,7.02,876,3,873,0.003424657534246575,0.0033370411568409346
FC60_,continuous,exact_values,7.08,1199,19,1180,0.0158465387823186,0.0045674798482331965
FC60_,continuous,exact_values,7.09,942,2,940,0.0021231422505307855,0.0035884620659179913
FC60_,continuous,exact_values,7.17,1199,7,1192,0.005838198498748957,0.0045674798482331965
FC60_,continuous,exact_values,7.27,1299,12,1287,0.009237875288683603,0.00494842061956207
FC60_,continuous,exact_values,7.36,1072,8,1064,0.007462686567164179,0.004083685068645527
FC60_,continuous,exact_values,7.46,1345,17,1328,0.012639405204460967,0.005123653374373352
FC60_,continuous,exact_values,7.55,1045,6,1039,0.005741626794258373,0.003980831060386731
FC60_,continuous,exact_values,7.65,1158,11,1147,0.009499136442141624,0.004411294131988358
FC60_,continuous,exact_values,7.74,1108,11,1097,0.009927797833935019,0.004220823746323921
FC60_,continuous,exact_values,7.83,1081,8,1073,0.0074005550416281225,0.0041179697380651255
FC60_,continuous,exact_values,7.93,1232,14,1218,0.011363636363636364,0.004693190302771725
FC60_,continuous,exact_values,8.02,1086,7,1079,0.006445672191528545,0.004137016776631569
FC60_,continuous,exact_values,8.12,1048,6,1042,0.0057251908396946565,0.003992259283526597
FC60_,continuous,exact_values,8.21,1089,5,1084,0.004591368227731864,0.004148444999771435
FC60_,continuous,exact_values,8.31,1113,12,1101,0.01078167115902965,0.004239870784890365
FC60_,continuous,exact_values,8.4,1011,2,1009,0.0019782393669634025,0.003851311198134914
FC60_,continuous,exact_values,8.49,1040,6,1034,0.0057692307692307696,0.003961784021820287
FC60_,continuous,exact_values,8.59,1115,7,1108,0.006278026905829596,0.004247489600316943
FC60_,continuous,exact_values,999,3121,179,2942,0.05735341236783082,0.011889161473174151
ACTIN11_,categorical,exact_values,0,8801,325,8476,0.03692762186115214,0.03352659728465418
ACTIN11_,categorical,exact_values,1,107258,6015,101243,0.056079732980290516,0.40858945251192347
ACTIN11_,categorical,exact_values,2,57300,6755,50545,0.11788830715532286,0.21827906197144467
ACTIN11_,categorical,exact_values,<MISSING>,89149,10085,79064,0.11312521733277996,0.3396048882319777
ACTIN21_,categorical,exact_values,0,68671,5661,63010,0.08243654526656084,0.26159583707925094
ACTIN21_,categorical,exact_values,1,54442,2419,52023,0.04443260717828147,0.20739177472686546
ACTIN21_,categorical,exact_values,2,47302,4756,42546,0.10054543148281257,0.18019260365398387
ACTIN21_,categorical,exact_values,<MISSING>,92093,10344,81749,0.11232124048516173,0.35081978453989976
PADUR1_,count,exact_values,1,528,28,500,0.05303030303030303,0.0020113672726164537
PADUR1_,count,exact_values,2,305,33,272,0.10819672131147541,0.0011618693525530651
PADUR1_,count,exact_values,3,209,19,190,0.09090909090909091,0.0007961662120773462
PADUR1_,count,exact_values,4,155,20,135,0.12903225806451613,0.0005904581955597543
PADUR1_,count,exact_values,5,671,128,543,0.19076005961251863,0.002556112575616743
PADUR1_,count,exact_values,6,88,14,74,0.1590909090909091,0.0003352278787694089
PADUR1_,count,exact_values,7,75,8,67,0.10666666666666667,0.00028570557849665534
PADUR1_,count,exact_values,8,98,11,87,0.11224489795918367,0.0003733219559022963
PADUR1_,count,exact_values,9,16,1,15,0.0625,6.09505234126198e-05
PADUR1_,count,exact_values,10,3121,496,2625,0.15892342198013457,0.011889161473174151
PADUR1_,count,exact_values,11,17,3,14,0.17647058823529413,6.475993112590855e-05
PADUR1_,count,exact_values,12,141,23,118,0.16312056737588654,0.0005371264875737121
PADUR1_,count,exact_values,13,20,1,19,0.05,7.618815426577475e-05
PADUR1_,count,exact_values,14,23,2,21,0.08695652173913043,8.761637740564097e-05
PADUR1_,count,exact_values,15,7044,904,6140,0.12833617262918795,0.02683346793240587
PADUR1_,count,exact_values,16,28,3,25,0.10714285714285714,0.00010666341597208466
PADUR1_,count,exact_values,17,43,3,40,0.06976744186046512,0.00016380453167141572
PADUR1_,count,exact_values,18,39,4,35,0.10256410256410256,0.00014856690081826076
PADUR1_,count,exact_values,19,6,0,6,0.0,2.2856446279732427e-05
PADUR1_,count,exact_values,20,12521,1175,11346,0.09384234486063414,0.04769759397808829
PADUR1_,count,exact_values,21,14,1,13,0.07142857142857142,5.333170798604233e-05
PADUR1_,count,exact_values,22,68,6,62,0.08823529411764706,0.0002590397245036342
PADUR1_,count,exact_values,23,22,3,19,0.13636363636363635,8.380696969235223e-05
PADUR1_,count,exact_values,24,29,5,24,0.1724137931034483,0.0001104728236853734
PADUR1_,count,exact_values,25,2479,180,2299,0.07260992335619201,0.00944352172124278
PADUR1_,count,exact_values,26,14,2,12,0.14285714285714285,5.333170798604233e-05
PADUR1_,count,exact_values,27,14,1,13,0.07142857142857142,5.333170798604233e-05
PADUR1_,count,exact_values,28,16,0,16,0.0,6.09505234126198e-05
PADUR1_,count,exact_values,29,2,0,2,0.0,7.618815426577475e-06
PADUR1_,count,exact_values,30,43339,3287,40052,0.07584392810170977,0.1650959208862206
PADUR1_,count,exact_values,31,8,1,7,0.125,3.04752617063099e-05
PADUR1_,count,exact_values,32,31,6,25,0.1935483870967742,0.00011809163911195088
PADUR1_,count,exact_values,33,17,0,17,0.0,6.475993112590855e-05
PADUR1_,count,exact_values,34,7,1,6,0.14285714285714285,2.6665853993021166e-05
PADUR1_,count,exact_values,35,1869,137,1732,0.07330123060460139,0.007119783016136651
PADUR1_,count,exact_values,36,19,0,19,0.0,7.237874655248601e-05
PADUR1_,count,exact_values,37,26,3,23,0.11538461538461539,9.904460054550719e-05
PADUR1_,count,exact_values,38,33,4,29,0.12121212121212122,0.00012571045453852836
PADUR1_,count,exact_values,39,1,0,1,0.0,3.8094077132887377e-06
PADUR1_,count,exact_values,40,5527,335,5192,0.060611543332730236,0.021054596431346856
PADUR1_,count,exact_values,42,14,0,14,0.0,5.333170798604233e-05
PADUR1_,count,exact_values,43,9,1,8,0.1111111111111111,3.4284669419598644e-05
PADUR1_,count,exact_values,44,2,0,2,0.0,7.618815426577475e-06
PADUR1_,count,exact_values,45,16949,1022,15927,0.060298542686884185,0.06456565133253082
PADUR1_,count,exact_values,46,11,0,11,0.0,4.1903484846176115e-05
PADUR1_,count,exact_values,47,16,2,14,0.125,6.09505234126198e-05
PADUR1_,count,exact_values,48,14,0,14,0.0,5.333170798604233e-05
PADUR1_,count,exact_values,49,2,0,2,0.0,7.618815426577475e-06
PADUR1_,count,exact_values,50,1180,64,1116,0.05423728813559322,0.00449510110168071
PADUR1_,count,exact_values,51,2,0,2,0.0,7.618815426577475e-06
PADUR1_,count,exact_values,52,14,0,14,0.0,5.333170798604233e-05
PADUR1_,count,exact_values,53,5,0,5,0.0,1.9047038566443688e-05
PADUR1_,count,exact_values,54,3,0,3,0.0,1.1428223139866213e-05
PADUR1_,count,exact_values,55,156,12,144,0.07692307692307693,0.0005942676032730431
PADUR1_,count,exact_values,56,3,1,2,0.3333333333333333,1.1428223139866213e-05
PADUR1_,count,exact_values,57,1,0,1,0.0,3.8094077132887377e-06
PADUR1_,count,exact_values,58,2,0,2,0.0,7.618815426577475e-06
PADUR1_,count,exact_values,59,39,5,34,0.1282051282051282,0.00014856690081826076
PADUR1_,count,exact_values,60,38682,2321,36361,0.06000206814539062,0.14735550916543497
PADUR1_,count,exact_values,61,40,2,38,0.05,0.0001523763085315495
PADUR1_,count,exact_values,62,9,1,8,0.1111111111111111,3.4284669419598644e-05
PADUR1_,count,exact_values,63,11,1,10,0.09090909090909091,4.1903484846176115e-05
PADUR1_,count,exact_values,64,3,0,3,0.0,1.1428223139866213e-05
PADUR1_,count,exact_values,65,44,3,41,0.06818181818181818,0.00016761393938470446
PADUR1_,count,exact_values,66,2,0,2,0.0,7.618815426577475e-06
PADUR1_,count,exact_values,67,7,1,6,0.14285714285714285,2.6665853993021166e-05
PADUR1_,count,exact_values,68,5,0,5,0.0,1.9047038566443688e-05
PADUR1_,count,exact_values,69,1,0,1,0.0,3.8094077132887377e-06
PADUR1_,count,exact_values,70,203,9,194,0.04433497536945813,0.0007733097657976138
PADUR1_,count,exact_values,72,7,0,7,0.0,2.6665853993021166e-05
PADUR1_,count,exact_values,73,2,0,2,0.0,7.618815426577475e-06
PADUR1_,count,exact_values,75,837,52,785,0.06212664277180406,0.0031884742560226737
PADUR1_,count,exact_values,76,1,0,1,0.0,3.8094077132887377e-06
PADUR1_,count,exact_values,77,1,0,1,0.0,3.8094077132887377e-06
PADUR1_,count,exact_values,78,2,0,2,0.0,7.618815426577475e-06
PADUR1_,count,exact_values,79,1,0,1,0.0,3.8094077132887377e-06
PADUR1_,count,exact_values,80,380,35,345,0.09210526315789473,0.0014475749310497205
PADUR1_,count,exact_values,82,4,0,4,0.0,1.523763085315495e-05
PADUR1_,count,exact_values,83,3,0,3,0.0,1.1428223139866213e-05
PADUR1_,count,exact_values,85,41,2,39,0.04878048780487805,0.00015618571624483824
PADUR1_,count,exact_values,90,7727,459,7268,0.05940209654458393,0.02943529340058208
PADUR1_,count,exact_values,93,1,0,1,0.0,3.8094077132887377e-06
PADUR1_,count,exact_values,95,8,1,7,0.125,3.04752617063099e-05
PADUR1_,count,exact_values,96,1,0,1,0.0,3.8094077132887377e-06
PADUR1_,count,exact_values,97,1,0,1,0.0,3.8094077132887377e-06
PADUR1_,count,exact_values,99,4,0,4,0.0,1.523763085315495e-05
PADUR1_,count,exact_values,100,36,3,33,0.08333333333333333,0.00013713867767839458
PADUR1_,count,exact_values,105,158,14,144,0.08860759493670886,0.0006018864186996206
PADUR1_,count,exact_values,110,138,11,127,0.07971014492753623,0.0005256982644338458
PADUR1_,count,exact_values,113,2,0,2,0.0,7.618815426577475e-06
PADUR1_,count,exact_values,115,1,0,1,0.0,3.8094077132887377e-06
PADUR1_,count,exact_values,119,39,5,34,0.1282051282051282,0.00014856690081826076
PADUR1_,count,exact_values,120,11729,697,11032,0.05942535595532441,0.04468054306916361
PADUR1_,count,exact_values,122,12,1,11,0.08333333333333333,4.5712892559464854e-05
PADUR1_,count,exact_values,123,5,1,4,0.2,1.9047038566443688e-05
PADUR1_,count,exact_values,125,6,0,6,0.0,2.2856446279732427e-05
PADUR1_,count,exact_values,128,1,0,1,0.0,3.8094077132887377e-06
PADUR1_,count,exact_values,130,5,0,5,0.0,1.9047038566443688e-05
PADUR1_,count,exact_values,134,1,0,1,0.0,3.8094077132887377e-06
PADUR1_,count,exact_values,135,21,4,17,0.19047619047619047,7.999756197906349e-05
PADUR1_,count,exact_values,138,1,0,1,0.0,3.8094077132887377e-06
PADUR1_,count,exact_values,140,8,2,6,0.25,3.04752617063099e-05
PADUR1_,count,exact_values,142,1,0,1,0.0,3.8094077132887377e-06
PADUR1_,count,exact_values,145,3,0,3,0.0,1.1428223139866213e-05
PADUR1_,count,exact_values,150,1306,103,1203,0.07886676875957122,0.004975086473555092
PADUR1_,count,exact_values,160,4,0,4,0.0,1.523763085315495e-05
PADUR1_,count,exact_values,165,4,0,4,0.0,1.523763085315495e-05
PADUR1_,count,exact_values,170,25,1,24,0.04,9.523519283221845e-05
PADUR1_,count,exact_values,179,9,1,8,0.1111111111111111,3.4284669419598644e-05
PADUR1_,count,exact_values,180,4819,370,4449,0.07677941481635193,0.018357535770338426
PADUR1_,count,exact_values,181,1,0,1,0.0,3.8094077132887377e-06
PADUR1_,count,exact_values,182,7,0,7,0.0,2.6665853993021166e-05
PADUR1_,count,exact_values,183,13,1,12,0.07692307692307693,4.952230027275359e-05
PADUR1_,count,exact_values,185,1,0,1,0.0,3.8094077132887377e-06
PADUR1_,count,exact_values,189,1,0,1,0.0,3.8094077132887377e-06
PADUR1_,count,exact_values,195,2,0,2,0.0,7.618815426577475e-06
PADUR1_,count,exact_values,200,3,0,3,0.0,1.1428223139866213e-05
PADUR1_,count,exact_values,210,244,24,220,0.09836065573770492,0.0009294954820424521
PADUR1_,count,exact_values,215,1,0,1,0.0,3.8094077132887377e-06
PADUR1_,count,exact_values,220,3,0,3,0.0,1.1428223139866213e-05
PADUR1_,count,exact_values,225,6,1,5,0.16666666666666666,2.2856446279732427e-05
PADUR1_,count,exact_values,230,11,1,10,0.09090909090909091,4.1903484846176115e-05
PADUR1_,count,exact_values,239,5,1,4,0.2,1.9047038566443688e-05
PADUR1_,count,exact_values,240,3677,299,3378,0.0813162904541746,0.01400719216176269
PADUR1_,count,exact_values,244,7,0,7,0.0,2.6665853993021166e-05
PADUR1_,count,exact_values,245,1,0,1,0.0,3.8094077132887377e-06
PADUR1_,count,exact_values,249,1,0,1,0.0,3.8094077132887377e-06
PADUR1_,count,exact_values,250,3,1,2,0.3333333333333333,1.1428223139866213e-05
PADUR1_,count,exact_values,254,1,0,1,0.0,3.8094077132887377e-06
PADUR1_,count,exact_values,255,7,2,5,0.2857142857142857,2.6665853993021166e-05
PADUR1_,count,exact_values,260,3,1,2,0.3333333333333333,1.1428223139866213e-05
PADUR1_,count,exact_values,270,320,40,280,0.125,0.001219010468252396
PADUR1_,count,exact_values,280,1,0,1,0.0,3.8094077132887377e-06
PADUR1_,count,exact_values,285,1,0,1,0.0,3.8094077132887377e-06
PADUR1_,count,exact_values,290,8,1,7,0.125,3.04752617063099e-05
PADUR1_,count,exact_values,293,2,0,2,0.0,7.618815426577475e-06
PADUR1_,count,exact_values,298,1,0,1,0.0,3.8094077132887377e-06
PADUR1_,count,exact_values,299,3,0,3,0.0,1.1428223139866213e-05
PADUR1_,count,exact_values,300,1337,113,1224,0.08451757666417352,0.005093178112667043
PADUR1_,count,exact_values,302,1,0,1,0.0,3.8094077132887377e-06
PADUR1_,count,exact_values,305,4,0,4,0.0,1.523763085315495e-05
PADUR1_,count,exact_values,309,1,0,1,0.0,3.8094077132887377e-06
PADUR1_,count,exact_values,315,1,0,1,0.0,3.8094077132887377e-06
PADUR1_,count,exact_values,330,19,1,18,0.05263157894736842,7.237874655248601e-05
PADUR1_,count,exact_values,345,2,1,1,0.5,7.618815426577475e-06
PADUR1_,count,exact_values,359,1,0,1,0.0,3.8094077132887377e-06
PADUR1_,count,exact_values,360,932,63,869,0.06759656652360516,0.0035503679887851037
PADUR1_,count,exact_values,365,1,0,1,0.0,3.8094077132887377e-06
PADUR1_,count,exact_values,366,3,1,2,0.3333333333333333,1.1428223139866213e-05
PADUR1_,count,exact_values,390,15,2,13,0.13333333333333333,5.714111569933107e-05
PADUR1_,count,exact_values,419,20,1,19,0.05,7.618815426577475e-05
PADUR1_,count,exact_values,420,180,14,166,0.07777777777777778,0.0006856933883919728
PADUR1_,count,exact_values,427,1,0,1,0.0,3.8094077132887377e-06
PADUR1_,count,exact_values,430,1,1,0,1.0,3.8094077132887377e-06
PADUR1_,count,exact_values,440,1,0,1,0.0,3.8094077132887377e-06
PADUR1_,count,exact_values,450,5,1,4,0.2,1.9047038566443688e-05
PADUR1_,count,exact_values,465,1,0,1,0.0,3.8094077132887377e-06
PADUR1_,count,exact_values,480,540,42,498,0.07777777777777778,0.0020570801651759183
PADUR1_,count,exact_values,481,1,0,1,0.0,3.8094077132887377e-06
PADUR1_,count,exact_values,482,1,0,1,0.0,3.8094077132887377e-06
PADUR1_,count,exact_values,488,2,0,2,0.0,7.618815426577475e-06
PADUR1_,count,exact_values,510,4,0,4,0.0,1.523763085315495e-05
PADUR1_,count,exact_values,539,1,0,1,0.0,3.8094077132887377e-06
PADUR1_,count,exact_values,540,137,16,121,0.11678832116788321,0.0005218888567205571
PADUR1_,count,exact_values,541,4,0,4,0.0,1.523763085315495e-05
PADUR1_,count,exact_values,542,3,1,2,0.3333333333333333,1.1428223139866213e-05
PADUR1_,count,exact_values,543,2,0,2,0.0,7.618815426577475e-06
PADUR1_,count,exact_values,549,1,0,1,0.0,3.8094077132887377e-06
PADUR1_,count,exact_values,550,1,0,1,0.0,3.8094077132887377e-06
PADUR1_,count,exact_values,555,3,0,3,0.0,1.1428223139866213e-05
PADUR1_,count,exact_values,560,10,2,8,0.2,3.8094077132887376e-05
PADUR1_,count,exact_values,565,2,0,2,0.0,7.618815426577475e-06
PADUR1_,count,exact_values,570,13,3,10,0.23076923076923078,4.952230027275359e-05
PADUR1_,count,exact_values,575,1,0,1,0.0,3.8094077132887377e-06
PADUR1_,count,exact_values,580,1,0,1,0.0,3.8094077132887377e-06
PADUR1_,count,exact_values,585,6,2,4,0.3333333333333333,2.2856446279732427e-05
PADUR1_,count,exact_values,588,1,0,1,0.0,3.8094077132887377e-06
PADUR1_,count,exact_values,595,1,0,1,0.0,3.8094077132887377e-06
PADUR1_,count,exact_values,596,1,0,1,0.0,3.8094077132887377e-06
PADUR1_,count,exact_values,599,70,6,64,0.08571428571428572,0.00026665853993021167
PADUR1_,count,exact_values,<MISSING>,91375,10483,80892,0.1147250341997264,0.3480846298017584
PADUR2_,count,exact_values,1,434,36,398,0.08294930875576037,0.0016532829475673122
PADUR2_,count,exact_values,2,353,32,321,0.0906515580736544,0.0013447209227909244
PADUR2_,count,exact_values,3,231,20,211,0.08658008658008658,0.0008799731817696984
PADUR2_,count,exact_values,4,143,14,129,0.0979020979020979,0.0005447453030002895
PADUR2_,count,exact_values,5,959,101,858,0.10531803962460896,0.0036532219970438996
PADUR2_,count,exact_values,6,96,17,79,0.17708333333333334,0.00036570314047571883
PADUR2_,count,exact_values,7,87,9,78,0.10344827586206896,0.0003314184710561202
PADUR2_,count,exact_values,8,103,16,87,0.1553398058252427,0.00039236899446874
PADUR2_,count,exact_values,9,9,1,8,0.1111111111111111,3.4284669419598644e-05
PADUR2_,count,exact_values,10,3285,347,2938,0.10563165905631659,0.012513904338153505
PADUR2_,count,exact_values,11,11,2,9,0.18181818181818182,4.1903484846176115e-05
PADUR2_,count,exact_values,12,136,14,122,0.10294117647058823,0.0005180794490072684
PADUR2_,count,exact_values,13,28,2,26,0.07142857142857142,0.00010666341597208466
PADUR2_,count,exact_values,14,22,1,21,0.045454545454545456,8.380696969235223e-05
PADUR2_,count,exact_values,15,6135,564,5571,0.09193154034229829,0.023370716321026407
PADUR2_,count,exact_values,16,25,2,23,0.08,9.523519283221845e-05
PADUR2_,count,exact_values,17,23,4,19,0.17391304347826086,8.761637740564097e-05
PADUR2_,count,exact_values,18,21,1,20,0.047619047619047616,7.999756197906349e-05
PADUR2_,count,exact_values,19,3,0,3,0.0,1.1428223139866213e-05
PADUR2_,count,exact_values,20,9031,540,8491,0.05979404274166759,0.03440276105871059
PADUR2_,count,exact_values,21,2,1,1,0.5,7.618815426577475e-06
PADUR2_,count,exact_values,22,20,2,18,0.1,7.618815426577475e-05
PADUR2_,count,exact_values,23,9,0,9,0.0,3.4284669419598644e-05
PADUR2_,count,exact_values,24,19,3,16,0.15789473684210525,7.237874655248601e-05
PADUR2_,count,exact_values,25,1268,73,1195,0.057570977917981075,0.00483032898045012
PADUR2_,count,exact_values,26,5,0,5,0.0,1.9047038566443688e-05
PADUR2_,count,exact_values,27,6,0,6,0.0,2.2856446279732427e-05
PADUR2_,count,exact_values,28,8,2,6,0.25,3.04752617063099e-05
PADUR2_,count,exact_values,29,3,1,2,0.3333333333333333,1.1428223139866213e-05
PADUR2_,count,exact_values,30,25591,1538,24053,0.06009925364385917,0.09748655279077209
PADUR2_,count,exact_values,31,3,1,2,0.3333333333333333,1.1428223139866213e-05
PADUR2_,count,exact_values,32,2,0,2,0.0,7.618815426577475e-06
PADUR2_,count,exact_values,33,4,0,4,0.0,1.523763085315495e-05
PADUR2_,count,exact_values,34,5,1,4,0.2,1.9047038566443688e-05
PADUR2_,count,exact_values,35,698,40,658,0.05730659025787966,0.002658966583875539
PADUR2_,count,exact_values,36,4,0,4,0.0,1.523763085315495e-05
PADUR2_,count,exact_values,37,10,0,10,0.0,3.8094077132887376e-05
PADUR2_,count,exact_values,38,10,1,9,0.1,3.8094077132887376e-05
PADUR2_,count,exact_values,40,2255,104,2151,0.04611973392461197,0.008590214393466104
PADUR2_,count,exact_values,41,1,0,1,0.0,3.8094077132887377e-06
PADUR2_,count,exact_values,42,3,0,3,0.0,1.1428223139866213e-05
PADUR2_,count,exact_values,43,3,0,3,0.0,1.1428223139866213e-05
PADUR2_,count,exact_values,44,5,0,5,0.0,1.9047038566443688e-05
PADUR2_,count,exact_values,45,8044,433,7611,0.05382894082545997,0.03064287564569461
PADUR2_,count,exact_values,47,4,0,4,0.0,1.523763085315495e-05
PADUR2_,count,exact_values,48,5,0,5,0.0,1.9047038566443688e-05
PADUR2_,count,exact_values,50,491,22,469,0.04480651731160896,0.0018704191872247703
PADUR2_,count,exact_values,52,4,0,4,0.0,1.523763085315495e-05
PADUR2_,count,exact_values,54,2,0,2,0.0,7.618815426577475e-06
PADUR2_,count,exact_values,55,65,4,61,0.06153846153846154,0.00024761150136376795
PADUR2_,count,exact_values,58,1,0,1,0.0,3.8094077132887377e-06
PADUR2_,count,exact_values,59,24,1,23,0.041666666666666664,9.142578511892971e-05
PADUR2_,count,exact_values,60,25145,1383,23762,0.05500099423344601,0.09578755695064531
PADUR2_,count,exact_values,61,30,1,29,0.03333333333333333,0.00011428223139866214
PADUR2_,count,exact_values,62,7,1,6,0.14285714285714285,2.6665853993021166e-05
PADUR2_,count,exact_values,63,5,0,5,0.0,1.9047038566443688e-05
PADUR2_,count,exact_values,65,17,0,17,0.0,6.475993112590855e-05
PADUR2_,count,exact_values,67,1,0,1,0.0,3.8094077132887377e-06
PADUR2_,count,exact_values,69,1,0,1,0.0,3.8094077132887377e-06
PADUR2_,count,exact_values,70,79,5,74,0.06329113924050633,0.0003009432093498103
PADUR2_,count,exact_values,72,1,0,1,0.0,3.8094077132887377e-06
PADUR2_,count,exact_values,73,1,0,1,0.0,3.8094077132887377e-06
PADUR2_,count,exact_values,75,378,16,362,0.042328042328042326,0.0014399561156231428
PADUR2_,count,exact_values,78,1,0,1,0.0,3.8094077132887377e-06
PADUR2_,count,exact_values,80,170,9,161,0.052941176470588235,0.0006475993112590855
PADUR2_,count,exact_values,81,1,1,0,1.0,3.8094077132887377e-06
PADUR2_,count,exact_values,82,1,0,1,0.0,3.8094077132887377e-06
PADUR2_,count,exact_values,85,18,0,18,0.0,6.856933883919729e-05
PADUR2_,count,exact_values,86,1,0,1,0.0,3.8094077132887377e-06
PADUR2_,count,exact_values,87,1,0,1,0.0,3.8094077132887377e-06
PADUR2_,count,exact_values,90,4690,277,4413,0.05906183368869936,0.01786612217532418
PADUR2_,count,exact_values,93,1,1,0,1.0,3.8094077132887377e-06
PADUR2_,count,exact_values,95,4,0,4,0.0,1.523763085315495e-05
PADUR2_,count,exact_values,100,19,1,18,0.05263157894736842,7.237874655248601e-05
PADUR2_,count,exact_values,105,69,2,67,0.028985507246376812,0.0002628491322169229
PADUR2_,count,exact_values,110,75,1,74,0.013333333333333334,0.00028570557849665534
PADUR2_,count,exact_values,119,23,1,22,0.043478260869565216,8.761637740564097e-05
PADUR2_,count,exact_values,120,10898,789,10109,0.07239860524866948,0.04151492525942067
PADUR2_,count,exact_values,121,5,0,5,0.0,1.9047038566443688e-05
PADUR2_,count,exact_values,122,12,1,11,0.08333333333333333,4.5712892559464854e-05
PADUR2_,count,exact_values,123,2,1,1,0.5,7.618815426577475e-06
PADUR2_,count,exact_values,124,2,0,2,0.0,7.618815426577475e-06
PADUR2_,count,exact_values,125,2,0,2,0.0,7.618815426577475e-06
PADUR2_,count,exact_values,127,1,0,1,0.0,3.8094077132887377e-06
PADUR2_,count,exact_values,130,3,0,3,0.0,1.1428223139866213e-05
PADUR2_,count,exact_values,132,1,0,1,0.0,3.8094077132887377e-06
PADUR2_,count,exact_values,133,1,0,1,0.0,3.8094077132887377e-06
PADUR2_,count,exact_values,135,12,1,11,0.08333333333333333,4.5712892559464854e-05
PADUR2_,count,exact_values,140,7,0,7,0.0,2.6665853993021166e-05
PADUR2_,count,exact_values,144,1,0,1,0.0,3.8094077132887377e-06
PADUR2_,count,exact_values,145,3,0,3,0.0,1.1428223139866213e-05
PADUR2_,count,exact_values,150,1083,86,997,0.07940904893813482,0.004125588553491703
PADUR2_,count,exact_values,155,1,0,1,0.0,3.8094077132887377e-06
PADUR2_,count,exact_values,160,12,2,10,0.16666666666666666,4.5712892559464854e-05
PADUR2_,count,exact_values,165,7,0,7,0.0,2.6665853993021166e-05
PADUR2_,count,exact_values,170,14,1,13,0.07142857142857142,5.333170798604233e-05
PADUR2_,count,exact_values,179,9,2,7,0.2222222222222222,3.4284669419598644e-05
PADUR2_,count,exact_values,180,4650,364,4286,0.07827956989247312,0.01771374586679263
PADUR2_,count,exact_values,182,1,0,1,0.0,3.8094077132887377e-06
PADUR2_,count,exact_values,183,7,3,4,0.42857142857142855,2.6665853993021166e-05
PADUR2_,count,exact_values,184,1,0,1,0.0,3.8094077132887377e-06
PADUR2_,count,exact_values,185,2,0,2,0.0,7.618815426577475e-06
PADUR2_,count,exact_values,195,3,1,2,0.3333333333333333,1.1428223139866213e-05
PADUR2_,count,exact_values,200,1,1,0,1.0,3.8094077132887377e-06
PADUR2_,count,exact_values,210,230,26,204,0.11304347826086956,0.0008761637740564097
PADUR2_,count,exact_values,225,5,0,5,0.0,1.9047038566443688e-05
PADUR2_,count,exact_values,230,7,2,5,0.2857142857142857,2.6665853993021166e-05
PADUR2_,count,exact_values,233,1,0,1,0.0,3.8094077132887377e-06
PADUR2_,count,exact_values,239,2,0,2,0.0,7.618815426577475e-06
PADUR2_,count,exact_values,240,3477,298,3179,0.08570606844981306,0.013245310619104942
PADUR2_,count,exact_values,244,5,0,5,0.0,1.9047038566443688e-05
PADUR2_,count,exact_values,255,5,1,4,0.2,1.9047038566443688e-05
PADUR2_,count,exact_values,260,1,0,1,0.0,3.8094077132887377e-06
PADUR2_,count,exact_values,270,207,24,183,0.11594202898550725,0.0007885473966507688
PADUR2_,count,exact_values,285,2,1,1,0.5,7.618815426577475e-06
PADUR2_,count,exact_values,290,9,0,9,0.0,3.4284669419598644e-05
PADUR2_,count,exact_values,293,1,0,1,0.0,3.8094077132887377e-06
PADUR2_,count,exact_values,299,3,0,3,0.0,1.1428223139866213e-05
PADUR2_,count,exact_values,300,1253,101,1152,0.08060654429369513,0.004773187864750788
PADUR2_,count,exact_values,302,1,0,1,0.0,3.8094077132887377e-06
PADUR2_,count,exact_values,305,2,0,2,0.0,7.618815426577475e-06
PADUR2_,count,exact_values,330,21,1,20,0.047619047619047616,7.999756197906349e-05
PADUR2_,count,exact_values,359,3,0,3,0.0,1.1428223139866213e-05
PADUR2_,count,exact_values,360,995,87,908,0.08743718592964825,0.003790360674722294
PADUR2_,count,exact_values,361,1,0,1,0.0,3.8094077132887377e-06
PADUR2_,count,exact_values,362,1,0,1,0.0,3.8094077132887377e-06
PADUR2_,count,exact_values,390,8,1,7,0.125,3.04752617063099e-05
PADUR2_,count,exact_values,410,3,0,3,0.0,1.1428223139866213e-05
PADUR2_,count,exact_values,417,1,0,1,0.0,3.8094077132887377e-06
PADUR2_,count,exact_values,419,47,2,45,0.0425531914893617,0.00017904216252457068
PADUR2_,count,exact_values,420,193,15,178,0.07772020725388601,0.0007352156886647264
PADUR2_,count,exact_values,440,2,0,2,0.0,7.618815426577475e-06
PADUR2_,count,exact_values,450,1,0,1,0.0,3.8094077132887377e-06
PADUR2_,count,exact_values,479,2,0,2,0.0,7.618815426577475e-06
PADUR2_,count,exact_values,480,609,48,561,0.07881773399014778,0.0023199292973928413
PADUR2_,count,exact_values,488,3,0,3,0.0,1.1428223139866213e-05
PADUR2_,count,exact_values,510,3,2,1,0.6666666666666666,1.1428223139866213e-05
PADUR2_,count,exact_values,520,1,0,1,0.0,3.8094077132887377e-06
PADUR2_,count,exact_values,539,3,0,3,0.0,1.1428223139866213e-05
PADUR2_,count,exact_values,540,186,6,180,0.03225806451612903,0.0007085498346717053
PADUR2_,count,exact_values,541,2,1,1,0.5,7.618815426577475e-06
PADUR2_,count,exact_values,544,1,1,0,1.0,3.8094077132887377e-06
PADUR2_,count,exact_values,549,1,0,1,0.0,3.8094077132887377e-06
PADUR2_,count,exact_values,550,2,1,1,0.5,7.618815426577475e-06
PADUR2_,count,exact_values,552,1,0,1,0.0,3.8094077132887377e-06
PADUR2_,count,exact_values,555,1,1,0,1.0,3.8094077132887377e-06
PADUR2_,count,exact_values,560,3,0,3,0.0,1.1428223139866213e-05
PADUR2_,count,exact_values,565,1,0,1,0.0,3.8094077132887377e-06
PADUR2_,count,exact_values,570,19,1,18,0.05263157894736842,7.237874655248601e-05
PADUR2_,count,exact_values,580,2,0,2,0.0,7.618815426577475e-06
PADUR2_,count,exact_values,585,4,0,4,0.0,1.523763085315495e-05
PADUR2_,count,exact_values,590,3,1,2,0.3333333333333333,1.1428223139866213e-05
PADUR2_,count,exact_values,595,2,1,1,0.5,7.618815426577475e-06
PADUR2_,count,exact_values,599,60,5,55,0.08333333333333333,0.00022856446279732428
PADUR2_,count,exact_values,<MISSING>,147923,15652,132271,0.10581180749443968,0.5634990171728099
PAFREQ1_,continuous,exact_values,0.233,1342,90,1252,0.06706408345752608,0.005112225151233486
PAFREQ1_,continuous,exact_values,0.467,3036,215,2821,0.07081686429512517,0.011565361817544608
PAFREQ1_,continuous,exact_values,0.7,2809,224,2585,0.0797436810252759,0.010700626266628065
PAFREQ1_,continuous,exact_values,0.933,3302,257,3045,0.07783161720169594,0.012578664269279413
PAFREQ1_,continuous,exact_values,1,9896,681,9215,0.06881568310428456,0.03769789873070535
PAFREQ1_,continuous,exact_values,1.167,2785,176,2609,0.06319569120287254,0.010609200481509136
PAFREQ1_,continuous,exact_values,1.4,1629,128,1501,0.07857581338244321,0.006205525164947354
PAFREQ1_,continuous,exact_values,1.633,907,78,829,0.08599779492833518,0.0034551327959528853
PAFREQ1_,continuous,exact_values,1.867,1890,128,1762,0.06772486772486773,0.007199780578115714
PAFREQ1_,continuous,exact_values,2,20687,1345,19342,0.065016677140233,0.07880521736480411
PAFREQ1_,continuous,exact_values,2.1,229,17,212,0.07423580786026202,0.000872354366343121
PAFREQ1_,continuous,exact_values,2.333,3519,287,3232,0.08155726058539357,0.013405305743063069
PAFREQ1_,continuous,exact_values,2.567,39,3,36,0.07692307692307693,0.00014856690081826076
PAFREQ1_,continuous,exact_values,2.8,2176,193,1983,0.08869485294117647,0.008289271184116294
PAFREQ1_,continuous,exact_values,3,31094,2147,28947,0.06904869106580047,0.11844972343700001
PAFREQ1_,continuous,exact_values,3.033,66,4,62,0.06060606060606061,0.0002514209090770567
PAFREQ1_,continuous,exact_values,3.267,495,56,439,0.11313131313131314,0.0018856568180779252
PAFREQ1_,continuous,exact_values,3.5,4391,336,4055,0.07652015486221818,0.016727109269050848
PAFREQ1_,continuous,exact_values,3.733,484,37,447,0.07644628099173553,0.0018437533332317491
PAFREQ1_,continuous,exact_values,3.967,81,4,77,0.04938271604938271,0.0003085620247763878
PAFREQ1_,continuous,exact_values,4,15526,831,14695,0.053523122504186525,0.05914486415652095
PAFREQ1_,continuous,exact_values,4.2,223,21,202,0.09417040358744394,0.0008494979200633886
PAFREQ1_,continuous,exact_values,4.433,16,0,16,0.0,6.09505234126198e-05
PAFREQ1_,continuous,exact_values,4.667,5486,451,5035,0.08220925993437841,0.020898410715102015
PAFREQ1_,continuous,exact_values,4.9,194,15,179,0.07731958762886598,0.0007390250963780152
PAFREQ1_,continuous,exact_values,5,17012,1075,15937,0.06319068892546438,0.06480564401846801
PAFREQ1_,continuous,exact_values,5.133,180,10,170,0.05555555555555555,0.0006856933883919728
PAFREQ1_,continuous,exact_values,5.367,81,5,76,0.06172839506172839,0.0003085620247763878
PAFREQ1_,continuous,exact_values,5.6,249,22,227,0.08835341365461848,0.0009485425206088958
PAFREQ1_,continuous,exact_values,5.833,2638,236,2402,0.08946171341925702,0.01004921754765569
PAFREQ1_,continuous,exact_values,6,5705,406,5299,0.07116564417177915,0.02173267100431225
PAFREQ1_,continuous,exact_values,6.067,210,23,187,0.10952380952380952,0.0007999756197906349
PAFREQ1_,continuous,exact_values,6.3,164,16,148,0.0975609756097561,0.000624742864979353
PAFREQ1_,continuous,exact_values,6.533,589,47,542,0.07979626485568761,0.0022437411431270667
PAFREQ1_,continuous,exact_values,6.767,118,7,111,0.059322033898305086,0.0004495101101680711
PAFREQ1_,continuous,exact_values,7,30505,3062,27443,0.10037698737911818,0.11620598229387295
PAFREQ1_,continuous,exact_values,7.233,145,21,124,0.14482758620689656,0.000552364118426867
PAFREQ1_,continuous,exact_values,7.467,4,0,4,0.0,1.523763085315495e-05
PAFREQ1_,continuous,exact_values,7.7,1,0,1,0.0,3.8094077132887377e-06
PAFREQ1_,continuous,exact_values,7.933,5,2,3,0.4,1.9047038566443688e-05
PAFREQ1_,continuous,exact_values,8,101,3,98,0.0297029702970297,0.0003847501790421625
PAFREQ1_,continuous,exact_values,8.167,35,5,30,0.14285714285714285,0.00013332926996510584
PAFREQ1_,continuous,exact_values,8.4,3,0,3,0.0,1.1428223139866213e-05
PAFREQ1_,continuous,exact_values,8.867,2,0,2,0.0,7.618815426577475e-06
PAFREQ1_,continuous,exact_values,9,32,2,30,0.0625,0.0001219010468252396
PAFREQ1_,continuous,exact_values,9.1,1,1,0,1.0,3.8094077132887377e-06
PAFREQ1_,continuous,exact_values,9.333,103,7,96,0.06796116504854369,0.00039236899446874
PAFREQ1_,continuous,exact_values,9.8,1,0,1,0.0,3.8094077132887377e-06
PAFREQ1_,continuous,exact_values,10,336,26,310,0.07738095238095238,0.0012799609916650159
PAFREQ1_,continuous,exact_values,10.267,2,0,2,0.0,7.618815426577475e-06
PAFREQ1_,continuous,exact_values,10.5,53,1,52,0.018867924528301886,0.0002018986088043031
PAFREQ1_,continuous,exact_values,11,11,0,11,0.0,4.1903484846176115e-05
PAFREQ1_,continuous,exact_values,11.2,1,0,1,0.0,3.8094077132887377e-06
PAFREQ1_,continuous,exact_values,11.667,119,15,104,0.12605042016806722,0.0004533195178813598
PAFREQ1_,continuous,exact_values,12,123,15,108,0.12195121951219512,0.00046855714873451476
PAFREQ1_,continuous,exact_values,13,5,0,5,0.0,1.9047038566443688e-05
PAFREQ1_,continuous,exact_values,13.067,1,0,1,0.0,3.8094077132887377e-06
PAFREQ1_,continuous,exact_values,13.533,1,0,1,0.0,3.8094077132887377e-06
PAFREQ1_,continuous,exact_values,14,1421,111,1310,0.0781140042223786,0.005413168360583296
PAFREQ1_,continuous,exact_values,14.467,4,0,4,0.0,1.523763085315495e-05
PAFREQ1_,continuous,exact_values,15,95,5,90,0.05263157894736842,0.0003618937327624301
PAFREQ1_,continuous,exact_values,15.167,1,0,1,0.0,3.8094077132887377e-06
PAFREQ1_,continuous,exact_values,15.4,2,0,2,0.0,7.618815426577475e-06
PAFREQ1_,continuous,exact_values,16,15,2,13,0.13333333333333333,5.714111569933107e-05
PAFREQ1_,continuous,exact_values,16.333,6,2,4,0.3333333333333333,2.2856446279732427e-05
PAFREQ1_,continuous,exact_values,17,6,0,6,0.0,2.2856446279732427e-05
PAFREQ1_,continuous,exact_values,17.5,25,4,21,0.16,9.523519283221845e-05
PAFREQ1_,continuous,exact_values,17.733,5,0,5,0.0,1.9047038566443688e-05
PAFREQ1_,continuous,exact_values,18,21,1,20,0.047619047619047616,7.999756197906349e-05
PAFREQ1_,continuous,exact_values,18.667,3,0,3,0.0,1.1428223139866213e-05
PAFREQ1_,continuous,exact_values,18.9,1,0,1,0.0,3.8094077132887377e-06
PAFREQ1_,continuous,exact_values,20,91,4,87,0.04395604395604396,0.00034665610190927516
PAFREQ1_,continuous,exact_values,21,348,42,306,0.1206896551724138,0.0013256738842244808
PAFREQ1_,continuous,exact_values,21.467,1,0,1,0.0,3.8094077132887377e-06
PAFREQ1_,continuous,exact_values,22.4,1,0,1,0.0,3.8094077132887377e-06
PAFREQ1_,continuous,exact_values,22.867,1,1,0,1.0,3.8094077132887377e-06
PAFREQ1_,continuous,exact_values,23.1,16,1,15,0.0625,6.09505234126198e-05
PAFREQ1_,continuous,exact_values,24,6,1,5,0.16666666666666666,2.2856446279732427e-05
PAFREQ1_,continuous,exact_values,25,30,3,27,0.1,0.00011428223139866214
PAFREQ1_,continuous,exact_values,27,1,0,1,0.0,3.8094077132887377e-06
PAFREQ1_,continuous,exact_values,28,82,5,77,0.06097560975609756,0.0003123714324896765
PAFREQ1_,continuous,exact_values,30,56,9,47,0.16071428571428573,0.00021332683194416933
PAFREQ1_,continuous,exact_values,31,1,0,1,0.0,3.8094077132887377e-06
PAFREQ1_,continuous,exact_values,32,1,0,1,0.0,3.8094077132887377e-06
PAFREQ1_,continuous,exact_values,34,1,0,1,0.0,3.8094077132887377e-06
PAFREQ1_,continuous,exact_values,35,34,6,28,0.17647058823529413,0.0001295198622518171
PAFREQ1_,continuous,exact_values,38,1,1,0,1.0,3.8094077132887377e-06
PAFREQ1_,continuous,exact_values,40,10,1,9,0.1,3.8094077132887376e-05
PAFREQ1_,continuous,exact_values,42,8,1,7,0.125,3.04752617063099e-05
PAFREQ1_,continuous,exact_values,43,1,0,1,0.0,3.8094077132887377e-06
PAFREQ1_,continuous,exact_values,45,1,0,1,0.0,3.8094077132887377e-06
PAFREQ1_,continuous,exact_values,49,2,0,2,0.0,7.618815426577475e-06
PAFREQ1_,continuous,exact_values,50,17,5,12,0.29411764705882354,6.475993112590855e-05
PAFREQ1_,continuous,exact_values,56,1,0,1,0.0,3.8094077132887377e-06
PAFREQ1_,continuous,exact_values,60,2,1,1,0.5,7.618815426577475e-06
PAFREQ1_,continuous,exact_values,63,1,1,0,1.0,3.8094077132887377e-06
PAFREQ1_,continuous,exact_values,70,4,0,4,0.0,1.523763085315495e-05
PAFREQ1_,continuous,exact_values,73,1,0,1,0.0,3.8094077132887377e-06
PAFREQ1_,continuous,exact_values,74,1,0,1,0.0,3.8094077132887377e-06
PAFREQ1_,continuous,exact_values,75,6,0,6,0.0,2.2856446279732427e-05
PAFREQ1_,continuous,exact_values,79,1,0,1,0.0,3.8094077132887377e-06
PAFREQ1_,continuous,exact_values,80,1,0,1,0.0,3.8094077132887377e-06
PAFREQ1_,continuous,exact_values,84,1,0,1,0.0,3.8094077132887377e-06
PAFREQ1_,continuous,exact_values,99,13,0,13,0.0,4.952230027275359e-05
PAFREQ1_,continuous,exact_values,<MISSING>,89323,10242,79081,0.11466251693292881,0.34026772517408993
PAFREQ2_,continuous,exact_values,0.233,2074,125,1949,0.06027000964320154,0.007900711597360843
PAFREQ2_,continuous,exact_values,0.467,4796,261,4535,0.054420350291909926,0.018269919392932786
PAFREQ2_,continuous,exact_values,0.7,3596,229,3367,0.06368186874304783,0.0136986301369863
PAFREQ2_,continuous,exact_values,0.933,4446,324,4122,0.0728744939271255,0.016936626693281727
PAFREQ2_,continuous,exact_values,1,14871,826,14045,0.05554434805998252,0.05664970210431682
PAFREQ2_,continuous,exact_values,1.167,2973,190,2783,0.06390850992263707,0.011325369131607418
PAFREQ2_,continuous,exact_values,1.4,1711,127,1584,0.07422559906487435,0.006517896597437031
PAFREQ2_,continuous,exact_values,1.633,769,50,719,0.06501950585175553,0.0029294345315190396
PAFREQ2_,continuous,exact_values,1.867,1960,132,1828,0.0673469387755102,0.007466439118045926
PAFREQ2_,continuous,exact_values,2,20551,1048,19503,0.05099508539730427,0.07828713791579685
PAFREQ2_,continuous,exact_values,2.1,176,12,164,0.06818181818181818,0.0006704557575388178
PAFREQ2_,continuous,exact_values,2.333,2991,196,2795,0.06552992310264126,0.011393938470446615
PAFREQ2_,continuous,exact_values,2.567,29,2,27,0.06896551724137931,0.0001104728236853734
PAFREQ2_,continuous,exact_values,2.8,1239,92,1147,0.07425343018563357,0.004719856156764746
PAFREQ2_,continuous,exact_values,3,17056,1059,15997,0.06208958724202627,0.0649732579578527
PAFREQ2_,continuous,exact_values,3.033,35,4,31,0.11428571428571428,0.00013332926996510584
PAFREQ2_,continuous,exact_values,3.267,317,29,288,0.0914826498422713,0.00120758224511253
PAFREQ2_,continuous,exact_values,3.5,2641,231,2410,0.08746686861037486,0.010060645770795556
PAFREQ2_,continuous,exact_values,3.733,204,15,189,0.07352941176470588,0.0007771191735109025
PAFREQ2_,continuous,exact_values,3.967,32,3,29,0.09375,0.0001219010468252396
PAFREQ2_,continuous,exact_values,4,6129,381,5748,0.06216348507097406,0.023347859874746673
PAFREQ2_,continuous,exact_values,4.2,91,8,83,0.08791208791208792,0.00034665610190927516
PAFREQ2_,continuous,exact_values,4.433,3,0,3,0.0,1.1428223139866213e-05
PAFREQ2_,continuous,exact_values,4.667,2363,189,2174,0.0799830723656369,0.009001630426501287
PAFREQ2_,continuous,exact_values,4.9,77,7,70,0.09090909090909091,0.0002933243939232328
PAFREQ2_,continuous,exact_values,5,6131,383,5748,0.06246941771326048,0.02335547869017325
PAFREQ2_,continuous,exact_values,5.133,54,2,52,0.037037037037037035,0.00020570801651759185
PAFREQ2_,continuous,exact_values,5.367,19,0,19,0.0,7.237874655248601e-05
PAFREQ2_,continuous,exact_values,5.6,83,6,77,0.07228915662650602,0.00031618084020296525
PAFREQ2_,continuous,exact_values,5.833,867,90,777,0.10380622837370242,0.003302756487421336
PAFREQ2_,continuous,exact_values,6,1767,133,1634,0.07526881720430108,0.0067312234293812
PAFREQ2_,continuous,exact_values,6.067,67,6,61,0.08955223880597014,0.00025523031679034543
PAFREQ2_,continuous,exact_values,6.3,35,3,32,0.08571428571428572,0.00013332926996510584
PAFREQ2_,continuous,exact_values,6.533,158,19,139,0.12025316455696203,0.0006018864186996206
PAFREQ2_,continuous,exact_values,6.767,27,1,26,0.037037037037037035,0.00010285400825879592
PAFREQ2_,continuous,exact_values,7,14221,1339,12882,0.09415652907671752,0.05417358709067914
PAFREQ2_,continuous,exact_values,7.233,68,5,63,0.07352941176470588,0.0002590397245036342
PAFREQ2_,continuous,exact_values,7.467,4,1,3,0.25,1.523763085315495e-05
PAFREQ2_,continuous,exact_values,8,43,1,42,0.023255813953488372,0.00016380453167141572
PAFREQ2_,continuous,exact_values,8.167,9,0,9,0.0,3.4284669419598644e-05
PAFREQ2_,continuous,exact_values,8.4,1,0,1,0.0,3.8094077132887377e-06
PAFREQ2_,continuous,exact_values,8.867,2,0,2,0.0,7.618815426577475e-06
PAFREQ2_,continuous,exact_values,9,4,0,4,0.0,1.523763085315495e-05
PAFREQ2_,continuous,exact_values,9.333,26,3,23,0.11538461538461539,9.904460054550719e-05
PAFREQ2_,continuous,exact_values,9.8,1,0,1,0.0,3.8094077132887377e-06
PAFREQ2_,continuous,exact_values,10,138,13,125,0.09420289855072464,0.0005256982644338458
PAFREQ2_,continuous,exact_values,10.267,1,0,1,0.0,3.8094077132887377e-06
PAFREQ2_,continuous,exact_values,10.5,10,0,10,0.0,3.8094077132887376e-05
PAFREQ2_,continuous,exact_values,11,2,1,1,0.5,7.618815426577475e-06
PAFREQ2_,continuous,exact_values,11.667,68,9,59,0.1323529411764706,0.0002590397245036342
PAFREQ2_,continuous,exact_values,12,35,1,34,0.02857142857142857,0.00013332926996510584
PAFREQ2_,continuous,exact_values,13,1,0,1,0.0,3.8094077132887377e-06
PAFREQ2_,continuous,exact_values,13.067,1,0,1,0.0,3.8094077132887377e-06
PAFREQ2_,continuous,exact_values,14,429,42,387,0.0979020979020979,0.0016342359090008684
PAFREQ2_,continuous,exact_values,14.467,1,0,1,0.0,3.8094077132887377e-06
PAFREQ2_,continuous,exact_values,15,41,3,38,0.07317073170731707,0.00015618571624483824
PAFREQ2_,continuous,exact_values,15.167,3,0,3,0.0,1.1428223139866213e-05
PAFREQ2_,continuous,exact_values,16,4,0,4,0.0,1.523763085315495e-05
PAFREQ2_,continuous,exact_values,16.333,3,0,3,0.0,1.1428223139866213e-05
PAFREQ2_,continuous,exact_values,17,1,0,1,0.0,3.8094077132887377e-06
PAFREQ2_,continuous,exact_values,17.5,11,4,7,0.36363636363636365,4.1903484846176115e-05
PAFREQ2_,continuous,exact_values,17.733,4,0,4,0.0,1.523763085315495e-05
PAFREQ2_,continuous,exact_values,18,4,0,4,0.0,1.523763085315495e-05
PAFREQ2_,continuous,exact_values,18.667,1,0,1,0.0,3.8094077132887377e-06
PAFREQ2_,continuous,exact_values,19.6,2,0,2,0.0,7.618815426577475e-06
PAFREQ2_,continuous,exact_values,20,69,7,62,0.10144927536231885,0.0002628491322169229
PAFREQ2_,continuous,exact_values,21,131,17,114,0.1297709923664122,0.0004990324104408246
PAFREQ2_,continuous,exact_values,23,1,0,1,0.0,3.8094077132887377e-06
PAFREQ2_,continuous,exact_values,23.1,25,2,23,0.08,9.523519283221845e-05
PAFREQ2_,continuous,exact_values,24,2,0,2,0.0,7.618815426577475e-06
PAFREQ2_,continuous,exact_values,25,23,3,20,0.13043478260869565,8.761637740564097e-05
PAFREQ2_,continuous,exact_values,26,1,0,1,0.0,3.8094077132887377e-06
PAFREQ2_,continuous,exact_values,27,1,0,1,0.0,3.8094077132887377e-06
PAFREQ2_,continuous,exact_values,28,47,3,44,0.06382978723404255,0.00017904216252457068
PAFREQ2_,continuous,exact_values,30,49,2,47,0.04081632653061224,0.00018666097795114815
PAFREQ2_,continuous,exact_values,32,2,1,1,0.5,7.618815426577475e-06
PAFREQ2_,continuous,exact_values,35,43,6,37,0.13953488372093023,0.00016380453167141572
PAFREQ2_,continuous,exact_values,36,3,1,2,0.3333333333333333,1.1428223139866213e-05
PAFREQ2_,continuous,exact_values,40,15,1,14,0.06666666666666667,5.714111569933107e-05
PAFREQ2_,continuous,exact_values,42,12,2,10,0.16666666666666666,4.5712892559464854e-05
PAFREQ2_,continuous,exact_values,43,1,0,1,0.0,3.8094077132887377e-06
PAFREQ2_,continuous,exact_values,45,2,0,2,0.0,7.618815426577475e-06
PAFREQ2_,continuous,exact_values,48,2,0,2,0.0,7.618815426577475e-06
PAFREQ2_,continuous,exact_values,49,7,0,7,0.0,2.6665853993021166e-05
PAFREQ2_,continuous,exact_values,50,33,5,28,0.15151515151515152,0.00012571045453852836
PAFREQ2_,continuous,exact_values,56,2,0,2,0.0,7.618815426577475e-06
PAFREQ2_,continuous,exact_values,60,3,1,2,0.3333333333333333,1.1428223139866213e-05
PAFREQ2_,continuous,exact_values,63,1,0,1,0.0,3.8094077132887377e-06
PAFREQ2_,continuous,exact_values,70,22,2,20,0.09090909090909091,8.380696969235223e-05
PAFREQ2_,continuous,exact_values,72,1,0,1,0.0,3.8094077132887377e-06
PAFREQ2_,continuous,exact_values,75,5,0,5,0.0,1.9047038566443688e-05
PAFREQ2_,continuous,exact_values,76,2,0,2,0.0,7.618815426577475e-06
PAFREQ2_,continuous,exact_values,99,12,0,12,0.0,4.5712892559464854e-05
PAFREQ2_,continuous,exact_values,<MISSING>,146514,15522,130992,0.10594209427085466,0.5581315617047862
_MINAC11,count,sample_quantile_bins,"[-inf, 28]",1111,97,1014,0.08730873087308731,0.06919531639262581
_MINAC11,count,sample_quantile_bins,"[28, 60]",1342,113,1229,0.08420268256333831,0.08358246138515196
_MINAC11,count,sample_quantile_bins,"[60, 90]",1139,93,1046,0.08165057067603161,0.07093921275535625
_MINAC11,count,sample_quantile_bins,"[90, 120]",1073,81,992,0.0754892823858341,0.06682859990034878
_MINAC11,count,sample_quantile_bins,"[120, 140]",557,47,510,0.0843806104129264,0.03469108121574489
_MINAC11,count,sample_quantile_bins,"[140, 180]",1256,82,1174,0.06528662420382166,0.07822620827105133
_MINAC11,count,sample_quantile_bins,"[180, 225]",866,74,792,0.08545034642032333,0.05393622321873443
_MINAC11,count,sample_quantile_bins,"[225, 300]",985,65,920,0.06598984771573604,0.061347782760338816
_MINAC11,count,sample_quantile_bins,"[300, 448.8]",993,75,918,0.0755287009063444,0.061846038863976084
_MINAC11,count,sample_quantile_bins,"[448.8, inf]",1027,87,940,0.08471275559883155,0.06396362730443447
_MINAC11,count,sample_quantile_bins,<MISSING>,5707,691,5016,0.12107937620466094,0.35544344793223714
_MINAC21,count,sample_quantile_bins,"[-inf, 30]",5142,440,4702,0.08556981719175417,0.320254110612855
_MINAC21,count,sample_quantile_bins,"[30, 60]",1131,81,1050,0.07161803713527852,0.07044095665171898
_MINAC21,count,sample_quantile_bins,"[60, 105]",935,58,877,0.06203208556149733,0.05823368211260588
_MINAC21,count,sample_quantile_bins,"[105, 168]",1031,62,969,0.06013579049466537,0.06421275535625312
_MINAC21,count,sample_quantile_bins,"[168, 300]",1002,78,924,0.07784431137724551,0.062406576980568014
_MINAC21,count,sample_quantile_bins,"[300, inf]",1009,91,918,0.09018830525272548,0.06284255107125063
_MINAC21,count,sample_quantile_bins,<MISSING>,5806,695,5111,0.1197037547364795,0.3616093672147484
STRFREQ_,continuous,exact_values,0,145293,15054,130239,0.10361132332596891,0.5534802748868606
STRFREQ_,continuous,exact_values,0.233,2339,132,2207,0.05643437366395896,0.008910204641382358
STRFREQ_,continuous,exact_values,0.467,4012,219,3793,0.05458624127617148,0.015283343745714417
STRFREQ_,continuous,exact_values,0.7,2396,142,2254,0.05926544240400668,0.009127340881039815
STRFREQ_,continuous,exact_values,0.933,2656,144,2512,0.05421686746987952,0.010117786886494888
STRFREQ_,continuous,exact_values,1,8989,495,8494,0.055067304483257314,0.034242765934752464
STRFREQ_,continuous,exact_values,1.167,2689,173,2516,0.06433618445518781,0.010243497341033416
STRFREQ_,continuous,exact_values,1.4,897,52,845,0.057971014492753624,0.0034170387188199977
STRFREQ_,continuous,exact_values,1.633,481,25,456,0.05197505197505198,0.001832325110091883
STRFREQ_,continuous,exact_values,1.867,1389,83,1306,0.059755219582433405,0.0052912673137580565
STRFREQ_,continuous,exact_values,2,14413,827,13586,0.05737875529036287,0.05490499337163058
STRFREQ_,continuous,exact_values,2.1,123,9,114,0.07317073170731707,0.00046855714873451476
STRFREQ_,continuous,exact_values,2.333,2622,175,2447,0.06674294431731502,0.009988267024243071
STRFREQ_,continuous,exact_values,2.567,16,0,16,0.0,6.09505234126198e-05
STRFREQ_,continuous,exact_values,2.8,1197,100,1097,0.0835421888053467,0.0045598610328066195
STRFREQ_,continuous,exact_values,3,16337,1131,15206,0.06922935667503213,0.06223429381199811
STRFREQ_,continuous,exact_values,3.033,42,4,38,0.09523809523809523,0.00015999512395812698
STRFREQ_,continuous,exact_values,3.267,218,18,200,0.08256880733944955,0.0008304508814969448
STRFREQ_,continuous,exact_values,3.5,2455,186,2269,0.07576374745417515,0.009352095936123852
STRFREQ_,continuous,exact_values,3.733,251,18,233,0.07171314741035857,0.0009561613360354732
STRFREQ_,continuous,exact_values,3.967,33,1,32,0.030303030303030304,0.00012571045453852836
STRFREQ_,continuous,exact_values,4,5994,313,5681,0.05221888555221889,0.022833589833452694
STRFREQ_,continuous,exact_values,4.2,86,2,84,0.023255813953488372,0.00032760906334283144
STRFREQ_,continuous,exact_values,4.433,8,0,8,0.0,3.04752617063099e-05
STRFREQ_,continuous,exact_values,4.667,2071,130,1941,0.06277160791887977,0.007889283374220976
STRFREQ_,continuous,exact_values,4.9,76,8,68,0.10526315789473684,0.00028951498620994405
STRFREQ_,continuous,exact_values,5,6118,333,5785,0.05442955214122262,0.0233059563899005
STRFREQ_,continuous,exact_values,5.133,62,1,61,0.016129032258064516,0.00023618327822390176
STRFREQ_,continuous,exact_values,5.367,19,0,19,0.0,7.237874655248601e-05
STRFREQ_,continuous,exact_values,5.6,103,6,97,0.05825242718446602,0.00039236899446874
STRFREQ_,continuous,exact_values,5.833,664,46,618,0.06927710843373494,0.002529446721623722
STRFREQ_,continuous,exact_values,6,1907,106,1801,0.05558468799160986,0.007264540509241623
STRFREQ_,continuous,exact_values,6.067,67,7,60,0.1044776119402985,0.00025523031679034543
STRFREQ_,continuous,exact_values,6.3,44,4,40,0.09090909090909091,0.00016761393938470446
STRFREQ_,continuous,exact_values,6.533,133,8,125,0.06015037593984962,0.0005066512258674021
STRFREQ_,continuous,exact_values,6.767,22,0,22,0.0,8.380696969235223e-05
STRFREQ_,continuous,exact_values,7,9314,953,8361,0.102319089542624,0.0354808234415713
STRFREQ_,continuous,exact_values,7.233,37,1,36,0.02702702702702703,0.00014094808539168331
STRFREQ_,continuous,exact_values,7.467,2,0,2,0.0,7.618815426577475e-06
STRFREQ_,continuous,exact_values,8,55,4,51,0.07272727272727272,0.0002095174242308806
STRFREQ_,continuous,exact_values,8.167,7,0,7,0.0,2.6665853993021166e-05
STRFREQ_,continuous,exact_values,8.4,2,0,2,0.0,7.618815426577475e-06
STRFREQ_,continuous,exact_values,8.633,1,0,1,0.0,3.8094077132887377e-06
STRFREQ_,continuous,exact_values,8.867,1,0,1,0.0,3.8094077132887377e-06
STRFREQ_,continuous,exact_values,9,12,2,10,0.16666666666666666,4.5712892559464854e-05
STRFREQ_,continuous,exact_values,9.333,17,1,16,0.058823529411764705,6.475993112590855e-05
STRFREQ_,continuous,exact_values,9.567,1,0,1,0.0,3.8094077132887377e-06
STRFREQ_,continuous,exact_values,9.8,2,0,2,0.0,7.618815426577475e-06
STRFREQ_,continuous,exact_values,10,100,8,92,0.08,0.0003809407713288738
STRFREQ_,continuous,exact_values,10.033,1,1,0,1.0,3.8094077132887377e-06
STRFREQ_,continuous,exact_values,10.5,9,2,7,0.2222222222222222,3.4284669419598644e-05
STRFREQ_,continuous,exact_values,11,6,0,6,0.0,2.2856446279732427e-05
STRFREQ_,continuous,exact_values,11.2,1,0,1,0.0,3.8094077132887377e-06
STRFREQ_,continuous,exact_values,11.667,8,0,8,0.0,3.04752617063099e-05
STRFREQ_,continuous,exact_values,12,37,7,30,0.1891891891891892,0.00014094808539168331
STRFREQ_,continuous,exact_values,12.833,2,0,2,0.0,7.618815426577475e-06
STRFREQ_,continuous,exact_values,13,5,0,5,0.0,1.9047038566443688e-05
STRFREQ_,continuous,exact_values,13.067,1,0,1,0.0,3.8094077132887377e-06
STRFREQ_,continuous,exact_values,14,317,42,275,0.13249211356466878,0.00120758224511253
STRFREQ_,continuous,exact_values,14.467,1,0,1,0.0,3.8094077132887377e-06
STRFREQ_,continuous,exact_values,15,14,2,12,0.14285714285714285,5.333170798604233e-05
STRFREQ_,continuous,exact_values,15.633,1,0,1,0.0,3.8094077132887377e-06
STRFREQ_,continuous,exact_values,16,5,1,4,0.2,1.9047038566443688e-05
STRFREQ_,continuous,exact_values,16.333,4,0,4,0.0,1.523763085315495e-05
STRFREQ_,continuous,exact_values,16.8,1,0,1,0.0,3.8094077132887377e-06
STRFREQ_,continuous,exact_values,17,1,0,1,0.0,3.8094077132887377e-06
STRFREQ_,continuous,exact_values,17.5,2,0,2,0.0,7.618815426577475e-06
STRFREQ_,continuous,exact_values,18,6,0,6,0.0,2.2856446279732427e-05
STRFREQ_,continuous,exact_values,19,2,1,1,0.5,7.618815426577475e-06
STRFREQ_,continuous,exact_values,20,29,6,23,0.20689655172413793,0.0001104728236853734
STRFREQ_,continuous,exact_values,20.533,3,0,3,0.0,1.1428223139866213e-05
STRFREQ_,continuous,exact_values,21,52,7,45,0.1346153846153846,0.00019808920109101437
STRFREQ_,continuous,exact_values,22.867,1,1,0,1.0,3.8094077132887377e-06
STRFREQ_,continuous,exact_values,23.1,12,0,12,0.0,4.5712892559464854e-05
STRFREQ_,continuous,exact_values,24,1,0,1,0.0,3.8094077132887377e-06
STRFREQ_,continuous,exact_values,25,9,2,7,0.2222222222222222,3.4284669419598644e-05
STRFREQ_,continuous,exact_values,26,1,0,1,0.0,3.8094077132887377e-06
STRFREQ_,continuous,exact_values,27,1,0,1,0.0,3.8094077132887377e-06
STRFREQ_,continuous,exact_values,28,7,1,6,0.14285714285714285,2.6665853993021166e-05
STRFREQ_,continuous,exact_values,30,17,2,15,0.11764705882352941,6.475993112590855e-05
STRFREQ_,continuous,exact_values,32,1,0,1,0.0,3.8094077132887377e-06
STRFREQ_,continuous,exact_values,35,8,0,8,0.0,3.04752617063099e-05
STRFREQ_,continuous,exact_values,36,1,0,1,0.0,3.8094077132887377e-06
STRFREQ_,continuous,exact_values,40,3,2,1,0.6666666666666666,1.1428223139866213e-05
STRFREQ_,continuous,exact_values,42,1,0,1,0.0,3.8094077132887377e-06
STRFREQ_,continuous,exact_values,45,1,1,0,1.0,3.8094077132887377e-06
STRFREQ_,continuous,exact_values,50,4,1,3,0.25,1.523763085315495e-05
STRFREQ_,continuous,exact_values,60,5,0,5,0.0,1.9047038566443688e-05
STRFREQ_,continuous,exact_values,70,4,3,1,0.75,1.523763085315495e-05
STRFREQ_,continuous,exact_values,73,2,0,2,0.0,7.618815426577475e-06
STRFREQ_,continuous,exact_values,74,1,0,1,0.0,3.8094077132887377e-06
STRFREQ_,continuous,exact_values,75,3,1,2,0.3333333333333333,1.1428223139866213e-05
STRFREQ_,continuous,exact_values,80,1,0,1,0.0,3.8094077132887377e-06
STRFREQ_,continuous,exact_values,88,2,0,2,0.0,7.618815426577475e-06
STRFREQ_,continuous,exact_values,90,1,0,1,0.0,3.8094077132887377e-06
STRFREQ_,continuous,exact_values,99,12,2,10,0.16666666666666666,4.5712892559464854e-05
STRFREQ_,continuous,exact_values,<MISSING>,26128,2174,23954,0.08320575627679118,0.09953220473280815
PAMISS1_,categorical,exact_values,0,227174,20081,207093,0.08839479870055553,0.8653983878586557
PAMISS1_,categorical,exact_values,1,12756,1274,11482,0.09987456883035434,0.04859280479071114
PAMISS1_,categorical,exact_values,9,22578,1825,20753,0.08083089733368766,0.08600880735063313
PAMIN11_,count,sample_quantile_bins,"[-inf, 30]",1180,94,1086,0.07966101694915254,0.07349277528649725
PAMIN11_,count,sample_quantile_bins,"[30, 60]",915,68,847,0.07431693989071038,0.05698804185351271
PAMIN11_,count,sample_quantile_bins,"[60, 105]",1093,86,1007,0.07868252516010979,0.06807424015944195
PAMIN11_,count,sample_quantile_bins,"[105, 140]",1122,78,1044,0.06951871657754011,0.06988041853512705
PAMIN11_,count,sample_quantile_bins,"[140, 180]",1092,72,1020,0.06593406593406594,0.06801195814648729
PAMIN11_,count,sample_quantile_bins,"[180, 240]",1149,91,1058,0.07919930374238468,0.07156203288490284
PAMIN11_,count,sample_quantile_bins,"[240, 300]",675,59,616,0.0874074074074074,0.04204035874439462
PAMIN11_,count,sample_quantile_bins,"[300, 420]",1231,107,1124,0.08692120227457352,0.07666915794718485
PAMIN11_,count,sample_quantile_bins,"[420, 672]",766,56,710,0.0731070496083551,0.04770802192326856
PAMIN11_,count,sample_quantile_bins,"[672, inf]",1038,100,938,0.09633911368015415,0.06464872944693573
PAMIN11_,count,sample_quantile_bins,<MISSING>,5795,694,5101,0.11975841242450389,0.3609242650722471
PAMIN21_,count,sample_quantile_bins,"[-inf, 45]",5086,431,4655,0.08474243020055053,0.3167663178873941
PAMIN21_,count,sample_quantile_bins,"[45, 90]",1139,67,1072,0.058823529411764705,0.07093921275535625
PAMIN21_,count,sample_quantile_bins,"[90, 140]",979,66,913,0.06741573033707865,0.060974090682610865
PAMIN21_,count,sample_quantile_bins,"[140, 240]",1171,78,1093,0.06660973526900085,0.07293223716990534
PAMIN21_,count,sample_quantile_bins,"[240, 420]",820,68,752,0.08292682926829269,0.05107125062282013
PAMIN21_,count,sample_quantile_bins,"[420, inf]",968,98,870,0.1012396694214876,0.06028898854010962
PAMIN21_,count,sample_quantile_bins,<MISSING>,5893,697,5196,0.11827592058374342,0.3670279023418037
PA1MIN_,count,sample_quantile_bins,"[-inf, 60]",1336,123,1213,0.09206586826347306,0.08320876930742402
PA1MIN_,count,sample_quantile_bins,"[60, 105]",833,66,767,0.07923169267707082,0.05188091679123069
PA1MIN_,count,sample_quantile_bins,"[105, 150]",1018,64,954,0.06286836935166994,0.06340308918784256
PA1MIN_,count,sample_quantile_bins,"[150, 210]",1194,81,1113,0.0678391959798995,0.07436472346786248
PA1MIN_,count,sample_quantile_bins,"[210, 280]",996,72,924,0.07228915662650602,0.06203288490284006
PA1MIN_,count,sample_quantile_bins,"[280, 360]",1007,78,929,0.07745779543197617,0.0627179870453413
PA1MIN_,count,sample_quantile_bins,"[360, 480]",1066,87,979,0.08161350844277673,0.06639262580966616
PA1MIN_,count,sample_quantile_bins,"[480, 660]",963,67,896,0.0695742471443406,0.05997757847533632
PA1MIN_,count,sample_quantile_bins,"[660, 1080]",1029,86,943,0.08357628765792031,0.0640881913303438
PA1MIN_,count,sample_quantile_bins,"[1080, inf]",1035,115,920,0.1111111111111111,0.06446188340807175
PA1MIN_,count,sample_quantile_bins,<MISSING>,5579,666,4913,0.11937623229969528,0.34747135027404086
PAVIG11_,count,sample_quantile_bins,"[-inf, 40]",7317,477,6840,0.06519065190651907,0.4557174887892377
PAVIG11_,count,sample_quantile_bins,"[40, 120]",1049,128,921,0.12202097235462345,0.06533383158943697
PAVIG11_,count,sample_quantile_bins,"[120, 240]",1057,113,944,0.10690633869441817,0.06583208769307423
PAVIG11_,count,sample_quantile_bins,"[240, inf]",1008,108,900,0.10714285714285714,0.06278026905829596
PAVIG11_,count,sample_quantile_bins,<MISSING>,5625,679,4946,0.12071111111111112,0.35033632286995514
PAVIG21_,count,sample_quantile_bins,"[-inf, 56]",8212,607,7605,0.07391622016561131,0.5114598903836572
PAVIG21_,count,sample_quantile_bins,"[56, 135]",1027,88,939,0.08568646543330087,0.06396362730443447
PAVIG21_,count,sample_quantile_bins,"[135, inf]",1019,119,900,0.11678115799803729,0.0634653712007972
PAVIG21_,count,sample_quantile_bins,<MISSING>,5798,691,5107,0.11917902725077613,0.3611111111111111
PA1VIGM_,count,sample_quantile_bins,"[-inf, 56]",6359,418,5941,0.06573360591287938,0.39605132037867463
PA1VIGM_,count,sample_quantile_bins,"[56, 120]",1263,115,1148,0.09105304829770387,0.07866218236173393
PA1VIGM_,count,sample_quantile_bins,"[120, 190]",778,77,701,0.09897172236503857,0.048455406078724464
PA1VIGM_,count,sample_quantile_bins,"[190, 360]",1091,105,986,0.09624197983501374,0.06794967613353263
PA1VIGM_,count,sample_quantile_bins,"[360, inf]",1046,130,916,0.124282982791587,0.065146985550573
PA1VIGM_,count,sample_quantile_bins,<MISSING>,5519,660,4859,0.11958688168146403,0.34373442949676136
_PACAT1,categorical,exact_values,1,77984,6442,71542,0.08260668855149775,0.29707285111310894
_PACAT1,categorical,exact_values,2,42343,2720,39623,0.0642373001440616,0.16130175080378503
_PACAT1,categorical,exact_values,3,42388,2830,39558,0.06676417854109654,0.16147317415088303
_PACAT1,categorical,exact_values,4,66564,8334,58230,0.12520281233098973,0.25356941502735153
_PACAT1,categorical,exact_values,9,33229,2854,30375,0.08588883204429866,0.12658280890487147
_PAINDX1,binary,exact_values,1,121867,9313,112554,0.0764193752205273,0.4642410897953586
_PAINDX1,binary,exact_values,2,108952,11164,97788,0.10246714149350172,0.41504258917823456
_PAINDX1,binary,exact_values,9,31689,2703,28986,0.08529773738521254,0.12071632102640681
_PA150R2,ordinal,exact_values,1,121867,9313,112554,0.0764193752205273,0.4642410897953586
_PA150R2,ordinal,exact_values,2,42388,2830,39558,0.06676417854109654,0.16147317415088303
_PA150R2,ordinal,exact_values,3,66564,8334,58230,0.12520281233098973,0.25356941502735153
_PA150R2,ordinal,exact_values,9,31689,2703,28986,0.08529773738521254,0.12071632102640681
_PA300R2,ordinal,exact_values,1,77984,6442,71542,0.08260668855149775,0.29707285111310894
_PA300R2,ordinal,exact_values,2,84731,5550,79181,0.06550141034568221,0.32277492495466803
_PA300R2,ordinal,exact_values,3,66564,8334,58230,0.12520281233098973,0.25356941502735153
_PA300R2,ordinal,exact_values,9,33229,2854,30375,0.08588883204429866,0.12658280890487147
_PA30021,binary,exact_values,1,77984,6442,71542,0.08260668855149775,0.29707285111310894
_PA30021,binary,exact_values,2,151295,13884,137411,0.09176773852407548,0.5763443399820196
_PA30021,binary,exact_values,9,33229,2854,30375,0.08588883204429866,0.12658280890487147
_PASTRNG,binary,exact_values,1,65239,4487,60752,0.06877787826300219,0.24852194980724396
_PASTRNG,binary,exact_values,2,171141,16519,154622,0.09652275024687246,0.6519458454599479
_PASTRNG,binary,exact_values,9,26128,2174,23954,0.08320575627679118,0.09953220473280815
_PAREC1,categorical,exact_values,1,44524,2802,41722,0.06293235109154613,0.16961006902646777
_PAREC1,categorical,exact_values,2,75820,6360,69460,0.08388288050646267,0.2888292928215521
_PAREC1,categorical,exact_values,3,18579,1504,17075,0.08095161203509338,0.07077498590519146
_PAREC1,categorical,exact_values,4,89405,9519,79886,0.10647055533806835,0.3405800966065796
_PAREC1,categorical,exact_values,9,34180,2995,31185,0.08762434172030427,0.13020555564020905
_PASTAE1,binary,exact_values,1,44524,2802,41722,0.06293235109154613,0.16961006902646777
_PASTAE1,binary,exact_values,2,183804,17383,166421,0.09457356749581075,0.7001843753333232
_PASTAE1,binary,exact_values,9,34180,2995,31185,0.08762434172030427,0.13020555564020905
_LMTACT1,ordinal,exact_values,1,39635,7443,32192,0.18778857070770782,0.15098587471619912
_LMTACT1,ordinal,exact_values,2,40359,4962,35397,0.12294655467182042,0.15374388590062016
_LMTACT1,ordinal,exact_values,3,173319,9430,163889,0.05440834530547718,0.6602427354594907
_LMTACT1,ordinal,exact_values,9,7694,1177,6517,0.15297634520405512,0.02930958294604355
_LMTACT1,ordinal,exact_values,<MISSING>,1501,168,1333,0.11192538307794804,0.005717920977646396
_LMTWRK1,ordinal,exact_values,1,25054,4666,20388,0.1862377265107368,0.09544090084873603
_LMTWRK1,ordinal,exact_values,2,53496,7390,46106,0.13814116943322866,0.20378807503009433
_LMTWRK1,ordinal,exact_values,3,173319,9430,163889,0.05440834530547718,0.6602427354594907
_LMTWRK1,ordinal,exact_values,9,9138,1526,7612,0.16699496607572772,0.034810367684032485
_LMTWRK1,ordinal,exact_values,<MISSING>,1501,168,1333,0.11192538307794804,0.005717920977646396
_LMTSCL1,ordinal,exact_values,1,14608,3423,11185,0.2343236582694414,0.05564782787572188
_LMTSCL1,ordinal,exact_values,2,19333,3183,16150,0.16464076966844257,0.07364727932101117
_LMTSCL1,ordinal,exact_values,3,46146,5756,40390,0.12473453820482816,0.1757889283374221
_LMTSCL1,ordinal,exact_values,4,173319,9430,163889,0.05440834530547718,0.6602427354594907
_LMTSCL1,ordinal,exact_values,9,7601,1220,6381,0.16050519668464674,0.028955308028707695
_LMTSCL1,ordinal,exact_values,<MISSING>,1501,168,1333,0.11192538307794804,0.005717920977646396
_RFSEAT2,binary,exact_values,1,224179,19533,204646,0.08713126564040342,0.853989211757356
_RFSEAT2,binary,exact_values,2,12879,1521,11358,0.11809923130677848,0.04906136193944566
_RFSEAT2,binary,exact_values,9,25450,2126,23324,0.08353634577603143,0.09694942630319837
_RFSEAT3,binary,exact_values,1,207999,18140,189859,0.08721195774979687,0.7923529949563441
_RFSEAT3,binary,exact_values,2,29059,2914,26145,0.1002787432464985,0.11069757874045744
_RFSEAT3,binary,exact_values,9,25450,2126,23324,0.08353634577603143,0.09694942630319837
_FLSHOT6,binary,exact_values,1,51344,9110,42234,0.17743066375818012,0.19559022963109696
_FLSHOT6,binary,exact_values,2,30950,4710,26240,0.15218093699515348,0.11790116872628643
_FLSHOT6,binary,exact_values,9,11203,1586,9617,0.14156922252967954,0.04267679461197373
_FLSHOT6,binary,exact_values,<MISSING>,169011,7774,161237,0.04599700611202821,0.6438318070306429
_PNEUMO2,binary,exact_values,1,58394,10952,47442,0.18755351577216836,0.22244655400978255
_PNEUMO2,binary,exact_values,2,21352,2519,18833,0.11797489696515549,0.08133847349414113
_PNEUMO2,binary,exact_values,9,13751,1935,11816,0.1407170387608174,0.05238316546543344
_PNEUMO2,binary,exact_values,<MISSING>,169011,7774,161237,0.04599700611202821,0.6438318070306429
_AIDTST3,binary,exact_values,1,67841,4592,63249,0.06768768149054406,0.25843402867722126
_AIDTST3,binary,exact_values,2,160326,15509,144817,0.09673415416089717,0.6107471010407302
_AIDTST3,binary,exact_values,9,8540,926,7614,0.10843091334894614,0.03253234187148582
_AIDTST3,binary,exact_values,<MISSING>,25801,2153,23648,0.0834463780473625,0.09828652841056272
